parcel,source,owner_name,address,jurisdiction,luc,luc_desc,parcel_class,acres,assessed_land,assessed_bldg,has_building,city_department,city_intended_use,development_candidate,census_tract,lat,lon
A01 00104 0028,both,CITY OF DAYTON,928 MARTINDALE RD,,640,"Exempt, owned by municipals",E,0000.75000,000000007140.00,000000000000.00,N,Aviation,,N,39113-110100-1,,
A01 00104 0029,both,CITY OF DAYTON,MARTINDALE RD,,640,"Exempt, owned by municipals",E,0000.75000,000000007140.00,000000000000.00,N,,,N,39113-110100-1,,
A01 00104 0034,both,CITY OF DAYTON,892 MARTINDALE RD,,640,"Exempt, owned by municipals",E,0000.58000,000000005570.00,000000000000.00,N,Aviation,,N,39113-110100-1,,
A01 00104 0042,both,CITY OF DAYTON,940 MARTINDALE RD,,640,"Exempt, owned by municipals",E,0000.50000,000000004730.00,000000000000.00,N,,,N,39113-110100-1,,
A01 00104 0072,both,CITY OF DAYTON,955 MARTINDALE RD,,640,"Exempt, owned by municipals",E,0000.94700,000000009240.00,000000000000.00,N,Aviation,,N,39113-110100-1,,
A01 00105 0013,county_only,DAYTON CITY OF,JACKSON RD,,101,,A,0000.01900,000000000000.00,000000000000.00,N,,,N,39113-110100-1,,
A01 00105 0017,county_only,CITY OF DAYTON,1440 JACKSON RD,,101,,A,0000.05100,000000000000.00,000000000000.00,N,,,N,39113-110100-1,,
A01 00105 0024,county_only,CITY OF DAYTON,JACKSON RD,,640,"Exempt, owned by municipals",E,0000.11100,000000000000.00,000000000000.00,N,,,N,39113-110100-1,,
A01 00105 0027,county_only,DAYTON CITY OF,10248 FREDERICK PIKE,,640,"Exempt, owned by municipals",E,0000.10000,000000000000.00,000000000000.00,N,,,N,39113-110100-1,,
A01 00105 0028,county_only,CITY OF DAYTON,10222 FREDERICK PIKE,,640,"Exempt, owned by municipals",E,0000.10000,000000000000.00,000000000000.00,N,,,N,39113-110100-1,,
A01 00105 0031,county_only,DAYTON CITY OF,10314 FREDERICK PIKE,,640,"Exempt, owned by municipals",E,0000.08500,000000000000.00,000000000000.00,N,,,N,39113-110100-1,,
A01 00105 0034,county_only,CITY OF DAYTON,10136 FREDERICK PIKE,,640,"Exempt, owned by municipals",E,0000.07700,000000000000.00,000000000000.00,N,,,N,39113-110100-1,,
A01 00105 0041,county_only,CITY OF DAYTON,10180 FREDERICK PIKE,,640,"Exempt, owned by municipals",E,0000.07100,000000000000.00,000000000000.00,N,,,N,39113-110100-1,,
A01 00105 0067,county_only,CITY OF DAYTON,JACKSON RD,,100,,A,0000.06300,000000000000.00,000000000000.00,N,,,N,39113-110100-1,,
A01 00105 0069,county_only,CITY OF DAYTON,1464 JACKSON RD,,501,,R,0000.05200,000000000000.00,000000000000.00,N,,,N,39113-110100-1,,
A01 00105 0081,county_only,CITY OF DAYTON,10300 FREDERICK PIKE,,640,"Exempt, owned by municipals",E,0000.16400,000000000000.00,000000000000.00,N,,,N,39113-110100-1,,
A01 00105 0084,both,CITY OF DAYTON,JACKSON RD,,640,"Exempt, owned by municipals",E,0001.33600,000000013230.00,000000000000.00,N,,,N,39113-110100-1,,
A01 00105 0085,both,CITY OF DAYTON,JACKSON RD,,640,"Exempt, owned by municipals",E,0001.33600,000000013230.00,000000000000.00,N,,,N,39113-110100-1,,
A01 00105 0086,both,CITY OF DAYTON,JACKSON RD,,640,"Exempt, owned by municipals",E,0001.63600,000000016700.00,000000000000.00,N,,,N,39113-110100-1,,
A01 00105 0088,both,CITY OF DAYTON,1968 JACKSON RD,,501,,R,0001.63600,000000014860.00,000000000000.00,N,,,N,39113-110100-1,,
A01 00105 0089,both,CITY OF DAYTON,JACKSON RD,,100,,A,0001.32500,000000007960.00,000000000000.00,N,,,N,39113-110100-1,,
A01 00105 0090,both,CITY OF DAYTON,1978 JACKSON RD,,100,,A,0001.24000,000000007440.00,000000000000.00,N,,,N,39113-110100-1,,
A01 00105 0091,both,CITY OF DAYTON,JACKSON RD,,100,,A,0001.24000,000000007450.00,000000000000.00,N,,,N,39113-110100-1,,
A01 00105 0092,city_layer_only,,,,,,,,,,N,,,N,,,
A01 00105 0093,city_layer_only,,,,,,,,,,N,,,N,,,
A01 00105 0095,city_layer_only,,,,,,,,,,N,,,N,,,
A01 00105 0097,city_layer_only,,,,,,,,,,N,,,N,,,
A01 00105 0098,city_layer_only,,,,,,,,,,N,,,N,,,
A01 00105 0099,city_layer_only,,,,,,,,,,N,,,N,,,
A01 00105 0100,city_layer_only,,,,,,,,,,N,,,N,,,
A01 00105 0105,both,CITY OF DAYTON,JACKSON RD,,101,,A,0000.54500,000000003240.00,000000000000.00,N,,,N,39113-110100-1,,
A01 00105 0111,county_only,CITY OF DAYTON,10100 FREDERICK PIKE,,101,,A,0000.11400,000000000000.00,000000000000.00,N,,,N,39113-110100-1,,
A01 00106 0012,both,CITY OF DAYTON,3222 W NATIONAL RD,,640,"Exempt, owned by municipals",E,0002.14600,000000008820.00,000000000000.00,N,,,N,39113-110100-1,,
A01 00106 0013,both,DAYTON CITY OF,3296 W NATIONAL RD,,640,"Exempt, owned by municipals",E,0001.07600,000000004410.00,000000000000.00,N,,,N,39113-110100-1,,
A01 00106 0014,both,DAYTON CITY OF,3218 W NATIONAL RD,,640,"Exempt, owned by municipals",E,0002.00000,000000019110.00,000000000000.00,N,,,N,39113-110100-1,,
A01 00106 0016,county_only,DAYTON CITY OF,3111 W NATIONAL RD,,640,"Exempt, owned by municipals",E,0001.54500,000000000000.00,000000000000.00,N,,,N,39113-110100-1,,
A01 00106 0027,both,CITY OF DAYTON,2110 W NATIONAL RD,,640,"Exempt, owned by municipals",E,0000.97000,000000015840.00,000000000000.00,N,,,N,39113-110100-1,,
A01 00106 0028,county_only,DAYTON CITY OF,W NATIONAL RD,,640,"Exempt, owned by municipals",E,0000.09800,000000000000.00,000000000000.00,N,,,N,39113-110100-1,,
A01 00106 0030,county_only,DAYTON CITY OF,3455 W NATIONAL RD,,640,"Exempt, owned by municipals",E,0000.12600,000000000000.00,000000000000.00,N,,,N,39113-110100-1,,
A01 00106 0031,county_only,DAYTON CITY OF,3424 W NATIONAL RD,,640,"Exempt, owned by municipals",E,0000.12600,000000000000.00,000000000000.00,N,,,N,39113-110100-1,,
A01 00106 0032,county_only,CITY OF DAYTON,W NATIONAL RD,,640,"Exempt, owned by municipals",E,0000.14600,000000000000.00,000000000000.00,N,,,N,39113-110100-1,,
A01 00106 0033,county_only,DAYTON CITY OF,3501 W NATIONAL RD,,640,"Exempt, owned by municipals",E,0000.12600,000000000000.00,000000000000.00,N,,,N,39113-110100-1,,
A01 00106 0034,county_only,DAYTON CITY OF,W NATIONAL RD,,640,"Exempt, owned by municipals",E,0000.12600,000000000000.00,000000000000.00,N,,,N,39113-110100-1,,
A01 00106 0035,both,CITY OF DAYTON,3240 W NATIONAL RD,,640,"Exempt, owned by municipals",E,0002.75000,000000047880.00,000000000000.00,N,,,N,39113-110100-1,,
A01 00106 0036,county_only,DAYTON CITY OF,3485 W NATIONAL RD,,640,"Exempt, owned by municipals",E,0000.12600,000000000000.00,000000000000.00,N,,,N,39113-110100-1,,
A01 00106 0037,both,DAYTON CITY OF,3296 W NATIONAL RD,,640,"Exempt, owned by municipals",E,0001.08300,000000020580.00,000000000000.00,N,,,N,39113-110100-1,,
A01 00106 0039,county_only,CITY OF DAYTON,FREDERICK PIKE,,640,"Exempt, owned by municipals",E,0001.17500,000000000000.00,000000000000.00,N,,,N,39113-110100-1,,
A01 00106 0041,both,DAYTON CITY OF,3708 W NATIONAL RD,,640,"Exempt, owned by municipals",E,0001.85700,000000007110.00,000000000000.00,N,,,N,39113-110100-1,,
A01 00106 0043,both,CITY OF DAYTON,3172 W NATIONAL RD,,640,"Exempt, owned by municipals",E,0001.03000,000000016920.00,000000000000.00,N,,,N,39113-110100-1,,
A01 00106 0046,both,CITY OF DAYTON,FREDERICK PIKE,,640,"Exempt, owned by municipals",E,0000.58100,000000006050.00,000000000000.00,N,,,N,39113-110100-1,,
A01 00106 0056,both,CITY OF DAYTON,FREDERICK PIKE,,640,"Exempt, owned by municipals",E,0000.58600,000000002610.00,000000000000.00,N,,,N,39113-110100-1,,
A01 00202 0025,both,CITY OF DAYTON,11000 ENGLE RD,,640,"Exempt, owned by municipals",E,0000.37600,000000003630.00,000000000000.00,N,,,N,39113-110100-1,,
A01 00202 0026,both,CITY OF DAYTON,11040 ENGLE RD,,640,"Exempt, owned by municipals",E,0000.36600,000000003420.00,000000000000.00,N,,,N,39113-110100-1,,
A01 00202 0047,both,CITY OF DAYTON,11020 ENGLE RD,,640,"Exempt, owned by municipals",E,0000.37100,000000003570.00,000000000000.00,N,,,N,39113-110100-1,,
A01 00202 0095,both,DAYTON CITY OF,11050 ENGLE RD,,640,"Exempt, owned by municipals",E,0000.27100,000000002850.00,000000000000.00,N,,,N,39113-110100-1,,
A01 00202 0097,both,CITY OF DAYTON,ENGLE RD,,640,"Exempt, owned by municipals",E,0001.11600,000000010500.00,000000000000.00,N,,,N,39113-110100-1,,
A01 00202 0101,both,CITY OF DAYTON,11001 COSS LN,,640,"Exempt, owned by municipals",E,0000.24200,000000002520.00,000000000000.00,N,,,N,39113-110100-1,,
A01 00202 0102,both,DAYTON CITY OF,COSS LN,,640,"Exempt, owned by municipals",E,0000.24200,000000002520.00,000000000000.00,N,,,N,39113-110100-1,,
A01 00202 0103,both,DAYTON CITY OF,COSS LN,,640,"Exempt, owned by municipals",E,0000.24200,000000002520.00,000000000000.00,N,,,N,39113-110100-1,,
A01 00203 0001,both,DAYTON CITY OF,LIGHTNER RD,,640,"Exempt, owned by municipals",E,0001.79700,000001096200.00,000000000000.00,N,,,N,39113-110100-1,39.913088583033634,-84.20314732578599
A01 00203 0020,both,DAYTON CITY OF,3853 OLD SPRINGFIELD RD,,640,"Exempt, owned by municipals",E,0000.80000,000000005880.00,000000000000.00,N,,,N,39113-110100-1,39.91375400007732,-84.2037186881369
A01 00203 0039,both,DAYTON CITY OF,OLD SPRINGFIELD RD,,640,"Exempt, owned by municipals",E,0002.52000,000000025410.00,000000000000.00,N,,,N,39113-110100-1,,
A01 00203 0041,both,DAYTON CITY OF,3901 OLD SPRINGFIELD RD,,640,"Exempt, owned by municipals",E,0000.11300,000000007700.00,000000000000.00,N,,,N,39113-110100-1,39.91309342555254,-84.202686647534
A01 00203 0042,both,DAYTON CITY OF,3901 OLD SPRINGFIELD RD,,640,"Exempt, owned by municipals",E,0000.83000,000000002920.00,000000000000.00,N,,,N,39113-110100-1,39.91309656030099,-84.20246387794924
A01 00203 0043,both,DAYTON CITY OF,OLD SPRINGFIELD RD,,640,"Exempt, owned by municipals",E,0000.45000,000000005250.00,000000000000.00,N,,,N,39113-110100-1,,
A01 00203 0044,both,DAYTON CITY OF,OLD SPRINGFIELD RD,,640,"Exempt, owned by municipals",E,0003.60000,000000037800.00,000000000000.00,N,,,N,39113-110100-1,,
A01 00203 0046,both,DAYTON CITY OF,3801 OLD SPRINGFIELD RD,,640,"Exempt, owned by municipals",E,0002.14600,000000008000.00,000000000000.00,N,,,N,39113-110100-1,39.91334481233906,-84.20506753064332
A01 00203 0050,both,CITY OF DAYTON,3911 OLD SPRINGFIELD RD,,640,"Exempt, owned by municipals",E,0000.66700,000000019800.00,000000000000.00,N,,,N,39113-110100-1,39.9130499217468,-84.20209078606284
A01 00204 0005,county_only,THE CITY OF DAYTON,11950 PETERS PIKE,,640,"Exempt, owned by municipals",E,0003.02100,000000013590.00,000000000000.00,N,,,N,39113-110100-1,,
A01 00204 0006,county_only,DAYTON CITY OF,5878 LIGHTNER RD,,640,"Exempt, owned by municipals",E,0000.98500,000000004460.00,000000000000.00,N,,,N,39113-110100-1,,
A01 00206 0004,both,DAYTON CITY OF,JACKSON RD,,101,,A,0004.32800,000000022720.00,000000000000.00,N,,,N,39113-110100-1,,
A01 00209 0016,both,CITY OF DAYTON,STROBRIDGE RD,,640,"Exempt, owned by municipals",E,0000.60000,000000004540.00,000000000000.00,N,,,N,39113-110100-1,,
A01 00209 0022,both,DAYTON CITY OF,4365 STROBRIDGE RD,,640,"Exempt, owned by municipals",E,0000.55000,000000002680.00,000000000000.00,N,,,N,39113-110100-1,,
A01 00209 0026,both,CITY OF DAYTON,STROBRIDGE RD,,640,"Exempt, owned by municipals",E,0001.22100,000000006670.00,000000000000.00,N,,,N,39113-110100-1,,
A01 00209 0027,both,CITY OF DAYTON,STROBRIDGE RD,,640,"Exempt, owned by municipals",E,0000.96900,000000004640.00,000000000000.00,N,,,N,39113-110100-1,,
A01 00209 0028,both,CITY OF DAYTON,4390 STROBRIDGE RD,,640,"Exempt, owned by municipals",E,0000.57000,000000004280.00,000000000000.00,N,,,N,39113-110100-1,,
A01 00209 0031,both,CITY OF DAYTON,STROBRIDGE RD,,640,"Exempt, owned by municipals",E,0000.55000,000000002680.00,000000000000.00,N,,,N,39113-110100-1,,
A01 00209 0032,both,CITY OF DAYTON,STROBRIDGE RD,,640,"Exempt, owned by municipals",E,0000.55000,000000002680.00,000000000000.00,N,,,N,39113-110100-1,,
A01 00209 0033,both,DAYTON CITY OF,4411 STROBRIDGE RD,,640,"Exempt, owned by municipals",E,0001.10000,000000005350.00,000000000000.00,N,,,N,39113-110100-1,,
A01 00209 0035,both,CITY OF DAYTON,4328 STROBRIDGE RD,,640,"Exempt, owned by municipals",E,0000.51500,000000002460.00,000000000000.00,N,,,N,39113-110100-1,,
A01 00209 0036,both,CITY OF DAYTON,4332 STROBRIDGE RD,,640,"Exempt, owned by municipals",E,0000.58000,000000002840.00,000000000000.00,N,,,N,39113-110100-1,,
A01 00209 0039,both,DAYTON CITY OF,4288 STROBRIDGE RD,,640,"Exempt, owned by municipals",E,0001.18000,000000005790.00,000000000000.00,N,,,N,39113-110100-1,,
A01 00209 0052,county_only,THE CITY OF DAYTON,STROBRIDGE RD,,640,"Exempt, owned by municipals",E,0000.51500,000000002460.00,000000000000.00,N,,,N,39113-110100-1,,
A01 00209 0067,both,CITY OF DAYTON,STROBRIDGE RD,,640,"Exempt, owned by municipals",E,0000.17100,000000000820.00,000000000000.00,N,,,N,39113-110100-1,,
A01 00214 0003,both,DAYTON CITY OF,OLD NATIONAL RD,,640,"Exempt, owned by municipals",E,0031.65000,000000316500.00,000000000000.00,N,,,N,39113-110100-1,39.891927035905326,-84.21058110412781
A01 00214 0027,both,DAYTON CITY OF,601 W NATIONAL RD,,640,"Exempt, owned by municipals",E,0025.16600,000000251660.00,000000054250.00,Y,,,N,39113-110100-1,39.89204242156486,-84.20687580942966
A01 00312 0093,both,DAYTON CITY OF,6969 BRANTFORD RD,,640,"Exempt, owned by municipals",E,0001.65700,000000033910.00,000001372490.00,Y,Water,,N,39113-110201-1,39.84846072828082,-84.21836284579767
A01 20101 0001,both,DAYTON CITY OF,4441 STROBRIDGE RD,,640,"Exempt, owned by municipals",E,0000.00000,000000006310.00,000000000000.00,N,,,N,39113-110100-1,,
A01 20101 0002,both,DAYTON CITY OF,STROBRIDGE RD,,640,"Exempt, owned by municipals",E,0000.00000,000000004880.00,000000000000.00,N,,,N,39113-110100-1,,
A01 20308 0001,both,DAYTON CITY OF,STROBRIDGE RD,,640,"Exempt, owned by municipals",E,0000.60000,000000005040.00,000000000000.00,N,,,N,39113-110100-1,,
A01 20308 0002,both,DAYTON CITY OF,4265 STROBRIDGE RD,,640,"Exempt, owned by municipals",E,0000.45000,000000003780.00,000000000000.00,N,,,N,39113-110100-1,,
A01 20308 0003,both,DAYTON CITY OF,4283 W STROBRIDGE RD,,640,"Exempt, owned by municipals",E,0000.45000,000000003780.00,000000000000.00,N,,,N,39113-110100-1,,
A01 20308 0004,both,CITY OF DAYTON,STROBRIDGE RD,,640,"Exempt, owned by municipals",E,0000.45000,000000003780.00,000000000000.00,N,,,N,39113-110100-1,,
A01 20308 0005,both,CITY OF DAYTON,STROBRIDGE RD,,640,"Exempt, owned by municipals",E,0000.45000,000000003780.00,000000000000.00,N,,,N,39113-110100-1,,
A01 20308 0006,both,CITY OF DAYTON,4333 W STROBRIDGE RD,,640,"Exempt, owned by municipals",E,0000.45000,000000003780.00,000000000000.00,N,,,N,39113-110100-1,,
A01 20308 0007,both,DAYTON CITY OF,STROBRIDGE RD,,640,"Exempt, owned by municipals",E,0000.52900,000000004440.00,000000000000.00,N,,,N,39113-110100-1,,
A01 20308 0008,county_only,THE CITY OF DAYTON,4368 W STROBRIDGE RD,,640,"Exempt, owned by municipals",E,0000.52200,000000004390.00,000000000000.00,N,,,N,39113-110100-1,,
A01 20332 0003,both,CITY OF DAYTON,FREDERICK PIKE,,640,"Exempt, owned by municipals",E,0000.00000,000000041280.00,000000000000.00,N,,,N,39113-110100-1,,
A01 20332 0004,both,CITY OF DAYTON,10189 FREDERICK PIKE,,640,"Exempt, owned by municipals",E,0000.00000,000000025870.00,000000000000.00,N,,,N,39113-110100-1,,
A01 20332 0005,both,CITY OF DAYTON,10163 FREDERICK PIKE,,640,"Exempt, owned by municipals",E,0000.00000,000000025870.00,000000000000.00,N,,,N,39113-110100-1,,
A01 20332 0006,both,DAYTON CITY OF,10135 FREDERICK PIKE,,640,"Exempt, owned by municipals",E,0000.00000,000000051610.00,000000000000.00,N,,,N,39113-110100-1,,
A01 20332 0010,both,CITY OF DAYTON,FREDERICK PIKE,,640,"Exempt, owned by municipals",E,0000.00000,000000025870.00,000000000000.00,N,,,N,39113-110100-1,,
A01 20332 0012,both,CITY OF DAYTON,FREDERICK PIKE,,640,"Exempt, owned by municipals",E,0000.00000,000000040560.00,000000000000.00,N,,,N,39113-110100-1,,
A01 21313 0003,both,CITY OF DAYTON,9651 FREDERICK PIKE,,640,"Exempt, owned by municipals",E,0000.00000,000000022000.00,000000000000.00,N,,,N,39113-110100-1,,
A01 21313 0004,both,CITY OF DAYTON,FREDERICK PIKE,,640,"Exempt, owned by municipals",E,0000.00000,000000026000.00,000000000000.00,N,,,N,39113-110100-1,,
A01 21313 0006,county_only,THE CITY OF DAYTON,9725 FREDERICK PIKE,,640,"Exempt, owned by municipals",E,0000.00000,000000027000.00,000000000000.00,N,,,N,39113-110100-1,,
A01100105 0013,both,DAYTON CITY OF,JACKSON RD,,101,,A,0043.14800,000000222040.00,000000000000.00,N,,,N,39113-110100-1,,
A01100105 0017,both,CITY OF DAYTON,1440 JACKSON RD,,101,,A,0026.23600,000000162010.00,000000000000.00,N,,,N,39113-110100-1,,
A01100105 0018,both,CITY OF DAYTON,1440 JACKSON RD,,101,,A,0034.85700,000000174960.00,000000000000.00,N,,,N,39113-110100-1,,
A01100105 0024,both,CITY OF DAYTON,JACKSON RD,,640,"Exempt, owned by municipals",E,0002.89800,000000021560.00,000000000000.00,N,,,N,39113-110100-1,,
A01100105 0027,both,DAYTON CITY OF,10248 FREDERICK PIKE,,640,"Exempt, owned by municipals",E,0000.65000,000000004840.00,000000000000.00,N,,,N,39113-110100-1,,
A01100105 0028,both,CITY OF DAYTON,10222 FREDERICK PIKE,,640,"Exempt, owned by municipals",E,0000.65200,000000004850.00,000000000000.00,N,,,N,39113-110100-1,,
A01100105 0031,both,DAYTON CITY OF,10314 FREDERICK PIKE,,640,"Exempt, owned by municipals",E,0000.81400,000000006060.00,000000000000.00,N,,,N,39113-110100-1,,
A01100105 0034,both,CITY OF DAYTON,10136 FREDERICK PIKE,,640,"Exempt, owned by municipals",E,0000.72300,000000007590.00,000000000000.00,N,,,N,39113-110100-1,,
A01100105 0041,both,CITY OF DAYTON,10180 FREDERICK PIKE,,640,"Exempt, owned by municipals",E,0000.67900,000000007130.00,000000000000.00,N,,,N,39113-110100-1,,
A01100105 0067,both,CITY OF DAYTON,JACKSON RD,,100,,A,0009.93700,000000051140.00,000000000000.00,N,,,N,39113-110100-1,,
A01100105 0069,both,CITY OF DAYTON,1464 JACKSON RD,,501,,R,0001.95100,000000018870.00,000000000000.00,N,,,N,39113-110100-1,,
A01100105 0081,both,CITY OF DAYTON,10300 FREDERICK PIKE,,640,"Exempt, owned by municipals",E,0001.07600,000000008010.00,000000000000.00,N,,,N,39113-110100-1,,
A01100105 0096,both,DAYTON OH CITY OF,UNION AIRPARK BLVD,,101,,A,0032.92850,000000165440.00,000000000000.00,N,,,N,39113-110100-1,,
A01100105 0111,both,CITY OF DAYTON,10100 FREDERICK PIKE,,101,,A,0010.53200,000000065040.00,000000000000.00,N,,,N,39113-110100-1,,
A01100105 0114,both,CITY OF DAYTON,JACKSON RD,,501,,R,0005.00700,000000049510.00,000000000000.00,N,,,N,39113-110100-1,,
A01100105 0115,county_only,DAYTON CITY OH OF,UNION AIRPARK BLVD,,101,,A,0015.57310,000000092040.00,000000000000.00,N,,,N,,,
A01100106 0015,both,DAYTON CITY OF,UNION AIRPARK BLVD,,100,,A,0092.57400,000000458370.00,000000000000.00,N,,,N,39113-110100-1,,
A01100106 0016,both,DAYTON CITY OF,3111 W NATIONAL RD,,640,"Exempt, owned by municipals",E,0011.45000,000000120230.00,000000000000.00,N,,,N,39113-110100-1,,
A01100106 0026,both,CITY OF DAYTON,3029 W NATIONAL RD,,640,"Exempt, owned by municipals",E,0007.62800,000000034330.00,000000000000.00,N,,,N,39113-110100-1,,
A01100106 0028,both,DAYTON CITY OF,W NATIONAL RD,,640,"Exempt, owned by municipals",E,0001.40200,000000006310.00,000000000000.00,N,,,N,39113-110100-1,,
A01100106 0030,both,DAYTON CITY OF,3455 W NATIONAL RD,,640,"Exempt, owned by municipals",E,0001.87400,000000008430.00,000000000000.00,N,,,N,39113-110100-1,,
A01100106 0031,both,DAYTON CITY OF,3424 W NATIONAL RD,,640,"Exempt, owned by municipals",E,0001.87400,000000008430.00,000000000000.00,N,,,N,39113-110100-1,,
A01100106 0032,both,CITY OF DAYTON,W NATIONAL RD,,640,"Exempt, owned by municipals",E,0002.04400,000000009200.00,000000000000.00,N,,,N,39113-110100-1,,
A01100106 0033,both,DAYTON CITY OF,3501 W NATIONAL RD,,640,"Exempt, owned by municipals",E,0001.78100,000000008010.00,000000000000.00,N,,,N,39113-110100-1,,
A01100106 0034,both,DAYTON CITY OF,W NATIONAL RD,,640,"Exempt, owned by municipals",E,0001.87400,000000008430.00,000000000000.00,N,,,N,39113-110100-1,,
A01100106 0036,both,DAYTON CITY OF,3485 W NATIONAL RD,,640,"Exempt, owned by municipals",E,0001.87400,000000008430.00,000000000000.00,N,,,N,39113-110100-1,,
A01100106 0039,both,CITY OF DAYTON,FREDERICK PIKE,,640,"Exempt, owned by municipals",E,0135.20600,000000822980.00,000000000000.00,N,,,N,39113-110100-1,,
A01100106 0058,both,DAYTON CITY OF,UNION AIRPARK BLVD,,640,"Exempt, owned by municipals",E,0008.44200,000000102000.00,000000000000.00,N,,,N,39113-110100-1,,
A01100204 0013,city_layer_only,,,,,,,,,,N,,,N,,,
A01100204 0015,both,CITY OF DAYTON,PETERS PIKE,,640,"Exempt, owned by municipals",E,0005.00000,000000022500.00,000000000000.00,N,,,N,39113-110100-1,,
A01100204 0019,county_only,CITY OF DAYTON,PETERS PIKE,,640,"Exempt, owned by municipals",E,0000.43500,000000000000.00,000000000000.00,N,,,N,39113-110100-1,,
A01100204 0026,county_only,CITY OF DAYTON,PETERS PIKE,,640,"Exempt, owned by municipals",E,0000.93700,000000000000.00,000000000000.00,N,,,N,39113-110100-1,,
A01100204 0027,county_only,CITY OF DAYTON,PETERS PIKE,,640,"Exempt, owned by municipals",E,0000.07700,000000000000.00,000000000000.00,N,,,N,39113-110100-1,,
A01100204 0028,county_only,CITY OF DAYTON,PETERS PIKE,,640,"Exempt, owned by municipals",E,0000.24100,000000000000.00,000000000000.00,N,,,N,39113-110100-1,,
A01100204 0030,city_layer_only,,,,,,,,,,N,,,N,,,
A01100204 0036,city_layer_only,,,,,,,,,,N,,,N,,,
A01100204 0037,both,CITY OF DAYTON,PETERS PIKE,,640,"Exempt, owned by municipals",E,0006.73900,000000000000.00,000000000000.00,N,,,N,39113-110100-1,,
A01100205 0012,county_only,DAYTON CITY OF,OLD SPRINGFIELD RD,,640,"Exempt, owned by municipals",E,0076.87800,000000000000.00,000000000000.00,N,,,N,39113-110100-1,,
A01200204 0044,county_only,DAYTON CITY OF,11958 PETERS PIKE,BUTLER TWP-DAYTON CITY-VANDALIA-BTLR CSD,640,"Exempt, owned by municipals",E,0002.00000,000000000000.00,000000000000.00,N,,,N,39113-110100-1,,
B02 00118 0010,both,DAYTON CITY OF,N DIXIE DR,,640,"Exempt, owned by municipals",E,0001.55640,000000051360.00,000000000000.00,N,,,N,,39.89926552643549,-84.1988918573566
B02 00201 0013,both,"CITY OF DAYTON, OHIO",W NATIONAL RD,,640,"Exempt, owned by municipals",E,0001.39000,000000016680.00,000000000000.00,N,,,N,,,
B02 00201 0014,both,DAYTON CITY OF,W NATIONAL RD,,640,"Exempt, owned by municipals",E,0000.04800,000000000000.00,000000000000.00,N,,,N,,,
B02 00201 0015,both,DAYTON CITY OF,W NATIONAL RD,,640,"Exempt, owned by municipals",E,0000.87500,000000040920.00,000000000000.00,N,,,N,,,
B02 00201 0018,both,DAYTON CITY OF,915 W NATIONAL RD,,640,"Exempt, owned by municipals",E,0000.18100,000000015770.00,000000000000.00,N,,,N,,39.889670595097144,-84.21523860837664
B02 00201 0020,both,DAYTON CITY OF,W NATIONAL RD,,640,"Exempt, owned by municipals",E,0000.19700,000000017160.00,000000000000.00,N,,,N,,39.889624079956704,-84.21579130781588
B02 00201 0022,both,DAYTON CITY OF,W NATIONAL RD,,640,"Exempt, owned by municipals",E,0000.78500,000000049200.00,000000000000.00,N,,,N,,39.889506573996044,-84.21724753679267
B02 00201 0056,both,"CITY OF DAYTON, OHIO",W NATIONAL RD,,640,"Exempt, owned by municipals",E,0001.20000,000000014400.00,000000000000.00,N,,,N,,,
B02 00201 0057,both,DAYTON CITY OF,W NATIONAL RD,,640,"Exempt, owned by municipals",E,0000.89300,000000039780.00,000000000000.00,N,,,N,,,
B02 00201 0068,both,DAYTON CITY OF,W NATIONAL RD,,640,"Exempt, owned by municipals",E,0000.21500,000000018730.00,000000000000.00,N,,,N,,39.88965069960331,-84.21550971700482
B02 00712 0014,both,DAYTON CITY OF,PETERS PIKE,,640,"Exempt, owned by municipals",E,0012.64400,000000379920.00,000000000000.00,N,,,N,39113-115011-1,,
B02 00712 0015,county_only,DAYTON CITY OF,ROADWAY,,640,"Exempt, owned by municipals",E,0000.96400,000000000000.00,000000000000.00,N,,,N,,,
B02 00721 0001,both,DAYTON CITY OF,N DIXIE DR,,640,"Exempt, owned by municipals",E,0045.00000,000000432740.00,000000000000.00,N,,,N,39113-110100-1,39.90541921170368,-84.19642044782981
B02 01013 0001,both,DAYTON CITY OF,W NATIONAL RD,,100,,A,0055.69600,000000173660.00,000000000000.00,N,,,N,39113-115012-1,,
B02 01013 0007,county_only,DAYTON CITY OF,W NATIONAL RD,,640,"Exempt, owned by municipals",E,0000.74400,000000000000.00,000000000000.00,N,,,N,,,
B02 01015 0005,county_only,DAYTON CITY OF,W NATIONAL RD,,640,"Exempt, owned by municipals",E,0001.20000,000000000000.00,000000000000.00,N,,,N,,,
B02 01015 0014,both,DAYTON CITY OF,W NATIONAL RD,,100,,A,0013.80400,000000085050.00,000000000000.00,N,,,N,39113-115012-1,,
B02 01015 0015,both,DAYTON CITY OF,2880 W NATIONAL RD,,100,,A,0012.59900,000000073480.00,000000000000.00,N,,,N,39113-115012-1,,
E20 50411 0008,county_only,CITY OF DAYTON,LOFTY OAKS LN,,550,,R,0000.16700,000000000000.00,000000000000.00,N,,,N,,,
E21 01003 0186,county_only,DAYTON CITY OF,WEBSTER AVE,,640,"Exempt, owned by municipals",E,0000.10400,000000000000.00,000000000000.00,N,,,N,,,
E21 01003 0188,county_only,DAYTON CITY OF,STOP EIGHT RD,,640,"Exempt, owned by municipals",E,0000.17000,000000000000.00,000000000000.00,N,,,N,,,
H33 00416 0035,both,DAYTON CITY OF,OLIVE RD,,101,,A,0002.83500,000000017580.00,000000000000.00,N,Economic Development,Other,N,39113-070300-3,39.785635234104724,-84.28281220793978
H33 00417 0042,city_layer_only,,,,,,,,,,N,,,N,,,
I39 00719 0083,both,DAYTON CITY OF,SR 4,,640,"Exempt, owned by municipals",E,0000.69000,000000000000.00,000000000000.00,N,,,N,39113-090302-6,39.78974744956034,-84.13567682484576
I39100701 0020,county_only,DAYTON CITY OF,VALLEY CREST DR,,400,Commercial vacant land,C,0000.13600,000000000000.00,000000000000.00,N,,,Y,,,
J44 20907 0006,both,DAYTON CITY OF,E CARILLION BLVD,,640,"Exempt, owned by municipals",E,0001.75600,000000001340.00,000000000000.00,N,,,N,39113-030100-2,,
J44204115 0017,both,DAYTON CITY OF,PINNACLE RD,,640,"Exempt, owned by municipals",E,0031.20000,000000021500.00,000000000000.00,N,,,N,39113-030200-1,,
K45 02601 0001,both,DAYTON CITY OF,11236 SPRINGBORO PIKE,,640,"Exempt, owned by municipals",E,0069.14800,000001439130.00,000000901730.00,Y,,,N,39113-050103-1,,
K45 02602 0001,both,DAYTON CITY OF,10000 SPRINGBORO PIKE,,640,"Exempt, owned by municipals",E,0003.18000,000000061820.00,000000000000.00,N,,,N,39113-050103-4,,
K45 02602 0002,both,DAYTON CITY OF,10000 SPRINGBORO PIKE,,640,"Exempt, owned by municipals",E,0049.48800,000000865840.00,000000006700.00,Y,,,N,39113-050103-4,,
K45 02602 0010,both,DAYTON CITY OF,10540 11100 SPRINGBORO PIKE,,499,,C,0096.72900,000000252000.00,000000187730.00,Y,,,N,39113-050103-1,,
K45 02602 0011,both,DAYTON CITY OF,AUSTIN BLVD,,300,"Industrial, vacant land",I,0115.85380,000000855950.00,000000000000.00,N,,,Y,39113-050103-1,,
K45 02602 0015,both,DAYTON CITY OF,10510 SPRINGBORO PIKE,,640,"Exempt, owned by municipals",E,0049.84500,000000325190.00,000000000000.00,N,,,N,39113-050103-1,,
K45 02602 0023,both,DAYTON CITY OF,AUSTIN BLVD,,640,"Exempt, owned by municipals",E,0016.70000,000000312000.00,000000000000.00,N,,,N,39113-050103-1,,
K45 02602 0058,both,DAYTON CITY OF,AUSTIN BLVD,,300,"Industrial, vacant land",I,0023.74400,000000175910.00,000000000000.00,N,,,Y,39113-050103-4,,
K45 02602 0059,both,DAYTON CITY OF,AUSTIN BLVD,,300,"Industrial, vacant land",I,0001.54000,000000011130.00,000000000000.00,N,,,Y,39113-050103-1,,
K45 02602 0083,county_only,DAYTON CITY OF,AUSTIN BLVD,,300,"Industrial, vacant land",I,0006.81100,000000049220.00,000000000000.00,N,,,Y,,,
K45 02602 3015,county_only,DAYTON CITY OF,10510 SPRINGBORO PIKE,,449,,C,0049.84500,000000643880.00,000000000000.00,N,,,N,,,
K45 02602 9010,county_only,DAYTON CITY OF,10540 11100 SPRINGBORO PIKE,,640,"Exempt, owned by municipals",E,0096.72900,000002175790.00,000003182430.00,Y,,,N,,,
K45100101 0010,both,DAYTON CITY OF,MCDANIELS LN,,640,"Exempt, owned by municipals",E,0010.08000,000000025480.00,000000000000.00,N,,,N,39113-050103-1,,
M58100502 0018,county_only,CITY OF DAYTON,PETERS PIKE,,640,"Exempt, owned by municipals",E,0000.88310,000000000000.00,000000000000.00,N,,,N,,,
M58100502 0020,county_only,THE CITY OF DAYTON OHIO,PETERS PIKE,,640,"Exempt, owned by municipals",E,0000.14300,000000000840.00,000000000000.00,N,,,N,,,
M58100502 0021,county_only,DAYTON CITY OF,11534 PETERS PIKE,,500,"Residential vacant land, lot",R,0000.28400,000000000000.00,000000000000.00,N,,,Y,,,
M58100502 0022,county_only,DAYTON CITY OF,11534 PETERS PIKE,,640,"Exempt, owned by municipals",E,0000.30100,000000000000.00,000000000000.00,N,,,N,,,
M58100502 0023,county_only,CITY OF DAYTON,PETERS PIKE,,640,"Exempt, owned by municipals",E,0000.21300,000000039100.00,000000000000.00,N,,,N,,,
M58100502 0024,county_only,THE CITY OF DAYTON,11950 PETERS PIKE,,640,"Exempt, owned by municipals",E,0000.30600,000000000000.00,000000000000.00,N,,,N,,,
M60 03205 0020,both,CITY OF DAYTON,CRESTWAY DR,,640,"Exempt, owned by municipals",E,0005.18750,000000039970.00,000000000000.00,N,,,N,39113-120101-2,,
N64 00309 0001,both,DAYTON CITY OF,HILTON DR,,640,"Exempt, owned by municipals",E,0000.00000,000000012980.00,000000000000.00,N,,,N,39113-020100-3,,
N64 00310 0159,both,DAYTON CITY OF,2917 BERKLEY AVE,,640,"Exempt, owned by municipals",E,0012.03900,000000325050.00,000000164650.00,Y,,,N,39113-020100-3,,
N64 03301 0044,both,DAYTON CITY OF,2655 S PATTERSON BLVD,,640,"Exempt, owned by municipals",E,0015.78000,000000871060.00,000000305140.00,Y,,,N,39113-020100-3,,
N64 03301 0045,both,DAYTON CITY OF,2581 S PATTERSON BLVD,,640,"Exempt, owned by municipals",E,0010.01000,000000300300.00,000000069250.00,Y,,,N,39113-020100-3,,
N64 03411 0002,both,DAYTON CITY OF,2917 CENTRAL PARK AVE,,640,"Exempt, owned by municipals",E,0274.05610,000003098220.00,000002236350.00,Y,,,N,39113-020100-3,,
N64 03505 0071,both,DAYTON CITY OF,TUDOR RD,,640,"Exempt, owned by municipals",E,0004.25000,000000034000.00,000000055080.00,Y,,,N,39113-020900-1,39.71705257889151,-84.15729836881697
Q71 00106 0019,county_only,DAYTON CITY OF,,,610,,E,0000.00000,000000000000.00,000000000000.00,N,,,N,,,
Q71 01008 0009,both,DAYTON CITY OF,W PEACH ORCHARD RD,,640,"Exempt, owned by municipals",E,0000.89170,000000135950.00,000000000000.00,N,,,N,,,
R72 00101 0001,both,DAYTON CITY OF,ROBERT DR,DAYTON,640,"Exempt, owned by municipals",E,0001.14600,000000000220.00,000000000000.00,N,Public Works,Other,N,39113-001501-1,39.75803319089252,-84.20378833190013
R72 00104 0036,both,DAYTON CITY OF,367 371 W 2ND ST,DAYTON,640,"Exempt, owned by municipals",E,0001.08720,000000309430.00,000001745650.00,Y,Public Works,Operations,N,39113-001501-1,39.76023178544395,-84.19874085268692
R72 00104 0048,county_only,DAYTON CITY OF,GIBBS LN,DAYTON,400,Commercial vacant land,C,0000.00000,000000000000.00,000000000000.00,N,,,Y,,,
R72 00104 0054,county_only,DAYTON CITY OF,W 2ND ST,DAYTON,640,"Exempt, owned by municipals",E,0000.00000,000000010110.00,000000000000.00,N,,,N,,,
R72 00104 0055,county_only,DAYTON CITY OF,W 2ND ST,DAYTON,640,"Exempt, owned by municipals",E,0000.00000,000000002530.00,000000000000.00,N,,,N,,,
R72 00108 0003,both,DAYTON CITY OF,335 W 3RD ST,DAYTON,640,"Exempt, owned by municipals",E,0000.00000,000000460520.00,000006690310.00,Y,Public Works,Operations,N,39113-001501-1,39.75869983838172,-84.1974014016448
R72 00110 0002,county_only,DAYTON CITY OF,451 W 3RD ST,DAYTON,620,"Exempt, owned by counties",E,0000.44700,000000194710.00,000000009170.00,Y,,,N,,,
R72 00111 0003,county_only,THE CITY OF DAYTON OHIO,ABBEY AVE,DAYTON,640,"Exempt, owned by municipals",E,0020.94600,000000132290.00,000000013410.00,Y,,,N,39113-004600-1,39.748703557605204,-84.24453206810917
R72 00111 0004,county_only,THE CITY OF DAYTON OHIO,UPPER AVE,DAYTON,300,"Industrial, vacant land",I,0000.51500,000000006040.00,000000000000.00,N,,,Y,39113-004600-1,39.749526053804225,-84.24340271725528
R72 00111 0005,county_only,THE CITY OF DAYTON OHIO,UPPER AVE,DAYTON,300,"Industrial, vacant land",I,0000.43000,000000005050.00,000000000000.00,N,,,Y,39113-004600-1,39.74945716216234,-84.24284543563378
R72 00111 0009,county_only,THE CITY OF DAYTON OHIO,300 ABBEY AVE,DAYTON,499,,C,0006.88500,000000075350.00,000000002320.00,Y,,,N,,39.749578050633396,-84.23595262435883
R72 00111 0010,county_only,THE CITY OF DAYTON OHIO,THIRD ST,DAYTON,300,"Industrial, vacant land",I,0001.05100,000000005390.00,000000000000.00,N,,,Y,,39.75162493055707,-84.23764572919033
R72 00111 0011,county_only,THE CITY OF DAYTON OHIO,THIRD ST,DAYTON,320,,I,0002.32600,000000024340.00,000000023540.00,Y,,,N,,39.75083607267984,-84.23768997430578
R72 00111 0012,county_only,THE CITY OF DAYTON OHIO,10 ABBEY AVE,DAYTON,320,,I,0015.77600,000000096540.00,000000015240.00,Y,,,N,,39.75019759855626,-84.23806842652534
R72 00111 0013,county_only,THE CITY OF DAYTON OHIO,THIRD ST,DAYTON,300,"Industrial, vacant land",I,0000.53800,000000002760.00,000000000000.00,N,,,Y,,39.75146599467492,-84.2385383915845
R72 00203 0011,both,DAYTON CITY OF,101 W 3RD ST,DAYTON,640,"Exempt, owned by municipals",E,0000.00000,000000514920.00,000004181960.00,Y,Public Works,Other,N,39113-001501-1,39.75939750883473,-84.19397456461029
R72 00203 0013,both,DAYTON CITY OF,125 127 W 3RD ST,DAYTON,640,"Exempt, owned by municipals",E,0000.00000,000000155540.00,000003545040.00,Y,Public Works,Other,N,39113-001501-1,39.75953965025296,-84.19458037149235
R72 00204 0004,both,DAYTON CITY OF,SECOND ST,DAYTON,640,"Exempt, owned by municipals",E,0000.00000,000000042380.00,000000000000.00,N,,,N,39113-001501-1,39.760429513931406,-84.19302245626243
R72 00204 0005,both,DAYTON CITY OF,10 W SECOND ST,DAYTON,449,,C,0000.00000,000000588070.00,000002128270.00,Y,Public Works,Other,N,39113-001501-1,39.76073510643755,-84.19259546772491
R72 00204 0015,both,DAYTON CITY OF,37 39 W THIRD ST,DAYTON,640,"Exempt, owned by municipals",E,0000.00000,000000271270.00,000000000000.00,N,,,N,39113-001501-1,39.75938591175923,-84.19325919474502
R72 00204 0017,both,DAYTON CITY OF,10 N LUDLOW AVE,DAYTON,449,,C,0000.00000,000000354430.00,000002604140.00,Y,,,N,39113-001501-1,39.75960768498334,-84.193303694821
R72 00209 0001,county_only,DAYTON CITY OF,2ND ST,DAYTON,640,"Exempt, owned by municipals",E,0000.00000,000000129970.00,000000002030.00,Y,,,N,39113-001501-1,39.761241505786586,-84.19007027032949
R72 00209 0003,county_only,DAYTON CITY OF,3 110 E 2ND ST,DAYTON,640,"Exempt, owned by municipals",E,0000.00000,000000056900.00,000000005440.00,Y,,,N,39113-001501-1,39.761259506236954,-84.18996397639303
R72 00209 0008,county_only,DAYTON CITY OF,112 E 2ND ST,DAYTON,640,"Exempt, owned by municipals",E,0000.00000,000000061850.00,000000002950.00,Y,,,N,39113-001501-1,39.760949307805674,-84.18974603047623
R72 00209 0009,county_only,DAYTON CITY OF,126 E 2ND ST,DAYTON,640,"Exempt, owned by municipals",E,0000.00000,000000329150.00,000000027860.00,Y,,,N,39113-001501-1,39.76096692976763,-84.18963723448283
R72 00209 0012,county_only,DAYTON CITY OF,134 E 2ND ST,DAYTON,640,"Exempt, owned by municipals",E,0000.00000,000000098990.00,000000009350.00,Y,,,N,39113-001501-1,39.761380113294166,-84.1892197912226
R72 00209 0013,county_only,DAYTON CITY OF,140 E 2ND ST,DAYTON,640,"Exempt, owned by municipals",E,0000.00000,000000064800.00,000000006340.00,Y,,,N,39113-001501-1,39.76138637096084,-84.18916654955785
R72 00209 0015,county_only,DAYTON CITY OF,SW CORNER 2ND + ST CLAIR,DAYTON,640,"Exempt, owned by municipals",E,0000.00000,000000054010.00,000000005440.00,Y,,,N,39113-001501-1,39.76123558653306,-84.1889281006393
R72 00209 0017,county_only,DAYTON CITY OF,33 35 N ST CLAIR ST,DAYTON,640,"Exempt, owned by municipals",E,0000.00000,000000039960.00,000000003480.00,Y,,,N,39113-001501-1,39.76105070665717,-84.18891308859818
R72 00209 0018,county_only,DAYTON CITY OF,29 31 N ST CLAIR ST,DAYTON,640,"Exempt, owned by municipals",E,0000.00000,000000038990.00,000000003480.00,Y,,,N,39113-001501-1,39.76096269957913,-84.1886510770578
R72 00209 0019,county_only,DAYTON CITY OF,ST CLAIR ST,DAYTON,640,"Exempt, owned by municipals",E,0000.00000,000000043290.00,000000003710.00,Y,,,N,39113-001501-1,39.76090255881918,-84.18863184141989
R72 00210 0001,county_only,DAYTON CITY OF,2ND ST,DAYTON,640,"Exempt, owned by municipals",E,0000.92100,000000000000.00,000000000000.00,N,,,N,,,
R72 00210 0006,both,DAYTON CITY OF,215 E 3RD ST,DAYTON,640,"Exempt, owned by municipals",E,0001.66800,000000512850.00,000000000000.00,N,,,N,,39.761487836911755,-84.18765339352696
R72 00302 0078,both,DAYTON CITY OF,N ROBERT DR,DAYTON,640,"Exempt, owned by municipals",E,0000.24000,000000000550.00,000000000000.00,N,,,N,39113-001501-1,39.76204203186795,-84.20213031685
R72 00303 0081,both,DAYTON CITY OF,320 W MONUMENT AVE,DAYTON,640,"Exempt, owned by municipals",E,0000.00000,000000142700.00,000000696330.00,Y,Water,,N,39113-001501-1,39.76262797333591,-84.19804497405366
R72 00304 0001,county_only,DAYTON CITY OF,ROADWAY,DAYTON,640,"Exempt, owned by municipals",E,0000.00000,000000000000.00,000000000000.00,N,,,N,,,
R72 00304 0014,county_only,DAYTON CITY OF,201 W 1ST ST,DAYTON,640,"Exempt, owned by municipals",E,0000.00000,000000000250.00,000000000000.00,N,,,N,,,
R72 00304 0017,county_only,DAYTON CITY OF,219 W 1ST ST,DAYTON,640,"Exempt, owned by municipals",E,0000.00000,000000000120.00,000000000000.00,N,,,N,,,
R72 00304 0021,county_only,DAYTON CITY OF,226 W MONUMENT AVE,DAYTON,640,"Exempt, owned by municipals",E,0000.00000,000000000000.00,000000000000.00,N,,,N,,,
R72 00305 0063,both,DAYTON CITY OF,,DAYTON,640,"Exempt, owned by municipals",E,0000.00000,000000000120.00,000000000000.00,N,,,N,39113-001501-1,39.76356892500512,-84.1993728658109
R72 00305 0078,both,DAYTON CITY OF,,DAYTON,640,"Exempt, owned by municipals",E,0000.00000,000000000120.00,000000000000.00,N,,,N,39113-001501-1,39.76312961849294,-84.20067999799367
R72 00310 0001,both,DAYTON CITY OF,300 N MAIN ST,DAYTON,640,"Exempt, owned by municipals",E,0000.00000,000000261360.00,000000651990.00,Y,Public Works,Operations,N,39113-001501-1,39.7639956228422,-84.19253512022156
R72 00311 0025,both,DAYTON CITY OF,MONUMENT AVE,DAYTON,640,"Exempt, owned by municipals",E,0000.00000,000000523900.00,000000018090.00,Y,,,N,39113-001501-1,39.764119129740635,-84.19101889071806
R72 00312 0020,both,DAYTON CITY OF,LIBERTY ST,DAYTON,640,"Exempt, owned by municipals",E,0000.42500,000000185130.00,000000000000.00,N,,,N,39113-001501-1,39.763862462786854,-84.19842740495926
R72 00402 0063,both,DAYTON CITY OF,ROBERT DR,DAYTON,640,"Exempt, owned by municipals",E,0000.64100,000000002500.00,000000000000.00,N,,,N,39113-001501-1,39.75736067428934,-84.20377637921506
R72 00410 0007,both,DAYTON CITY OF,105 S WILKINSON ST,DAYTON,640,"Exempt, owned by municipals",E,0000.00000,000000348260.00,000001218080.00,Y,Public Works,Other,N,39113-001501-1,39.75741066059526,-84.19522479210646
R72 00411 0020,county_only,DAYTON CITY OF,W 5TH ST,DAYTON,640,"Exempt, owned by municipals",E,0000.00000,000000000400.00,000000000000.00,N,,,N,,,
R72 00501 0014,city_layer_only,,,,,,,,,,N,,,N,,39.75835605189848,-84.1934618425529
R72 00501 0047,city_layer_only,,,,,,,,,,N,,,N,,39.75823018379302,-84.19343033920026
R72 00506 0022,both,DAYTON CITY OF,225 S MAIN ST,DAYTON,640,"Exempt, owned by municipals",E,0000.00000,000000126140.00,000000071220.00,Y,,,N,39113-001501-1,39.75584050980431,-84.19120933448418
R72 00509 0001,city_layer_only,,,,,,,,,,N,Public Works,Other,N,,39.758125311004,-84.18983337033116
R72 00509 0004,city_layer_only,,,,,,,,,,N,,,N,,39.75789304767131,-84.18986331192112
R72 00509 0018,city_layer_only,,,,,,,,,,N,,,N,,39.757409711257104,-84.19065594761118
R72 00509 0038,county_only,DAYTON CITY OF,4TH & JEFFERSON ST,DAYTON,640,"Exempt, owned by municipals",E,0002.73100,000001489620.00,000000387660.00,Y,,,N,,,
R72 00510 0001,county_only,DAYTON CITY OF,101 ST CLAIR ST,DAYTON,430,,C,0000.00000,000000137570.00,000000091290.00,Y,,,N,39113-001501-1,39.758396421556,-84.18819754327718
R72 00510 0009,county_only,DAYTON CITY OF,118 E 4TH ST,DAYTON,489,,C,0000.00000,000000091360.00,000000034110.00,Y,,,N,39113-001501-1,39.75820683792224,-84.18841720520267
R72 00510 0013,both,CITY OF DAYTON,5TH & JEFFERSON ST,DAYTON,640,"Exempt, owned by municipals",E,0000.00000,000000251000.00,000007697600.00,Y,Public Works,Other,N,39113-001501-1,39.75813036384928,-84.18883511218769
R72 00510 0014,both,DAYTON CITY OF,110 E 4TH ST,DAYTON,640,"Exempt, owned by municipals",E,0000.00000,000000032340.00,000000000000.00,N,,,N,39113-001501-1,39.75825387340556,-84.18898245704901
R72 00510 0015,both,DAYTON CITY OF,S CORNER 4TH & JEFFERSON ST,DAYTON,640,"Exempt, owned by municipals",E,0000.00000,000000044410.00,000000000000.00,N,Public Works,Other,N,39113-001501-1,39.75842452481123,-84.18910541973447
R72 00510 0026,both,DAYTON CITY OF,128 140 S JEFFERSON ST,DAYTON,430,,C,0000.00000,000000000000.00,000000124890.00,Y,,,N,39113-001501-1,39.75765187752633,-84.18905706870736
R72 00510 0027,both,DAYTON CITY OF,E 5TH ST,DAYTON,640,"Exempt, owned by municipals",E,0000.00000,000000106430.00,000000000000.00,N,,,N,39113-001501-1,39.75734832870629,-84.1890935559903
R72 00510 0029,both,DAYTON CITY OF,NE 5TH & JEFFERSON,DAYTON,499,,C,0000.00000,000000000000.00,000000324560.00,Y,,,N,39113-001501-1,39.75741638910133,-84.18873332919834
R72 00510 9026,county_only,DAYTON CITY OF,JEFFERSON ST,DAYTON,640,"Exempt, owned by municipals",E,0000.00000,000000478000.00,000000000000.00,N,,,N,,,
R72 00511 0001,both,DAYTON CITY OF,22 E 5TH ST,DAYTON,640,"Exempt, owned by municipals",E,0000.00000,000001259830.00,000019260250.00,Y,,,N,39113-001501-1,39.756809089967454,-84.1895468986227
R72 00512 0001,both,DAYTON CITY OF,200 S JEFFERSON ST,DAYTON,430,,C,0000.00000,000000000000.00,000000301950.00,Y,,,N,39113-001501-1,39.75690048608673,-84.18886104471073
R72 00512 0002,both,DAYTON CITY OF,S JEFFERSON ST,DAYTON,640,"Exempt, owned by municipals",E,0000.00000,000000049500.00,000000000000.00,N,,,N,39113-001501-1,39.75679904241441,-84.18879786466552
R72 00512 0004,both,DAYTON CITY OF,112 116 E 5TH ST,DAYTON,640,"Exempt, owned by municipals",E,0000.00000,000000035650.00,000000000000.00,N,,,N,39113-001501-1,39.757075112589426,-84.18861737352651
R72 00512 0005,both,DAYTON CITY OF,116 120 E 5TH ST,DAYTON,640,"Exempt, owned by municipals",E,0000.00000,000000044550.00,000000000000.00,N,,,N,39113-001501-1,39.75696551979652,-84.18841193802989
R72 00512 0025,both,DAYTON CITY OF,S PATTERSON BLVD,DAYTON,435,,C,0000.00000,000000037240.00,000000029870.00,Y,Public Works,Other,N,39113-001501-1,39.757134473522065,-84.18735940546848
R72 00512 9001,county_only,DAYTON CITY OF,S JEFFERSON ST,DAYTON,640,"Exempt, owned by municipals",E,0000.00000,000000219560.00,000000000000.00,N,,,N,,,
R72 00601 0001,both,DAYTON CITY OF,S PATTERSON BLVD,DAYTON,640,"Exempt, owned by municipals",E,0000.00000,000000054790.00,000000077690.00,Y,Public Works,Other,N,39113-001501-1,39.75800110227792,-84.18753891995664
R72 00604 0003,city_layer_only,,,,,,,,,,N,Economic Development,Development,Y,,,
R72 00609 0020,city_layer_only,,,,,,,,,,N,Economic Development,Development,Y,,,
R72 00610 0002,both,DAYTON CITY OF,5TH ST,DAYTON,640,"Exempt, owned by municipals",E,0000.00000,000000039870.00,000000000000.00,N,,,N,39113-001501-2,39.75787061463616,-84.17856179828588
R72 00612 0001,both,DAYTON CITY OF,930 E THIRD ST,DAYTON,640,"Exempt, owned by municipals",E,0000.00000,000000014520.00,000000000000.00,N,,,N,39113-001501-2,39.761428373669965,-84.17880735296843
R72 00612 0049,county_only,DAYTON CITY OF,21 23 KEOWEE ST,DAYTON,640,"Exempt, owned by municipals",E,0000.00000,000000003210.00,000000000000.00,N,,,N,,,
R72 00612 0118,county_only,DAYTON CITY OF,E 3RD ST,DAYTON,500,"Residential vacant land, lot",R,0000.00800,000000000000.00,000000000000.00,N,,,Y,,,
R72 00612 0122,county_only,DAYTON CITY OF,BACON ST,DAYTON,640,"Exempt, owned by municipals",E,0000.01500,000000001700.00,000000000000.00,N,,,N,,,
R72 00613 0001,both,DAYTON CITY OF,E 5TH ST,DAYTON,640,"Exempt, owned by municipals",E,0000.00000,000000017000.00,000000000000.00,N,,,N,39113-001900-2,39.75825067348022,-84.17618350420376
R72 00613 0006,city_layer_only,,,,,,,,,,N,,,N,,39.76014624653314,-84.17600924679412
R72 00701 0023,both,DAYTON CITY OF,ST CLAIR ST,DAYTON,640,"Exempt, owned by municipals",E,0000.00000,000000095400.00,000000000000.00,N,,,N,39113-001501-1,39.764246212573,-84.18925365753333
R72 00702 0001,both,DAYTON CITY OF,220 N PATTERSON BLVD,DAYTON,499,,C,0003.77500,000000348980.00,000000000000.00,N,,,N,39113-001501-1,39.764439103778955,-84.18635148897198
R72 00702 0002,both,CITY OF DAYTON,301 E 1ST & PATTERSON,DAYTON,620,"Exempt, owned by counties",E,0000.12660,000000005520.00,000000000000.00,N,,,N,39113-001501-1,39.76385390375419,-84.18711804646135
R72 00702 0004,city_layer_only,,,,,,,,,,N,,,N,,39.763420501416334,-84.18700795100844
R72 00702 0011,county_only,DAYTON CITY OF,PATTERSON BLVD,DAYTON,400,Commercial vacant land,C,0000.41600,000000000000.00,000000000000.00,N,,,Y,,,
R72 00702 9001,county_only,DAYTON CITY OF,MONUMENT & RIVER CORRIDOR,DAYTON,640,"Exempt, owned by municipals",E,0003.77500,000000000000.00,000000564230.00,Y,,,N,,,
R72 00703 0001,both,DAYTON CITY OF,220 N PATTERSON BLVD,DAYTON,499,,C,0002.38600,000000264620.00,000000000000.00,N,Public Works,Other,N,39113-001501-1,39.76454947230764,-84.18596682601407
R72 00703 9001,county_only,DAYTON CITY OF,MONUMENT & CORRIDOR,DAYTON,640,"Exempt, owned by municipals",E,0002.38600,000000000000.00,000015985000.00,Y,,,N,,,
R72 00804 0026,city_layer_only,,,,,,,,,,N,,,N,,39.762951886900446,-84.17832351026068
R72 00804 0030,both,DAYTON CITY OF,KEOWEE ST,DAYTON,640,"Exempt, owned by municipals",E,0000.00000,000000000000.00,000000000000.00,N,,,N,39113-001501-2,39.762810333474796,-84.17836214587608
R72 00804 0031,county_only,DAYTON CITY OF,KEOWEE ST,DAYTON,640,"Exempt, owned by municipals",E,0000.00000,000000000000.00,000000000000.00,N,,,N,,,
R72 00804 0032,county_only,DAYTON CITY OF,N KEOWEE ST,DAYTON,640,"Exempt, owned by municipals",E,0000.00000,000000000000.00,000000000000.00,N,,,N,,,
R72 00804 0038,both,DAYTON CITY OF,KEOWEE ST,DAYTON,640,"Exempt, owned by municipals",E,0000.00000,000000007710.00,000000004540.00,Y,,,N,39113-001900-1,39.76227661866329,-84.17788503508314
R72 00804 0039,both,DAYTON CITY OF,1009 E 3RD ST,DAYTON,640,"Exempt, owned by municipals",E,0000.00000,000000016910.00,000000286750.00,Y,Public Works,Operations,N,39113-001900-1,39.762034209131706,-84.17799928446614
R72 00804 0063,county_only,DAYTON CITY OF,KEOWEE ST,DAYTON,640,"Exempt, owned by municipals",E,0000.00000,000000000000.00,000000000000.00,N,,,N,,,
R72 00804 0087,county_only,DAYTON CITY OF,KEOWEE ST,DAYTON,640,"Exempt, owned by municipals",E,0000.00000,000000000000.00,000000000000.00,N,,,N,,,
R72 00805 0009,both,DAYTON CITY OF,846 E 1ST ST,DAYTON,640,"Exempt, owned by municipals",E,0000.00000,000000001600.00,000000195900.00,Y,Public Works,Other,N,39113-001900-1,39.76443724794587,-84.1777352724711
R72 00806 0001,county_only,DAYTON CITY OF,700 E 1ST ST,DAYTON,680,,E,0000.00000,000000001980.00,000000000000.00,N,,,N,39113-001501-1,39.76423444962028,-84.18054003910791
R72 00806 0002,county_only,DAYTON CITY OF,704 E 1ST ST,DAYTON,680,,E,0000.00000,000000005890.00,000000000000.00,N,,,N,39113-001501-1,39.76398745637014,-84.18036324538929
R72 00806 0003,county_only,DAYTON CITY OF,700 E 1ST ST,DAYTON,680,,E,0000.00000,000000023200.00,000000891450.00,Y,,,N,39113-001501-1,39.764029243691645,-84.18024956815913
R72 00806 0009,county_only,DAYTON CITY OF,726 E 1ST ST,DAYTON,680,,E,0000.00000,000000015740.00,000000051740.00,Y,,,N,39113-001501-1,39.76416663165686,-84.17966202061945
R72 00901 0008,both,DAYTON CITY OF,RIVERSIDE DR,DAYTON,640,"Exempt, owned by municipals",E,0000.17000,000000025920.00,000000000000.00,N,,,N,39113-001501-1,39.76444978549576,-84.18946936820075
R72 00901 0012,both,DAYTON CITY OF,E MONUMENT AVE,DAYTON,640,"Exempt, owned by municipals",E,0001.70600,000000191300.00,000000215310.00,Y,,,N,39113-001501-1,39.76468874998677,-84.18865242239423
R72 00903 0028,both,DAYTON CITY OF,RIVERSIDE DR,DAYTON,640,"Exempt, owned by municipals",E,0000.10300,000000000790.00,000000000000.00,N,,,N,39113-001501-1,39.765616901713685,-84.1879437371614
R72 00903 0030,both,DAYTON CITY OF,RIVER CORRIDOR DR,DAYTON,640,"Exempt, owned by municipals",E,0000.16500,000000001260.00,000000000000.00,N,,,N,39113-001501-1,39.76637706643855,-84.18680591758422
R72 00903 0033,both,DAYTON CITY OF,405 535 WATER ST,DAYTON,640,"Exempt, owned by municipals",E,0000.02500,000000000190.00,000000000000.00,N,,,N,39113-001501-1,39.76785944992476,-84.18373076625751
R72 00903 0037,county_only,DAYTON CITY OF,WATER ST,DAYTON,640,"Exempt, owned by municipals",E,0000.01680,000000001280.00,000000000000.00,N,,,N,,39.76784550080969,-84.18350751501103
R72 00904 0031,both,DAYTON CITY OF,WEBSTER ST,DAYTON,640,"Exempt, owned by municipals",E,0000.00000,000000002770.00,000000000000.00,N,Public Works,Other,N,39113-001501-1,39.768277023411706,-84.18163382753437
R72 00904 0033,both,DAYTON CITY OF,WEBSTER ST,DAYTON,640,"Exempt, owned by municipals",E,0000.00000,000000000500.00,000000000000.00,N,Public Works,Operations,N,39113-001501-1,39.767993914141854,-84.1831383127299
R72 00905 0001,both,DAYTON CITY OF,MEIGS ST,DAYTON,620,"Exempt, owned by counties",E,0000.00000,000000000000.00,000000000000.00,N,,,N,39113-001501-1,39.7681935696868,-84.18127013363487
R72 00909 0020,both,DAYTON CITY OF,E 1ST ST,DAYTON,640,"Exempt, owned by municipals",E,0000.00000,000000001200.00,000000000000.00,N,Water,,N,,39.76678637321347,-84.17836003030828
R72 00909 0028,both,CITY OF DAYTON,861 E MONUMENT AVE,DAYTON,640,"Exempt, owned by municipals",E,0001.27700,000000086090.00,000000028860.00,Y,,,N,39113-001900-1,39.76640497145379,-84.17776731455493
R72 00909 0029,both,CITY OF DAYTON,E MONUMENT AVE,DAYTON,640,"Exempt, owned by municipals",E,0001.81500,000000142580.00,000000075010.00,Y,,,N,39113-001501-1,39.76620794479044,-84.17906125415469
R72 00909 0031,both,CITY OF DAYTON,E MONUMENT AVE,DAYTON,640,"Exempt, owned by municipals",E,0000.49700,000000054120.00,000000000000.00,N,,,N,39113-001501-1,39.76578737327826,-84.18239041461169
R72 00909 0034,county_only,CITY OF DAYTON,ROADWAY,DAYTON,640,"Exempt, owned by municipals",E,0000.30600,000000000000.00,000000000000.00,N,,,N,,,
R72 01001 0001,both,DAYTON CITY OF,OTTAWA ST,DAYTON,640,"Exempt, owned by municipals",E,0002.39200,000000094650.00,000000143900.00,Y,Water,,N,39113-001900-1,39.76827344930763,-84.17594787754632
R72 01002 0001,both,DAYTON CITY OF,945 OTTAWA ST,DAYTON,640,"Exempt, owned by municipals",E,0000.00000,000000112320.00,000000559270.00,Y,Water,Other,N,39113-001900-1,39.768379140040906,-84.17527579072608
R72 01003 0001,both,DAYTON CITY OF,BIMM LN,DAYTON,640,"Exempt, owned by municipals",E,0000.00000,000000166910.00,000000000000.00,N,,,N,39113-001900-1,39.7695999327808,-84.17256567443476
R72 01004 0001,both,DAYTON CITY OF,MONUMENT AVE,DAYTON,640,"Exempt, owned by municipals",E,0000.00000,000000317070.00,000001557640.00,Y,,,N,39113-001900-1,39.77064981929502,-84.16910813034326
R72 01004 0048,both,CITY OF DAYTON,E MONUMENT AVE,DAYTON,640,"Exempt, owned by municipals",E,0003.00000,000000036450.00,000000203620.00,Y,,,N,39113-001900-1,39.770397428319484,-84.16681162696499
R72 01004 0058,both,DAYTON CITY OF,MONUMENT AVE,DAYTON,640,"Exempt, owned by municipals",E,0006.33900,000000119780.00,000000079730.00,Y,Water,,N,39113-001900-1,39.771402092565275,-84.16663995443258
R72 01004 0059,both,DAYTON CITY OF,MONUMENT AVE,DAYTON,640,"Exempt, owned by municipals",E,0002.22000,000000050710.00,000000091090.00,Y,Water,,N,39113-001900-1,39.772816092578225,-84.16355666091938
R72 01004 0060,both,DAYTON CITY OF,MONUMENT AVE,DAYTON,640,"Exempt, owned by municipals",E,0002.78500,000000060180.00,000000000000.00,N,Water,,N,39113-001900-1,39.771788782824274,-84.16590198641585
R72 01005 0001,both,DAYTON CITY OF,OTTAWA ST,DAYTON,640,"Exempt, owned by municipals",E,0000.00000,000000098600.00,000001534740.00,Y,Public Works,Other,N,39113-001900-1,39.76761703325946,-84.17615267971921
R72 01005 0005,both,CITY OF DAYTON,KEOWEE ST,DAYTON,640,"Exempt, owned by municipals",E,0002.29100,000000151320.00,000001389880.00,Y,,,N,39113-001900-1,39.76647730981522,-84.17665020539995
R72 01005 0006,both,CITY OF DAYTON,965 E MONUMENT AVE,DAYTON,640,"Exempt, owned by municipals",E,0000.00000,000000048200.00,000000260470.00,Y,Public Works,Operations,N,39113-001900-1,39.76711633600689,-84.17449327036933
R72 01005 0019,both,DAYTON CITY OF,OTTAWA ST,DAYTON,640,"Exempt, owned by municipals",E,0000.00000,000000053110.00,000002423770.00,Y,Water,,N,39113-001900-1,39.76813526830129,-84.1729414915802
R72 01005 0022,both,DAYTON CITY OF,1015 E MONUMENT AVE,DAYTON,640,"Exempt, owned by municipals",E,0000.00000,000000042370.00,000000074410.00,Y,Water,,N,39113-001900-1,39.76737551823409,-84.17384478303006
R72 01005 0024,both,DAYTON CITY OF,MONUMENT AVE,DAYTON,640,"Exempt, owned by municipals",E,0000.00000,000000010780.00,000000000000.00,N,Water,,N,39113-001900-1,39.76703818931636,-84.17323892191911
R72 01005 0030,county_only,DAYTON CITY OF,1ST ST,DAYTON,400,Commercial vacant land,C,0001.88790,000000103010.00,000000000000.00,N,,,Y,,39.7655851597438,-84.1738516156098
R72 01005 0049,both,CITY OF DAYTON,N KEOWEE ST,DAYTON,350,,I,0000.38700,000000000000.00,000000000000.00,N,,,N,39113-001900-1,39.76727631815734,-84.17524698578991
R72 01005 0050,county_only,CITY OF DAYTON,E 1ST ST,DAYTON,320,,I,0000.11400,000000000000.00,000000000000.00,N,,,N,,,
R72 01006 0001,both,DAYTON CITY OF,MONUMENT AVE,DAYTON,640,"Exempt, owned by municipals",E,0000.00000,000000003220.00,000000000000.00,N,Water,,N,39113-001900-1,39.76822023180269,-84.16915573083541
R72 01012 0001,county_only,CITY OF DAYTON,FINDLAY ST,DAYTON,400,Commercial vacant land,C,0000.23860,000000000000.00,000000000000.00,N,,,Y,,,
R72 01012 0002,county_only,CITY OF DAYTON,FINDLAY ST,DAYTON,400,Commercial vacant land,C,0000.06710,000000000000.00,000000000000.00,N,,,Y,,,
R72 01012 0003,county_only,CITY OF DAYTON,FINDLAY ST,DAYTON,400,Commercial vacant land,C,0000.15140,000000000000.00,000000000000.00,N,,,Y,,,
R72 01101 0032,county_only,DAYTON CITY OF,1145 1147 E 2ND ST,DAYTON,640,"Exempt, owned by municipals",E,0000.00000,000000000000.00,000000000000.00,N,,,N,,,
R72 01101 0044,both,DAYTON CITY OF,1ST ST,DAYTON,640,"Exempt, owned by municipals",E,0000.00000,000000002340.00,000000000000.00,N,,,N,39113-001900-1,39.76502052114333,-84.17495620209658
R72 01101 0045,both,DAYTON CITY OF,1ST ST,DAYTON,640,"Exempt, owned by municipals",E,0000.00000,000000000980.00,000000000000.00,N,,,N,39113-001900-1,39.76513540715683,-84.17464074681544
R72 01102 0011,both,DAYTON CITY OF,1309 E 3RD ST,DAYTON,447,,C,0000.00000,000000000000.00,000000000000.00,N,,,N,39113-001900-1,39.762496710608616,-84.17440440092106
R72 01102 0033,county_only,DAYTON CITY OF,1140 E 2ND ST,DAYTON,640,"Exempt, owned by municipals",E,0000.00000,000000000000.00,000000000000.00,N,,,N,,,
R72 01103 0036,both,DAYTON CITY OF,23 N TERRY ST,DAYTON,640,"Exempt, owned by municipals",E,0000.00000,000000004790.00,000000000000.00,N,,,N,39113-001900-1,39.76337821033018,-84.17223147865143
R72 01103 0057,county_only,DAYTON CITY OF,49 N TERRY ST,DAYTON,640,"Exempt, owned by municipals",E,0000.00000,000000000000.00,000000000000.00,N,,,N,,,
R72 01103 0064,county_only,DAYTON CITY OF,1200 E 2ND ST,DAYTON,640,"Exempt, owned by municipals",E,0000.00000,000000000000.00,000000000000.00,N,,,N,,,
R72 01104 0001,county_only,DAYTON CITY OF,202 N BECKEL ST,DAYTON,640,"Exempt, owned by municipals",E,0000.00000,000000000000.00,000000000000.00,N,,,N,,,
R72 01104 0011,county_only,DAYTON CITY OF,1130 E 1ST ST,DAYTON,640,"Exempt, owned by municipals",E,0000.00000,000000000000.00,000000000000.00,N,,,N,,,
R72 01104 0035,county_only,DAYTON CITY OF,E 1ST ST,DAYTON,400,Commercial vacant land,C,0000.00000,000000000000.00,000000000000.00,N,,,Y,,,
R72 01105 0014,both,DAYTON CITY OF,215 CRANE ST,DAYTON,640,"Exempt, owned by municipals",E,0000.00000,000000000400.00,000000000000.00,N,,,N,39113-001900-1,39.76547969800112,-84.17197811847264
R72 01106 0008,county_only,DAYTON CITY OF,1428 E 2ND ST,DAYTON,640,"Exempt, owned by municipals",E,0000.00000,000000000000.00,000000000000.00,N,,,N,,,
R72 01106 0034,city_layer_only,,,,,,,,,,N,,,N,,39.76405898215425,-84.169588156147
R72 01108 0025,both,DAYTON CITY OF,1607 E 2ND ST,DAYTON,640,"Exempt, owned by municipals",E,0000.00000,000000000110.00,000000000000.00,N,,,N,39113-001900-1,39.76510959827082,-84.16855947830597
R72 01108 0027,both,DAYTON CITY OF,E 2ND ST,DAYTON,640,"Exempt, owned by municipals",E,0000.00000,000000000130.00,000000000000.00,N,,,N,39113-001900-1,39.76511830035513,-84.16861054026836
R72 01204 0084,both,DAYTON CITY OF,ROADWAY,DAYTON,400,Commercial vacant land,C,0000.00000,000000000000.00,000000000000.00,N,,,Y,39113-001900-2,39.75915625631233,-84.17305774438427
R72 01204 0085,both,DAYTON CITY OF,E 5TH ST,DAYTON,400,Commercial vacant land,C,0000.00000,000000000000.00,000000000000.00,N,,,Y,39113-001900-2,39.759167597182206,-84.17298813848248
R72 01206 0071,county_only,DAYTON CITY OF,3RD & BECKEL,DAYTON,400,Commercial vacant land,C,0000.00000,000000000000.00,000000000000.00,N,,,Y,,,
R72 01207 0044,county_only,DAYTON CITY OF,1709 E 5TH ST,DAYTON,640,"Exempt, owned by municipals",E,0000.00000,000000004810.00,000000000000.00,N,,,N,39113-001900-6,39.75930890111919,-84.17047536713449
R72 01207 0075,both,DAYTON CITY OF,E 4TH ST,DAYTON,640,"Exempt, owned by municipals",E,0000.00000,000000000380.00,000000000000.00,N,,,N,,39.760543671399425,-84.17034384064155
R72 01207 0087,county_only,DAYTON CITY OF,S JUNE ST,DAYTON,640,"Exempt, owned by municipals",E,0000.00000,000000000000.00,000000000000.00,N,,,N,,,
R72 01207 0088,county_only,DAYTON CITY OF,1717 E 5TH ST,DAYTON,400,Commercial vacant land,C,0000.00000,000000000000.00,000000000000.00,N,,,Y,,,
R72 01208 0074,both,DAYTON CITY OF,E 5TH ST,DAYTON,640,"Exempt, owned by municipals",E,0000.00000,000000000130.00,000000000000.00,N,,,N,39113-001900-3,39.7596427559004,-84.16744038430524
R72 01210 0035,both,DAYTON CITY OF,100 CENTRE,DAYTON,650,,E,0000.00000,000000003800.00,000000000000.00,N,,,N,39113-001900-3,39.761457067334035,-84.16549935231701
R72 01301 0007,both,DAYTON CITY OF,1320 E 5TH ST,DAYTON,640,"Exempt, owned by municipals",E,0002.33000,000000041940.00,000000000000.00,N,Public Works,Other,N,39113-001900-2,39.75700428394559,-84.17448554429433
R72 01301 0056,both,CITY OF DAYTON,E 5TH ST,DAYTON,640,"Exempt, owned by municipals",E,0000.97180,000000014380.00,000000000000.00,N,,,N,39113-001900-2,39.75796190599593,-84.17577809613095
R72 01301 0057,both,CITY OF DAYTON,1320 E 5TH ST,DAYTON,640,"Exempt, owned by municipals",E,0000.50680,000000030910.00,000001048610.00,Y,,,N,39113-001900-2,39.75799119462094,-84.17493923391358
R72 01301 0059,both,CITY OF DAYTON,HIGH ST,DAYTON,640,"Exempt, owned by municipals",E,0000.09800,000000005980.00,000000000000.00,N,,,N,39113-001900-2,39.757374597738334,-84.1746026293199
R72 01309 0003,county_only,CITY OF DAYTON OHIO,62 64 DRUMMER AVE,DAYTON,640,"Exempt, owned by municipals",E,0000.00000,000000002260.00,000000000000.00,N,,,N,39113-001900-6,39.7576320143953,-84.16933100503054
R72 01309 0004,both,DAYTON CITY OF,58 60 DRUMMER AVE,DAYTON,640,"Exempt, owned by municipals",E,0000.00000,000000002260.00,000000000000.00,N,Planning,Surplus,Y,39113-001900-6,39.75774263352843,-84.16919764779138
R72 01309 0013,city_layer_only,,,,,,,,,,N,Planning,Surplus,Y,,39.75856547424488,-84.16953126099702
R72 01309 0087,county_only,THE CITY OF DAYTON,5TH ST,DAYTON,640,"Exempt, owned by municipals",E,0000.00000,000000000300.00,000000000000.00,N,,,N,,,
R72 01310 0049,both,CITY OF DAYTON,118 SAMUEL ST,DAYTON,640,"Exempt, owned by municipals",E,0000.00000,000000002510.00,000000000000.00,N,Planning,Surplus,Y,39113-001900-6,39.75703100113953,-84.16796120855314
R72 01310 0054,both,DAYTON CITY OF,136 138 SAMUEL ST,DAYTON,640,"Exempt, owned by municipals",E,0000.00000,000000002510.00,000000000000.00,N,,,N,39113-001900-6,39.756612576476385,-84.1678444133823
R72 01404 0012,county_only,DAYTON CITY OF,JONES ST,DAYTON,665,Exempt (unspecified),E,0000.00000,000000000000.00,000000000000.00,N,,,N,,,
R72 01404 0055,county_only,DAYTON CITY OF,JONES ST,DAYTON,400,Commercial vacant land,C,0000.00100,000000000000.00,000000000000.00,N,,,Y,,,
R72 01501 0001,county_only,DAYTON CITY OF,E 5TH ST,DAYTON,640,"Exempt, owned by municipals",E,0000.01800,000000006660.00,000000000880.00,Y,,,N,,,
R72 01501 0002,county_only,DAYTON CITY OF,E 5TH ST,DAYTON,640,"Exempt, owned by municipals",E,0000.02100,000000007780.00,000000001410.00,Y,,,N,,,
R72 01503 0031,both,DAYTON CITY OF,JONES ST,DAYTON,640,"Exempt, owned by municipals",E,0000.00000,000000000000.00,000000000000.00,N,,,N,39113-001501-2,39.75414732767321,-84.18545343376856
R72 01506 0086,county_only,CITY OF DAYTON,JONES ST,DAYTON,640,"Exempt, owned by municipals",E,0000.00000,000000000000.00,000000000000.00,N,,,N,,,
R72 01510 0045,both,DAYTON CITY OF,GREEN ST,DAYTON,640,"Exempt, owned by municipals",E,0000.00000,000000027420.00,000000006780.00,Y,,,N,39113-001501-2,39.75489156753047,-84.1845241782019
R72 01604 0056,county_only,DAYTON CITY OF,WASHINGTON ST,DAYTON,670,,E,0000.00100,000000000020.00,000000000000.00,N,,,N,,,
R72 01605 0006,county_only,DAYTON CITY OF,ROADWAY,DAYTON,640,"Exempt, owned by municipals",E,0000.00000,000000000000.00,000000000000.00,N,,,N,,,
R72 01606 0045,county_only,DAYTON CITY OF,S MAIN ST,DAYTON,640,"Exempt, owned by municipals",E,0000.00000,000000000000.00,000000000000.00,N,,,N,,,
R72 01606 0052,county_only,DAYTON CITY OF,WASHINGTON ST,DAYTON,640,"Exempt, owned by municipals",E,0000.00000,000000000000.00,000000000000.00,N,,,N,,,
R72 01606 0059,county_only,DAYTON CITY OF,S MAIN ST,DAYTON,640,"Exempt, owned by municipals",E,0000.00000,000000000000.00,000000000000.00,N,,,N,,,
R72 01610 0008,both,DAYTON CITY OF,147 WARREN ST,DAYTON,640,"Exempt, owned by municipals",E,0000.00000,000000012770.00,000000000000.00,N,,,N,39113-003404-1,39.75117056610452,-84.18802203942522
R72 01610 0010,both,DAYTON CITY OF,WARREN ST,DAYTON,640,"Exempt, owned by municipals",E,0000.00000,000000010590.00,000000000000.00,N,,,N,39113-003404-1,39.75116731611577,-84.1882361561523
R72 01610 0022,both,DAYTON CITY OF,WARREN ST,DAYTON,640,"Exempt, owned by municipals",E,0000.00000,000000001050.00,000000000000.00,N,,,N,39113-003404-1,39.75109306069464,-84.18844969873275
R72 01610 0023,both,DAYTON CITY OF,WARREN ST,DAYTON,640,"Exempt, owned by municipals",E,0000.00000,000000005470.00,000000000000.00,N,,,N,39113-003404-1,39.7510517824728,-84.18854590126001
R72 01610 0052,both,DAYTON CITY OF,145 WARREN ST,DAYTON,640,"Exempt, owned by municipals",E,0000.00000,000000005600.00,000000000000.00,N,Public Works,Other,N,39113-003404-1,39.7511687261642,-84.18811876818492
R72 01610 0054,county_only,DAYTON CITY OF,S PATTERSON BLVD,DAYTON,400,Commercial vacant land,C,0000.00000,000000000000.00,000000000000.00,N,,,Y,,,
R72 01704 0069,county_only,DAYTON CITY OF,WASHINGTON & LONGWORTH ST,DAYTON,400,Commercial vacant land,C,0000.00000,000000000000.00,000000000000.00,N,,,Y,,,
R72 01707 0009,both,DAYTON CITY OF,800 LONGWORTH ST,DAYTON,640,"Exempt, owned by municipals",E,0000.00000,000000015000.00,000000017210.00,Y,Water,,N,39113-003404-1,39.74758568245371,-84.19348694423357
R72 01707 0012,both,DAYTON CITY OF,STOUT ST,DAYTON,400,Commercial vacant land,C,0000.00000,000000000000.00,000000000000.00,N,Water,,Y,39113-003404-1,39.74631801393885,-84.19347803693354
R72 01710 0008,both,DAYTON CITY OF,S MAIN ST,DAYTON,400,Commercial vacant land,C,0000.03830,000000000000.00,000000000000.00,N,,,Y,39113-003404-1,39.750499064858296,-84.18952305072305
R72 01711 0071,county_only,DAYTON CITY OF,PATTERSON BLVD,DAYTON,400,Commercial vacant land,C,0000.00000,000000000000.00,000000000000.00,N,,,Y,,,
R72 01801 0043,county_only,DAYTON CITY OF,S PATTERSON BLVD,DAYTON,400,Commercial vacant land,C,0000.00000,000000000000.00,000000000000.00,N,,,Y,,,
R72 01802 0066,both,DAYTON CITY OF,155 WARREN ST,DAYTON,660,,E,0000.00000,000000024890.00,000000000000.00,N,,,N,39113-003404-1,39.750939673149524,-84.18796075725984
R72 01802 0067,both,DAYTON CITY OF,151 153 WARREN ST,DAYTON,640,"Exempt, owned by municipals",E,0000.00000,000000022530.00,000001052280.00,Y,Public Works,Other,N,39113-003404-1,39.75103930538841,-84.18803609565526
R72 01802 0069,both,DAYTON CITY OF,JOE ST,DAYTON,640,"Exempt, owned by municipals",E,0000.00000,000000010450.00,000000001740.00,Y,,,N,39113-003404-1,39.750934267928514,-84.18831077351507
R72 01802 0070,both,DAYTON CITY OF,JOE ST,DAYTON,640,"Exempt, owned by municipals",E,0000.00000,000000019140.00,000000003620.00,Y,,,N,39113-003404-1,39.75091530942914,-84.18844384297215
R72 01802 0071,both,DAYTON CITY OF,JOE ST,DAYTON,640,"Exempt, owned by municipals",E,0000.00000,000000029110.00,000000005260.00,Y,,,N,39113-003404-1,39.750869948449605,-84.18866091655201
R72 01803 0080,county_only,DAYTON CITY OF,S MAIN ST,DAYTON,400,Commercial vacant land,C,0000.02670,000000000000.00,000000000000.00,N,,,Y,,,
R72 01804 0111,county_only,DAYTON CITY OF,BRADY ST,DAYTON,500,"Residential vacant land, lot",R,0000.00000,000000000000.00,000000000000.00,N,,,Y,,,
R72 01808 0005,city_layer_only,,,,,,,,,,N,,,N,,39.751291753087784,-84.1857742497973
R72 01901 0013,both,DAYTON CITY OF,FERN AVE,DAYTON,640,"Exempt, owned by municipals",E,0005.00000,000000110000.00,000000000000.00,N,,,N,39113-003404-2,39.751980445667236,-84.1835707432406
R72 01901 0086,county_only,DAYTON CITY OF,BROWN ST,DAYTON,640,"Exempt, owned by municipals",E,0000.00000,000000000000.00,000000000000.00,N,,,N,,,
R72 01902 0018,both,DAYTON CITY OF,BURNS AVE,DAYTON,640,"Exempt, owned by municipals",E,0005.00000,000000132000.00,000000000000.00,N,,,N,39113-003404-2,39.75125498540899,-84.18283453340332
R72 01903 0017,both,DAYTON CITY OF,565 BURNS AVE,DAYTON,640,"Exempt, owned by municipals",E,0000.00000,000000000240.00,000000000000.00,N,,,N,39113-003404-2,39.75281744746659,-84.1805180358201
R72 01903 0018,both,DAYTON CITY OF,BURNS AVE,DAYTON,640,"Exempt, owned by municipals",E,0000.00000,000000000530.00,000000000000.00,N,,,N,39113-003404-2,39.752790753783316,-84.18060449111026
R72 01903 0019,both,DAYTON CITY OF,BURNS AVE,DAYTON,640,"Exempt, owned by municipals",E,0000.00000,000000002270.00,000000000000.00,N,,,N,39113-003404-2,39.75275253276417,-84.180728280932
R72 01903 0020,both,DAYTON CITY OF,555 BURNS AVE,DAYTON,640,"Exempt, owned by municipals",E,0000.00000,000000002920.00,000000000000.00,N,,,N,39113-003404-2,39.75270312985723,-84.180884095104
R72 01903 0021,both,DAYTON CITY OF,553 BURNS AVE,DAYTON,640,"Exempt, owned by municipals",E,0000.00000,000000002640.00,000000000000.00,N,,,N,39113-003404-2,39.75264658054875,-84.18099948311004
R72 01903 0022,both,DAYTON CITY OF,549 551 BURNS AVE,DAYTON,640,"Exempt, owned by municipals",E,0000.00000,000000003840.00,000000000000.00,N,,,N,39113-003404-2,39.75260536330025,-84.18105912542194
R72 01903 0025,both,DAYTON CITY OF,BURNS AVE,DAYTON,640,"Exempt, owned by municipals",E,0000.00000,000000016880.00,000000000000.00,N,,,N,39113-003404-2,39.752520180946625,-84.18118238618452
R72 01903 0035,both,DAYTON CITY OF,BREMEN ST,DAYTON,640,"Exempt, owned by municipals",E,0000.00000,000000000380.00,000000000000.00,N,,,N,39113-003404-2,39.75269485401559,-84.18132037403674
R72 01903 0036,both,DAYTON CITY OF,BREMEN ST,DAYTON,640,"Exempt, owned by municipals",E,0000.00000,000000000130.00,000000000000.00,N,,,N,39113-003404-2,39.752740922808854,-84.18120102152905
R72 01908 0001,city_layer_only,,,,,,,,,,N,,,N,,39.75236755340802,-84.18021128263405
R72 01908 0004,city_layer_only,,,,,,,,,,N,,,N,,39.752272304977105,-84.1803539071531
R72 01909 0012,city_layer_only,,,,,,,,,,N,,,N,,39.752903165970224,-84.17914231154337
R72 01909 0013,city_layer_only,,,,,,,,,,N,,,N,,39.75286358158933,-84.17926165343944
R72 01909 0016,city_layer_only,,,,,,,,,,N,,,N,,39.752836740445616,-84.17934776682547
R72 01909 0017,city_layer_only,,,,,,,,,,N,,,N,,39.75280985530519,-84.17943402206728
R72 01909 0020,city_layer_only,,,,,,,,,,N,,,N,,39.75278294561058,-84.179520355819
R72 01909 0021,city_layer_only,,,,,,,,,,N,,,N,,39.752739468833724,-84.17964872725864
R72 01909 0024,both,DAYTON CITY OF,605 HICKORY ST,DAYTON,640,"Exempt, owned by municipals",E,0000.00000,000000001130.00,000000000000.00,N,,,N,39113-003404-2,39.75235327367955,-84.1794618102906
R72 01909 0025,city_layer_only,,,,,,,,,,N,,,N,,39.75267968506201,-84.17975446589301
R72 01909 0026,city_layer_only,,,,,,,,,,N,,,N,,39.752634313574994,-84.17982123567123
R72 01909 0027,city_layer_only,,,,,,,,,,N,,,N,,39.752597919165936,-84.17989157611916
R72 01909 0028,city_layer_only,,,,,,,,,,N,,,N,,39.75254086619868,-84.17994526572042
R72 01909 0029,both,DAYTON CITY OF,533 HICKORY ST,DAYTON,640,"Exempt, owned by municipals",E,0000.00000,000000001130.00,000000000000.00,N,,,N,39113-003404-2,39.75218608311236,-84.17940422694714
R72 01909 0031,city_layer_only,,,,,,,,,,N,,,N,,39.75244700732115,-84.18003795749003
R72 01910 0010,county_only,DAYTON CITY OF,539 ADAMS ST,DAYTON,640,"Exempt, owned by municipals",E,0000.00000,000000000000.00,000000000000.00,N,,,N,,,
R72 01910 0017,county_only,DAYTON CITY OF,BRADFORD ST,DAYTON,640,"Exempt, owned by municipals",E,0000.00000,000000000000.00,000000000000.00,N,,,N,,,
R72 01910 0038,county_only,DAYTON CITY OF,BRADFORD ST,DAYTON,640,"Exempt, owned by municipals",E,0000.00000,000000000000.00,000000000000.00,N,,,N,,,
R72 01910 0047,county_only,DAYTON CITY OF,634 HICKORY ST,DAYTON,640,"Exempt, owned by municipals",E,0000.00000,000000000000.00,000000000000.00,N,,,N,,,
R72 01910 0050,city_layer_only,,,,,,,,,,N,Planning,Surplus,Y,,39.752453055410506,-84.17856619864675
R72 01910 0059,both,CITY OF DAYTON,ROADWAY,DAYTON,400,Commercial vacant land,C,0000.00000,000000000000.00,000000000000.00,N,,,Y,39113-003404-2,39.75182098803142,-84.17741118952283
R72 01910 0060,both,CITY OF DAYTON,ROADWAY,DAYTON,400,Commercial vacant land,C,0000.00000,000000000000.00,000000000000.00,N,,,Y,39113-003404-2,39.75266225299239,-84.17834002826967
R72 01913 0006,city_layer_only,,,,,,,,,,N,,,N,,39.7498159930441,-84.1841835484405
R72 02001 0026,both,DAYTON CITY OF,S KEOWEE ST,DAYTON,640,"Exempt, owned by municipals",E,0000.00000,000000003430.00,000000000000.00,N,,,N,39113-002200-1,39.75359594599303,-84.17601939387208
R72 02001 0027,both,DAYTON CITY OF,S KEOWEE ST,DAYTON,640,"Exempt, owned by municipals",E,0000.00000,000000009940.00,000000000000.00,N,,,N,39113-002200-1,39.75352120165516,-84.17608092879667
R72 02001 0028,both,DAYTON CITY OF,S KEOWEE ST,DAYTON,640,"Exempt, owned by municipals",E,0000.00000,000000009400.00,000000000000.00,N,,,N,39113-002200-1,39.75341834258435,-84.17621902238346
R72 02001 0029,both,DAYTON CITY OF,S KEOWEE ST,DAYTON,640,"Exempt, owned by municipals",E,0000.00000,000000020910.00,000000004260.00,Y,,,N,39113-002200-1,39.753374962287076,-84.17634485131467
R72 02001 0033,both,DAYTON CITY OF,WAYE AVE,DAYTON,640,"Exempt, owned by municipals",E,0000.00000,000000000250.00,000000000000.00,N,,,N,39113-002200-1,39.75283754887358,-84.17664738940982
R72 02001 0035,both,DAYTON CITY OF,WAYNE AVE,DAYTON,640,"Exempt, owned by municipals",E,0000.00000,000000000500.00,000000000000.00,N,,,N,39113-002200-1,39.75295392937332,-84.17688512913644
R72 02001 0036,both,DAYTON CITY OF,WAYNE AVE,DAYTON,640,"Exempt, owned by municipals",E,0000.00000,000000000630.00,000000000000.00,N,,,N,39113-002200-1,39.753004797506094,-84.17695585358159
R72 02001 0038,both,DAYTON CITY OF,WAYNE AVE,DAYTON,640,"Exempt, owned by municipals",E,0000.00000,000000000630.00,000000000000.00,N,,,N,39113-002200-1,39.753188802673996,-84.17712893685433
R72 02001 0040,both,DAYTON CITY OF,WAYNE AVE,DAYTON,640,"Exempt, owned by municipals",E,0000.00000,000000000130.00,000000000000.00,N,,,N,39113-002200-1,39.7533409730864,-84.17719963147351
R72 02001 0088,both,DAYTON CITY OF,S KEOWEE ST,DAYTON,640,"Exempt, owned by municipals",E,0000.00000,000000008690.00,000000000000.00,N,,,N,39113-002200-1,39.75345120620458,-84.17614126008591
R72 02001 0089,both,DAYTON CITY OF,WAYNE AVE,DAYTON,640,"Exempt, owned by municipals",E,0000.00000,000000000130.00,000000000000.00,N,,,N,39113-002200-1,39.75299312187899,-84.17694249797012
R72 02004 0039,both,CITY OF DAYTON,539 CORWIN ST,DAYTON,640,"Exempt, owned by municipals",E,0000.00000,000000002840.00,000000000000.00,N,Planning,Surplus,Y,39113-002200-1,39.753713582725815,-84.17280161413392
R72 02004 0068,county_only,DAYTON CITY OF,567 CORWIN ST,DAYTON,640,"Exempt, owned by municipals",E,0000.03300,000000004150.00,000000000000.00,N,,,N,39113-002200-1,39.75303035252221,-84.17257889154858
R72 02005 0011,both,DAYTON CITY OF,ANGEL ST,DAYTON,640,"Exempt, owned by municipals",E,0000.00000,000000061550.00,000000016320.00,Y,,,N,39113-002200-1,39.75339167472005,-84.17107169125036
R72 02006 0007,both,DAYTON CITY OF,HENRY ST,DAYTON,640,"Exempt, owned by municipals",E,0000.52600,000000025440.00,000000000000.00,N,,,N,39113-002200-1,39.75451992893524,-84.17077530710404
R72 02007 0043,both,DAYTON CITY OF,ROADWAY,DAYTON,640,"Exempt, owned by municipals",E,0000.00000,000000000000.00,000000000000.00,N,,,N,39113-002200-1,39.753210433562415,-84.16917695433102
R72 02007 0069,both,CITY OF DAYTON,GEORGE ST,DAYTON,640,"Exempt, owned by municipals",E,0000.26800,000000012860.00,000000000000.00,N,,,N,39113-002200-1,39.753222836999996,-84.17102766113516
R72 02101 0040,county_only,DAYTON CITY OF,17 BOLTIN ST,DAYTON,640,"Exempt, owned by municipals",E,0000.00000,000000004930.00,000000000000.00,N,,,N,39113-001900-6,39.75872234856595,-84.16603785017526
R72 02101 0077,county_only,DAYTON CITY OF,120 122 HAMILTON AVE,DAYTON,640,"Exempt, owned by municipals",E,0000.00000,000000004830.00,000000000000.00,N,,,N,39113-001900-6,39.758741556334996,-84.16507422479748
R72 02102 0007,county_only,DAYTON CITY OF,222 HAMILTON AVE,DAYTON,620,"Exempt, owned by counties",E,0000.00000,000000002340.00,000000000000.00,N,,,N,39113-001900-6,39.75839399077921,-84.16403061137667
R72 02103 0050,both,DAYTON CITY OF,45 SHERMAN ST,DAYTON,500,"Residential vacant land, lot",R,0000.00000,000000003160.00,000000000000.00,N,,,Y,39113-001900-6,39.756654349496834,-84.16355862648626
R72 02103 0051,both,DAYTON CITY OF,SHERMAN ST,DAYTON,500,"Residential vacant land, lot",R,0000.00000,000000003220.00,000000000000.00,N,,,Y,39113-001900-6,39.75678565869308,-84.1634153726719
R72 02103 0052,both,DAYTON CITY OF,53 SHERMAN ST,DAYTON,500,"Residential vacant land, lot",R,0000.00000,000000003220.00,000000000000.00,N,,,Y,39113-001900-6,39.75663284506661,-84.16333400307742
R72 02103 0053,both,DAYTON CITY OF,53 SHERMAN ST,DAYTON,640,"Exempt, owned by municipals",E,0000.00000,000000001640.00,000000000000.00,N,,,N,39113-001900-6,39.756623641550725,-84.16320928354156
R72 02103 0054,both,DAYTON CITY OF,115 ST JUDE AVE,DAYTON,640,"Exempt, owned by municipals",E,0000.00000,000000001310.00,000000000000.00,N,,,N,39113-001900-6,39.756915469894665,-84.16315574743317
R72 02103 0063,both,CITY OF DAYTON,1526 MCLAIN ST,DAYTON,640,"Exempt, owned by municipals",E,0000.00000,000000002020.00,000000000000.00,N,Planning,Surplus,Y,39113-001900-6,39.757356451338865,-84.16400228075972
R72 02104 0001,both,DAYTON CITY OF,100 102 MCREYNOLDS ST,DAYTON,640,"Exempt, owned by municipals",E,0000.00000,000000002520.00,000000000000.00,N,Planning,Surplus,Y,39113-001900-6,39.75759140239705,-84.1669768040174
R72 02104 0007,both,CITY OF DAYTON,124 MCREYNOLDS ST,DAYTON,640,"Exempt, owned by municipals",E,0000.00000,000000001990.00,000000000000.00,N,Planning,Surplus,Y,39113-001900-6,39.75710992369649,-84.16704175942547
R72 02104 0011,county_only,CITY OF DAYTON,138 MCREYNOLDS ST,DAYTON,640,"Exempt, owned by municipals",E,0000.00000,000000002020.00,000000000000.00,N,,,N,39113-001900-6,39.75676073514199,-84.16707956862989
R72 02104 0044,county_only,"DAYTON CITY OF, OHIO",125 127 BOLTIN ST,DAYTON,500,"Residential vacant land, lot",R,0000.00000,000000003520.00,000000000000.00,N,,,Y,39113-001900-6,39.75699848589419,-84.16619586043724
R72 02104 0055,city_layer_only,,,,,,,,,,N,Planning,Surplus,Y,,39.75724921344693,-84.16586635648187
R72 02104 0110,county_only,DAYTON CITY OF,1314 MCLAIN ST,DAYTON,640,"Exempt, owned by municipals",E,0000.00000,000000001230.00,000000000000.00,N,,,N,39113-001900-6,39.75755955397691,-84.1665187795009
R72 02108 0003,county_only,CITY OF DAYTON,40 NASSAU ST,DAYTON,640,"Exempt, owned by municipals",E,0000.00000,000000002360.00,000000000000.00,N,,,N,39113-002200-1,39.75331385138143,-84.16463861184829
R72 02108 0007,county_only,DAYTON CITY OF,823 XENIA AVE,DAYTON,640,"Exempt, owned by municipals",E,0000.00000,000000003860.00,000000000000.00,N,,,N,39113-002200-1,39.75296871029455,-84.1641927777074
R72 02108 0024,county_only,CITY OF DAYTON,437 439 BOLTIN ST,DAYTON,640,"Exempt, owned by municipals",E,0000.00000,000000004000.00,000000000000.00,N,,,N,39113-002200-1,39.75341116998731,-84.16358792693138
R72 02204 0036,county_only,DAYTON CITY OF LAND REUTLIZATION PROGRAM,MCKINLEY ST,DAYTON,640,"Exempt, owned by municipals",E,0000.00000,000000001550.00,000000000000.00,N,,,N,39113-001900-4,39.76320105090978,-84.16157666511438
R72 02204 0040,both,CITY OF DAYTON,52 VAN LEAR ST,DAYTON,640,"Exempt, owned by municipals",E,0000.00000,000000001860.00,000000000000.00,N,Planning,Surplus,Y,39113-001900-4,39.76289496809577,-84.1618611149792
R72 02204 0103,both,DAYTON CITY OF,68 GARFIELD ST,DAYTON,500,"Residential vacant land, lot",R,0000.00000,000000003150.00,000000000000.00,N,Public Works,Other,Y,39113-001900-4,39.762934436825184,-84.16004755796425
R72 02206 0001,both,DAYTON CITY OF,2160 E 5TH ST,DAYTON,640,"Exempt, owned by municipals",E,0000.00000,000000071780.00,000000305790.00,Y,Public Works,Other,N,39113-001900-3,39.759784531026774,-84.16463528282455
R72 02209 0048,county_only,CITY OF DAYTON,237 239 TORRENCE ST,DAYTON,640,"Exempt, owned by municipals",E,0000.00000,000000000580.00,000000000000.00,N,,,N,39113-001900-5,39.75982350744128,-84.15842587649834
R72 02301 0029,county_only,CITY OF DAYTON,1702 MCLAIN ST,DAYTON,640,"Exempt, owned by municipals",E,0000.00000,000000002520.00,000000000000.00,N,,,N,39113-001900-6,39.75724165856376,-84.16147560502414
R72 02301 0049,both,DAYTON CITY OF,109 SHERMAN ST,DAYTON,640,"Exempt, owned by municipals",E,0000.00000,000000002570.00,000000000000.00,N,Planning,Surplus,Y,39113-001900-6,39.75662972345645,-84.16270554325733
R72 02306 0111,county_only,CITY OF DAYTON,424 426 HIGHLAND HILLS AVE,DAYTON,640,"Exempt, owned by municipals",E,0000.00000,000000003070.00,000000000000.00,N,,,N,39113-002600-1,39.75333929641864,-84.15781975646041
R72 02401B0008,both,CITY OF DAYTON,CLOVER ST,DAYTON,640,"Exempt, owned by municipals",E,0000.00000,000000001340.00,000000000000.00,N,Planning,Surplus,Y,39113-002200-4,39.752475386189175,-84.16005293754586
R72 02401B0029,both,DAYTON CITY OF,542 PARROT ST,DAYTON,599,,R,0000.00000,000000009750.00,000000000000.00,N,,,N,39113-002200-4,39.75121136587934,-84.1607180762773
R72 02407B0016,both,DAYTON CITY OF,1159 BEAUMONT AVE,DAYTON,640,"Exempt, owned by municipals",E,0000.00000,000000006810.00,000000000000.00,N,Planning,Surplus,Y,39113-002200-3,39.74884349785206,-84.16291335044667
R72 02412 0035,both,CITY OF DAYTON,1032 CLOVER ST,DAYTON,640,"Exempt, owned by municipals",E,0000.00000,000000002850.00,000000000000.00,N,Planning,Surplus,Y,39113-002200-4,39.75215923002464,-84.16104838992108
R72 02412 0052,both,CITY OF DAYTON,541 PARROT ST,DAYTON,640,"Exempt, owned by municipals",E,0000.00000,000000004580.00,000000000000.00,N,Planning,Surplus,Y,39113-002200-4,39.7512553361119,-84.16110331773106
R72 02412 0056,both,CITY OF DAYTON,626 HULBERT ST,DAYTON,640,"Exempt, owned by municipals",E,0000.00000,000000004580.00,000000000000.00,N,Planning,Surplus,Y,39113-002200-4,39.751547695767314,-84.16197827964767
R72 02412 0061,county_only,CITY OF DAYTON,604 606 HULBERT ST,DAYTON,640,"Exempt, owned by municipals",E,0000.00000,000000004580.00,000000000000.00,N,,,N,39113-002200-4,39.75204790090762,-84.16194393234717
R72 02412 0087,county_only,DAYTON CITY OF,540 ST PAUL AVE,DAYTON,640,"Exempt, owned by municipals",E,0000.00000,000000006550.00,000000000000.00,N,,,N,39113-002200-4,39.75169316316171,-84.1629253857672
R72 02502 0049,both,DAYTON CITY OF,525 STEELE AVE,DAYTON,640,"Exempt, owned by municipals",E,0000.00000,000000004490.00,000000000000.00,N,Planning,Surplus,Y,39113-002200-3,39.75204178689789,-84.16790571178544
R72 02504 0012,city_layer_only,,,,,,,,,,N,,,N,,39.74881943803943,-84.17038267429128
R72 02504 0037,both,DAYTON CITY OF,211 FILLMORE ST,DAYTON,640,"Exempt, owned by municipals",E,0000.00000,000000003480.00,000000000000.00,N,Planning,Surplus,Y,39113-002200-2,39.74935128111819,-84.16948123635751
R72 02504 0054,both,DAYTON CITY OF,202 HAWKER ST,DAYTON,640,"Exempt, owned by municipals",E,0000.00000,000000002020.00,000000000000.00,N,,,N,39113-002200-2,39.7495558416558,-84.17044205282245
R72 02505 0003,both,DAYTON CITY OF,146 FILLMORE ST,DAYTON,640,"Exempt, owned by municipals",E,0000.00000,000000004340.00,000000000000.00,N,Planning,Surplus,Y,39113-002200-3,39.75019080541215,-84.16895356429127
R72 02509 0014,both,DAYTON CITY OF,STEELE AVE,DAYTON,640,"Exempt, owned by municipals",E,0000.00000,000000005280.00,000000000000.00,N,,,N,39113-002200-3,39.74990757938612,-84.16764168626764
R72 02509 0015,both,DAYTON CITY OF,724 728 STEELE AVE,DAYTON,640,"Exempt, owned by municipals",E,0000.00000,000000008180.00,000000000000.00,N,Public Works,Other,N,39113-002200-3,39.7499852938154,-84.16757471154507
R72 02509 0027,county_only,DAYTON CITY OF,87 DOVER ST,DAYTON,640,"Exempt, owned by municipals",E,0000.00000,000000006270.00,000000000000.00,N,,,N,39113-002200-3,39.75062756155224,-84.1668225918934
R72 02509 0044,county_only,DAYTON CITY OF,145 DOVER ST,DAYTON,620,"Exempt, owned by counties",E,0000.00000,000000004140.00,000000000000.00,N,,,N,39113-002200-3,39.749236013906305,-84.16697429263793
R72 02509 0052,both,DAYTON CITY OF,STEELE AVE,DAYTON,640,"Exempt, owned by municipals",E,0000.00000,000000004020.00,000000000000.00,N,Public Works,Other,N,39113-002200-3,39.74982010885998,-84.1677257622905
R72 02509 0053,both,CITY OF DAYTON,95 DOVER ST,DAYTON,640,"Exempt, owned by municipals",E,0000.00000,000000003970.00,000000000000.00,N,Planning,Surplus,Y,39113-002200-3,39.75040730530652,-84.16686354074386
R72 02509 0057,both,DAYTON CITY OF,STEELE AVE,DAYTON,640,"Exempt, owned by municipals",E,0000.00000,000000005890.00,000000000000.00,N,Public Works,Other,N,39113-002200-3,39.75025450883811,-84.16765671872523
R72 02602 0001,county_only,DAYTON CITY OF,XENIA AVE,DAYTON,685,"Churches etc, public worship",E,0000.00000,000000000000.00,000000000000.00,N,,,N,,,
R72 02604 0013,both,DAYTON CITY OF,QUITMAN ST,DAYTON,640,"Exempt, owned by municipals",E,0000.00000,000000000660.00,000000000000.00,N,Public Works,Other,N,39113-002200-2,39.75049523284937,-84.17300692497822
R72 02604 0014,both,DAYTON CITY OF,QUITMAN ST,DAYTON,640,"Exempt, owned by municipals",E,0000.00000,000000002330.00,000000000000.00,N,Public Works,Other,N,39113-002200-2,39.750450224395316,-84.17282163095695
R72 02604 0015,both,DAYTON CITY OF,QUITMAN ST,DAYTON,640,"Exempt, owned by municipals",E,0000.00000,000000002240.00,000000000000.00,N,Public Works,Other,N,39113-002200-2,39.750480908491426,-84.17249824014075
R72 02604 0016,both,DAYTON CITY OF,QUITMAN ST,DAYTON,640,"Exempt, owned by municipals",E,0000.00000,000000001300.00,000000000000.00,N,Public Works,Other,N,39113-002200-2,39.75030449929708,-84.17264289337379
R72 02604 0021,both,DAYTON CITY OF,362 QUITMAN ST,DAYTON,640,"Exempt, owned by municipals",E,0000.00000,000000004710.00,000000000000.00,N,Planning,Surplus,Y,39113-002200-2,39.74996019465039,-84.17240916334289
R72 02604 0033,both,DAYTON CITY OF,LITTLE ST,DAYTON,640,"Exempt, owned by municipals",E,0000.00000,000000000570.00,000000000000.00,N,Public Works,Other,N,39113-002200-2,39.7504782945393,-84.17240041841627
R72 02604 0040,both,DAYTON CITY OF,LITTLE ST,DAYTON,640,"Exempt, owned by municipals",E,0000.00000,000000000420.00,000000000000.00,N,Public Works,Other,N,39113-002200-2,39.75046017276893,-84.17235001968879
R72 02605 0024,both,CITY OF DAYTON,101 HAWKER ST,DAYTON,640,"Exempt, owned by municipals",E,0000.00000,000000005490.00,000000000000.00,N,Planning,Surplus,Y,39113-002200-2,39.7505577050456,-84.17082647784983
R72 02605 0028,county_only,CITY OF DAYTON,117 HAWKER ST,DAYTON,640,"Exempt, owned by municipals",E,0000.00000,000000004140.00,000000000000.00,N,,,N,39113-002200-2,39.75014698813547,-84.17086628596309
R72 02605 0033,both,CITY OF DAYTON,135 HAWKER ST,DAYTON,640,"Exempt, owned by municipals",E,0000.00000,000000004140.00,000000000000.00,N,Planning,Surplus,Y,39113-002200-2,39.74977941072904,-84.17084325301606
R72 02607 0019,both,DAYTON CITY OF,432 QUITMAN ST,DAYTON,500,"Residential vacant land, lot",R,0000.00000,000000004000.00,000000000000.00,N,Economic Development,Surplus,Y,39113-002200-2,39.749001088036245,-84.17131548583305
R72 02607 0025,both,CITY OF DAYTON,424 QUITMAN ST,DAYTON,500,"Residential vacant land, lot",R,0000.00000,000000004490.00,000000000000.00,N,Economic Development,Surplus,Y,39113-002200-2,39.749130263978195,-84.17149995163064
R72 02607 0033,both,CITY OF DAYTON,205 HAWKER ST,DAYTON,500,"Residential vacant land, lot",R,0000.06700,000000003110.00,000000000000.00,N,Economic Development,,Y,39113-002200-2,39.7493787682117,-84.17082653840305
R72 02607 0036,county_only,CITY OF DAYTON,201 HAWKER ST,DAYTON,640,"Exempt, owned by municipals",E,0000.00000,000000002350.00,000000000000.00,N,,,N,39113-002200-2,39.74954386222741,-84.17080199712238
R72 02607 0038,both,DAYTON CITY OF,450 452 QUITMAN ST,DAYTON,640,"Exempt, owned by municipals",E,0000.00000,000000002830.00,000000000000.00,N,,,N,39113-002200-2,39.74859629525411,-84.17102557058463
R72 02607 0040,both,DAYTON CITY OF,HAWKER ST,DAYTON,640,"Exempt, owned by municipals",E,0000.00000,000000001900.00,000000000000.00,N,Planning,Surplus,Y,39113-002200-2,39.74877264292325,-84.17072342161704
R72 02607 0041,both,DAYTON CITY OF,462 QUITMAN ST,DAYTON,500,"Residential vacant land, lot",R,0000.00000,000000004880.00,000000000000.00,N,Economic Development,Surplus,Y,39113-002200-2,39.74838867069277,-84.17074586327006
R72 02607 0042,both,DAYTON CITY OF,QUITMAN ST,DAYTON,500,"Residential vacant land, lot",R,0000.00000,000000001340.00,000000000000.00,N,Economic Development,Surplus,Y,39113-002200-2,39.748304663265166,-84.17070427413196
R72 02607 0043,both,CITY OF DAYTON,460 QUITMAN ST,DAYTON,500,"Residential vacant land, lot",R,0000.00000,000000002840.00,000000000000.00,N,Economic Development,Surplus,Y,39113-002200-2,39.74845623160874,-84.17082219700931
R72 02608 0001,city_layer_only,,,,,,,,,,N,Economic Development,Development,Y,,39.74820416194895,-84.17251289855461
R72 02608 0030,city_layer_only,,,,,,,,,,N,Economic Development,Development,Y,,39.74815413254176,-84.17217018211554
R72 02608 0033,city_layer_only,,,,,,,,,,N,Economic Development,Development,Y,,39.74812080792799,-84.1720057919893
R72 02608 0037,both,DAYTON CITY OF,25 LATHROP AVE,DAYTON,640,"Exempt, owned by municipals",E,0000.00000,000000002550.00,000000000000.00,N,Planning,Surplus,Y,39113-002200-2,39.74809932765435,-84.17158549142817
R72 02608 0039,city_layer_only,,,,,,,,,,N,Economic Development,Development,Y,,39.74837784961868,-84.17212874317397
R72 02608 0047,city_layer_only,,,,,,,,,,N,Economic Development,Development,Y,,39.74822551814539,-84.17197130292705
R72 02609 0001,city_layer_only,,,,,,,,,,N,Economic Development,Development,Y,,39.74788144437475,-84.17223141762184
R72 02609 0005,city_layer_only,,,,,,,,,,N,Economic Development,Development,Y,,39.74780714670673,-84.17196109730523
R72 02609 0007,city_layer_only,,,,,,,,,,N,Economic Development,Development,Y,,39.74780200722811,-84.17185102364708
R72 02609 0009,city_layer_only,,,,,,,,,,N,Economic Development,Development,Y,,39.747674877865045,-84.17165439519628
R72 02609 0010,city_layer_only,,,,,,,,,,N,Economic Development,Development,Y,,39.747715480092594,-84.17147330560552
R72 02609 0011,city_layer_only,,,,,,,,,,N,Economic Development,Development,Y,,39.74771595787082,-84.1713202189054
R72 02609 0013,both,CITY OF DAYTON,633 WYOMING ST,DAYTON,500,"Residential vacant land, lot",R,0000.00000,000000002870.00,000000000000.00,N,Economic Development,Development,Y,39113-002200-2,39.74770483304369,-84.17113852942298
R72 02609 0020,both,DAYTON CITY OF,309 HAWKER ST,DAYTON,500,"Residential vacant land, lot",R,0000.05280,000000002750.00,000000000000.00,N,Economic Development,Development,Y,39113-002200-2,39.74763341173971,-84.17075619829897
R72 02609 0021,both,DAYTON CITY OF,305 HAWKER ST,DAYTON,640,"Exempt, owned by municipals",E,0000.00000,000000002830.00,000000000000.00,N,Economic Development,Development,Y,39113-002200-2,39.747743436240775,-84.1707446157617
R72 02610 0044,county_only,DAYTON CITY OF,QUITMAN ST,DAYTON,640,"Exempt, owned by municipals",E,0000.00000,000000000000.00,000000000000.00,N,,,N,,,
R72 02704 0062,county_only,DAYTON CITY OF,THEOBALD CT,DAYTON,640,"Exempt, owned by municipals",E,0000.00000,000000000000.00,000000000000.00,N,,,N,,,
R72 02705 0016,both,DAYTON CITY OF,JAMES ST,DAYTON,640,"Exempt, owned by municipals",E,0000.00000,000000003040.00,000000000000.00,N,Public Works,Other,N,39113-003404-2,39.750512036966015,-84.17832544045505
R72 02706 0001,both,DAYTON CITY OF,PARK DR,DAYTON,640,"Exempt, owned by municipals",E,0000.00000,000000006820.00,000000000000.00,N,Public Works,Other,N,39113-003404-3,39.74771066802639,-84.17858122287483
R72 02801 0011,county_only,DAYTON CITY OF,6 8 ADAMS ST,DAYTON,640,"Exempt, owned by municipals",E,0000.00000,000000000000.00,000000000000.00,N,,,N,,,
R72 02801 0017,county_only,DAYTON CITY OF,OAK ST,DAYTON,640,"Exempt, owned by municipals",E,0000.00000,000000000000.00,000000000000.00,N,,,N,,,
R72 02803 0023,both,DAYTON CITY OF,ALBERTA ST,DAYTON,640,"Exempt, owned by municipals",E,0000.00000,000000007650.00,000000000000.00,N,Public Works,Other,N,39113-003404-3,39.745468495478306,-84.18047910654364
R72 02803 0024,both,DAYTON CITY OF,267 WYOMING ST,DAYTON,640,"Exempt, owned by municipals",E,0000.00000,000000005930.00,000000000000.00,N,Public Works,Other,N,39113-003404-3,39.74540764168452,-84.18044296414168
R72 02804 0005,both,DAYTON CITY OF,321 323 WYOMING ST,DAYTON,640,"Exempt, owned by municipals",E,0000.00000,000000013500.00,000000000000.00,N,,,N,39113-003404-3,39.74561926760674,-84.17948650589727
R72 02809 0019,both,DAYTON CITY OF,ALBERTA ST,DAYTON,640,"Exempt, owned by municipals",E,0000.00000,000000020120.00,000000000000.00,N,Public Works,Other,N,39113-003402-1,39.74146688739915,-84.18089682639406
R72 02809 0091,county_only,DAYTON CITY OF,E STEWART ST,DAYTON,400,Commercial vacant land,C,0000.00300,000000000000.00,000000000000.00,N,,,Y,,,
R72 02809 0102,county_only,DAYTON CITY OF,E STEWART ST,DAYTON,400,Commercial vacant land,C,0000.00200,000000000000.00,000000000000.00,N,,,Y,,,
R72 02811 0089,county_only,DAYTON CITY OF,WAYNE AVE,DAYTON,500,"Residential vacant land, lot",R,0000.00440,000000000000.00,000000000000.00,N,,,Y,,,
R72 02811 0090,county_only,DAYTON CITY OF,WAYNE AVE,DAYTON,500,"Residential vacant land, lot",R,0000.00890,000000000000.00,000000000000.00,N,,,Y,,,
R72 02811 0091,county_only,DAYTON CITY OF,WAYNE AVE,DAYTON,500,"Residential vacant land, lot",R,0000.00440,000000000000.00,000000000000.00,N,,,Y,,,
R72 02811 0092,county_only,DAYTON CITY OF,WAYNE AVE,DAYTON,500,"Residential vacant land, lot",R,0000.00920,000000000000.00,000000000000.00,N,,,Y,,,
R72 02811 0093,county_only,DAYTON CITY OF,WAYNE AVE,DAYTON,500,"Residential vacant land, lot",R,0000.00200,000000000000.00,000000000000.00,N,,,Y,,,
R72 02811 0094,county_only,DAYTON CITY OF,WAYNE AVE,DAYTON,400,Commercial vacant land,C,0000.00110,000000000000.00,000000000000.00,N,,,Y,,,
R72 02811 0095,county_only,DAYTON CITY OF,WAYNE AVE,DAYTON,400,Commercial vacant land,C,0000.00480,000000000000.00,000000000000.00,N,,,Y,,,
R72 02812 0011,both,DAYTON CITY OF,E STEWART ST,DAYTON,640,"Exempt, owned by municipals",E,0001.58000,000000012640.00,000000000000.00,N,Public Works,Other,N,39113-003402-1,39.740399633537415,-84.17232739133259
R72 02906 0031,county_only,DAYTON CITY OF,BROWN ST,DAYTON,400,Commercial vacant land,C,0000.00400,000000000000.00,000000000000.00,N,,,Y,,,
R72 02907 0037,county_only,DAYTON CITY OF,BROWN ST,DAYTON,640,"Exempt, owned by municipals",E,0000.00200,000000000000.00,000000000000.00,N,,,N,,,
R72 03007 0015,county_only,DAYTON CITY OF,RIVER PARK & OLD RIVER,DAYTON,400,Commercial vacant land,C,0002.88600,000000000000.00,000000000000.00,N,,,Y,,,
R72 03008 0006,both,CITY OF DAYTON,1125 S PATTERSON BLVD,DAYTON,499,,C,0002.36800,000000096270.00,000000008690.00,Y,Public Works,Other,N,39113-003404-1,39.74121078540403,-84.19159059835738
R72 03010 0008,county_only,DAYTON CITY OF,MAIN ST,DAYTON,640,"Exempt, owned by municipals",E,0000.11100,000000000000.00,000000000000.00,N,,,N,,,
R72 03101 0040,county_only,DAYTON CITY OF,STEWART ST,DAYTON,400,Commercial vacant land,C,0000.00100,000000000000.00,000000000000.00,N,,,Y,,,
R72 03102 0046,county_only,DAYTON CITY OF,BROWN ST,DAYTON,400,Commercial vacant land,C,0000.00300,000000000000.00,000000000000.00,N,,,Y,,,
R72 03309 0001,both,DAYTON CITY OF,BECKMAN ST,DAYTON,640,"Exempt, owned by municipals",E,0000.00000,000000120000.00,000000013090.00,Y,Water,,N,39113-003403-2,39.73752163999666,-84.16659823778602
R72 03309 0002,county_only,DAYTON CITY OF,WILMINGTON AVE,DAYTON,690,,E,0000.22200,000000000000.00,000000000000.00,N,,,N,,,
R72 03401 0047,county_only,DAYTON CITY OF,WAYNE AVE,DAYTON,400,Commercial vacant land,C,0000.08970,000000000000.00,000000000000.00,N,,,Y,,,
R72 03401 0049,county_only,DAYTON CITY OF,WAYNE AVE,DAYTON,400,Commercial vacant land,C,0000.00110,000000000000.00,000000000000.00,N,,,Y,,,
R72 03405 0032,county_only,CITY OF DAYTON,2122 WAYNE AVE,DAYTON,640,"Exempt, owned by municipals",E,0000.00000,000000009500.00,000000000000.00,N,,,N,39113-003300-5,39.74117872646245,-84.1647364338786
R72 03405 0047,county_only,CITY OF DAYTON,WAYNE AVE,DAYTON,500,"Residential vacant land, lot",R,0000.00030,000000000000.00,000000000000.00,N,,,Y,,,
R72 03406 0049,county_only,CITY OF DAYTON,212 214 VOLKENAND AVE,DAYTON,640,"Exempt, owned by municipals",E,0000.00000,000000008600.00,000000000000.00,N,,,N,39113-003300-1,39.74367232917267,-84.16451504663354
R72 03406 0051,county_only,DAYTON CITY OF,222 VOLKENAND AVE,DAYTON,640,"Exempt, owned by municipals",E,0000.00000,000000004530.00,000000000000.00,N,,,N,39113-003300-1,39.74379819509729,-84.1643544139353
R72 03406 0053,county_only,CITY OF DAYTON,216 218 VOLKENAND AVE,DAYTON,640,"Exempt, owned by municipals",E,0000.00000,000000005280.00,000000000000.00,N,,,N,39113-003300-1,39.74372870748583,-84.16441324440999
R72 03407 0092,county_only,DAYTON CITY OF,23 LUCERNE AVE,DAYTON,640,"Exempt, owned by municipals",E,0000.00000,000000010800.00,000000000000.00,N,,,N,39113-003300-1,39.744649941797725,-84.16470197451876
R72 03409 0049,both,DAYTON CITY OF,HEATON & COLORADO,DAYTON,640,"Exempt, owned by municipals",E,0000.00000,000000003230.00,000000000000.00,N,Public Works,Other,N,39113-003300-1,39.74540112130275,-84.16697002119125
R72 03501 0021,both,DAYTON CITY OF,1600 WYOMING ST,DAYTON,400,Commercial vacant land,C,0000.00000,000000005130.00,000000000000.00,N,,,Y,39113-003300-3,39.74667964944674,-84.15884928601216
R72 03501 0023,both,DAYTON CITY OF,1608 WYOMING ST,DAYTON,640,"Exempt, owned by municipals",E,0000.00000,000000004310.00,000000000000.00,N,Public Works,Other,N,39113-003300-3,39.746576112035235,-84.15860581296718
R72 03501 0024,both,DAYTON CITY OF,1612 WYOMING ST,DAYTON,640,"Exempt, owned by municipals",E,0000.00000,000000004310.00,000000000000.00,N,Public Works,Other,N,39113-003300-3,39.746618631997045,-84.15848866743865
R72 03502 0079,county_only,DAYTON CITY OF,1132 1134 HIGHLAND AVE,DAYTON,640,"Exempt, owned by municipals",E,0000.00000,000000006120.00,000000000000.00,N,,,N,39113-003300-3,39.74395153482252,-84.15897299518149
R72 03509 0023,county_only,DAYTON CITY OF,26 WOODROW TER,DAYTON,500,"Residential vacant land, lot",R,0000.09480,000000006360.00,000000000000.00,N,,,Y,39113-003300-5,39.740885198854095,-84.1635592996265
R72 03510 0001,both,DAYTON CITY OF,BUCHANAN AVE,DAYTON,640,"Exempt, owned by municipals",E,0005.40000,000000064800.00,000000010350.00,Y,Public Works,Other,N,39113-003300-4,39.74019268888059,-84.16166837717059
R72 03510 0002,both,DAYTON CITY OF,WAYNE AVE,DAYTON,640,"Exempt, owned by municipals",E,0005.27800,000000063360.00,000000072870.00,Y,Public Works,Other,N,39113-003300-4,39.740249622368765,-84.16094773651554
R72 03510 0014,both,DAYTON CITY OF,WAYNE AVE,DAYTON,640,"Exempt, owned by municipals",E,0000.00000,000000003000.00,000000000000.00,N,Public Works,Other,N,39113-003300-4,39.739847296223296,-84.16143482027358
R72 03901 0019,county_only,DAYTON CITY OF,614 ST JOSEPH AVE,DAYTON,640,"Exempt, owned by municipals",E,0000.00000,000000008100.00,000000000000.00,N,,,N,39113-002200-4,39.749065351374156,-84.15947179382847
R72 03901 0059,both,CITY OF DAYTON,ST JOSEPH AVE,DAYTON,640,"Exempt, owned by municipals",E,0000.00000,000000007530.00,000000000000.00,N,,,N,39113-002200-4,39.750320044597714,-84.15937360519526
R72 03902 0021,both,DAYTON CITY OF,HIGHLAND AVE,DAYTON,640,"Exempt, owned by municipals",E,0000.00000,000000112000.00,000000000000.00,N,Public Works,Other,N,39113-002600-1,39.748491752192066,-84.15797283723299
R72 03902 0046,county_only,THE CITY OF DAYTON OHIO,1625 WYOMING ST,DAYTON,640,"Exempt, owned by municipals",E,0000.00000,000000003330.00,000000000000.00,N,,,N,39113-002600-1,39.74691990897582,-84.15760662925892
R72 03902 0048,both,CITY OF DAYTON,1621 1623 WYOMING ST,DAYTON,640,"Exempt, owned by municipals",E,0000.00000,000000004330.00,000000000000.00,N,Public Works,Other,N,39113-002600-1,39.74699209602337,-84.15780982709953
R72 03903 0003,county_only,DAYTON CITY OF,1408 XENIA AVE,DAYTON,640,"Exempt, owned by municipals",E,0000.00000,000000010720.00,000000000000.00,N,,,N,39113-002600-1,39.75279539976709,-84.15647994769645
R72 03903 0012,county_only,DAYTON CITY OF,821 823 LORAIN AVE,DAYTON,640,"Exempt, owned by municipals",E,0000.00000,000000008690.00,000000000000.00,N,,,N,39113-002600-1,39.75226822373149,-84.15609032832022
R72 03906 0017,county_only,CITY OF DAYTON,825 827 LORAIN AVE,DAYTON,640,"Exempt, owned by municipals",E,0000.00000,000000005160.00,000000000000.00,N,,,N,39113-002600-1,39.75228750323258,-84.155891576502
R72 03906 0027,county_only,CITY OF DAYTON,911 LORAIN AVE,DAYTON,640,"Exempt, owned by municipals",E,0000.00000,000000008910.00,000000000000.00,N,,,N,39113-002600-2,39.752228285117575,-84.15483723805436
R72 03911 0001,both,DAYTON CITY OF,DEMPHLE AVE,DAYTON,640,"Exempt, owned by municipals",E,0006.88000,000000082560.00,000000000000.00,N,Public Works,Other,N,39113-002600-1,39.74779320144827,-84.15661358213684
R72 03911 0032,both,DAYTON CITY OF,TACOMA ST,DAYTON,640,"Exempt, owned by municipals",E,0000.00000,000000002520.00,000000000000.00,N,Public Works,Other,N,39113-002600-1,39.75009199566692,-84.15655407493976
R72 03911 0033,both,DAYTON CITY OF,TACOMA ST,DAYTON,640,"Exempt, owned by municipals",E,0000.00000,000000004250.00,000000000000.00,N,Public Works,Other,N,39113-002600-1,39.75008292434226,-84.15638958085977
R72 04001 0010,county_only,CITY OF DAYTON,1620 1622 XENIA AVE,DAYTON,640,"Exempt, owned by municipals",E,0000.00000,000000005130.00,000000000000.00,N,,,N,39113-002600-2,39.752873146191725,-84.15331224574604
R72 04006 0099,county_only,DAYTON CITY OF,921 LINDEN AVE,DAYTON,640,"Exempt, owned by municipals",E,0000.00000,000000013310.00,000000000000.00,N,,,N,39113-002600-2,39.75254921991271,-84.15117018841988
R72 04102 0012,county_only,DAYTON CITY OF,1106 HAVILAND AVE,DAYTON,640,"Exempt, owned by municipals",E,0000.00000,000000006110.00,000000000000.00,N,,,N,39113-002600-2,39.753717682142806,-84.15417180095743
R72 04102 0019,county_only,DAYTON CITY OF,1631 XENIA AVE,DAYTON,640,"Exempt, owned by municipals",E,0000.00000,000000005870.00,000000000000.00,N,,,N,39113-002600-2,39.753216110036675,-84.15352670578375
R72 04103 0024,county_only,CITY OF DAYTON,1725 XENIA AVE,DAYTON,640,"Exempt, owned by municipals",E,0000.00000,000000015610.00,000000000000.00,N,,,N,39113-002600-2,39.75338263361942,-84.1522322175832
R72 04105 0029,county_only,DAYTON CITY OF,812 814 LINDEN AVE,DAYTON,640,"Exempt, owned by municipals",E,0000.00000,000000004980.00,000000000000.00,N,,,N,39113-002600-4,39.753662716701086,-84.15203836267473
R72 04105 0041,both,DAYTON CITY OF,TODD ST,DAYTON,640,"Exempt, owned by municipals",E,0000.00000,000000000120.00,000000000000.00,N,Water,,N,39113-002300-3,39.754611782377495,-84.15228939846958
R72 04105 0047,both,DAYTON CITY OF,TODD ST,DAYTON,640,"Exempt, owned by municipals",E,0000.00000,000000007800.00,000000010710.00,Y,,,N,39113-002300-3,39.7547474104816,-84.15252940159566
R72 04204 0009,county_only,CITY OF DAYTON,736 738 HUFFMAN AVE,DAYTON,640,"Exempt, owned by municipals",E,0000.00000,000000000960.00,000000000000.00,N,,,N,39113-002300-3,39.758436270381246,-84.15524439147264
R72 04205 0024,county_only,CITY OF DAYTON,916 HUFFMAN AVE,DAYTON,640,"Exempt, owned by municipals",E,0000.00000,000000000820.00,000000000000.00,N,,,N,39113-002300-3,39.75826938687377,-84.15267536697472
R72 04301 0036,county_only,DAYTON CITY OF,415 S SMITHVILLE RD,DAYTON,620,"Exempt, owned by counties",E,0000.00000,000000007700.00,000000000000.00,N,,,N,39113-002400-1,39.75903842287202,-84.13860543052239
R72 04301 0051,county_only,DAYTON CITY OF,S SMITHVILLE RD,DAYTON,640,"Exempt, owned by municipals",E,0000.00600,000000000000.00,000000000000.00,N,,,N,,,
R72 04301 0052,county_only,DAYTON CITY OF,SMITHVILLE & BURKHARDT,DAYTON,400,Commercial vacant land,C,0000.01000,000000000000.00,000000000000.00,N,,,Y,,,
R72 04302 0001,both,DAYTON CITY OF,DARST AVE,DAYTON,640,"Exempt, owned by municipals",E,0000.00000,000000021450.00,000000000000.00,N,Public Works,Other,N,39113-002400-1,39.758883167784695,-84.14039813843512
R72 04311 0027,both,DAYTON CITY OF,DARST AVE,DAYTON,640,"Exempt, owned by municipals",E,0000.00000,000000096550.00,000000013720.00,Y,,,N,39113-002400-1,39.758926468427966,-84.14111519679628
R72 04311 0033,both,DAYTON CITY OF,776 BURKHARDT AVE,DAYTON,640,"Exempt, owned by municipals",E,0000.00000,000000004080.00,000000000000.00,N,,,N,39113-002400-1,39.760353686063844,-84.14115165110876
R72 04311 0047,county_only,DAYTON CITY OF,1474 DARST AVE,DAYTON,640,"Exempt, owned by municipals",E,0000.11000,000000007880.00,000000000000.00,N,,,N,39113-002400-1,39.75846357495896,-84.14122452919253
R72 04402 0063,county_only,CITY OF DAYTON,26 BURKHARDT AVE,DAYTON,640,"Exempt, owned by municipals",E,0000.00000,000000004420.00,000000000000.00,N,,,N,39113-002300-2,39.76119006349278,-84.1552599682153
R72 04404 0001,both,DAYTON CITY OF,29 BURKHARDT AVE,DAYTON,640,"Exempt, owned by municipals",E,0000.00000,000000002320.00,000000000000.00,N,Planning,Surplus,Y,39113-002300-2,39.76146899150584,-84.15495409939906
R72 04405 0003,county_only,DAYTON CITY OF,46 BURKHARDT AVE,DAYTON,640,"Exempt, owned by municipals",E,0000.00000,000000001230.00,000000000000.00,N,,,N,39113-002300-2,39.76113426525529,-84.15435141699456
R72 04405 0004,county_only,CITY OF DAYTON,52 50 BURKHARDT AVE,DAYTON,640,"Exempt, owned by municipals",E,0000.00000,000000001300.00,000000000000.00,N,,,N,39113-002300-2,39.76113967387723,-84.15416297755948
R72 04405 0005,county_only,CITY OF DAYTON,58 60 BURKHARDT AVE,DAYTON,640,"Exempt, owned by municipals",E,0000.00000,000000001440.00,000000000000.00,N,,,N,39113-002300-2,39.76089500662864,-84.1539899941524
R72 04405 0045,county_only,CITY OF DAYTON,139 MARTZ AVE,DAYTON,640,"Exempt, owned by municipals",E,0000.00000,000000004290.00,000000000000.00,N,,,N,39113-002300-2,39.76014495892519,-84.15382629362281
R72 04405 0058,city_layer_only,,,,,,,,,,N,Planning,Surplus,Y,,39.76056758770522,-84.15345563623616
R72 04405 0063,both,CITY OF DAYTON,142 144 MARTZ AVE,DAYTON,640,"Exempt, owned by municipals",E,0000.00000,000000004120.00,000000000000.00,N,Planning,Surplus,Y,39113-002300-2,39.76006744083653,-84.15348293810717
R72 04406 0001,both,DAYTON CITY OF,215 BURKHARDT AVE,DAYTON,640,"Exempt, owned by municipals",E,0000.00000,000000087840.00,000000369250.00,Y,Public Works,Other,N,39113-002300-2,39.761360906258766,-84.15191619036996
R72 04407 0013,county_only,DAYTON CITY OF,116 118 GERLAUGH AVE,DAYTON,640,"Exempt, owned by municipals",E,0000.00000,000000004310.00,000000000000.00,N,,,N,39113-002300-2,39.75945861306175,-84.15479193394852
R72 04407 0038,county_only,DAYTON CITY OF,227 MARTZ AVE,DAYTON,640,"Exempt, owned by municipals",E,0000.00000,000000004090.00,000000000000.00,N,,,N,39113-002300-2,39.75913293436107,-84.1539374462363
R72 04407 0039,county_only,DAYTON CITY OF,221 MARTZ AVE,DAYTON,640,"Exempt, owned by municipals",E,0000.00000,000000001210.00,000000000000.00,N,,,N,39113-002300-2,39.75922400578727,-84.15390760661971
R72 04407 0044,both,DAYTON CITY OF,308 BIERCE AVE,DAYTON,640,"Exempt, owned by municipals",E,0000.00000,000000002980.00,000000000000.00,N,,,N,39113-002300-2,39.75972651214915,-84.15332184114448
R72 04409 0017,both,CITY OF DAYTON,232 S IRWIN ST,DAYTON,640,"Exempt, owned by municipals",E,0000.00000,000000004310.00,000000000000.00,N,,,N,39113-002300-2,39.761495845860075,-84.14994125250132
R72 04409 0036,both,CITY OF DAYTON,213 S HARBINE AVE,DAYTON,640,"Exempt, owned by municipals",E,0000.00000,000000000360.00,000000000000.00,N,Planning,Surplus,Y,39113-002300-2,39.762204041562065,-84.14898322462128
R72 04409 0037,both,CITY OF DAYTON,217 S HARBINE AVE,DAYTON,640,"Exempt, owned by municipals",E,0000.00000,000000000730.00,000000000000.00,N,Planning,Surplus,Y,39113-002300-2,39.762115209328044,-84.14905223709609
R72 04409 0073,county_only,DAYTON CITY OF,3316 E 5TH ST,DAYTON,640,"Exempt, owned by municipals",E,0000.00000,000000003850.00,000000000000.00,N,,,N,39113-002300-2,39.76257592075001,-84.1481167843742
R72 04409 0099,county_only,DAYTON CITY OF,275 277 S HEDGES ST,DAYTON,640,"Exempt, owned by municipals",E,0000.00000,000000003860.00,000000000000.00,N,,,N,39113-002300-2,39.76102497188824,-84.14789508964161
R72 04411 0028,county_only,DAYTON CITY OF,404 S JERSEY ST,DAYTON,640,"Exempt, owned by municipals",E,0000.00000,000000004150.00,000000000000.00,N,,,N,39113-002300-2,39.75921084375036,-84.15250557732605
R72 04411 0041,county_only,DAYTON CITY OF,100 PLEASANT ST,DAYTON,640,"Exempt, owned by municipals",E,0000.00000,000000004290.00,000000000000.00,N,,,N,39113-002300-2,39.759158891268704,-84.15073978350377
R72 04501 0072,both,DAYTON CITY OF,YORK AVE,DAYTON,640,"Exempt, owned by municipals",E,0000.00000,000000001490.00,000000000000.00,N,,,N,39113-001900-1,39.765392700798316,-84.16475083891899
R72 04501 0074,both,DAYTON CITY OF,YORK AVE,DAYTON,640,"Exempt, owned by municipals",E,0000.00000,000000001640.00,000000000000.00,N,,,N,39113-001900-1,39.765278332357795,-84.16471985847588
R72 04503 0039,both,CITY OF DAYTON,2135 E 3RD ST,DAYTON,640,"Exempt, owned by municipals",E,0000.00000,000000003220.00,000000000000.00,N,Planning,Surplus,Y,39113-001900-1,39.76426794275654,-84.16359455002751
R72 04504 0036,both,CITY OF DAYTON,2245 E THIRD ST,DAYTON,640,"Exempt, owned by municipals",E,0000.00000,000000000610.00,000000000000.00,N,Planning,Surplus,Y,39113-001900-1,39.764823882642936,-84.16100541530074
R72 04504 0038,both,CITY OF DAYTON,THIRD ST,DAYTON,640,"Exempt, owned by municipals",E,0000.00000,000000000510.00,000000000000.00,N,Planning,Surplus,Y,39113-001900-1,39.76483966819607,-84.16091026053587
R72 04506 0033,both,DAYTON CITY OF,E 1ST ST,DAYTON,500,"Residential vacant land, lot",R,0000.00000,000000001310.00,000000000000.00,N,Public Works,Other,Y,39113-001900-1,39.767172202983375,-84.16229757220711
R72 04506 0034,county_only,THE CITY OF DAYTON,E 1ST ST,DAYTON,640,"Exempt, owned by municipals",E,0000.00000,000000002940.00,000000000000.00,N,,,N,39113-001900-1,39.76718423752378,-84.16222312522099
R72 04506 0037,county_only,CITY OF DAYTON,GARFIELD ST,DAYTON,500,"Residential vacant land, lot",R,0000.00000,000000001750.00,000000000000.00,N,,,Y,39113-001900-1,39.76683538456322,-84.1618448054978
R72 04506 0052,both,DAYTON CITY OF,2016 E 1ST ST,DAYTON,640,"Exempt, owned by municipals",E,0000.00000,000000000120.00,000000000000.00,N,Public Works,Other,N,39113-001900-1,39.76737485910183,-84.16121021305048
R72 04506 0077,county_only,"CITY OF DAYTON, OHIO",141 N GARFIELD ST,DAYTON,640,"Exempt, owned by municipals",E,0000.00000,000000002580.00,000000000000.00,N,,,N,39113-001900-1,39.76696131136059,-84.16187270002658
R72 04510 0067,county_only,CITY OF DAYTON,34 S TORRENCE ST,DAYTON,640,"Exempt, owned by municipals",E,0000.00000,000000002780.00,000000000000.00,N,,,N,39113-001900-4,39.76388406358819,-84.15899629044902
R72 04510 0077,both,DAYTON CITY OF,70 TORRENCE ST,DAYTON,640,"Exempt, owned by municipals",E,0000.00000,000000002570.00,000000000000.00,N,Planning,Surplus,Y,39113-001900-4,39.76308522601806,-84.15877594554115
R72 04511 0016,both,DAYTON CITY OF,TORRENCE ST,DAYTON,640,"Exempt, owned by municipals",E,0000.00000,000000002450.00,000000000000.00,N,Planning,Surplus,Y,39113-001900-4,39.76157489371258,-84.15852445091741
R72 04511 0037,county_only,CITY OF DAYTON OHIO,2515 E 5TH ST,DAYTON,500,"Residential vacant land, lot",R,0000.00000,000000003300.00,000000000000.00,N,,,Y,39113-001900-4,39.76125587595367,-84.15797965570079
R72 04511 0083,both,DAYTON CITY OF,HORTON ST,DAYTON,640,"Exempt, owned by municipals",E,0000.00000,000000003920.00,000000000000.00,N,Public Works,Other,N,39113-001900-4,39.76223528066538,-84.15734494960819
R72 04604 0018,both,CITY OF DAYTON,2805 2807 3RD ST,DAYTON,640,"Exempt, owned by municipals",E,0000.00000,000000004630.00,000000000000.00,N,Planning,Surplus,Y,39113-002000-1,39.7658080404228,-84.15432009102565
R72 04604 0047,both,CITY OF DAYTON,18 N JERSEY ST,DAYTON,640,"Exempt, owned by municipals",E,0000.00000,000000000830.00,000000000000.00,N,,,N,39113-002000-1,39.76642431295887,-84.15326373961894
R72 04607 0044,both,DAYTON CITY OF,140 S PHILADELPHIA ST,DAYTON,640,"Exempt, owned by municipals",E,0000.00000,000000004330.00,000000000000.00,N,Planning,Surplus,Y,39113-002300-1,39.76216532177671,-84.1548348779979
R72 04608 0063,both,CITY OF DAYTON,3029 3031 E 5TH ST,DAYTON,640,"Exempt, owned by municipals",E,0000.00000,000000000860.00,000000000000.00,N,Planning,Surplus,Y,39113-002300-1,39.76240058487603,-84.15137522123248
R72 04608 0074,both,DAYTON CITY OF,MCGEE ST,DAYTON,640,"Exempt, owned by municipals",E,0000.00000,000000004270.00,000000000000.00,N,Planning,Surplus,Y,39113-002300-1,39.763032785418034,-84.15115886374853
R72 04609 0047,county_only,CITY OF DAYTON,56 MCGEE ST,DAYTON,640,"Exempt, owned by municipals",E,0000.00000,000000004130.00,000000000000.00,N,,,N,39113-002300-1,39.76454077053883,-84.15150768870903
R72 04609 0056,both,DAYTON CITY OF,52 MONMOUTH ST,DAYTON,640,"Exempt, owned by municipals",E,0000.00000,000000000590.00,000000000000.00,N,Planning,Surplus,Y,39113-002300-1,39.764038719385454,-84.15400410981078
R72 04610 0015,county_only,DAYTON CITY OF,15 JERSEY ST,DAYTON,640,"Exempt, owned by municipals",E,0000.00000,000000001240.00,000000000000.00,N,,,N,39113-002300-1,39.76525074971948,-84.15334262890721
R72 04610 0060,both,DAYTON CITY OF,S JERSEY ST,DAYTON,640,"Exempt, owned by municipals",E,0000.00000,000000000690.00,000000000000.00,N,,,N,39113-002300-1,39.76535086512959,-84.15345649372132
R72 04701 0076,both,DAYTON CITY OF,124 N IRWIN ST,DAYTON,640,"Exempt, owned by municipals",E,0000.00000,000000003760.00,000000000000.00,N,,,N,39113-002000-1,39.768459489234175,-84.1514724979881
R72 04705 0005,county_only,CITY OF DAYTON,23 S IRWIN ST,DAYTON,640,"Exempt, owned by municipals",E,0000.00000,000000000820.00,000000000000.00,N,,,N,39113-002300-1,39.76552454015362,-84.15106494948533
R72 04705 0018,county_only,DAYTON CITY OF,16 IRWIN ST,DAYTON,640,"Exempt, owned by municipals",E,0000.00000,000000004160.00,000000000000.00,N,,,N,39113-002300-1,39.76565559438729,-84.15072645361414
R72 04705 0019,county_only,"CITY OF DAYTON, OHIO",22 S IRWIN ST,DAYTON,640,"Exempt, owned by municipals",E,0000.00000,000000001260.00,000000000000.00,N,,,N,39113-002300-1,39.7655683259061,-84.15068457162262
R72 04706 0059,county_only,CITY OF DAYTON OHIO,65 HARBINE AVE,DAYTON,500,"Residential vacant land, lot",R,0000.00000,000000000660.00,000000000000.00,N,,,Y,39113-002300-1,39.764701725391596,-84.14963651250194
R72 04707 0001,county_only,CITY OF DAYTON,103 S IRWIN ST,DAYTON,640,"Exempt, owned by municipals",E,0000.00000,000000004210.00,000000000000.00,N,,,N,39113-002300-1,39.763993123713405,-84.15062306358156
R72 04708 0059,county_only,CITY OF DAYTON,138 S SPERLING AVE,DAYTON,640,"Exempt, owned by municipals",E,0000.00000,000000005900.00,000000000000.00,N,,,N,39113-002400-1,39.76362431450483,-84.14678961566106
R72 04708 0060,county_only,CITY OF DAYTON,142 S SPERLING AVE,DAYTON,640,"Exempt, owned by municipals",E,0000.00000,000000005900.00,000000000000.00,N,,,N,39113-002400-1,39.76353892807247,-84.14680893307397
R72 04709 0037,both,DAYTON CITY OF,48 S HEDGES ST,DAYTON,640,"Exempt, owned by municipals",E,0000.00000,000000004160.00,000000000000.00,N,Planning,Surplus,Y,39113-002300-1,39.76540468905039,-84.14835356152118
R72 04802 0104,county_only,DAYTON CITY OF,SMITHVILLE RD,DAYTON,640,"Exempt, owned by municipals",E,0000.00000,000000000120.00,000000000000.00,N,,,N,,,
R72 04803 0042,county_only,DAYTON CITY OF,136 N GARLAND AVE,DAYTON,640,"Exempt, owned by municipals",E,0000.00000,000000006180.00,000000000000.00,N,,,N,39113-002000-3,39.76941222728967,-84.14499299389554
R72 04803 0050,county_only,DAYTON CITY OF,122 N GARLAND AVE,DAYTON,640,"Exempt, owned by municipals",E,0000.00000,000000006180.00,000000000000.00,N,,,N,39113-002000-3,39.769004640941255,-84.14513058036806
R72 04803 0058,county_only,DAYTON CITY OF,149 GARLAND AVE,DAYTON,640,"Exempt, owned by municipals",E,0000.00000,000000006080.00,000000000000.00,N,,,N,39113-002000-3,39.769765408931434,-84.14556685933204
R72 04804 0065,county_only,DAYTON CITY OF,31 N DELMAR AVE,DAYTON,640,"Exempt, owned by municipals",E,0000.00000,000000007450.00,000000019550.00,Y,,,N,39113-002000-3,39.767606471227126,-84.14458521050051
R72 04807A0013,both,CITY OF DAYTON,S SMITHVILLE RD,DAYTON,500,"Residential vacant land, lot",R,0000.00000,000000006640.00,000000000000.00,N,,,Y,39113-002500-1,39.76159056009526,-84.13776390396708
R72 04807A0014,county_only,DAYTON CITY OF,SMITHVILLE RD,DAYTON,640,"Exempt, owned by municipals",E,0000.00000,000000035310.00,000000000000.00,N,,,N,,,
R72 04807A0015,both,DAYTON CITY OF,207 S SMITHVILLE RD,DAYTON,640,"Exempt, owned by municipals",E,0015.67000,000000330070.00,000000351050.00,Y,Public Works,Operations,N,39113-002400-1,39.76163700013121,-84.13853136185519
R72 04811 0024,both,DAYTON CITY OF,436 BLACKWOOD AVE,DAYTON,500,"Residential vacant land, lot",R,0000.00000,000000006050.00,000000000000.00,N,Public Works,Other,Y,39113-002000-2,39.774740345917785,-84.13714502160559
R72 04811 0295,county_only,DAYTON CITY OF,SMITHVILLE RD,DAYTON,640,"Exempt, owned by municipals",E,0000.00000,000000000000.00,000000000000.00,N,,,N,,,
R72 04812 0001,both,DAYTON CITY OF,SMITHVILLE RD,DAYTON,640,"Exempt, owned by municipals",E,0000.00000,000000002100.00,000000000000.00,N,Public Works,Other,N,39113-090600-2,39.77234217445521,-84.1356917184132
R72 04812 0024,both,DAYTON CITY OF,RANGELEY AVE,DAYTON,640,"Exempt, owned by municipals",E,0000.18800,000000002350.00,000000000000.00,N,Public Works,Other,N,39113-090600-2,39.77181529808968,-84.13648481748385
R72 04814 0001,both,DAYTON CITY OF,WOODLEY RD,DAYTON,640,"Exempt, owned by municipals",E,0014.76800,000000089370.00,000000029300.00,Y,Public Works,Other,N,39113-002000-3,39.76818915093325,-84.14474126382015
R72 04814 0006,both,DAYTON CITY OF,2ND & WRIGHT AVE,DAYTON,640,"Exempt, owned by municipals",E,0000.00000,000000001290.00,000000000000.00,N,Public Works,Other,N,39113-002000-3,39.76831496784642,-84.14244449706783
R72 04814 0007,both,DAYTON CITY OF,WRIGHT AVE,DAYTON,640,"Exempt, owned by municipals",E,0000.00000,000000001030.00,000000000000.00,N,Public Works,Other,N,39113-002000-3,39.7681921272756,-84.14245690102459
R72 04902 0022,county_only,DAYTON CITY OF,STANLEY AVE,DAYTON,640,"Exempt, owned by municipals",E,0101.63000,000000426850.00,000000000000.00,N,,,N,,,
R72 04903 0006,county_only,DAYTON CITY OF,IRWIN ST,DAYTON,640,"Exempt, owned by municipals",E,0000.00000,000000000000.00,000000000000.00,N,,,N,,,
R72 04903 0055,both,DAYTON CITY OF,,DAYTON,640,"Exempt, owned by municipals",E,0004.53300,000000019040.00,000000000000.00,N,Public Works,Other,N,39113-090302-6,39.776350222671965,-84.14795295826502
R72 04903 0064,both,DAYTON CITY OF,MAD RIV,DAYTON,640,"Exempt, owned by municipals",E,0003.51000,000000014740.00,000000000000.00,N,Public Works,Other,N,39113-090302-6,39.778095857430664,-84.14822691186987
R72 04904 0018,both,DAYTON CITY OF,SPRINGFIELD ST,DAYTON,640,"Exempt, owned by municipals",E,0000.00000,000000000500.00,000000000000.00,N,Public Works,Other,N,39113-002000-1,39.77044501905712,-84.15234374364115
R72 04904 0037,both,DAYTON CITY OF,N IRWIN ST,DAYTON,640,"Exempt, owned by municipals",E,0000.00000,000000000500.00,000000000000.00,N,Public Works,Other,N,39113-002000-1,39.76939325870052,-84.15221272379743
R72 04907 0042,both,DAYTON CITY OF,PRUDEN AVE,DAYTON,640,"Exempt, owned by municipals",E,0000.00000,000000000650.00,000000000000.00,N,Public Works,Other,N,39113-002000-1,39.7730659001041,-84.15052352564783
R72 04909 0063,county_only,DAYTON CITY OF,CRANDALL ST,DAYTON,640,"Exempt, owned by municipals",E,0000.00000,000000000130.00,000000000000.00,N,,,N,,,
R72 04909 0066,county_only,CITY OF DAYTON,SPRINGFIELD ST,DAYTON,500,"Residential vacant land, lot",R,0000.00200,000000000000.00,000000000000.00,N,,,Y,,,
R72 04910A0003,city_layer_only,,,,,,,,,,N,Public Works,Other,N,,,
R72 04912 0001,both,DAYTON CITY OF,4321 SPRINGFIELD ST,DAYTON,640,"Exempt, owned by municipals",E,0000.00000,000000264300.00,000000130810.00,Y,Public Works,Other,N,39113-090302-6,39.77834160251182,-84.142884978216
R72 04912 0018,both,DAYTON CITY OF,200 MCFADDEN AVE,DAYTON,640,"Exempt, owned by municipals",E,0000.00000,000000216070.00,000000746460.00,Y,Public Works,Operations,N,39113-090302-6,39.777832059425705,-84.14459891609519
R72 04912 0022,both,CITY OF DAYTON,SPRINGFIELD ST,DAYTON,500,"Residential vacant land, lot",R,0001.24000,000000031740.00,000000000000.00,N,Public Works,Other,Y,,39.779328478677144,-84.14084831629812
R72 05001 0038,city_layer_only,,,,,,,,,,N,,,N,,39.78307052446267,-84.16053808638134
R72 05002 0098,city_layer_only,,,,,,,,,,N,,,N,,39.78111569152579,-84.16110714972507
R72 05005 0013,both,DAYTON CITY OF,BICKMORE                   AVE,DAYTON,640,"Exempt, owned by municipals",E,0001.68400,000000045360.00,000000023010.00,Y,Public Works,Other,N,39113-001800-1,39.7815831660184,-84.15800475736059
R72 05008 0022,county_only,DAYTON CITY OF,1002 ST ADALBERT AVE,DAYTON,640,"Exempt, owned by municipals",E,0000.00000,000000005460.00,000000000000.00,N,,,N,39113-001800-1,39.78213959479588,-84.15608871740422
R72 05008 0025,city_layer_only,,,,,,,,,,N,,,N,,39.78241460374692,-84.15605968706674
R72 05011 0001,county_only,DAYTON CITY OF,ST RT 69,DAYTON,640,"Exempt, owned by municipals",E,0527.17300,000001331100.00,000000040060.00,Y,,,N,,,
R72 05011 0011,both,DAYTON CITY OF,WATER WELLS AREA,DAYTON,640,"Exempt, owned by municipals",E,0369.01300,000000931760.00,000000168440.00,Y,Public Works,Other,N,39113-090302-6,39.78585148646714,-84.140017114953
R72 05014 0004,both,DAYTON CITY OF,ST RT 4,DAYTON,640,"Exempt, owned by municipals",E,0001.02800,000000002600.00,000000000000.00,N,Public Works,Other,N,39113-090302-6,39.782684724263234,-84.14623559819101
R72 05014 0005,both,DAYTON CITY OF,ST RT 4,DAYTON,640,"Exempt, owned by municipals",E,0007.09000,000000017900.00,000000000000.00,N,Public Works,Other,N,39113-090302-6,39.78230987399088,-84.14419071804724
R72 05014 0009,both,DAYTON CITY OF,ST RT 4,DAYTON,640,"Exempt, owned by municipals",E,0017.59000,000000044410.00,000000000000.00,N,Water,,N,39113-090302-6,39.7840269293027,-84.14587754165241
R72 05014 0018,both,DAYTON CITY OF,ST RT 4,DAYTON,640,"Exempt, owned by municipals",E,0002.74000,000000007740.00,000000000000.00,N,Public Works,Other,N,39113-090302-6,39.78379882041728,-84.14775472412748
R72 05015 0031,both,DAYTON CITY OF,MURPHY DR,DAYTON,640,"Exempt, owned by municipals",E,0000.00000,000000000000.00,000000000000.00,N,,,N,39113-090302-6,,
R72 05015 0032,both,CITY OF DAYTON,1103 GATEWAY DR,DAYTON,499,,C,0102.21000,000000909680.00,000000141050.00,Y,Public Works,Other,N,39113-090302-6,39.77865220697912,-84.1557211120398
R72 05015 0049,both,CITY OF DAYTON,FINDLAY ST,DAYTON,640,"Exempt, owned by municipals",E,0019.15000,000000041840.00,000000000000.00,N,Public Works,Other,N,39113-090302-6,39.775817308992416,-84.15531211891306
R72 05017 0018,both,DAYTON CITY OF,BARCELONA AVE,DAYTON,640,"Exempt, owned by municipals",E,0000.00000,000000000240.00,000000000000.00,N,Public Works,Other,N,39113-090302-6,39.7852489559684,-84.14528451400179
R72 05101 0044,county_only,DAYTON CITY OF,RITA ST,DAYTON,400,Commercial vacant land,C,0000.00000,000000000000.00,000000000000.00,N,,,Y,,,
R72 05105 0029,city_layer_only,,,,,,,,,,N,,,N,,39.781724455126735,-84.16406122749532
R72 05105 0052,city_layer_only,,,,,,,,,,N,Public Works,Other,N,,39.781557879421385,-84.16476900312381
R72 05106 0073,city_layer_only,,,,,,,,,,N,Planning,Surplus,Y,,39.78365713102639,-84.16176920846083
R72 05109 0037,both,CITY OF DAYTON,855 VALLEY ST,DAYTON,640,"Exempt, owned by municipals",E,0000.00000,000000011140.00,000000000000.00,N,,,N,39113-001800-3,39.77765914218212,-84.16610282487156
R72 05111 0009,both,DAYTON CITY OF,ST RT 4,DAYTON,640,"Exempt, owned by municipals",E,0000.00000,000000001920.00,000000000000.00,N,Public Works,Other,N,39113-001800-3,39.77747862301504,-84.16121449554018
R72 05111 0010,both,DAYTON CITY OF,ST RT 4,DAYTON,640,"Exempt, owned by municipals",E,0012.35100,000000034890.00,000000000000.00,N,Public Works,Other,N,39113-001800-3,39.777254736808615,-84.16191986667243
R72 05111 0012,both,DAYTON CITY OF,FINDLAY ST,DAYTON,640,"Exempt, owned by municipals",E,0000.00000,000000067500.00,000000000000.00,N,Public Works,Other,N,39113-001800-3,39.77705315948656,-84.16106044568015
R72 05111 0014,both,DAYTON CITY OF,FINDLAY ST,DAYTON,640,"Exempt, owned by municipals",E,0000.00000,000000005420.00,000000000000.00,N,Public Works,Other,N,39113-001800-3,39.77725595530467,-84.1611314875455
R72 05111 0018,both,DAYTON CITY OF,N FINDLAY ST,DAYTON,640,"Exempt, owned by municipals",E,0000.00000,000000002710.00,000000000000.00,N,Public Works,Other,N,39113-001800-3,39.77766197044914,-84.16130563049259
R72 05115 0003,both,DAYTON CITY OF,STANLEY AVE,DAYTON,640,"Exempt, owned by municipals",E,0000.57000,000000018010.00,000000000000.00,N,Public Works,Other,N,39113-001800-3,39.77579355771851,-84.16042790095742
R72 05202 0065,both,DAYTON CITY OF,1311 RAY ST,DAYTON,640,"Exempt, owned by municipals",E,0000.00000,000000002560.00,000000000000.00,N,Planning,Surplus,Y,39113-001800-2,39.77732924169179,-84.17631872266283
R72 05203 0064,both,DAYTON CITY OF,DEEDS AVE,DAYTON,640,"Exempt, owned by municipals",E,0000.00000,000000001280.00,000000000000.00,N,Public Works,Other,N,39113-001800-2,39.77936658349869,-84.17689409128971
R72 05204 0074,county_only,CITY OF DAYTON,1321 SCHAEFFER ST,DAYTON,640,"Exempt, owned by municipals",E,0000.00000,000000005350.00,000000000000.00,N,,,N,39113-001800-2,39.78176539937374,-84.17562473744918
R72 05204 0095,city_layer_only,,,,,,,,,,N,,,N,,39.78030571315284,-84.17612703625538
R72 05207 0020,city_layer_only,,,,,,,,,,N,Planning,Surplus,Y,,39.779730148571936,-84.17086765344898
R72 05207 0051,both,CITY OF DAYTON,116 BALTIMORE ST,DAYTON,640,"Exempt, owned by municipals",E,0000.00000,000000003160.00,000000000000.00,N,Planning,Surplus,Y,39113-001800-2,39.778522337147926,-84.1706536253826
R72 05208 0067,both,DAYTON CITY OF,94 BALTIMORE ST,DAYTON,640,"Exempt, owned by municipals",E,0000.00000,000000002150.00,000000000000.00,N,Planning,Surplus,Y,39113-001800-3,39.77789356741123,-84.17065277289909
R72 05213 0078,both,CITY OF DAYTON,BALTIMORE ST,DAYTON,640,"Exempt, owned by municipals",E,0007.95590,000000278460.00,000000000000.00,N,,,N,39113-001800-2,39.781984733090724,-84.17027043487671
R72 05304 0025,county_only,DAYTON CITY OF,TROY & HERMAN ROADWAY,DAYTON,640,"Exempt, owned by municipals",E,0000.00000,000000000000.00,000000000000.00,N,,,N,,,
R72 05306 0001,county_only,DAYTON CITY OF,1516 CHAPEL ST,DAYTON,500,"Residential vacant land, lot",R,0000.00000,000000008050.00,000000000000.00,N,,,Y,39113-001800-3,39.77444187589115,-84.17259119036152
R72 05307 0069,both,CITY OF DAYTON,616 618 HART ST,DAYTON,640,"Exempt, owned by municipals",E,0000.00000,000000003350.00,000000000000.00,N,Planning,Surplus,Y,39113-001800-3,39.775254087014005,-84.17147555077618
R72 05307 0080,city_layer_only,,,,,,,,,,N,,,N,,39.77464030275842,-84.17080965533272
R72 05308 0079,city_layer_only,,,,,,,,,,N,,,N,,39.776278037380486,-84.16860701556689
R72 05310 0040,county_only,DAYTON CITY OF,ST RT 4,DAYTON,400,Commercial vacant land,C,0000.00000,000000000000.00,000000000000.00,N,,,Y,,,
R72 05401 0001,county_only,CITY OF DAYTON,KEOWEE ST,DAYTON,640,"Exempt, owned by municipals",E,0000.33800,000000016890.00,000000000000.00,N,,,N,,,
R72 05401 0005,both,DAYTON CITY OF,KEOWEE ST,DAYTON,640,"Exempt, owned by municipals",E,0000.45870,000000011990.00,000000000000.00,N,Public Works,Other,N,39113-001800-3,39.76969032429842,-84.17679007451966
R72 05402 0041,both,CITY OF DAYTON,VALLEY ST,DAYTON,499,,C,0001.03900,000000070950.00,000000007870.00,Y,,,N,39113-001800-3,39.77029604136289,-84.17487213969277
R72 05403 0079,both,DAYTON CITY OF,TROY ST,DAYTON,640,"Exempt, owned by municipals",E,0000.00000,000000000770.00,000000000000.00,N,Public Works,Other,N,39113-001800-3,39.776497797902344,-84.1750737956625
R72 05404 0014,both,DAYTON CITY OF,223 DEEDS AVE,DAYTON,640,"Exempt, owned by municipals",E,0000.00000,000000003140.00,000000000000.00,N,,,N,39113-001800-3,39.774249061991405,-84.1772424343974
R72 05408 0071,county_only,CITY OF DAYTON,TONY STEIIN,DAYTON,640,"Exempt, owned by municipals",E,0000.02390,000000001250.00,000000000000.00,N,,,N,39113-001800-3,,
R72 05408 0072,county_only,CITY OF DAYTON,TONY STEIIN,DAYTON,640,"Exempt, owned by municipals",E,0000.00630,000000000440.00,000000000000.00,N,,,N,39113-001800-3,,
R72 05409 0009,city_layer_only,,,,,,,,,,N,,,N,,39.77030566989293,-84.17570008307835
R72 05409 0040,county_only,DAYTON CITY OF,VALLEY ST,DAYTON,640,"Exempt, owned by municipals",E,0000.00100,000000000070.00,000000000000.00,N,,,N,,,
R72 05409 0073,county_only,CITY OF DAYTON,VALLEY ST,DAYTON,640,"Exempt, owned by municipals",E,0000.11360,000000008410.00,000000000000.00,N,,,N,39113-001800-3,,
R72 05409 0074,county_only,CITY OF DAYTON,TONY STEIN WAY,DAYTON,640,"Exempt, owned by municipals",E,0000.00720,000000000380.00,000000000000.00,N,,,N,39113-001800-3,,
R72 05409 0075,county_only,DAYTON CITY OF,VALLEY ST,DAYTON,400,Commercial vacant land,C,0000.00270,000000000000.00,000000000000.00,N,,,Y,,,
R72 05410 0023,both,DAYTON CITY OF,359 MARYLAND AVE,DAYTON,640,"Exempt, owned by municipals",E,0000.00000,000000014600.00,000000135030.00,Y,Public Works,Other,N,39113-001800-3,39.77519951482255,-84.17619839607742
R72 05504 0056,county_only,DAYTON CITY OF,611 HERBERT ST,DAYTON,640,"Exempt, owned by municipals",E,0000.00000,000000000000.00,000000000000.00,N,,,N,,,
R72 05507 0032,both,CITY OF DAYTON,DETRICK ST,DAYTON,400,Commercial vacant land,C,0000.00000,000000000950.00,000000000000.00,N,,,Y,39113-001700-1,39.76902722697446,-84.18048972117451
R72 05510 0005,county_only,CITY OF DAYTON,ROADWAY,DAYTON,640,"Exempt, owned by municipals",E,0000.06300,000000000000.00,000000000000.00,N,,,N,,,
R72 05605 0019,both,DAYTON CITY OF,520 KISER ST,DAYTON,640,"Exempt, owned by municipals",E,0000.00000,000000092840.00,000000575500.00,Y,Public Works,Operations,N,39113-001700-1,39.77921901219706,-84.17869375952343
R72 05605 0027,both,DAYTON CITY OF,KISER ST,DAYTON,640,"Exempt, owned by municipals",E,0000.00000,000000007130.00,000000002340.00,Y,Public Works,Other,N,39113-001700-1,39.77846620194725,-84.17876758341245
R72 05608 0015,both,DAYTON CITY OF,727 KEOWEE ST,DAYTON,640,"Exempt, owned by municipals",E,0000.00000,000000000780.00,000000000000.00,N,Planning,Surplus,Y,39113-001700-1,39.77460691324547,-84.18195744043626
R72 05608 0016,both,DAYTON CITY OF,731 KEOWEE ST,DAYTON,640,"Exempt, owned by municipals",E,0000.00000,000000000980.00,000000000000.00,N,Planning,Surplus,Y,39113-001700-1,39.774691231993565,-84.18201282236924
R72 05608 0022,county_only,DAYTON CITY OF,815 KEOWEE ST,DAYTON,620,"Exempt, owned by counties",E,0000.00000,000000001960.00,000000000000.00,N,,,N,39113-001700-1,39.7751767436236,-84.18247516081493
R72 05608 0044,both,DAYTON CITY OF,708 KEOWEE ST,DAYTON,640,"Exempt, owned by municipals",E,0000.00000,000000001000.00,000000000000.00,N,Planning,Surplus,Y,39113-001700-1,39.7743889257371,-84.18124550674369
R72 05609 0001,county_only,CITY OF DAYTON,723 EARL AVE,DAYTON,640,"Exempt, owned by municipals",E,0000.00000,000000000750.00,000000000000.00,N,,,N,39113-001700-1,39.774153805743026,-84.18023827719519
R72 05609 0026,county_only,CITY OF DAYTON,109 111 KISER ST,DAYTON,640,"Exempt, owned by municipals",E,0000.00000,000000001610.00,000000000000.00,N,,,N,39113-001700-1,39.77431923476937,-84.17968280793221
R72 05609 0046,county_only,CITY OF DAYTON,709 711 EARL AVE,DAYTON,640,"Exempt, owned by municipals",E,0000.00000,000000000740.00,000000000000.00,N,,,N,39113-001700-1,39.77417739577959,-84.18060043030172
R72 05609 0048,county_only,CITY OF DAYTON,713 715 EARL AVE,DAYTON,640,"Exempt, owned by municipals",E,0000.00000,000000001520.00,000000000000.00,N,,,N,39113-001700-1,39.7741733846326,-84.18049760651022
R72 05609 0052,county_only,CITY OF DAYTON,727 729 EARL AVE,DAYTON,640,"Exempt, owned by municipals",E,0000.00000,000000001560.00,000000000000.00,N,,,N,39113-001700-1,39.77424488312914,-84.1800346042932
R72 05609 0060,county_only,CITY OF DAYTON,717 719 EARL AVE,DAYTON,640,"Exempt, owned by municipals",E,0000.00000,000000000750.00,000000000000.00,N,,,N,39113-001700-1,39.77416250487277,-84.18034990106607
R72 05701 0103,both,DAYTON CITY OF,1400 WEBSTER ST,DAYTON,640,"Exempt, owned by municipals",E,0004.87800,000000143550.00,000000198040.00,Y,Public Works,Other,N,39113-001700-1,39.78065012172918,-84.1819751927552
R72 05703 0151,county_only,DAYTON CITY OF,ROADWAY,DAYTON,640,"Exempt, owned by municipals",E,0000.01140,000000000000.00,000000000000.00,N,,,N,,,
R72 05703 0152,county_only,CITY OF DAYTON,ROADWAY,DAYTON,640,"Exempt, owned by municipals",E,0000.00600,000000000000.00,000000000000.00,N,,,N,,,
R72 05705 0044,county_only,CITY OF DAYTON,1438 KEOWEE ST,DAYTON,435,,C,0000.08560,000000000000.00,000000000000.00,N,,,N,,,
R72 05705 0058,county_only,CITY OF DAYTON,1280 KEOWEE ST,DAYTON,640,"Exempt, owned by municipals",E,0000.00020,000000000000.00,000000000000.00,N,,,N,,,
R72 05705 0059,county_only,DAYTON CITY OF,1414 N KEOWEE ST,DAYTON,640,"Exempt, owned by municipals",E,0000.00270,000000000000.00,000000000000.00,N,,,N,,,
R72 05706 0011,county_only,DAYTON CITY OF,E HELENA & BRENNAN,DAYTON,640,"Exempt, owned by municipals",E,0011.70930,000000409830.00,000000036560.00,Y,,,N,39113-001700-2,39.77883306482558,-84.18708071303595
R72 05706 0012,county_only,DAYTON CITY OF,E HELENA & BRENNAN,DAYTON,640,"Exempt, owned by municipals",E,0047.60430,000001666150.00,000000000000.00,N,,,N,,39.77881823788599,-84.18943978923095
R72 05706 0112,both,CITY OF DAYTON,413 417 E HELENA ST,DAYTON,640,"Exempt, owned by municipals",E,0000.00000,000000043500.00,000000327020.00,Y,Public Works,Operations,N,39113-001700-1,39.78058876182299,-84.18985635680312
R72 05706 0151,both,CITY OF DAYTON,1601 STANLEY AVE,DAYTON,640,"Exempt, owned by municipals",E,0002.21800,000000078970.00,000000323240.00,Y,Public Works,Operations,N,39113-001700-1,39.78660486700295,-84.19118037895821
R72 05706 0187,county_only,CITY OF DAYTON,KEOWEE ST,DAYTON,640,"Exempt, owned by municipals",E,0000.00010,000000000000.00,000000000000.00,N,,,N,,,
R72 05706 0189,county_only,DAYTON CITY OF,1401 KEOWEE ST,DAYTON,400,Commercial vacant land,C,0000.00090,000000000000.00,000000000000.00,N,,,Y,39113-001700-1,,
R72 05706A0001,both,DAYTON CITY OF,HELENA ST,DAYTON,640,"Exempt, owned by municipals",E,0034.54400,000000385740.00,000000573860.00,Y,Public Works,Other,N,39113-001700-2,39.776696374710376,-84.19530433610119
R72 05708 0019,county_only,CITY OF DAYTON,LEO ST,DAYTON,501,,R,0000.10900,000000000000.00,000000000000.00,N,,,N,,,
R72 05710 0026,county_only,DAYTON CITY OF,LEO ST,DAYTON,640,"Exempt, owned by municipals",E,0000.00000,000000000000.00,000000000000.00,N,,,N,39113-001800-2,,
R72 05710 0040,county_only,CITY OF DAYTON,TROY ST,DAYTON,640,"Exempt, owned by municipals",E,0000.00000,000000000000.00,000000000000.00,N,,,N,,,
R72 05710 0044,county_only,CITY OF DAYTON,TROY ST,DAYTON,501,,R,0000.05900,000000000000.00,000000000000.00,N,,,N,,,
R72 05711 0051,county_only,DAYTON CITY OF,CANAL LAND,DAYTON,400,Commercial vacant land,C,0000.00000,000000000000.00,000000000000.00,N,,,Y,,,
R72 05713 0022,county_only,CITY OF DAYTON,KEOWEE ST,DAYTON,640,"Exempt, owned by municipals",E,0000.03840,000000000000.00,000000000000.00,N,,,N,,,
R72 05713 0023,county_only,CITY OF DAYTON,KEOWEE ST,DAYTON,640,"Exempt, owned by municipals",E,0000.22770,000000000000.00,000000000000.00,N,,,N,,,
R72 05714 0016,city_layer_only,,,,,,,,,,N,,,N,,39.790368242645904,-84.18344853243079
R72 05714 0026,city_layer_only,,,,,,,,,,N,,,N,,39.78953124751542,-84.18721764600805
R72 05714 0033,county_only,CITY OF DAYTON,KEOWEE ST,DAYTON,400,Commercial vacant land,C,0000.03400,000000000000.00,000000000000.00,N,,,Y,,,
R72 05714 0034,county_only,DAYTON CITY OF,STANLEY AVE,DAYTON,340,,I,0000.00840,000000000000.00,000000000000.00,N,,,N,,,
R72 05714 0040,county_only,DAYTON CITY OF (DIVISION OF ENGINEERING),1538 KEOWEE ST,DAYTON,640,"Exempt, owned by municipals",E,0000.15360,000000000000.00,000000000000.00,N,,,N,,,
R72 05714 0041,county_only,CITY OF DAYTON,1737 STANLEY AVE,DAYTON,640,"Exempt, owned by municipals",E,0000.17810,000000000000.00,000000000000.00,N,,,N,,,
R72 05714 0043,county_only,DAYTON CITY OF,LUCILLE DR,DAYTON,640,"Exempt, owned by municipals",E,0000.60400,000000042100.00,000000016570.00,Y,,,N,,39.79061019527446,-84.18392382355601
R72 05714 0044,county_only,DAYTON CITY OF,LUCILLE DR,DAYTON,640,"Exempt, owned by municipals",E,0000.10900,000000001900.00,000000000000.00,N,,,N,,39.78995934564071,-84.18362954126688
R72 05714 0046,county_only,DAYTON CITY OF,LUCILLE DR,DAYTON,640,"Exempt, owned by municipals",E,0000.04000,000000000320.00,000000000000.00,N,,,N,,39.790900511030564,-84.18413679538843
R72 05715 0001,both,DAYTON CITY OF,TRIANGLE AVE,DAYTON,640,"Exempt, owned by municipals",E,0100.92600,000000725710.00,000000145630.00,Y,Public Works,Other,N,39113-001600-2,39.783228238241016,-84.20226371307206
R72 05802 0027,county_only,DAYTON CITY OF,VERMONT AVE,DAYTON,640,"Exempt, owned by municipals",E,0000.00000,000000000450.00,000000000000.00,N,,,N,,,
R72 05802 0034,county_only,DAYTON CITY OF,VERMONT AVE,DAYTON,640,"Exempt, owned by municipals",E,0000.00000,000000000450.00,000000000000.00,N,,,N,,,
R72 05803 0032,county_only,DAYTON CITY OF,239 HUNTER AVE,DAYTON,640,"Exempt, owned by municipals",E,0000.00000,000000001680.00,000000000000.00,N,,,N,39113-001700-1,39.772284617347864,-84.18477292549683
R72 05804 0001,both,DAYTON CITY OF,WEBSTER ST,DAYTON,640,"Exempt, owned by municipals",E,0000.02230,000000000230.00,000000000000.00,N,Public Works,Other,N,39113-001700-1,39.76979938846628,-84.18402964029801
R72 05804 0004,both,DAYTON CITY OF,WEBSTER ST,DAYTON,640,"Exempt, owned by municipals",E,0000.12000,000000000000.00,000000000000.00,N,Public Works,Other,N,39113-001700-1,,
R72 05804 0005,both,DAYTON CITY OF,WEBSTER ST,DAYTON,640,"Exempt, owned by municipals",E,0000.37010,000000003740.00,000000000000.00,N,Public Works,Other,N,39113-001700-1,39.77141036500192,-84.18694726374292
R72 05804 0007,county_only,DAYTON CITY OF,WEBSTER ST,DAYTON,400,Commercial vacant land,C,0002.67800,000000028400.00,000000000000.00,N,,,Y,,39.76882153392707,-84.18622362498441
R72 05806 0011,county_only,DAYTON CITY OF,DAYTON AVE,DAYTON,640,"Exempt, owned by municipals",E,0000.00000,000000040000.00,000000000000.00,N,,,N,,,
R72 05808 0001,both,DAYTON CITY OF,N BEND BLVD,DAYTON,640,"Exempt, owned by municipals",E,0000.00000,000000043330.00,000000000000.00,N,Public Works,Other,N,39113-001700-2,39.77398011453997,-84.18939506819189
R72 05809 0001,both,DAYTON CITY OF,N BEND BLVD,DAYTON,640,"Exempt, owned by municipals",E,0000.00000,000000058980.00,000000000000.00,N,Public Works,Other,N,39113-001700-2,39.77548534179967,-84.18932514205733
R72 05810 0001,both,DAYTON CITY OF,EWING ST,DAYTON,640,"Exempt, owned by municipals",E,0000.00000,000000054580.00,000000070840.00,Y,Public Works,Operations,N,39113-001700-2,39.77551514784761,-84.19152323322957
R72 05811 0001,both,DAYTON CITY OF,EWING ST,DAYTON,640,"Exempt, owned by municipals",E,0000.00000,000000121200.00,000000000000.00,N,Public Works,Other,N,39113-001700-2,39.775918529051324,-84.18801883856187
R72 05901 0013,both,DAYTON CITY OF,625 GRUNER AVE,DAYTON,640,"Exempt, owned by municipals",E,0000.00000,000000002430.00,000000000000.00,N,Planning,Surplus,Y,39113-001200-1,39.771977536504075,-84.19387123131347
R72 05901 0020,both,DAYTON CITY OF,N MAIN ST,DAYTON,400,Commercial vacant land,C,0000.11000,000000015090.00,000000000000.00,N,Public Works,Other,Y,39113-001200-1,39.771571606820636,-84.19516726343554
R72 05902 0002,both,DAYTON CITY OF,752 754 N MAIN ST,DAYTON,640,"Exempt, owned by municipals",E,0000.00000,000000017370.00,000000000000.00,N,,,N,39113-001200-1,39.77125418887593,-84.19509191329193
R72 05902 0041,both,DAYTON CITY OF,150 ALDEN ST,DAYTON,500,"Residential vacant land, lot",R,0000.00000,000000000000.00,000000000000.00,N,,,Y,39113-001200-1,39.7714017929369,-84.19362240452172
R72 05902 0073,both,DAYTON CITY OF,147 ALDEN ST,DAYTON,500,"Residential vacant land, lot",R,0000.00000,000000002580.00,000000000000.00,N,Public Works,Other,Y,39113-001200-1,39.771273673952024,-84.19393597084063
R72 05903 0062,both,DAYTON CITY OF,RIVERSIDE DR,DAYTON,640,"Exempt, owned by municipals",E,0000.00000,000000011550.00,000000001620.00,Y,Public Works,Other,N,39113-001200-1,39.773183235642385,-84.1930550449361
R72 05905 0075,county_only,DAYTON CITY OF,N MAIN ST,DAYTON,640,"Exempt, owned by municipals",E,0000.00000,000000000000.00,000000000000.00,N,,,N,,,
R72 05906 0044,both,DAYTON CITY OF,W MCPHERSON ST,DAYTON,640,"Exempt, owned by municipals",E,0000.00000,000000000550.00,000000000000.00,N,Public Works,Other,N,39113-165200-2,39.76821402436589,-84.19253119282973
R72 05907 0094,both,"CITY OF DAYTON, OHIO",19 EMMET ST,DAYTON,400,Commercial vacant land,C,0000.00000,000000034550.00,000000000000.00,N,,,Y,39113-165200-2,39.766119040051585,-84.19262715671202
R72 05907 0099,both,"CITY OF DAYTON, OHIO",30 EMMET ST,DAYTON,456,,C,0000.00000,000000005030.00,000000002990.00,Y,,,N,39113-165200-2,39.76611892009825,-84.19247996090226
R72 05907 0100,both,"CITY OF DAYTON, OHIO",21 RIVERVIEW AVE,DAYTON,456,,C,0000.00000,000000003330.00,000000001800.00,Y,,,N,39113-165200-2,39.765954037971554,-84.19248282713134
R72 05907 0103,both,"CITY OF DAYTON, OHIO",32 34 EMMET ST,DAYTON,456,,C,0000.00000,000000008370.00,000000004510.00,Y,,,N,39113-165200-2,39.76607260784985,-84.19238776780409
R72 05907 0105,both,"CITY OF DAYTON, OHIO",36 EMMET ST,DAYTON,456,,C,0000.00000,000000008440.00,000000004510.00,Y,,,N,39113-165200-2,39.7662402702911,-84.19225159537147
R72 05907 0106,both,"CITY OF DAYTON, OHIO",40 EMMET ST,DAYTON,456,,C,0000.00000,000000011340.00,000000005990.00,Y,,,N,39113-165200-2,39.766261420653606,-84.19212047870015
R72 05907 0107,both,"CITY OF DAYTON, OHIO",41 E RIVERVIEW AVE,DAYTON,456,,C,0000.00000,000000012070.00,000000005990.00,Y,,,N,39113-165200-2,39.766043317579374,-84.19201200095334
R72 05907 0108,both,"CITY OF DAYTON, OHIO",46 48 EMMET ST,DAYTON,456,,C,0000.00000,000000012380.00,000000003500.00,Y,,,N,39113-165200-2,39.76629763163904,-84.19189365878836
R72 05907 0116,both,DAYTON CITY OF,RIVERVIEW AVE,DAYTON,640,"Exempt, owned by municipals",E,0000.00000,000000011000.00,000000006680.00,Y,Public Works,Other,N,39113-165200-2,39.765668625528164,-84.1920803155372
R72 05908 0045,both,DAYTON CITY OF,130 RIVERSIDE DR,DAYTON,685,"Churches etc, public worship",E,0009.05000,000000271500.00,000000000000.00,N,Public Works,Development,Y,39113-165200-2,39.76680150982055,-84.19025395936
R72 05908 0053,both,DAYTON CITY OF,EMMET ST,DAYTON,640,"Exempt, owned by municipals",E,0000.00000,000000002750.00,000000000000.00,N,Public Works,Other,N,39113-165200-2,39.76642618847024,-84.19055553880766
R72 05909A0019,county_only,DAYTON CITY OF,RIVERVIEW TER,DAYTON,640,"Exempt, owned by municipals",E,0000.00000,000000006160.00,000000000000.00,N,,,N,,,
R72 05909A0028,both,DAYTON CITY OF,RIVERVIEW TER,DAYTON,640,"Exempt, owned by municipals",E,0000.00000,000000111000.00,000004307990.00,Y,Public Works,Other,N,39113-165200-2,39.76904240927201,-84.18970404133655
R72 05909B0021,county_only,DAYTON CITY OF,RIVERSIDE DR,DAYTON,640,"Exempt, owned by municipals",E,0000.00000,000000050000.00,000000000000.00,N,,,N,,,
R72 05909B0033,county_only,DAYTON CITY OF,E GRAND AVE,DAYTON,640,"Exempt, owned by municipals",E,0000.00000,000000000580.00,000000000000.00,N,,,N,,,
R72 06002 0028,both,DAYTON CITY OF,810 GRUNER AVE,DAYTON,640,"Exempt, owned by municipals",E,0000.00000,000000002220.00,000000000000.00,N,Planning,Surplus,Y,39113-001200-1,39.77321326126855,-84.19500082397455
R72 06002 0030,county_only,DAYTON CITY OF,HERSHEY ST,DAYTON,640,"Exempt, owned by municipals",E,0000.00000,000000001100.00,000000000000.00,N,,,N,,,
R72 06003 0016,county_only,DAYTON CITY OF,48 PIONEER ST,DAYTON,510,,R,0000.00000,000000011460.00,000000001830.00,Y,,,N,39113-001200-1,39.77439664290196,-84.1970899327623
R72 06003 0035,county_only,CITY OF DAYTON,47 49 LOCUST ST,DAYTON,640,"Exempt, owned by municipals",E,0000.00000,000000008010.00,000000000000.00,N,,,N,39113-001200-1,39.77396021982452,-84.19650999146938
R72 06004 0030,county_only,CITY OF DAYTON,33 PIONEER ST,DAYTON,640,"Exempt, owned by municipals",E,0000.00000,000000008420.00,000000000000.00,N,,,N,39113-001200-1,39.774488581722295,-84.1975654650939
R72 06004 0032,county_only,DAYTON CITY OF,41 PIONEER ST,DAYTON,640,"Exempt, owned by municipals",E,0000.00000,000000007860.00,000000000000.00,N,,,N,39113-001200-1,39.774658952075114,-84.19736678468462
R72 06004 0036,county_only,DAYTON CITY OF,53 PIONEER ST,DAYTON,640,"Exempt, owned by municipals",E,0000.00000,000000007860.00,000000000000.00,N,,,N,39113-001200-1,39.7748105307423,-84.19713919420248
R72 06004 0049,county_only,DAYTON CITY OF,1021 RIVERSIDE DR,DAYTON,640,"Exempt, owned by municipals",E,0000.00000,000000005930.00,000000000000.00,N,,,N,39113-001200-1,39.77550834769438,-84.19708072972313
R72 06004 0055,both,DAYTON CITY OF,RIVERSIDE DR,DAYTON,465,,C,0000.21800,000000001280.00,000000001640.00,Y,Public Works,Other,N,39113-001200-1,39.775580249599564,-84.19651026224754
R72 06004 9055,county_only,DAYTON CITY OF,RIVERSIDE DR,DAYTON,640,"Exempt, owned by municipals",E,0001.03200,000000003610.00,000000003480.00,Y,,,N,,,
R72 06005 0017,county_only,DAYTON CITY OF,17 VINCENT ST,DAYTON,640,"Exempt, owned by municipals",E,0000.00000,000000006920.00,000000000000.00,N,,,N,39113-001200-1,39.77495586070601,-84.19919185121711
R72 06005 0030,county_only,DAYTON CITY OF,74 78 HELENA ST,DAYTON,640,"Exempt, owned by municipals",E,0000.00000,000000011920.00,000000000000.00,N,,,N,39113-001200-1,39.77649696659121,-84.19861792068853
R72 06005 0060,county_only,DAYTON CITY OF,VINCENT ST,DAYTON,640,"Exempt, owned by municipals",E,0000.00000,000000000000.00,000000000000.00,N,,,N,,,
R72 06005 0068,county_only,DAYTON CITY OF,32 E HELENA ST,DAYTON,640,"Exempt, owned by municipals",E,0000.00000,000000007130.00,000000000000.00,N,,,N,39113-001200-1,39.77578179169573,-84.19946161469784
R72 06006 0028,both,DAYTON CITY OF,E HELENA ST,DAYTON,640,"Exempt, owned by municipals",E,0000.00000,000000008630.00,000000000000.00,N,Planning,Surplus,Y,39113-001200-1,39.77637872779779,-84.1993872060374
R72 06007 0010,county_only,CITY OF DAYTON,41 43 BOND ST,DAYTON,640,"Exempt, owned by municipals",E,0000.00000,000000008480.00,000000000000.00,N,,,N,39113-001200-1,39.77760245282379,-84.2013387081063
R72 06007 0012,county_only,DAYTON CITY OF,49 BOND ST,DAYTON,640,"Exempt, owned by municipals",E,0000.00000,000000008480.00,000000000000.00,N,,,N,39113-001200-1,39.77775052657166,-84.20116088180647
R72 06007 0044,county_only,DAYTON CITY OF,31 MCOWEN ST,DAYTON,640,"Exempt, owned by municipals",E,0000.00000,000000008480.00,000000000000.00,N,,,N,39113-001200-1,39.77670222461502,-84.20074383268523
R72 06008 0014,county_only,DAYTON CITY OF,38 DRAKE AVE,DAYTON,640,"Exempt, owned by municipals",E,0000.00000,000000007310.00,000000000000.00,N,,,N,39113-001200-1,39.778687859076754,-84.20279229504347
R72 06008 0041,county_only,DAYTON CITY OF,32 34 E MUMMA AVE,DAYTON,640,"Exempt, owned by municipals",E,0000.00000,000000008720.00,000000000000.00,N,,,N,39113-001200-1,39.77792680290692,-84.20212493771888
R72 06008 0051,county_only,DAYTON CITY OF,24 26 E MUMMA AVE,DAYTON,640,"Exempt, owned by municipals",E,0000.00000,000000009310.00,000000000000.00,N,,,N,39113-001200-1,39.77775108795181,-84.20212821094385
R72 06009 0025,both,CITY OF DAYTON,22 E BURTON AVE,DAYTON,640,"Exempt, owned by municipals",E,0000.00000,000000002890.00,000000000000.00,N,,,N,39113-001200-1,39.77904601186651,-84.20404633875367
R72 06009 0026,county_only,CITY OF DAYTON,37 39 DRAKE AVE,DAYTON,640,"Exempt, owned by municipals",E,0000.00000,000000008420.00,000000000000.00,N,,,N,39113-001200-1,39.778959315734426,-84.20300533111325
R72 06009 0027,county_only,DAYTON CITY OF,33 35 DRAKE AVE,DAYTON,640,"Exempt, owned by municipals",E,0000.00000,000000008420.00,000000000000.00,N,,,N,39113-001200-1,39.77890885962957,-84.20307814560444
R72 06009 0032,county_only,DAYTON CITY OF,19 DRAKE AVE,DAYTON,640,"Exempt, owned by municipals",E,0000.00000,000000007090.00,000000000000.00,N,,,N,39113-001200-1,39.77869390002132,-84.20351068064959
R72 06009 0034,county_only,DAYTON CITY OF,17 DRAKE AVE,DAYTON,640,"Exempt, owned by municipals",E,0000.00000,000000007090.00,000000000000.00,N,,,N,39113-001200-1,39.77857785076942,-84.20355672648213
R72 06009 0046,county_only,CITY OF DAYTON,14 MARY AVE,DAYTON,620,"Exempt, owned by counties",E,0000.00000,000000007680.00,000000000000.00,N,,,N,39113-001200-1,39.77950664303451,-84.20501866324038
R72 06009 0047,both,CITY OF DAYTON,20 BURTON AVE,DAYTON,500,"Residential vacant land, lot",R,0000.00000,000000004030.00,000000000000.00,N,Public Works,Other,Y,39113-001200-1,39.779009624188966,-84.204095242151
R72 06010 0042,county_only,DAYTON CITY OF,57 59 DRAKE AVE,DAYTON,640,"Exempt, owned by municipals",E,0000.00000,000000008420.00,000000000000.00,N,,,N,39113-001200-1,39.77933816047558,-84.20244517916045
R72 06010 0043,county_only,DAYTON CITY OF,53 55 DRAKE AVE,DAYTON,640,"Exempt, owned by municipals",E,0000.00000,000000008420.00,000000000000.00,N,,,N,39113-001200-1,39.77926831037681,-84.20250294361456
R72 06010 0048,county_only,DAYTON CITY OF,43 DRAKE AVE,DAYTON,640,"Exempt, owned by municipals",E,0000.00000,000000006980.00,000000000000.00,N,,,N,39113-001200-1,39.77901319599113,-84.20288887098067
R72 06011 0023,both,DAYTON CITY OF,RIVERSIDE AVE,DAYTON,640,"Exempt, owned by municipals",E,0000.00000,000000004810.00,000000008090.00,Y,Public Works,Other,N,39113-001200-1,39.78112588495627,-84.20406310662369
R72 06011 0031,both,DAYTON CITY OF,BETWEEN RIDGE & MARY,DAYTON,665,Exempt (unspecified),E,0000.73650,000000000120.00,000000000000.00,N,Public Works,Other,N,39113-001200-1,39.78173312748351,-84.20282541351189
R72 06012 0015,county_only,DAYTON CITY OF,17 MARY AVE,DAYTON,640,"Exempt, owned by municipals",E,0000.00000,000000006360.00,000000000000.00,N,,,N,39113-001200-1,39.77984744670512,-84.20518361517182
R72 06012 0016,county_only,DAYTON CITY OF,21 MARY AVE,DAYTON,640,"Exempt, owned by municipals",E,0000.00000,000000003990.00,000000000000.00,N,,,N,39113-001200-1,39.77991747217294,-84.20508924013835
R72 06108 0070,both,DAYTON CITY OF,25 INDIANOLA AVE,DAYTON,640,"Exempt, owned by municipals",E,0000.00000,000000032020.00,000000023180.00,Y,Planning,Surplus,N,39113-001100-5,39.782441669923756,-84.20767070725934
R72 06111 0024,both,CITY OF DAYTON,TRIANGLE AVE,DAYTON,400,Commercial vacant land,C,0000.44280,000000000000.00,000000000000.00,N,,,Y,39113-001100-5,39.78294212876119,-84.20342023020292
R72 06202 0076,both,DAYTON CITY OF,BASSWOOD AVE,DAYTON,640,"Exempt, owned by municipals",E,0000.00000,000000000250.00,000000000000.00,N,Public Works,Other,N,39113-001100-3,39.78958763984018,-84.21117771624431
R72 06204 0052,county_only,CITY OF DAYTON OHIO,152 154 E HILLCREST AVE,DAYTON,500,"Residential vacant land, lot",R,0000.00000,000000006080.00,000000000000.00,N,,,Y,39113-001100-3,39.79095945263129,-84.2093807013606
R72 06205 0062,both,DAYTON CITY OF,RIVERSIDE DR,DAYTON,640,"Exempt, owned by municipals",E,0002.26000,000000007010.00,000000000000.00,N,Public Works,Other,N,39113-001100-5,39.789491268998546,-84.20560139461459
R72 06206 0028,both,DAYTON CITY OF,2619 MARCELLA AVE,DAYTON,640,"Exempt, owned by municipals",E,0000.00000,000000008180.00,000000018910.00,Y,Planning,Surplus,N,39113-001100-4,39.78836863005879,-84.21169904739538
R72 06206 0031,both,CITY OF DAYTON,2604 2606 N MAIN ST,DAYTON,640,"Exempt, owned by municipals",E,0000.00000,000000006410.00,000000000000.00,N,Planning,Surplus,Y,39113-001100-4,39.787835518887256,-84.21210591643093
R72 06209 0047,both,DAYTON CITY OF,22 24 LAURA AVE,DAYTON,640,"Exempt, owned by municipals",E,0000.00000,000000007870.00,000000000000.00,N,Planning,Surplus,Y,39113-001100-4,39.78767177190959,-84.21147193774496
R72 06212 0026,both,DAYTON CITY OF,RIVERSIDE DR,DAYTON,640,"Exempt, owned by municipals",E,0000.00000,000000001600.00,000000000000.00,N,Public Works,Other,N,39113-001100-5,39.789121067674856,-84.20550781411562
R72 06301 0004,both,DAYTON CITY OF,2809 N MAIN ST,DAYTON,640,"Exempt, owned by municipals",E,0000.00000,000000006080.00,000000000000.00,N,Planning,Surplus,Y,39113-000801-2,39.790646830308226,-84.2143817913148
R72 06305 0010,county_only,CITY OF DAYTON,345 E MAPLEWOOD AVE,DAYTON,640,"Exempt, owned by municipals",E,0000.00000,000000004170.00,000000000000.00,N,,,N,39113-001100-3,39.792255743183446,-84.20668691076204
R72 06305 0011,both,CITY OF DAYTON,341 E MAPLEWOOD AVE,DAYTON,640,"Exempt, owned by municipals",E,0000.00000,000000004170.00,000000000000.00,N,Planning,Surplus,Y,39113-001100-3,39.79225635917925,-84.20683283498812
R72 06305 0012,both,CITY OF DAYTON,337 E MAPLEWOOD AVE,DAYTON,640,"Exempt, owned by municipals",E,0000.00000,000000004170.00,000000000000.00,N,Planning,Surplus,Y,39113-001100-3,39.79225154001124,-84.20697512621526
R72 06306 0055,county_only,DAYTON CITY OF,200 E MAPLEWOOD AVE,DAYTON,640,"Exempt, owned by municipals",E,0000.00000,000000006250.00,000000000000.00,N,,,N,39113-001100-3,39.79189339264178,-84.21006650376714
R72 06307 0001,county_only,CITY OF DAYTON,140 FERNWOOD AVE,DAYTON,640,"Exempt, owned by municipals",E,0000.00000,000000004330.00,000000000000.00,N,,,N,39113-001100-3,39.7937080379633,-84.21046347280783
R72 06307 0002,county_only,CITY OF DAYTON,132 FERNWOOD AVE,DAYTON,640,"Exempt, owned by municipals",E,0000.00000,000000004330.00,000000000000.00,N,,,N,39113-001100-3,39.79372261897521,-84.21059551364868
R72 06307 0035,county_only,DAYTON CITY OF,121 E MAPLEWOOD AVE,DAYTON,640,"Exempt, owned by municipals",E,0000.00000,000000008250.00,000000000000.00,N,,,N,39113-001100-3,39.79224850711049,-84.21113238757454
R72 06307 0037,county_only,DAYTON CITY OF,129 E MAPLEWOOD AVE,DAYTON,640,"Exempt, owned by municipals",E,0000.00000,000000008250.00,000000000000.00,N,,,N,39113-001100-3,39.792244542591256,-84.21084041448223
R72 06307 0047,county_only,CITY OF DAYTON,112 114 E MAPLEWOOD AVE,DAYTON,640,"Exempt, owned by municipals",E,0000.00000,000000008280.00,000000000000.00,N,,,N,39113-001100-3,39.79186689980136,-84.2113065333644
R72 06307 0048,county_only,DAYTON CITY OF,108 E MAPLEWOOD AVE,DAYTON,640,"Exempt, owned by municipals",E,0000.00000,000000008280.00,000000000000.00,N,,,N,39113-001100-3,39.79188703291516,-84.21144028148527
R72 06308 0022,county_only,DAYTON CITY OF,72 76 POINTVIEW AVE,DAYTON,640,"Exempt, owned by municipals",E,0000.00000,000000010000.00,000000000000.00,N,,,N,39113-001100-3,39.79277242308331,-84.21243680757702
R72 06308 0034,both,CITY OF DAYTON,43 E MAPLEWOOD AVE,DAYTON,640,"Exempt, owned by municipals",E,0000.00000,000000004150.00,000000000000.00,N,Planning,Surplus,Y,39113-001100-3,39.792202567419075,-84.21314108330176
R72 06308 0052,both,CITY OF DAYTON,54 E MAPLEWOOD AVE,DAYTON,640,"Exempt, owned by municipals",E,0000.00000,000000004170.00,000000000000.00,N,Planning,Surplus,Y,39113-001100-3,39.79190476641326,-84.2128573382782
R72 06310 0031,county_only,CITY OF DAYTON,42 FERNWOOD AVE,DAYTON,620,"Exempt, owned by counties",E,0000.00000,000000006820.00,000000000000.00,N,,,N,39113-001100-3,39.793719436249184,-84.21400184291069
R72 06401 0014,county_only,DAYTON CITY OF,GREAT MIAMI BLVD,DAYTON,400,Commercial vacant land,C,0000.05670,000000000000.00,000000000000.00,N,,,Y,,,
R72 06401 0039,both,DAYTON CITY OF,GREAT MIAMI BLVD,DAYTON,640,"Exempt, owned by municipals",E,0000.00000,000000000500.00,000000000000.00,N,Public Works,Other,N,39113-001200-1,39.771370190946506,-84.19740586616598
R72 06402 0042,both,DAYTON CITY OF,205 W GRAND AVE,DAYTON,400,Commercial vacant land,C,0000.00000,000000019700.00,000000000000.00,N,,,Y,39113-001200-1,39.769502143483976,-84.19870504508368
R72 06403 0001,both,DAYTON CITY OF,128 SHAW AVE,DAYTON,400,Commercial vacant land,C,0000.00000,000000000110.00,000000000000.00,N,,,Y,39113-001200-1,39.77000899300136,-84.1977708486121
R72 06403 0005,both,DAYTON CITY OF,112 120 SHAW AVE,DAYTON,400,Commercial vacant land,C,0000.00000,000000000000.00,000000000000.00,N,,,Y,39113-001200-1,39.77035620551841,-84.19737226108997
R72 06403 0009,both,DAYTON CITY OF,106 SHAW AVE,DAYTON,400,Commercial vacant land,C,0000.00000,000000000000.00,000000000000.00,N,,,Y,39113-001200-1,39.770377767792795,-84.19690930406169
R72 06403 0010,both,CITY OF DAYTON,102 SHAW AVE,DAYTON,400,Commercial vacant land,C,0000.00000,000000000000.00,000000000000.00,N,,,Y,39113-001200-1,39.7705152743568,-84.19681746354848
R72 06404 0023,both,DAYTON CITY OF,17 PALMER ST,DAYTON,500,"Residential vacant land, lot",R,0000.00000,000000000000.00,000000000000.00,N,,,Y,39113-165200-2,39.76869116547189,-84.19912648372463
R72 06404 0036,city_layer_only,,,,,,,,,,N,,,N,,39.76895154613812,-84.19909780887393
R72 06404 0037,city_layer_only,,,,,,,,,,N,Public Works,Other,N,,39.76899593552263,-84.19896164601826
R72 06404 0038,city_layer_only,,,,,,,,,,N,,,N,,39.7690969446736,-84.19874505174215
R72 06404 0046,city_layer_only,,,,,,,,,,N,,,N,,39.76856595263207,-84.19921215574252
R72 06404 0063,both,DAYTON CITY OF,PALMER ST,DAYTON,500,"Residential vacant land, lot",R,0000.00700,000000000000.00,000000000000.00,N,Public Works,Other,Y,,39.76876793103297,-84.19904851285837
R72 06405 0001,both,CITY OF DAYTON,SHAW AVE,DAYTON,400,Commercial vacant land,C,0000.00000,000000013020.00,000000000000.00,N,,,Y,39113-001200-1,39.77055729063813,-84.19656943676804
R72 06405 0003,both,DAYTON CITY OF,36 40 SHAW AVE,DAYTON,640,"Exempt, owned by municipals",E,0000.13400,000000009740.00,000000000000.00,N,,,N,39113-001200-1,39.77053460215321,-84.19624153903209
R72 06405 0005,both,DAYTON CITY OF,SHAW AVE,DAYTON,400,Commercial vacant land,C,0000.13890,000000010160.00,000000000000.00,N,Public Works,Other,Y,39113-001200-1,39.770594255802344,-84.19591564585053
R72 06407 0086,both,DAYTON CITY OF,HERMAN AVE,DAYTON,400,Commercial vacant land,C,0000.15000,000000000000.00,000000000000.00,N,,,Y,39113-165200-2,39.76959483446211,-84.19534862732485
R72 06408 0053,both,DAYTON CITY OF,GREAT MIAMI BLVD,DAYTON,665,Exempt (unspecified),E,0000.00000,000000021180.00,000000000000.00,N,Public Works,Other,N,39113-165200-2,39.76539934204119,-84.19388589479188
R72 06408 0062,both,DAYTON CITY OF,GREAT MIAMI BLVD,DAYTON,665,Exempt (unspecified),E,0000.00000,000000001650.00,000000000000.00,N,Public Works,Other,N,39113-165200-2,39.7647899316522,-84.19424730862156
R72 06408 0065,county_only,DAYTON CITY OF,GREAT MIAMI BLVD,DAYTON,400,Commercial vacant land,C,0000.01700,000000000000.00,000000000000.00,N,,,Y,39113-165200-2,,
R72 06409 0001,both,DAYTON CITY OF,400 W RIVERVIEW AVE,DAYTON,640,"Exempt, owned by municipals",E,0005.18500,000000036300.00,000000002420.00,Y,Public Works,Other,N,39113-165200-2,39.76712353214519,-84.20037285281805
R72 06410 0010,both,DAYTON CITY OF,W MCPHERSON ST,DAYTON,500,"Residential vacant land, lot",R,0000.00000,000000012430.00,000000000000.00,N,,,Y,39113-165200-2,39.766956296203944,-84.19827789315126
R72 06411 0070,both,DAYTON CITY OF,RIVERVIEW AVE,DAYTON,665,Exempt (unspecified),E,0000.00000,000000050000.00,000000000000.00,N,Public Works,Other,N,39113-165200-2,39.76595740572971,-84.19665232434025
R72 06501 0006,county_only,DAYTON CITY OF,SABLE AVE,DAYTON,400,Commercial vacant land,C,0000.00000,000000000000.00,000000000000.00,N,,,Y,,,
R72 06501 0007,county_only,DAYTON CITY OF,SABLE AVE,DAYTON,400,Commercial vacant land,C,0000.03110,000000000000.00,000000000000.00,N,,,Y,,,
R72 06501 0017,county_only,DAYTON CITY OF,SABLE AVE,DAYTON,400,Commercial vacant land,C,0000.00000,000000000000.00,000000000000.00,N,,,Y,,,
R72 06501 0064,county_only,CITY OF DAYTON,SABLE AVE,DAYTON,400,Commercial vacant land,C,0000.02200,000000000000.00,000000000000.00,N,,,Y,,,
R72 06501 0067,county_only,CITY OF DAYTON,SABLE AVE,DAYTON,400,Commercial vacant land,C,0000.00000,000000000000.00,000000000000.00,N,,,Y,,,
R72 06501 0073,county_only,DAYTON CITY OF,SABLE AVE,DAYTON,400,Commercial vacant land,C,0000.18990,000000000000.00,000000000000.00,N,,,Y,,,
R72 06501 0074,county_only,DAYTON CITY OF,323 SALEM AVE,DAYTON,400,Commercial vacant land,C,0000.00120,000000000000.00,000000000000.00,N,,,Y,,,
R72 06501 0075,county_only,DAYTON CITY OF,333 SALEM AVE & FEDERAL,DAYTON,400,Commercial vacant land,C,0000.00340,000000000000.00,000000000000.00,N,,,Y,,,
R72 06501 0076,county_only,DAYTON CITY OF,SALEM AVE,DAYTON,640,"Exempt, owned by municipals",E,0000.00240,000000000000.00,000000000000.00,N,,,N,,,
R72 06501 0077,county_only,DAYTON CITY OF,SALEM AVE,DAYTON,640,"Exempt, owned by municipals",E,0000.00120,000000000000.00,000000000000.00,N,,,N,,,
R72 06503 0049,county_only,DAYTON CITY OF,GRAFTON AVE,DAYTON,640,"Exempt, owned by municipals",E,0000.00000,000000001180.00,000000002650.00,Y,,,N,,,
R72 06504 0059,county_only,DAYTON CITY OF,215 SALEM AVE,DAYTON,400,Commercial vacant land,C,0000.01230,000000000000.00,000000000000.00,N,,,Y,,,
R72 06504 0060,county_only,DAYTON CITY OF,SALEM AVE,DAYTON,400,Commercial vacant land,C,0000.00360,000000000000.00,000000000000.00,N,,,Y,,,
R72 06509 0011,both,DAYTON CITY OF,27 CENTRAL AVE,DAYTON,640,"Exempt, owned by municipals",E,0000.00000,000000070880.00,000000000000.00,N,,,N,39113-165200-1,39.76375999551085,-84.20483239814264
R72 06509 0087,both,DAYTON CITY OF,RIVERVIEW AVE,DAYTON,640,"Exempt, owned by municipals",E,0001.48850,000000031500.00,000000000000.00,N,Public Works,Other,N,39113-165200-1,39.76284587617098,-84.20420894542231
R72 06509 0092,county_only,CITY OF DAYTON,161 SALEM AVE,DAYTON,400,Commercial vacant land,C,0000.00400,000000000000.00,000000000000.00,N,,,Y,,,
R72 06601 0016,county_only,CITY OF DAYTON,818 FIVE OAKS AVE,DAYTON,620,"Exempt, owned by counties",E,0000.00000,000000004070.00,000000000000.00,N,,,N,39113-000900-1,39.77181978762973,-84.2109402211978
R72 06601 0027,county_only,DAYTON CITY OF,805 807 FIVE OAKS AVE,DAYTON,640,"Exempt, owned by municipals",E,0000.00000,000000004940.00,000000000000.00,N,,,N,39113-000900-1,39.77227634626314,-84.21051371773267
R72 06601 0050,county_only,CITY OF DAYTON,104 106 RICHMOND AVE,DAYTON,620,"Exempt, owned by counties",E,0000.00000,000000005180.00,000000000000.00,N,,,N,39113-000900-3,39.77114010969062,-84.20991297587723
R72 06601 0053,county_only,CITY OF DAYTON,116 RICHMOND AVE,DAYTON,640,"Exempt, owned by municipals",E,0000.00000,000000005180.00,000000000000.00,N,,,N,39113-000900-3,39.771455347441,-84.20994916267625
R72 06601 0067,county_only,DAYTON CITY OF,133 WROE AVE,DAYTON,640,"Exempt, owned by municipals",E,0000.00000,000000005180.00,000000000000.00,N,,,N,39113-000900-3,39.77189939245531,-84.20925195306104
R72 06602 0022,county_only,DAYTON CITY OF,21 23 BELLEVUE AVE,DAYTON,640,"Exempt, owned by municipals",E,0000.00000,000000005700.00,000000000000.00,N,,,N,39113-000900-1,39.77133297061044,-84.21174666993471
R72 06602 0025,county_only,DAYTON CITY OF,920 922 FIVE OAKS AVE,DAYTON,640,"Exempt, owned by municipals",E,0000.00000,000000005340.00,000000000000.00,N,,,N,39113-000900-1,39.77166461363829,-84.21235262108756
R72 06602 0026,county_only,CITY OF DAYTON,916 918 FIVE OAKS AVE,DAYTON,620,"Exempt, owned by counties",E,0000.00000,000000004010.00,000000000000.00,N,,,N,39113-000900-1,39.77166928329851,-84.21222103752994
R72 06602 0027,county_only,DAYTON CITY OF,912 914 FIVE OAKS AVE,DAYTON,640,"Exempt, owned by municipals",E,0000.00000,000000005360.00,000000000000.00,N,,,N,39113-000900-1,39.77168518503483,-84.2120720061327
R72 06602 0031,county_only,CITY OF DAYTON,939 FIVE OAKS AVE,DAYTON,640,"Exempt, owned by municipals",E,0000.00000,000000006560.00,000000000000.00,N,,,N,39113-000900-1,39.771998951486346,-84.21295864434282
R72 06602 0032,county_only,CITY OF DAYTON,933 935 FIVE OAKS AVE,DAYTON,640,"Exempt, owned by municipals",E,0000.00000,000000005000.00,000000000000.00,N,,,N,39113-000900-1,39.77202261657629,-84.21284175231574
R72 06602 0034,county_only,CITY OF DAYTON,925 FIVE OAKS AVE,DAYTON,640,"Exempt, owned by municipals",E,0000.00000,000000003750.00,000000000000.00,N,,,N,39113-000900-1,39.772043397277685,-84.21254691603465
R72 06602 0038,both,DAYTON CITY OF,909 911 FIVE OAKS AVE,DAYTON,640,"Exempt, owned by municipals",E,0000.00000,000000004730.00,000000000000.00,N,,,N,39113-000900-1,39.77212542214662,-84.21200808429236
R72 06602 0039,county_only,CITY OF DAYTON,905 907 FIVE OAKS AVE,DAYTON,640,"Exempt, owned by municipals",E,0000.00000,000000004980.00,000000000000.00,N,,,N,39113-000900-1,39.77215032759579,-84.21180942724224
R72 06602 0056,county_only,DAYTON CITY OF,960 HARVARD BLVD,DAYTON,640,"Exempt, owned by municipals",E,0000.00000,000000004100.00,000000000000.00,N,,,N,39113-000900-1,39.77219059024392,-84.2135112284669
R72 06606 0011,both,DAYTON CITY OF,GRAND AVE,DAYTON,640,"Exempt, owned by municipals",E,0000.00000,000000000530.00,000000000000.00,N,,,N,39113-000900-4,39.76831126793112,-84.20959073898587
R72 06606 0050,county_only,DAYTON CITY OF,729 W GRAND AVE,DAYTON,400,Commercial vacant land,C,0000.00010,000000000000.00,000000000000.00,N,,,Y,,,
R72 06607 0020,county_only,CITY OF DAYTON OHIO,17 ROCKWOOD AVE,DAYTON,500,"Residential vacant land, lot",R,0000.00000,000000006320.00,000000000000.00,N,,,Y,39113-000900-4,39.76977716634943,-84.20622168643963
R72 06608 0001,both,DAYTON CITY OF,50 52 WROE AVE,DAYTON,500,"Residential vacant land, lot",R,0000.00000,000000003060.00,000000000000.00,N,Public Works,Other,Y,39113-000900-4,39.77080387507292,-84.20868423949027
R72 06608 0036,both,DAYTON CITY OF,2 10 RICHMOND AVE,DAYTON,400,Commercial vacant land,C,0000.00000,000000003980.00,000000000000.00,N,,,Y,39113-000900-4,39.769632590560775,-84.20991865229834
R72 06608 0037,county_only,CITY OF DAYTON,721 723 NORTH AVE,DAYTON,640,"Exempt, owned by municipals",E,0000.00000,000000002620.00,000000000000.00,N,,,N,39113-000900-4,39.76942334729739,-84.2097682977003
R72 06608 0043,county_only,DAYTON CITY OF,18 RICHMOND AVE,DAYTON,640,"Exempt, owned by municipals",E,0000.00000,000000005280.00,000000000000.00,N,,,N,39113-000900-4,39.76978496198802,-84.20982631659204
R72 06608 0054,county_only,DAYTON CITY OF,21 23 WROE AVE,DAYTON,640,"Exempt, owned by municipals",E,0000.00000,000000005080.00,000000000000.00,N,,,N,39113-000900-4,39.76992085592005,-84.20917140912609
R72 06608 0056,both,CITY OF DAYTON,29 WROE AVE,DAYTON,500,"Residential vacant land, lot",R,0000.00000,000000002860.00,000000000000.00,N,,,Y,39113-000900-4,39.77012373795516,-84.2091906108718
R72 06608 0058,county_only,CITY OF DAYTON,37 39 WROE AVE,DAYTON,640,"Exempt, owned by municipals",E,0000.00000,000000005080.00,000000000000.00,N,,,N,39113-000900-4,39.77035166648122,-84.20918908940584
R72 06612 0029,both,CITY OF DAYTON,836 838 NEAL AVE,DAYTON,500,"Residential vacant land, lot",R,0000.00000,000000003390.00,000000000000.00,N,,,Y,39113-000900-4,39.77051606956721,-84.21143743941077
R72 06612 0035,county_only,CITY OF DAYTON,43 RICHMOND AVE,DAYTON,640,"Exempt, owned by municipals",E,0000.00000,000000005500.00,000000000000.00,N,,,N,39113-000900-4,39.770375082449426,-84.2104065837684
R72 06612 0037,county_only,DAYTON CITY OF,53 RICHMOND AVE,DAYTON,640,"Exempt, owned by municipals",E,0000.00000,000000004150.00,000000000000.00,N,,,N,39113-000900-4,39.770570359669435,-84.21038286966184
R72 06701 0018,county_only,CITY OF DAYTON,314 316 GEYER ST,DAYTON,640,"Exempt, owned by municipals",E,0000.00000,000000006880.00,000000000000.00,N,,,N,39113-001200-1,39.770682618990634,-84.19852950898837
R72 06701 0020,county_only,CITY OF DAYTON,312 GEYER ST,DAYTON,640,"Exempt, owned by municipals",E,0000.00000,000000006400.00,000000000000.00,N,,,N,39113-001200-1,39.770626507457536,-84.19842495307199
R72 06701 0023,both,DAYTON CITY OF,W GREAT MIAMI BLVD,DAYTON,640,"Exempt, owned by municipals",E,0000.00000,000000003400.00,000000000000.00,N,,,N,39113-001200-1,39.770829602466264,-84.1981630709589
R72 06701 0029,county_only,CITY OF DAYTON OHIO,W GREAT MIAMI BLVD,DAYTON,640,"Exempt, owned by municipals",E,0000.00000,000000006870.00,000000000000.00,N,,,N,39113-001200-1,39.77124170241283,-84.19784570837315
R72 06701 0038,both,DAYTON CITY OF,W GREAT MIAMI BLVD,DAYTON,640,"Exempt, owned by municipals",E,0000.00000,000000002530.00,000000000000.00,N,,,N,39113-001200-1,39.77191589072232,-84.19736758409465
R72 06703 0006,county_only,DAYTON CITY OF,32 FIVE OAKS AVE,DAYTON,640,"Exempt, owned by municipals",E,0000.00000,000000007750.00,000000000000.00,N,,,N,39113-001200-1,39.77341251244224,-84.19981658984516
R72 06703 0008,county_only,DAYTON CITY OF,24 FIVE OAKS AVE,DAYTON,640,"Exempt, owned by municipals",E,0000.00000,000000007750.00,000000000000.00,N,,,N,39113-001200-1,39.77353359971596,-84.19963822827513
R72 06703 0011,county_only,DAYTON CITY OF,65 WARDER ST,DAYTON,620,"Exempt, owned by counties",E,0000.00000,000000010000.00,000000000000.00,N,,,N,39113-001200-1,39.772363759860475,-84.19999382752573
R72 06703 0013,county_only,CITY OF DAYTON,59 WARDER ST,DAYTON,620,"Exempt, owned by counties",E,0000.00000,000000006360.00,000000000000.00,N,,,N,39113-001200-1,39.77250225151609,-84.19991185559931
R72 06703 0018,county_only,DAYTON CITY OF,47 WARDER ST,DAYTON,620,"Exempt, owned by counties",E,0000.00000,000000006490.00,000000000000.00,N,,,N,39113-001200-1,39.7727209593087,-84.19960044706052
R72 06703 0044,county_only,DAYTON CITY OF,60 WARDER ST,DAYTON,620,"Exempt, owned by counties",E,0000.00000,000000006310.00,000000000000.00,N,,,N,39113-001200-1,39.77223203557277,-84.19960991650566
R72 06703 0080,both,DAYTON CITY OF,NEAL AVE,DAYTON,640,"Exempt, owned by municipals",E,0000.00000,000000003090.00,000000000000.00,N,Planning,Surplus,Y,39113-001200-1,39.77230703219004,-84.19824030070882
R72 06704 0001,both,DAYTON CITY OF,560 FOREST AVE,DAYTON,640,"Exempt, owned by municipals",E,0000.00000,000000008000.00,000000000000.00,N,,,N,39113-001200-1,39.77451595726634,-84.20191812089625
R72 06704 0002,both,DAYTON CITY OF,FOREST AVE,DAYTON,640,"Exempt, owned by municipals",E,0000.00000,000000008000.00,000000000000.00,N,,,N,39113-001200-1,39.774406582790554,-84.20189105016682
R72 06704 0003,both,DAYTON CITY OF,550 FOREST AVE,DAYTON,640,"Exempt, owned by municipals",E,0000.00000,000000008000.00,000000000000.00,N,,,N,39113-001200-1,39.77430806026105,-84.2018631949017
R72 06704 0004,both,DAYTON CITY OF,FOREST AVE,DAYTON,640,"Exempt, owned by municipals",E,0000.00000,000000008800.00,000000000000.00,N,,,N,39113-001200-1,39.774235710686284,-84.2018024897624
R72 06704 0007,county_only,DAYTON CITY OF,553 BRIGHTWOOD AVE,DAYTON,640,"Exempt, owned by municipals",E,0000.00000,000000006730.00,000000000000.00,N,,,N,39113-001200-1,39.77446378326687,-84.20134502365711
R72 06704 0010,county_only,DAYTON CITY OF,541 BRIGHTWOOD AVE,DAYTON,640,"Exempt, owned by municipals",E,0000.00000,000000005980.00,000000000000.00,N,,,N,39113-001200-1,39.774203152739936,-84.20127213678474
R72 06704 0011,county_only,CITY OF DAYTON,20 HELENA ST,DAYTON,640,"Exempt, owned by municipals",E,0000.00000,000000004490.00,000000000000.00,N,,,N,39113-001200-1,39.77476467844722,-84.20102797986294
R72 06704 0017,county_only,DAYTON CITY OF,562 BRIGHTWOOD AVE,DAYTON,640,"Exempt, owned by municipals",E,0000.00000,000000006130.00,000000003520.00,Y,,,N,39113-001200-1,39.77466645113376,-84.20101083051411
R72 06704 0054,city_layer_only,,,,,,,,,,N,,,N,,39.775065061929546,-84.20060067118906
R72 06704 0055,county_only,DAYTON CITY OF,HELENA ST,DAYTON,640,"Exempt, owned by municipals",E,0000.13100,000000010000.00,000000000000.00,N,,,N,39113-001200-1,39.77492266338731,-84.20079658847412
R72 06709 0007,county_only,DAYTON CITY OF,636 638 FOREST AVE,DAYTON,640,"Exempt, owned by municipals",E,0000.00000,000000006540.00,000000000000.00,N,,,N,39113-001200-1,39.77563169111032,-84.2022300695959
R72 06709 0026,county_only,CITY OF DAYTON,632 634 FOREST AVE,DAYTON,640,"Exempt, owned by municipals",E,0000.00000,000000007280.00,000000000000.00,N,,,N,39113-001200-1,39.775492310130794,-84.2021874843253
R72 06709 0037,both,DAYTON CITY OF,N MAIN ST,DAYTON,650,,E,0001.72280,000000129600.00,000000000440.00,Y,Public Works,Other,N,39113-001200-1,39.775268619020935,-84.20114295500733
R72 06709 0038,both,DAYTON CITY OF,45 W HELENA ST,DAYTON,650,,E,0000.39720,000000038930.00,000000000000.00,N,Public Works,Other,N,39113-001200-1,39.7755105403741,-84.20138768670235
R72 06710 0004,both,DAYTON CITY OF,SQUIRREL RD,DAYTON,640,"Exempt, owned by municipals",E,0001.00000,000000022000.00,000000020600.00,Y,Public Works,Other,N,39113-000900-3,39.77358802141362,-84.20414246837998
R72 06710 0005,both,DAYTON CITY OF,SQUIRREL RD,DAYTON,640,"Exempt, owned by municipals",E,0003.58000,000000039380.00,000000000000.00,N,Public Works,Other,N,39113-000900-3,39.772635313627646,-84.20466300009649
R72 06710 0017,both,DAYTON CITY OF,345 FIVE OAKS AVE,DAYTON,640,"Exempt, owned by municipals",E,0000.00000,000000004700.00,000000000000.00,N,Public Works,Other,N,39113-000900-3,39.77266461831414,-84.20502611803462
R72 06710 0019,both,DAYTON CITY OF,926 OLD ORCHARD AVE,DAYTON,400,Commercial vacant land,C,0000.00000,000000005800.00,000000000000.00,N,,,Y,39113-000900-3,39.773009397908524,-84.20506248374122
R72 06711 0015,both,DAYTON CITY OF,546 548 FOREST AVE,DAYTON,640,"Exempt, owned by municipals",E,0000.00000,000000014400.00,000000000000.00,N,,,N,39113-001200-1,39.77414668724864,-84.20182013234316
R72 06711 0021,both,DAYTON CITY OF,520 522 FOREST AVE,DAYTON,640,"Exempt, owned by municipals",E,0000.00000,000000013430.00,000000000000.00,N,Planning,Surplus,Y,39113-001200-1,39.77353918231035,-84.20168076162693
R72 06711 0026,both,CITY OF DAYTON,108 FIVE OAKS AVE,DAYTON,640,"Exempt, owned by municipals",E,0000.00000,000000004250.00,000000000000.00,N,,,N,39113-001200-1,39.77278893367302,-84.20059134400849
R72 06801 0001,county_only,DAYTON CITY OF,20 W BURTON AVE,DAYTON,620,"Exempt, owned by counties",E,0000.00000,000000005780.00,000000000000.00,N,,,N,39113-000900-2,39.77820263171455,-84.20500097421318
R72 06801 0002,county_only,DAYTON CITY OF,1528 1530 VIOLA AVE,DAYTON,620,"Exempt, owned by counties",E,0000.00000,000000003310.00,000000000000.00,N,,,N,39113-000900-2,39.777994528337,-84.20496031456804
R72 06801 0049,county_only,DAYTON CITY OF,1505 1507 VIOLA AVE,DAYTON,620,"Exempt, owned by counties",E,0000.00000,000000007850.00,000000000000.00,N,,,N,39113-000900-2,39.77729448450451,-84.20532752272197
R72 06801 0054,county_only,DAYTON CITY OF,1529 VIOLA AVE,DAYTON,620,"Exempt, owned by counties",E,0000.00000,000000006300.00,000000000000.00,N,,,N,39113-000900-2,39.777950213788465,-84.20536491448243
R72 06802 0015,both,CITY OF DAYTON,724 ROCKFORD AVE,DAYTON,640,"Exempt, owned by municipals",E,0000.00000,000000004450.00,000000000000.00,N,,,N,39113-000900-2,39.77868512729805,-84.20638307285218
R72 06804 0016,county_only,DAYTON CITY OF,639 ROCKFORD AVE,DAYTON,620,"Exempt, owned by counties",E,0000.00000,000000009260.00,000000000000.00,N,,,N,39113-000900-2,39.777836210454055,-84.20659339929969
R72 06804 0017,county_only,DAYTON CITY OF,635 637 ROCKFORD AVE,DAYTON,620,"Exempt, owned by counties",E,0000.00000,000000007370.00,000000000000.00,N,,,N,39113-000900-2,39.77772882268389,-84.20661210744507
R72 06806 0002,both,DAYTON CITY OF,265 DELAWARE AVE,DAYTON,640,"Exempt, owned by municipals",E,0000.00000,000000008590.00,000000000000.00,N,,,N,39113-000802-3,39.77730940271009,-84.20976191758979
R72 06806 0036,both,DAYTON CITY OF,276 DELAWARE AVE,DAYTON,640,"Exempt, owned by municipals",E,0000.00000,000000006100.00,000000006670.00,Y,Planning,Surplus,N,39113-000900-2,39.77690912142934,-84.20990863835553
R72 06806 0043,both,DAYTON CITY OF,281 DELAWARE AVE,DAYTON,640,"Exempt, owned by municipals",E,0000.00000,000000003200.00,000000000000.00,N,,,N,39113-000802-3,39.77730958686878,-84.21012486506766
R72 06806 0049,both,DAYTON CITY OF,274 DELAWARE AVE,DAYTON,640,"Exempt, owned by municipals",E,0000.00000,000000006080.00,000000006920.00,Y,Planning,Surplus,N,39113-000900-2,39.77697785111341,-84.2099032128068
R72 06807 0047,county_only,DAYTON OHIO CITY OF,215 ROCKWOOD AVE,DAYTON,640,"Exempt, owned by municipals",E,0000.00000,000000007810.00,000000005730.00,Y,,,N,39113-000900-3,39.772758488552284,-84.20664339419629
R72 06808 0014,both,CITY OF DAYTON,300 RICHMOND AVE,DAYTON,640,"Exempt, owned by municipals",E,0000.00000,000000010480.00,000000000000.00,N,Planning,Surplus,Y,39113-000900-3,39.772915659385625,-84.20998144689347
R72 06901 0026,county_only,DAYTON CITY OF,1051 SALEM AVE,DAYTON,640,"Exempt, owned by municipals",E,0000.00000,000000008770.00,000000000000.00,N,,,N,39113-000900-1,39.77438790849447,-84.21594955274809
R72 06901 0037,county_only,DAYTON CITY OF,1131 1133 SALEM AVE,DAYTON,400,Commercial vacant land,C,0000.00110,000000000000.00,000000000000.00,N,,,Y,,,
R72 06903 0077,city_layer_only,,,,,,,,,,N,,,N,,39.77552887345663,-84.21060068844228
R72 06904 0025,county_only,DAYTON CITY OF,1047 1049 REDFERN AVE,DAYTON,620,"Exempt, owned by counties",E,0000.00000,000000008770.00,000000000000.00,N,,,N,39113-000900-1,39.77472808105694,-84.2146590787201
R72 06904A0013,county_only,DAYTON CITY OF,909 FERNDALE AVE,DAYTON,640,"Exempt, owned by municipals",E,0000.00000,000000007720.00,000000000000.00,N,,,N,39113-000900-1,39.77484228506148,-84.21211041314488
R72 06905 0001,county_only,DAYTON CITY OF,1017 1019 SALEM AVE,DAYTON,640,"Exempt, owned by municipals",E,0000.00000,000000005900.00,000000000000.00,N,,,N,39113-000900-1,39.77370136153458,-84.21520667708873
R72 06905 0002,county_only,DAYTON CITY OF,1005 SALEM AVE,DAYTON,640,"Exempt, owned by municipals",E,0000.00000,000000004690.00,000000000000.00,N,,,N,39113-000900-1,39.77346346221692,-84.2150255132022
R72 06905 0006,county_only,DAYTON CITY OF,927 SALEM AVE,DAYTON,640,"Exempt, owned by municipals",E,0000.00000,000000005500.00,000000000000.00,N,,,N,39113-000900-1,39.772874187406586,-84.2145031471051
R72 06905 0022,county_only,DAYTON CITY OF,933 SALEM AVE,DAYTON,640,"Exempt, owned by municipals",E,0000.00000,000000004130.00,000000000000.00,N,,,N,39113-000900-1,39.77296365809525,-84.21458358767565
R72 06908 0005,county_only,DAYTON CITY OF,813 815 HARVARD BLVD,DAYTON,640,"Exempt, owned by municipals",E,0000.00000,000000004190.00,000000000000.00,N,,,N,39113-000900-1,39.773129508167095,-84.21075533207204
R72 06908 0007,both,DAYTON CITY OF,801 803 HARVARD BLVD,DAYTON,640,"Exempt, owned by municipals",E,0000.00000,000000002970.00,000000000000.00,N,Planning,Surplus,Y,39113-000900-1,39.77316141332276,-84.21045003720997
R72 06908 0014,county_only,CITY OF DAYTON,802 804 MANHATTAN AVE,DAYTON,640,"Exempt, owned by municipals",E,0000.00000,000000009510.00,000000000000.00,N,,,N,39113-000900-1,39.773682736188434,-84.21047712012951
R72 06908 0019,city_layer_only,,,,,,,,,,N,Planning,Surplus,Y,,39.77405348106686,-84.21084914858695
R72 06911 0007,both,CITY OF DAYTON,1217 SALEM AVE,DAYTON,640,"Exempt, owned by municipals",E,0000.59300,000000023250.00,000000000000.00,N,Planning,Surplus,Y,39113-000900-1,39.776400342391334,-84.21765027547842
R72 06911 0061,county_only,DAYTON CITY OF,1301 SALEM AVE,DAYTON,500,"Residential vacant land, lot",R,0000.00050,000000005020.00,000000000000.00,N,,,Y,,,
R72 07001 0002,both,DAYTON CITY OF,115 FOUNTAIN AVE,DAYTON,640,"Exempt, owned by municipals",E,0000.00000,000000003780.00,000000000000.00,N,,,N,39113-000802-3,39.77842597939849,-84.21020567829424
R72 07001 0007,both,DAYTON CITY OF,95 FOUNTAIN AVE,DAYTON,640,"Exempt, owned by municipals",E,0000.00000,000000004130.00,000000000000.00,N,Planning,Surplus,Y,39113-000802-3,39.7788060410738,-84.20969708163024
R72 07001 0028,both,DAYTON CITY OF,119 FOUNTAIN AVE,DAYTON,640,"Exempt, owned by municipals",E,0000.00000,000000002970.00,000000000000.00,N,Public Works,Other,N,39113-000802-3,39.77837831226473,-84.21027208277181
R72 07001 0029,both,DAYTON CITY OF,804 RICHMOND AVE,DAYTON,640,"Exempt, owned by municipals",E,0000.00000,000000002330.00,000000000000.00,N,,,N,39113-000802-3,39.777403902979685,-84.21034185691344
R72 07003 0003,county_only,CITY OF DAYTON,1247 1253 LINDA VISTA AVE,DAYTON,640,"Exempt, owned by municipals",E,0000.00000,000000010000.00,000000000000.00,N,,,N,39113-000802-1,39.781219635199335,-84.21600186336369
R72 07005 0007,both,DAYTON CITY OF,128 132 SANTA CLARA AVE,DAYTON,640,"Exempt, owned by municipals",E,0000.00000,000000040000.00,000000000000.00,N,Public Works,Other,N,39113-000802-3,39.780574423062355,-84.21162496124269
R72 07005 0034,both,DAYTON CITY OF,132 134 NIAGARA AVE,DAYTON,500,"Residential vacant land, lot",R,0000.00000,000000010200.00,000000000000.00,N,,,Y,39113-000802-3,39.779750109802755,-84.21185029339266
R72 07006 0003,both,DAYTON CITY OF,157 159 VICTOR AVE,DAYTON,500,"Residential vacant land, lot",R,0000.00000,000000010630.00,000000000000.00,N,,,Y,39113-000802-3,39.77918580755839,-84.21269760254162
R72 07006 0004,both,DAYTON CITY OF,153 VICTOR AVE,DAYTON,500,"Residential vacant land, lot",R,0000.00000,000000004620.00,000000000000.00,N,,,Y,39113-000802-3,39.77910865542286,-84.21252848465382
R72 07006 0018,both,DAYTON CITY OF,1009 1011 RICHMOND AVE,DAYTON,640,"Exempt, owned by municipals",E,0000.00000,000000007510.00,000000000000.00,N,,,N,39113-000802-3,39.77928972039586,-84.21098168087882
R72 07006 0021,both,DAYTON CITY OF,1005 RICHMOND AVE,DAYTON,640,"Exempt, owned by municipals",E,0000.00000,000000003400.00,000000000000.00,N,Public Works,Other,N,39113-000802-3,39.779194105481515,-84.21097980862336
R72 07006 0052,both,CITY OF DAYTON,235 FOUNTAIN AVE,DAYTON,640,"Exempt, owned by municipals",E,0000.00000,000000008720.00,000000000000.00,N,Public Works,Other,N,39113-000802-3,39.77817712773682,-84.2118258670989
R72 07006 0063,both,DAYTON CITY OF,917 RICHMOND AVE,DAYTON,640,"Exempt, owned by municipals",E,0000.00000,000000000930.00,000000000000.00,N,,,N,39113-000802-3,39.778615887871666,-84.2108263339661
R72 07007 0009,both,DAYTON CITY OF,26 28 SANTA CLARA AVE,DAYTON,640,"Exempt, owned by municipals",E,0000.00000,000000007340.00,000000000000.00,N,Public Works,Other,N,39113-000802-3,39.78076266847321,-84.20926302001442
R72 07007 0031,both,DAYTON CITY OF,18 VICTOR AVE,DAYTON,640,"Exempt, owned by municipals",E,0000.00000,000000003510.00,000000000000.00,N,,,N,39113-000802-3,39.78057819973728,-84.20854674129916
R72 07007 0051,both,DAYTON CITY OF,18 VICTOR AVE,DAYTON,640,"Exempt, owned by municipals",E,0000.00000,000000000390.00,000000000000.00,N,Public Works,Other,N,39113-000802-3,39.780428833801025,-84.20836143852557
R72 07007 0056,both,DAYTON CITY OF,928 RICHMOND AVE,DAYTON,640,"Exempt, owned by municipals",E,0000.00000,000000008730.00,000000000000.00,N,Public Works,Other,N,39113-000802-3,39.77891779704549,-84.21037074500619
R72 07008 0033,both,DAYTON CITY OF,303 DELAWARE AVE,DAYTON,640,"Exempt, owned by municipals",E,0000.00000,000000009360.00,000000000000.00,N,,,N,39113-000802-3,39.77737369067538,-84.210739768795
R72 07008 0050,city_layer_only,,,,,,,,,,N,,,N,,39.7769161488182,-84.21074512183324
R72 07010 0042,both,CITY OF DAYTON,220 VICTOR AVE,DAYTON,640,"Exempt, owned by municipals",E,0000.00000,000000008720.00,000000000000.00,N,Public Works,Other,N,39113-000802-3,39.77876642295904,-84.21396132371713
R72 07010 0043,both,CITY OF DAYTON,212 VICTOR AVE,DAYTON,640,"Exempt, owned by municipals",E,0000.00000,000000005010.00,000000000000.00,N,,,N,39113-000802-3,39.778683102659535,-84.21380525270911
R72 07010 0045,both,CITY OF DAYTON,VICTOR AVE,DAYTON,640,"Exempt, owned by municipals",E,0000.00000,000000005010.00,000000000000.00,N,,,N,39113-000802-3,39.77876239550177,-84.21353903497794
R72 07010 0046,both,CITY OF DAYTON,VICTOR AVE,DAYTON,640,"Exempt, owned by municipals",E,0000.00000,000000012500.00,000000000000.00,N,,,N,39113-000802-3,39.77868854015703,-84.21337829549542
R72 07010 0047,both,CITY OF DAYTON,VICTOR AVE,DAYTON,640,"Exempt, owned by municipals",E,0000.00000,000000012500.00,000000000000.00,N,,,N,39113-000802-3,39.778690352708416,-84.21323597645097
R72 07011 0029,county_only,CITY OF DAYTON OHIO,DELAWARE AVE,DAYTON,640,"Exempt, owned by municipals",E,0000.00000,000000008390.00,000000000000.00,N,,,N,39113-000802-3,39.77730803185104,-84.21492186264744
R72 07011 0049,city_layer_only,,,,,,,,,,N,,,N,,39.776840245084884,-84.21517720322517
R72 07101 0002,both,CITY OF DAYTON,VICTOR AVE,DAYTON,640,"Exempt, owned by municipals",E,0000.00000,000000007660.00,000000000000.00,N,,,N,39113-000802-3,39.78050689154169,-84.20821192953031
R72 07102 0014,both,CITY OF DAYTON,2301 N MAIN ST,DAYTON,400,Commercial vacant land,C,0000.13700,000000018800.00,000000000000.00,N,Public Works,Other,Y,39113-000801-2,39.78494445493153,-84.21077144220344
R72 07102 0033,both,DAYTON CITY OF,2309 N MAIN ST,DAYTON,400,Commercial vacant land,C,0000.09190,000000002840.00,000000000000.00,N,Public Works,Other,Y,39113-000801-2,39.78509396667697,-84.21087476720628
R72 07103 0004,both,CITY OF DAYTON,2613 2615 N MAIN ST,DAYTON,640,"Exempt, owned by municipals",E,0000.00000,000000010000.00,000000000000.00,N,Planning,Surplus,Y,39113-000801-2,39.787932710449276,-84.21278100519588
R72 07103 0005,both,CITY OF DAYTON,2609 2611 N MAIN ST,DAYTON,640,"Exempt, owned by municipals",E,0000.00000,000000006950.00,000000000000.00,N,,,N,39113-000801-2,39.78782128692912,-84.21270350830318
R72 07103 0009,both,CITY OF DAYTON,2521 2523 N MAIN ST,DAYTON,640,"Exempt, owned by municipals",E,0000.00000,000000006950.00,000000000000.00,N,Planning,Surplus,Y,39113-000801-2,39.7873835223081,-84.21240800365607
R72 07103 0010,county_only,DAYTON CITY OF,2517 N MAIN ST,DAYTON,640,"Exempt, owned by municipals",E,0000.00000,000000006950.00,000000000000.00,N,,,N,39113-000801-2,39.7872584928025,-84.21231956040505
R72 07108 0004,both,DAYTON CITY OF,2213 2215 N MAIN ST,DAYTON,640,"Exempt, owned by municipals",E,0000.44000,000000057500.00,000000751010.00,Y,Public Works,Operations,N,39113-000802-2,39.78443517220372,-84.21067525212369
R72 07108 0007,both,DAYTON CITY OF,FAIRVIEW AVE,DAYTON,640,"Exempt, owned by municipals",E,0000.00000,000000014680.00,000000007800.00,Y,Public Works,Other,N,39113-000802-2,39.78456962193085,-84.21105763542401
R72 07108 0027,both,CITY OF DAYTON,16 18 W NORMAN AVE,DAYTON,400,Commercial vacant land,C,0000.00000,000000006560.00,000000000000.00,N,Public Works,Other,Y,39113-000802-2,39.78369107986364,-84.21048438964958
R72 07108 0028,both,CITY OF DAYTON,18 W NORMAN AVE,DAYTON,400,Commercial vacant land,C,0000.00000,000000002630.00,000000000000.00,N,,,Y,39113-000802-2,39.78340547414859,-84.21029062830246
R72 07108 0070,both,CITY OF DAYTON,2109 N MAIN ST,DAYTON,640,"Exempt, owned by municipals",E,0000.00000,000000017460.00,000000000000.00,N,Planning,Surplus,Y,39113-000802-2,39.78301619617714,-84.20946741196734
R72 07109 0016,both,CITY OF DAYTON,8 10 HUDSON AVE,DAYTON,640,"Exempt, owned by municipals",E,0000.00000,000000004370.00,000000000000.00,N,,,N,39113-000802-2,39.782644247331135,-84.20973804890423
R72 07109 0031,both,DAYTON CITY OF,29 MARATHON AVE,DAYTON,640,"Exempt, owned by municipals",E,0000.00000,000000008450.00,000000011850.00,Y,Public Works,Other,N,39113-000802-2,39.78204802546234,-84.20961840152889
R72 07201 0001,county_only,DAYTON CITY OF,1632 SALEM AVE,DAYTON,640,"Exempt, owned by municipals",E,0000.00000,000000001350.00,000000000000.00,N,,,N,39113-000500-5,39.779332584515736,-84.22140582078029
R72 07201 0018,both,DAYTON CITY OF,1612 14 SALEM AVE,DAYTON,500,"Residential vacant land, lot",R,0000.00000,000000005130.00,000000000000.00,N,,,Y,39113-000500-5,39.77910699140917,-84.22103971170353
R72 07201 0031,county_only,CITY OF DAYTON,1020 CUMBERLAND AVE,DAYTON,640,"Exempt, owned by municipals",E,0000.00000,000000004280.00,000000000000.00,N,,,N,39113-000500-5,39.77839117557658,-84.22100538250855
R72 07203 0024,both,CITY OF DAYTON,1202 KENYON PL,DAYTON,640,"Exempt, owned by municipals",E,0000.10800,000000004490.00,000000000000.00,N,Planning,Surplus,Y,39113-000600-2,39.77570339594085,-84.21855118915683
R72 07304 0018,county_only,DAYTON CITY OF,SALEM AVE,DAYTON,500,"Residential vacant land, lot",R,0000.00140,000000000000.00,000000000000.00,N,,,Y,,,
R72 07304 0019,county_only,DAYTON CITY OF,SALEM AVE,DAYTON,500,"Residential vacant land, lot",R,0000.00110,000000000000.00,000000000000.00,N,,,Y,,,
R72 07305 0014,both,CITY OF DAYTON,AMHERST PL,DAYTON,620,"Exempt, owned by counties",E,0000.00000,000000004340.00,000000000520.00,Y,Public Works,Other,N,39113-000600-2,39.771376800674425,-84.21719986025317
R72 07305 0017,both,CITY OF DAYTON,AMHERST PL,DAYTON,620,"Exempt, owned by counties",E,0000.00000,000000003140.00,000000000000.00,N,Public Works,Other,N,39113-000600-2,39.77120804349087,-84.21711729295278
R72 07305 0018,both,CITY OF DAYTON,AMHERST PL,DAYTON,620,"Exempt, owned by counties",E,0000.00000,000000010740.00,000000000000.00,N,Public Works,Other,N,39113-000600-2,39.77162668069137,-84.21681381236273
R72 07307 0020,city_layer_only,,,,,,,,,,N,Planning,Surplus,Y,,39.770658374471246,-84.21318896094569
R72 07308 0024,both,DAYTON CITY OF,622 SALEM AVE,DAYTON,640,"Exempt, owned by municipals",E,0000.00000,000000012960.00,000000000000.00,N,,,N,39113-001000-1,39.769690947845916,-84.21231122598715
R72 07308 0025,both,DAYTON CITY OF,616 SALEM AVE,DAYTON,640,"Exempt, owned by municipals",E,0000.00000,000000016200.00,000000000000.00,N,,,N,39113-001000-1,39.769582006322224,-84.21225159166153
R72 07401 0037,county_only,DAYTON CITY OF,SALEM & LEXINGTON,DAYTON,400,Commercial vacant land,C,0000.00020,000000000000.00,000000000000.00,N,,,Y,,,
R72 07402 0036,both,DAYTON CITY OF,1021 BROADWAY ST,DAYTON,500,"Residential vacant land, lot",R,0000.00000,000000001860.00,000000000000.00,N,,,Y,39113-000700-4,39.767671737169366,-84.21538207858326
R72 07403 0017,both,DAYTON CITY OF,903 N BROADWAY ST,DAYTON,640,"Exempt, owned by municipals",E,0000.00000,000000001840.00,000000000000.00,N,,,N,39113-000700-4,39.76581837276341,-84.21556414922598
R72 07403 0018,both,DAYTON CITY OF,903 N BROADWAY ST,DAYTON,640,"Exempt, owned by municipals",E,0000.00000,000000001840.00,000000000000.00,N,,,N,39113-000700-4,39.7657200875779,-84.21554305737114
R72 07405 0053,both,CITY OF DAYTON,GEORGEANA CT,DAYTON,400,Commercial vacant land,C,0000.00000,000000000950.00,000000000000.00,N,,,Y,39113-001000-1,39.76638240173614,-84.2099905481432
R72 07405 0057,both,DAYTON CITY OF,SALEM AVE,DAYTON,640,"Exempt, owned by municipals",E,0000.12990,000000013580.00,000000000000.00,N,Public Works,Other,N,39113-001000-1,39.767059488285454,-84.20993735159743
R72 07405 0058,both,DAYTON CITY OF,424 SALEM AVE,DAYTON,640,"Exempt, owned by municipals",E,0000.12990,000000013580.00,000000000000.00,N,Public Works,Other,N,39113-001000-1,39.76697295901005,-84.20984626933763
R72 07405 0093,county_only,DAYTON CITY OF,SALEM AVE,DAYTON,400,Commercial vacant land,C,0000.01560,000000000000.00,000000000000.00,N,,,Y,,,
R72 07405 0094,county_only,DAYTON CITY OF,SALEM AVE,DAYTON,400,Commercial vacant land,C,0000.00180,000000000000.00,000000000000.00,N,,,Y,,,
R72 07405 0095,county_only,DAYTON CITY OF,438 SALEM & GRAND,DAYTON,400,Commercial vacant land,C,0000.00390,000000000000.00,000000000000.00,N,,,Y,,,
R72 07405 0096,county_only,DAYTON CITY OF,402 404 SALEM AVE,DAYTON,400,Commercial vacant land,C,0000.00150,000000000000.00,000000000000.00,N,,,Y,,,
R72 07405 0097,county_only,DAYTON CITY OF,418 SALEM AVE,DAYTON,400,Commercial vacant land,C,0000.01940,000000000000.00,000000000000.00,N,,,Y,,,
R72 07406 0048,both,CITY OF DAYTON,200 AUDUBON PARK,DAYTON,640,"Exempt, owned by municipals",E,0000.00000,000000010260.00,000000000000.00,N,Planning,Surplus,Y,39113-001000-2,39.76448887167628,-84.21260321747395
R72 07408 0004,both,DAYTON CITY OF,SUPERIOR & SALEM,DAYTON,640,"Exempt, owned by municipals",E,0001.25500,000000131200.00,000001064900.00,Y,Public Works,Other,N,39113-001000-2,39.76537128767083,-84.20921187416275
R72 07408 0037,county_only,DAYTON CITY OF,SUPERIOR & SALEM,DAYTON,400,Commercial vacant land,C,0000.03100,000000000000.00,000000000000.00,N,,,Y,,,
R72 07408 0038,county_only,DAYTON CITY OF,250 SALEM AVE,DAYTON,400,Commercial vacant land,C,0000.04500,000000000000.00,000000000000.00,N,,,Y,,,
R72 07408 0039,county_only,DAYTON CITY OF,184 SALEM AVE,DAYTON,400,Commercial vacant land,C,0000.00340,000000000000.00,000000000000.00,N,,,Y,,,
R72 07409 0057,county_only,CITY OF DAYTON,164 SALEM AVE,DAYTON,400,Commercial vacant land,C,0000.00300,000000000000.00,000000000000.00,N,,,Y,,,
R72 07412 0006,county_only,DAYTON CITY OF,422 EDGEWOOD AVE,DAYTON,620,"Exempt, owned by counties",E,0000.00000,000000004980.00,000000000000.00,N,,,N,39113-001000-2,39.76361382105573,-84.21348186675547
R72 07501 0017,both,CITY OF DAYTON,325 327 MIDDLE ST,DAYTON,613,Exempt land only,E,0000.00000,000000001700.00,000000000000.00,N,,,N,39113-001000-2,39.761455835099795,-84.21009855624696
R72 07501 0044,both,DAYTON CITY OF,426 WILLIAMS ST,DAYTON,640,"Exempt, owned by municipals",E,0000.00000,000000000660.00,000000000000.00,N,,,N,39113-001000-2,39.76168055062334,-84.21060541513337
R72 07503 0058,both,DAYTON CITY OF,CHICAGO AVE,DAYTON,640,"Exempt, owned by municipals",E,0001.16200,000000002860.00,000000003450.00,Y,,,N,39113-001000-2,39.76114313322851,-84.20630551593334
R72 07504 0001,both,DAYTON CITY OF,RIVERVIEW TER,DAYTON,640,"Exempt, owned by municipals",E,0000.00000,000000009860.00,000000000000.00,N,Public Works,Other,N,39113-001000-2,39.76192154263808,-84.20583720422616
R72 07504 0006,both,DAYTON CITY OF,RIVERVIEW TER,DAYTON,640,"Exempt, owned by municipals",E,0000.00000,000000000110.00,000000000000.00,N,Public Works,Other,N,39113-001000-2,39.76216774528192,-84.20554970458112
R72 07506 0004,county_only,CITY OF DAYTON,1018 RIVERVIEW AVE,DAYTON,640,"Exempt, owned by municipals",E,0000.00000,000000006470.00,000000000000.00,N,,,N,39113-001000-2,39.760678194821466,-84.21069154578895
R72 07506 0007,both,DAYTON CITY OF,1008 RIVERVIEW AVE,DAYTON,500,"Residential vacant land, lot",R,0000.00000,000000000000.00,000000000000.00,N,,,Y,39113-001000-2,39.76071903798769,-84.21029227249007
R72 07506 0008,both,DAYTON CITY OF,1000 1002 RIVERVIEW AVE,DAYTON,500,"Residential vacant land, lot",R,0000.00000,000000000000.00,000000000000.00,N,,,Y,39113-001000-2,39.760699940204,-84.21016998865333
R72 07506 0018,both,CITY OF DAYTON,411 NEGLEY PL,DAYTON,640,"Exempt, owned by municipals",E,0000.00000,000000005370.00,000000000000.00,N,,,N,39113-001000-2,39.76005228247079,-84.21049472348703
R72 07506 0024,both,DAYTON CITY OF,401 403 NEGLEY PL,DAYTON,640,"Exempt, owned by municipals",E,0000.00000,000000005710.00,000000000000.00,N,Planning,Surplus,Y,39113-001000-2,39.76015773914706,-84.2102574728473
R72 07507 0010,both,DAYTON CITY OF,ORTH AVE,DAYTON,640,"Exempt, owned by municipals",E,0008.07100,000000044390.00,000000036320.00,Y,Public Works,Other,N,39113-001000-2,39.76052891779709,-84.20850340006133
R72 07509 0040,both,DAYTON CITY OF,RIVERVIEW AVE,DAYTON,640,"Exempt, owned by municipals",E,0000.00000,000000000000.00,000000000000.00,N,,,N,39113-000700-2,39.76192889786911,-84.2156350499418
R72 07509 0051,both,CITY OF DAYTON,CALVERT LN,DAYTON,640,"Exempt, owned by municipals",E,0000.00000,000000002370.00,000000000000.00,N,,,N,39113-000700-2,39.76341831561755,-84.21594032575567
R72 07509 0064,both,DAYTON CITY OF,EDGEWOOD AVE,DAYTON,640,"Exempt, owned by municipals",E,0000.00000,000000000000.00,000000000000.00,N,,,N,39113-000700-2,,
R72 07509 0066,county_only,DAYTON CITY OF,CORNER OF RIVERVIEW TER,DAYTON,640,"Exempt, owned by municipals",E,0000.00000,000000000000.00,000000000000.00,N,,,N,,,
R72 07510 0020,both,DAYTON CITY OF,1223 RIVERVIEW AVE,DAYTON,640,"Exempt, owned by municipals",E,0000.00000,000000000170.00,000000000000.00,N,Public Works,Other,N,39113-001000-2,39.761374228087824,-84.21333404887876
R72 07510 0036,both,CITY OF DAYTON,MEREDITH ST,DAYTON,640,"Exempt, owned by municipals",E,0000.00000,000000006380.00,000000000000.00,N,,,N,39113-001000-2,39.7621223608866,-84.21219990978558
R72 07512 0021,both,DAYTON CITY OF,NEGLEY PL,DAYTON,640,"Exempt, owned by municipals",E,0000.00000,000000003240.00,000000000000.00,N,,,N,39113-001000-2,39.76091494045195,-84.21420761016087
R72 07601 0007,county_only,DAYTON CITY OF,1602 W RIVERVIEW AVE,DAYTON,640,"Exempt, owned by municipals",E,0000.00000,000000005960.00,000000000000.00,N,,,N,39113-000700-2,39.76243900017289,-84.21984120336982
R72 07601 0014,county_only,DAYTON CITY OF,601 N PAUL LAURENCE DUNBAR ST,DAYTON,620,"Exempt, owned by counties",E,0000.00000,000000004990.00,000000000000.00,N,,,N,39113-000700-2,39.761829470293854,-84.21981359738676
R72 07601 0018,county_only,DAYTON CITY OF,535 N PAUL LAURENCE DUNBAR ST,DAYTON,640,"Exempt, owned by municipals",E,0000.00000,000000006040.00,000000000000.00,N,,,N,39113-000700-2,39.76144182066325,-84.21984669875305
R72 07603 0016,both,CITY OF DAYTON,1928 RIVERVIEW AVE,DAYTON,640,"Exempt, owned by municipals",E,0000.00000,000000000000.00,000000000000.00,N,Planning,Surplus,Y,39113-000700-2,39.76294380313418,-84.22416244734896
R72 07603 0020,county_only,DAYTON CITY OF,1912 W RIVERVIEW AVE,DAYTON,620,"Exempt, owned by counties",E,0000.00000,000000006160.00,000000000000.00,N,,,N,39113-000700-2,39.762907833472894,-84.22366301828905
R72 07603 0023,county_only,DAYTON CITY OF,1902 RIVERVIEW AVE,DAYTON,640,"Exempt, owned by municipals",E,0000.00000,000000006160.00,000000000000.00,N,,,N,39113-000700-2,39.76288085365268,-84.223288448366
R72 07607 0001,both,DAYTON CITY OF,FERGUSON AVE,DAYTON,640,"Exempt, owned by municipals",E,0000.00000,000000000710.00,000000000000.00,N,Public Works,Other,N,39113-000700-2,39.76389201661903,-84.21667997602974
R72 07607 0002,both,DAYTON CITY OF,FERGUSON AVE,DAYTON,640,"Exempt, owned by municipals",E,0000.00000,000000002370.00,000000000000.00,N,Public Works,Other,N,39113-000700-2,39.76407641346845,-84.21647284665436
R72 07607 0003,both,DAYTON CITY OF,FERGUSON AVE,DAYTON,640,"Exempt, owned by municipals",E,0000.00000,000000002370.00,000000000000.00,N,Public Works,Other,N,39113-000700-2,39.764213148315854,-84.21647623364048
R72 07607 0004,both,DAYTON CITY OF,FERGUSON AVE,DAYTON,640,"Exempt, owned by municipals",E,0000.00000,000000002370.00,000000001970.00,Y,Public Works,Other,N,39113-000700-2,39.76434988341822,-84.21647962044135
R72 07607 0005,both,DAYTON CITY OF,FERGUSON AVE,DAYTON,640,"Exempt, owned by municipals",E,0000.00000,000000002370.00,000000001970.00,Y,Public Works,Other,N,39113-000700-2,39.76448661861179,-84.21648300751231
R72 07607 0006,both,DAYTON CITY OF,824 FERGUSON AVE,DAYTON,640,"Exempt, owned by municipals",E,0000.00000,000000002370.00,000000029370.00,Y,Public Works,Other,N,39113-000700-2,39.76466539361919,-84.21656528624935
R72 07607 0007,both,DAYTON CITY OF,FERGUSON AVE,DAYTON,640,"Exempt, owned by municipals",E,0000.00000,000000002370.00,000000000000.00,N,Public Works,Other,N,39113-000700-2,39.76476008878456,-84.21648978179573
R72 07607 0008,both,DAYTON CITY OF,FERGUSON AVE,DAYTON,640,"Exempt, owned by municipals",E,0000.00000,000000002370.00,000000000000.00,N,Public Works,Other,N,39113-000700-2,39.7649078038834,-84.21649344016737
R72 07607 0012,both,DAYTON CITY OF,SUPERIOR AVE,DAYTON,640,"Exempt, owned by municipals",E,0000.00000,000000000120.00,000000000000.00,N,Public Works,Other,N,39113-000700-2,39.7652096477237,-84.2162447446968
R72 07607 0013,both,DAYTON CITY OF,SUPERIOR AVE,DAYTON,640,"Exempt, owned by municipals",E,0000.00000,000000001540.00,000000000000.00,N,Public Works,Other,N,39113-000700-2,39.76521067851809,-84.21616288987425
R72 07607 0027,both,DAYTON CITY OF,FERGUSON AVE,DAYTON,640,"Exempt, owned by municipals",E,0000.00000,000000001610.00,000000000000.00,N,Public Works,Other,N,39113-000700-2,39.76396353220716,-84.21629215394191
R72 07607 0031,both,DAYTON CITY OF,FERGUSON AVE,DAYTON,640,"Exempt, owned by municipals",E,0000.00000,000000001560.00,000000000000.00,N,Public Works,Other,N,39113-000700-2,39.76377852879908,-84.21671274408487
R72 07607 0034,both,DAYTON CITY OF,SUPERIOR AVE,DAYTON,640,"Exempt, owned by municipals",E,0000.00000,000000001260.00,000000000000.00,N,Public Works,Other,N,39113-000700-2,39.765206798723625,-84.21646879652042
R72 07607 0038,both,DAYTON CITY OF,SUPERIOR AVE,DAYTON,640,"Exempt, owned by municipals",E,0000.00000,000000001500.00,000000000000.00,N,Public Works,Other,N,39113-000700-2,39.76520862576348,-84.2163247313156
R72 07607 0039,both,DAYTON CITY OF,FERGUSON AVE,DAYTON,640,"Exempt, owned by municipals",E,0000.00000,000000000850.00,000000000000.00,N,Public Works,Other,N,39113-000700-2,39.763850331614094,-84.21628935042033
R72 07608 0001,both,DAYTON CITY OF,CALVERT LN,DAYTON,640,"Exempt, owned by municipals",E,0000.00000,000000023260.00,000000003680.00,Y,Public Works,Other,N,39113-000700-2,39.764034257265195,-84.21595328423955
R72 07609 0001,both,CITY OF DAYTON,RIVERVIEW AVE,DAYTON,500,"Residential vacant land, lot",R,0000.00000,000000003460.00,000000000000.00,N,Public Works,Other,Y,39113-000700-2,39.762573030635,-84.21780455621294
R72 07609 0010,both,CITY OF DAYTON,743 745 FERGUSON AVE,DAYTON,640,"Exempt, owned by municipals",E,0000.00000,000000004110.00,000000000000.00,N,Planning,Surplus,Y,39113-000700-2,39.76350927673878,-84.21723998918944
R72 07609 0011,both,DAYTON CITY OF,FERGUSON AVE,DAYTON,640,"Exempt, owned by municipals",E,0000.00000,000000004350.00,000000000000.00,N,Planning,Surplus,Y,39113-000700-2,39.76366019690974,-84.21722861086998
R72 07609 0024,both,CITY OF DAYTON,1343 RIVERVIEW AVE,DAYTON,640,"Exempt, owned by municipals",E,0000.00000,000000000980.00,000000000000.00,N,,,N,39113-000700-2,39.762264115643696,-84.21669599460472
R72 07609 0026,both,CITY OF DAYTON,FERGUSON AVE,DAYTON,640,"Exempt, owned by municipals",E,0000.00000,000000001070.00,000000000000.00,N,Planning,Surplus,Y,39113-000700-2,39.76238325439479,-84.21669635684118
R72 07610 0014,both,CITY OF DAYTON,1312 RIVERVIEW AVE,DAYTON,640,"Exempt, owned by municipals",E,0000.00000,000000001470.00,000000000000.00,N,,,N,39113-000700-2,39.76155443026076,-84.21554456649116
R72 07611 0009,both,DAYTON CITY OF,625 627 FERGUSON AVE,DAYTON,500,"Residential vacant land, lot",R,0000.00000,000000002400.00,000000000000.00,N,Public Works,Other,Y,39113-000700-2,39.76142785048337,-84.21764921989659
R72 07611 0010,both,DAYTON CITY OF,FERGUSON AVE,DAYTON,500,"Residential vacant land, lot",R,0000.00000,000000002400.00,000000000000.00,N,Public Works,Other,Y,39113-000700-2,39.761345490767596,-84.21764939290446
R72 07611 0011,both,DAYTON CITY OF,619 FERGUSON AVE,DAYTON,640,"Exempt, owned by municipals",E,0000.00000,000000000650.00,000000000000.00,N,,,N,39113-000700-2,39.76126313106064,-84.21764956601493
R72 07611 0012,both,CITY OF DAYTON,615 FERGUSON AVE,DAYTON,640,"Exempt, owned by municipals",E,0000.00000,000000000650.00,000000000000.00,N,,,N,39113-000700-2,39.761198371830844,-84.21754234311192
R72 07611 0013,both,CITY OF DAYTON,611 FERGUSON AVE,DAYTON,640,"Exempt, owned by municipals",E,0000.00000,000000000650.00,000000000000.00,N,,,N,39113-000700-2,39.76111318784057,-84.21754385726264
R72 07611 0015,both,CITY OF DAYTON,907 NEGLEY PL,DAYTON,640,"Exempt, owned by municipals",E,0000.00000,000000002740.00,000000000000.00,N,,,N,39113-000700-2,39.760877579827344,-84.2176945599607
R72 07701 0016,both,CITY OF DAYTON,LEXINGTON AVE,DAYTON,640,"Exempt, owned by municipals",E,0000.00000,000000002870.00,000000000000.00,N,Planning,Surplus,Y,39113-000700-3,39.76813796045906,-84.2240149254824
R72 07701 0021,both,DAYTON CITY OF,640 642 OXFORD AVE,DAYTON,640,"Exempt, owned by municipals",E,0000.00000,000000002870.00,000000000000.00,N,,,N,39113-000700-3,39.7685905596105,-84.22618259045882
R72 07702 0032,both,CITY OF DAYTON,408 OXFORD AVE,DAYTON,640,"Exempt, owned by municipals",E,0000.00000,000000001040.00,000000000000.00,N,Planning,Surplus,Y,39113-000700-3,39.7685953664606,-84.22143262369494
R72 07702 0036,both,DAYTON CITY OF,509 OXFORD AVE,DAYTON,640,"Exempt, owned by municipals",E,0000.00000,000000006310.00,000000000000.00,N,,,N,39113-000700-3,39.76898311646288,-84.2234913990805
R72 07702 0045,both,DAYTON CITY OF,425 427 OXFORD AVE,DAYTON,500,"Residential vacant land, lot",R,0000.00000,000000002870.00,000000000000.00,N,,,Y,39113-000600-2,39.76902448557189,-84.22201909078589
R72 07702 0048,county_only,DAYTON CITY OF,415 OXFORD AVE,DAYTON,640,"Exempt, owned by municipals",E,0000.00000,000000003190.00,000000000000.00,N,,,N,39113-000600-2,39.76904229542305,-84.22152520970779
R72 07702 0049,county_only,DAYTON CITY OF,OXFORD AVE,DAYTON,640,"Exempt, owned by municipals",E,0000.00000,000000002720.00,000000000000.00,N,,,N,39113-000600-2,39.7690894107711,-84.22145807520876
R72 07703 0034,both,DAYTON CITY OF,704 LEXINGTON AVE,DAYTON,640,"Exempt, owned by municipals",E,0000.00000,000000003680.00,000000000000.00,N,Planning,Surplus,Y,39113-000700-4,39.76767078063705,-84.2247861089524
R72 07703 0037,both,CITY OF DAYTON,628 630 LEXINGTON AVE,DAYTON,640,"Exempt, owned by municipals",E,0000.00000,000000003140.00,000000000000.00,N,,,N,39113-000700-4,39.76772136576513,-84.22414691871106
R72 07703 0039,both,CITY OF DAYTON,620 622 LEXINGTON AVE,DAYTON,640,"Exempt, owned by municipals",E,0000.00000,000000002370.00,000000000000.00,N,,,N,39113-000700-4,39.76771510967885,-84.22382654156091
R72 07703 0040,both,CITY OF DAYTON,LEXINGTON AVE,DAYTON,640,"Exempt, owned by municipals",E,0000.00000,000000002370.00,000000000000.00,N,Planning,Surplus,Y,39113-000700-4,39.76771372835586,-84.22373399168548
R72 07706 0008,county_only,CITY OF DAYTON OHIO,260 LEXINGTON AVE,DAYTON,500,"Residential vacant land, lot",R,0000.00000,000000006870.00,000000000000.00,N,,,Y,39113-000700-4,39.767792544657006,-84.21744162933736
R72 07706 0012,both,CITY OF DAYTON,240 LEXINGTON AVE,DAYTON,500,"Residential vacant land, lot",R,0000.00000,000000002980.00,000000000000.00,N,Public Works,Other,Y,39113-000700-4,39.767887914190844,-84.2167430245798
R72 07707 0071,county_only,DAYTON CITY OF,2025 W RIVERVIEW AVE,DAYTON,620,"Exempt, owned by counties",E,0000.00000,000000004940.00,000000000000.00,N,,,N,39113-000700-2,39.76336679724026,-84.22524530245276
R72 07708 0018,both,CITY OF DAYTON,831 ST AGNES AVE,DAYTON,640,"Exempt, owned by municipals",E,0000.00000,000000002960.00,000000000000.00,N,Planning,Surplus,Y,39113-000700-2,39.763717886259464,-84.22098094770512
R72 07708 0077,city_layer_only,,,,,,,,,,N,Planning,Surplus,Y,,39.76474997604939,-84.2210064394
R72 07708 0081,county_only,DAYTON CITY OF,1709 RIVERVIEW AVE,DAYTON,620,"Exempt, owned by counties",E,0000.00000,000000004940.00,000000000000.00,N,,,N,39113-000700-2,39.7630783211945,-84.22115372709935
R72 07708 0088,county_only,DAYTON CITY OF,1805 W RIVERVIEW AVE,DAYTON,640,"Exempt, owned by municipals",E,0000.00000,000000003110.00,000000000000.00,N,,,N,39113-000700-2,39.763194071050684,-84.2222452567931
R72 07708 0095,both,DAYTON CITY OF,RIVERVIEW AVE,DAYTON,500,"Residential vacant land, lot",R,0000.00000,000000002730.00,000000000000.00,N,Public Works,Other,Y,39113-000700-2,39.76336247093498,-84.2232818303559
R72 07709 0027,county_only,DAYTON CITY OF,1609 RIVERVIEW AVE,DAYTON,640,"Exempt, owned by municipals",E,0000.00000,000000003090.00,000000000000.00,N,,,N,39113-000700-2,39.76298337782323,-84.22013245578982
R72 07709 0034,both,DAYTON CITY OF,1517 W RIVERVIEW AVE,DAYTON,640,"Exempt, owned by municipals",E,0000.00000,000000005200.00,000000005590.00,Y,,,N,39113-000700-2,39.76278427218466,-84.21930344101548
R72 07709 0042,both,DAYTON CITY OF,740 N PAUL LAURENCE DUNBAR ST,DAYTON,640,"Exempt, owned by municipals",E,0000.00000,000000002140.00,000000000000.00,N,Planning,Surplus,Y,39113-000700-2,39.763622160838,-84.21946291122131
R72 07709 0055,both,DAYTON CITY OF,806 N PAUL LAURENCE DUNBAR ST,DAYTON,640,"Exempt, owned by municipals",E,0000.00000,000000005630.00,000000016560.00,Y,,,N,39113-000700-2,39.76468453048884,-84.21948201521019
R72 07709 0086,both,CITY OF DAYTON,707 FAULKNER AVE,DAYTON,640,"Exempt, owned by municipals",E,0000.00000,000000002150.00,000000000000.00,N,,,N,39113-000700-2,39.76276185055046,-84.2188237455427
R72 07709 0087,both,CITY OF DAYTON,1501 RIVERVIEW AVE,DAYTON,640,"Exempt, owned by municipals",E,0000.00000,000000002170.00,000000000000.00,N,,,N,39113-000700-2,39.76267596060889,-84.21882761220367
R72 07709 0088,both,CITY OF DAYTON,1511 1513 W RIVERVIEW AVE,DAYTON,640,"Exempt, owned by municipals",E,0000.00000,000000004850.00,000000000000.00,N,,,N,39113-000700-2,39.76291472866954,-84.21906680828214
R72 07710 0026,both,CITY OF DAYTON,917 DOW ST,DAYTON,640,"Exempt, owned by municipals",E,0000.00000,000000001380.00,000000000000.00,N,,,N,39113-000700-4,39.76591794200627,-84.22572801893615
R72 07710 0028,both,CITY OF DAYTON,923 DOW ST,DAYTON,640,"Exempt, owned by municipals",E,0000.00000,000000001500.00,000000000000.00,N,,,N,39113-000700-4,39.76605855274738,-84.22574461770776
R72 07710 0030,both,DAYTON CITY OF,929 DOW ST,DAYTON,640,"Exempt, owned by municipals",E,0000.00000,000000003430.00,000000000000.00,N,,,N,39113-000700-4,39.766183237442426,-84.22580509235597
R72 07710 0066,both,CITY OF DAYTON,1311 SUPERIOR AVE,DAYTON,640,"Exempt, owned by municipals",E,0000.00000,000000002190.00,000000000000.00,N,,,N,39113-000700-4,39.76563748741376,-84.22338730694968
R72 07710 0067,both,CITY OF DAYTON,1305 SUPERIOR AVE,DAYTON,640,"Exempt, owned by municipals",E,0000.00000,000000002190.00,000000000000.00,N,,,N,39113-000700-4,39.76564241694712,-84.22322064830446
R72 07710 0068,both,CITY OF DAYTON,1301 SUPERIOR AVE,DAYTON,500,"Residential vacant land, lot",R,0000.00000,000000003030.00,000000000000.00,N,,,Y,39113-000700-4,39.76564414554584,-84.22310328605
R72 07801 0001,both,DAYTON CITY OF,ROSEDALE DR,DAYTON,640,"Exempt, owned by municipals",E,0000.00000,000000002940.00,000000000000.00,N,Planning,Surplus,Y,39113-000700-1,39.76929483617395,-84.22693278196721
R72 07801 0002,both,DAYTON CITY OF,ROSEDALE DR,DAYTON,640,"Exempt, owned by municipals",E,0000.00000,000000002940.00,000000000000.00,N,Planning,Surplus,Y,39113-000700-1,39.76934943329481,-84.22693396128234
R72 07803 0014,city_layer_only,,,,,,,,,,N,Planning,Surplus,Y,,39.77042481750017,-84.2247867201159
R72 07804 0002,county_only,CITY OF DAYTON,1308 1310 KUMLER AVE,DAYTON,640,"Exempt, owned by municipals",E,0000.00000,000000004830.00,000000000000.00,N,,,N,39113-000600-2,39.77087983193377,-84.22316473932668
R72 07806 0003,both,DAYTON CITY OF,333 CAMBRIDGE AVE,DAYTON,400,Commercial vacant land,C,0000.00000,000000002200.00,000000000000.00,N,,,Y,39113-000700-3,39.770374580482304,-84.22089346702533
R72 07806 0012,both,DAYTON CITY OF,1230 EUCLID AVE,DAYTON,400,Commercial vacant land,C,0000.00000,000000004480.00,000000000000.00,N,,,Y,39113-000700-3,39.76972556259172,-84.2208925901071
R72 07808 0029,both,DAYTON CITY OF,1215 GLENDALE AVE,DAYTON,640,"Exempt, owned by municipals",E,0000.00000,000000002620.00,000000000000.00,N,Planning,Surplus,Y,39113-000700-3,39.76942127708972,-84.21989613179234
R72 07809 0026,both,DAYTON CITY OF,200 OXFORD AVE,DAYTON,640,"Exempt, owned by municipals",E,0000.00000,000000003030.00,000000000000.00,N,Planning,Surplus,Y,39113-000700-3,39.76881271226584,-84.21808904007158
R72 07809 0039,both,DAYTON CITY OF,213 215 OXFORD AVE,DAYTON,640,"Exempt, owned by municipals",E,0000.00000,000000000890.00,000000000000.00,N,Planning,Surplus,Y,39113-000700-3,39.76922384446242,-84.21851233217052
R72 07809 0040,county_only,CITY OF DAYTON OHIO,211 OXFORD AVE,DAYTON,640,"Exempt, owned by municipals",E,0000.00000,000000003190.00,000000000000.00,N,,,N,39113-000700-3,39.7692256541393,-84.21844119550036
R72 07901 0060,city_layer_only,,,,,,,,,,N,,,N,,39.76939218020543,-84.22908078564251
R72 07908 0001,both,DAYTON CITY OF,EVERETT DR,DAYTON,640,"Exempt, owned by municipals",E,0000.00000,000000000460.00,000000000000.00,N,,,N,39113-000700-2,39.766121805270274,-84.23143500859446
R72 07908 0020,county_only,DAYTON CITY OF,2532 W RIVERVIEW AVE,DAYTON,640,"Exempt, owned by municipals",E,0000.00000,000000002760.00,000000000000.00,N,,,N,39113-000700-2,39.76557014437513,-84.2320387684828
R72 07908 0024,both,DAYTON CITY OF,2514 RIVERVIEW AVE,DAYTON,500,"Residential vacant land, lot",R,0000.00000,000000002870.00,000000000000.00,N,,,Y,39113-000700-2,39.76538020896269,-84.23148846901763
R72 07909 0008,county_only,DAYTON CITY OF,905 VERNON DR,DAYTON,620,"Exempt, owned by counties",E,0000.00000,000000007870.00,000000000000.00,N,,,N,39113-000700-2,39.765070048160155,-84.22964956684113
R72 07909 0017,county_only,DAYTON CITY OF,2424 W RIVERVIEW AVE,DAYTON,620,"Exempt, owned by counties",E,0000.00000,000000005080.00,000000000000.00,N,,,N,39113-000700-2,39.76499544294294,-84.23061195849047
R72 07911 0003,both,DAYTON CITY OF,W RIVERVIEW AVE,DAYTON,640,"Exempt, owned by municipals",E,0001.47000,000000000690.00,000000000000.00,N,Water,,N,39113-000700-2,39.762124641094196,-84.23056147913321
R72 08003 0020,city_layer_only,,,,,,,,,,N,Planning,Surplus,Y,,39.76873903327881,-84.23146992077285
R72 08004 0015,both,DAYTON CITY OF,GRAND AVE,DAYTON,500,"Residential vacant land, lot",R,0000.00000,000000002950.00,000000000000.00,N,Public Works,Other,Y,39113-000700-2,39.766957704181074,-84.23179215985529
R72 08004 0018,both,DAYTON CITY OF,2021 2023 W GRAND AVE,DAYTON,500,"Residential vacant land, lot",R,0000.00000,000000003140.00,000000000000.00,N,,,Y,39113-000700-2,39.766972725251506,-84.23133351227672
R72 08005 0013,county_only,DAYTON CITY OF,RIVERVIEW AVE,DAYTON,640,"Exempt, owned by municipals",E,0000.39500,000000002580.00,000000000000.00,N,,,N,39113-000700-2,,
R72 08005 0015,county_only,DAYTON CITY OF,2605 W RIVERVIEW AVE,DAYTON,640,"Exempt, owned by municipals",E,0000.00000,000000006310.00,000000000000.00,N,,,N,39113-000700-2,39.76617529437935,-84.23252343719851
R72 08005 0017,both,DAYTON CITY OF,RIVERVIEW AVE,DAYTON,640,"Exempt, owned by municipals",E,0000.12800,000000001250.00,000000000000.00,N,,,N,39113-000700-2,39.766494823681796,-84.23412185578168
R72 08005 0030,county_only,DAYTON CITY OF,2546 2548 RIVERVIEW AVE,DAYTON,640,"Exempt, owned by municipals",E,0000.00000,000000003190.00,000000000000.00,N,,,N,39113-000700-2,39.765741375359404,-84.23253042733576
R72 08005 0032,county_only,CITY OF DAYTON,RIVERVIEW AVE,DAYTON,400,Commercial vacant land,C,0000.03000,000000000430.00,000000000000.00,N,,,Y,,39.76654373354178,-84.23416078995601
R72 08101 0001,both,DAYTON CITY OF,JAMES H MCGEE BLVD,DAYTON,640,"Exempt, owned by municipals",E,0006.33000,000000013930.00,000000000000.00,N,Public Works,Other,N,39113-003800-2,39.76427446810224,-84.23331014664231
R72 08103 0001,both,DAYTON CITY OF,801 N JAMES H MCGEE BLVD,DAYTON,640,"Exempt, owned by municipals",E,0000.00000,000000000900.00,000000000000.00,N,Public Works,Other,N,39113-003800-2,39.76180526418151,-84.23187756720696
R72 08103 0002,both,DAYTON CITY OF,813 N JAMES H MCGEE BLVD,DAYTON,640,"Exempt, owned by municipals",E,0000.00000,000000001150.00,000000000000.00,N,Public Works,Other,N,39113-003800-2,39.76184202956488,-84.23194575870184
R72 08103 0003,both,DAYTON CITY OF,817 N JAMES H MCGEE BLVD,DAYTON,640,"Exempt, owned by municipals",E,0000.00000,000000001150.00,000000000000.00,N,Public Works,Other,N,39113-003800-2,39.76193444940144,-84.23205512910657
R72 08103 0004,both,DAYTON CITY OF,825 N JAMES H MCGEE BLVD,DAYTON,640,"Exempt, owned by municipals",E,0000.00000,000000001150.00,000000000000.00,N,Public Works,Other,N,39113-003800-2,39.76199924357739,-84.23214716066978
R72 08103 0005,both,DAYTON CITY OF,825 N JAMES H MCGEE BLVD,DAYTON,640,"Exempt, owned by municipals",E,0000.00000,000000001150.00,000000000000.00,N,Public Works,Other,N,39113-003800-2,39.762096342697156,-84.23224772678957
R72 08103 0006,both,DAYTON CITY OF,JAMES H MCGEE BLVD,DAYTON,640,"Exempt, owned by municipals",E,0000.00000,000000001150.00,000000000000.00,N,Public Works,Other,N,39113-003800-2,39.76215678730216,-84.23234887773779
R72 08103 0007,both,DAYTON CITY OF,N JAMES H MCGEE BLVD,DAYTON,640,"Exempt, owned by municipals",E,0000.00000,000000001150.00,000000000000.00,N,Public Works,Other,N,39113-003800-2,39.7622355420056,-84.2324497281098
R72 08103 0008,both,DAYTON CITY OF,839 N JAMES H MCGEE BLVD,DAYTON,640,"Exempt, owned by municipals",E,0000.00000,000000001150.00,000000000000.00,N,Public Works,Other,N,39113-003800-2,39.76236679951069,-84.2325248084243
R72 08103 0009,both,DAYTON CITY OF,841 N JAMES H MCGEE BLVD,DAYTON,640,"Exempt, owned by municipals",E,0000.00000,000000001150.00,000000000000.00,N,Public Works,Other,N,39113-003800-2,39.76244212772053,-84.23262985798372
R72 08103 0010,both,DAYTON CITY OF,845 N JAMES H MCGEE BLVD,DAYTON,640,"Exempt, owned by municipals",E,0000.00000,000000001150.00,000000000000.00,N,Public Works,Other,N,39113-003800-2,39.762539762632095,-84.23271412815939
R72 08103 0011,both,DAYTON CITY OF,849 N JAMES H MCGEE BLVD,DAYTON,640,"Exempt, owned by municipals",E,0000.00000,000000001150.00,000000000000.00,N,Public Works,Other,N,39113-003800-2,39.762615353908984,-84.23280140592068
R72 08103 0012,both,DAYTON CITY OF,853 N JAMES H MCGEE BLVD,DAYTON,640,"Exempt, owned by municipals",E,0000.00000,000000001150.00,000000000000.00,N,Public Works,Other,N,39113-003800-2,39.76270740411078,-84.23288909202772
R72 08103 0013,both,DAYTON CITY OF,857 N JAMES H MCGEE BLVD,DAYTON,640,"Exempt, owned by municipals",E,0000.00000,000000001150.00,000000000000.00,N,Public Works,Other,N,39113-003800-2,39.76279396820277,-84.23297664309253
R72 08103 0014,both,DAYTON CITY OF,861 N JAMES H MCGEE BLVD,DAYTON,640,"Exempt, owned by municipals",E,0000.00000,000000000960.00,000000000000.00,N,Public Works,Other,N,39113-003800-2,39.762914189112905,-84.23301519200456
R72 08103 0015,both,DAYTON CITY OF,865 N JAMES H MCGEE BLVD,DAYTON,640,"Exempt, owned by municipals",E,0000.00000,000000000870.00,000000000000.00,N,Public Works,Other,N,39113-003800-2,39.76299057389274,-84.23323411444635
R72 08103 0051,county_only,DAYTON CITY OF,705 707 MAPLEHURST AVE,DAYTON,640,"Exempt, owned by municipals",E,0000.32900,000000003550.00,000000000000.00,N,,,N,39113-003800-2,39.761863639373544,-84.23349783178371
R72 08103 0058,both,DAYTON CITY OF,JAMES H MCGEE BLVD,DAYTON,640,"Exempt, owned by municipals",E,0000.00000,000000025060.00,000000000000.00,N,Public Works,Other,N,39113-003800-2,39.76385112627009,-84.2340430528501
R72 08104 0030,both,DAYTON CITY OF,437 443 JAMES H MCGEE BLVD,DAYTON,640,"Exempt, owned by municipals",E,0000.00000,000000003000.00,000000000000.00,N,Public Works,Other,N,39113-165100-1,39.759047203791326,-84.22806277829908
R72 08104 0031,both,DAYTON CITY OF,420 422 N MATHISON ST,DAYTON,640,"Exempt, owned by municipals",E,0000.00000,000000000640.00,000000000000.00,N,Public Works,Other,N,39113-165100-1,39.75897123731214,-84.22813159852244
R72 08104 0038,both,DAYTON CITY OF,403 415 JAMES H MCGEE BLVD,DAYTON,640,"Exempt, owned by municipals",E,0000.00000,000000007670.00,000000000000.00,N,Public Works,Other,N,39113-165100-1,39.758668730724146,-84.22759060209574
R72 08104 0040,both,DAYTON CITY OF,413 JAMES H MCGEE BLVD,DAYTON,640,"Exempt, owned by municipals",E,0000.00000,000000000520.00,000000000000.00,N,Public Works,Other,N,39113-165100-1,39.75886011426821,-84.22784676417105
R72 08104 0042,both,DAYTON CITY OF,417 N JAMES H MCGEE BLVD,DAYTON,640,"Exempt, owned by municipals",E,0000.00000,000000000470.00,000000000000.00,N,Public Works,Other,N,39113-165100-1,39.758917211105,-84.22789074972107
R72 08104 0043,county_only,DAYTON CITY OF,435 N JAMES H MCGEE BLVD,DAYTON,640,"Exempt, owned by municipals",E,0000.00000,000000000540.00,000000000000.00,N,,,N,,,
R72 08104 0050,county_only,DAYTON CITY OF,JAMES H MCGEE BLVD,DAYTON,640,"Exempt, owned by municipals",E,0000.00000,000000000340.00,000000000000.00,N,,,N,,,
R72 08104 0054,county_only,THE CITY OF DAYTON,KAMMER AVE,DAYTON,640,"Exempt, owned by municipals",E,0000.00000,000000033710.00,000000000000.00,N,,,N,,,
R72 08105 0007,county_only,CITY OF DAYTON,200 KAMMER AVE,DAYTON,640,"Exempt, owned by municipals",E,0000.00000,000000002050.00,000000000000.00,N,,,N,39113-165100-1,39.75965600990284,-84.23071414103572
R72 08105 0014,both,CITY OF DAYTON,416 WINTERS ST,DAYTON,640,"Exempt, owned by municipals",E,0000.00000,000000001700.00,000000000000.00,N,,,N,39113-165100-1,39.75875321381027,-84.23130745226746
R72 08105 0015,both,DAYTON CITY OF,441 N WOODWARD AVE,DAYTON,640,"Exempt, owned by municipals",E,0000.00000,000000001880.00,000000000000.00,N,Planning,Surplus,Y,39113-165100-1,39.75929615036491,-84.23072653657098
R72 08105 0022,county_only,DAYTON CITY OF,1531 OAKRIDGE DR,DAYTON,640,"Exempt, owned by municipals",E,0000.00000,000000003010.00,000000000000.00,N,,,N,39113-165100-1,39.75841209466834,-84.2314623899006
R72 08105 0029,county_only,DAYTON CITY OF,1501 OAKRIDGE DR,DAYTON,620,"Exempt, owned by counties",E,0000.00000,000000003010.00,000000000000.00,N,,,N,39113-165100-1,39.758434803459664,-84.23066958807105
R72 08105 0036,both,DAYTON CITY OF,100 102 KAMMER AVE,DAYTON,640,"Exempt, owned by municipals",E,0000.00000,000000001850.00,000000000000.00,N,Planning,Surplus,Y,39113-165100-1,39.759671684172666,-84.2296543581982
R72 08106 0002,both,CITY OF DAYTON,KILMER ST,DAYTON,640,"Exempt, owned by municipals",E,0000.00000,000000001710.00,000000000000.00,N,Planning,Surplus,Y,39113-003800-2,39.75964992383584,-84.2329953378235
R72 08106 0003,both,CITY OF DAYTON,453 N KILMER ST,DAYTON,640,"Exempt, owned by municipals",E,0000.00000,000000001670.00,000000000000.00,N,,,N,39113-003800-2,39.75956644472864,-84.23287142926729
R72 08106 0004,county_only,CITY OF DAYTON,449 N KILMER ST,DAYTON,640,"Exempt, owned by municipals",E,0000.00000,000000001670.00,000000000000.00,N,,,N,39113-003800-2,39.75947857099721,-84.23286924403371
R72 08106 0008,county_only,CITY OF DAYTON,433 KILMER ST,DAYTON,640,"Exempt, owned by municipals",E,0000.00000,000000001690.00,000000000000.00,N,,,N,39113-003800-2,39.75908843680687,-84.2328844892585
R72 08106 0009,county_only,CITY OF DAYTON,429 KILMER ST,DAYTON,640,"Exempt, owned by municipals",E,0000.00000,000000001690.00,000000000000.00,N,,,N,39113-003800-2,39.7590034037523,-84.23287881932103
R72 08106 0017,county_only,DAYTON CITY OF,1705 OAKRIDGE DR,DAYTON,640,"Exempt, owned by municipals",E,0000.00000,000000002600.00,000000000000.00,N,,,N,39113-003800-2,39.75841245008974,-84.23292101341595
R72 08106 0019,county_only,CITY OF DAYTON,448 450 KILMER ST,DAYTON,640,"Exempt, owned by municipals",E,0000.00000,000000002050.00,000000000000.00,N,,,N,39113-165100-1,39.759609800950926,-84.23253809909075
R72 08106 0034,both,CITY OF DAYTON,WINTERS ST,DAYTON,640,"Exempt, owned by municipals",E,0000.00000,000000001690.00,000000000000.00,N,Planning,Surplus,Y,39113-165100-1,39.759199922891845,-84.23181468051503
R72 08106 0040,both,DAYTON CITY OF,1629 OAKRIDGE DR,DAYTON,640,"Exempt, owned by municipals",E,0000.00000,000000001890.00,000000000000.00,N,Planning,Surplus,Y,39113-165100-1,39.75839914703134,-84.23252222137545
R72 08107 0006,county_only,DAYTON CITY OF,529 531 KILMER ST,DAYTON,620,"Exempt, owned by counties",E,0000.00000,000000003650.00,000000000000.00,N,,,N,39113-003800-2,39.760494259847015,-84.2328873903958
R72 08107 0011,county_only,DAYTON CITY OF,509 511 KILMER ST,DAYTON,620,"Exempt, owned by counties",E,0000.00000,000000003650.00,000000000000.00,N,,,N,39113-003800-2,39.76004931447254,-84.23289766007221
R72 08107 0012,county_only,CITY OF DAYTON,507 N KILMER ST,DAYTON,640,"Exempt, owned by municipals",E,0000.00000,000000001880.00,000000000000.00,N,,,N,39113-003800-2,39.75997530706486,-84.23288870766852
R72 08107 0013,county_only,CITY OF DAYTON,503 N KILMER ST,DAYTON,640,"Exempt, owned by municipals",E,0000.00000,000000001910.00,000000000000.00,N,,,N,39113-003800-2,39.75988758366448,-84.23287941535975
R72 08107 0014,county_only,CITY OF DAYTON,325 KAMMER AVE,DAYTON,640,"Exempt, owned by municipals",E,0000.00000,000000002050.00,000000000000.00,N,,,N,39113-165100-1,39.75993036084323,-84.23258518206116
R72 08108 0001,both,DAYTON CITY OF,729 JAMES H MCGEE BLVD,DAYTON,640,"Exempt, owned by municipals",E,0000.00000,000000003410.00,000000000000.00,N,Public Works,Other,N,39113-165100-1,39.7613828027682,-84.23139733449182
R72 08108 0003,county_only,DAYTON CITY OF,15 KAMMER AVE,DAYTON,640,"Exempt, owned by municipals",E,0000.00000,000000001030.00,000000000000.00,N,,,N,,,
R72 08108 0015,both,DAYTON CITY OF,107 109 KAMMER AVE,DAYTON,640,"Exempt, owned by municipals",E,0000.00000,000000001410.00,000000000000.00,N,,,N,39113-165100-1,39.75997530424706,-84.22991918660978
R72 08108 0016,both,DAYTON CITY OF,103 105 KAMMER AVE,DAYTON,640,"Exempt, owned by municipals",E,0000.00000,000000001540.00,000000000000.00,N,Public Works,Other,N,39113-165100-1,39.75997800369468,-84.22973663068552
R72 08108 0017,both,DAYTON CITY OF,KAMMER AVE,DAYTON,640,"Exempt, owned by municipals",E,0000.00000,000000000230.00,000000000000.00,N,Public Works,Other,N,39113-165100-1,39.759978638381966,-84.22967847388338
R72 08108 0018,both,DAYTON CITY OF,629 N JAMES H MCGEE BLVD,DAYTON,640,"Exempt, owned by municipals",E,0000.00000,000000000820.00,000000000000.00,N,Public Works,Other,N,39113-165100-1,39.76020046376084,-84.22969126599327
R72 08108 0019,both,DAYTON CITY OF,625 N JAMES H MCGEE BLVD,DAYTON,640,"Exempt, owned by municipals",E,0000.00000,000000000820.00,000000000000.00,N,Public Works,Other,N,39113-165100-1,39.76014704576396,-84.22962870850301
R72 08108 0020,both,DAYTON CITY OF,JAMES H MCGEE BLVD,DAYTON,640,"Exempt, owned by municipals",E,0000.00000,000000000820.00,000000000000.00,N,Public Works,Other,N,39113-165100-1,39.76007948772958,-84.22954715201568
R72 08108 0021,both,DAYTON CITY OF,615 617 JAMES H MCGEE BLVD,DAYTON,640,"Exempt, owned by municipals",E,0000.00000,000000000820.00,000000000000.00,N,Public Works,Other,N,39113-165100-1,39.760015089975646,-84.22948743816524
R72 08108 0022,county_only,DAYTON CITY OF,611 613 JAMES H MCGEE BLVD,DAYTON,640,"Exempt, owned by municipals",E,0000.00000,000000000710.00,000000000000.00,N,,,N,,,
R72 08108 0023,county_only,DAYTON CITY OF,607 JAMES H MCGEE BLVD,DAYTON,640,"Exempt, owned by municipals",E,0000.00000,000000000990.00,000000000000.00,N,,,N,,,
R72 08108 0025,both,DAYTON CITY OF,717 JAMES H MCGEE BLVD,DAYTON,640,"Exempt, owned by municipals",E,0001.53000,000000012600.00,000000000000.00,N,Public Works,Other,N,39113-165100-1,39.76111782440967,-84.23109220868
R72 08108 0026,county_only,DAYTON CITY OF,631 633 JAMES H MCGEE BLVD,DAYTON,640,"Exempt, owned by municipals",E,0000.00000,000000001290.00,000000000000.00,N,,,N,,,
R72 08108 0027,both,CITY OF DAYTON,JAMES H MCGEE BLVD,DAYTON,400,Commercial vacant land,C,0000.00000,000000000000.00,000000000000.00,N,,,Y,39113-165100-1,39.76135805418744,-84.23040116428542
R72 08108 0028,both,DAYTON CITY OF,657 JAMES H MCGEE BLVD,DAYTON,640,"Exempt, owned by municipals",E,0000.00000,000000001240.00,000000000000.00,N,Public Works,Other,N,39113-165100-1,39.76069246228587,-84.23040826942359
R72 08108 0032,county_only,DAYTON CITY OF,JAMES H MCGEE BLVD,DAYTON,640,"Exempt, owned by municipals",E,0000.00000,000000001100.00,000000000000.00,N,,,N,,,
R72 08108 0033,county_only,DAYTON CITY OF,JAMES H MCGEE BLVD,DAYTON,640,"Exempt, owned by municipals",E,0000.00000,000000001100.00,000000000000.00,N,,,N,,,
R72 08108 0034,county_only,DAYTON CITY OF,JAMES H MCGEE BLVD,DAYTON,640,"Exempt, owned by municipals",E,0000.00000,000000001090.00,000000000000.00,N,,,N,,,
R72 08108 0035,county_only,DAYTON CITY OF,905 N JAMES H MCGEE BLVD,DAYTON,640,"Exempt, owned by municipals",E,0000.00000,000000003360.00,000000000000.00,N,,,N,,,
R72 08108 0037,both,DAYTON CITY OF,2214 HOOVER AVE,DAYTON,640,"Exempt, owned by municipals",E,0000.00000,000000002500.00,000000000000.00,N,Public Works,Other,N,39113-165100-1,39.76149728392499,-84.23161279109831
R72 08108 0053,county_only,CITY OF DAYTON,KAMMER AVE,DAYTON,640,"Exempt, owned by municipals",E,0000.00100,000000000000.00,000000000000.00,N,,,N,,,
R72 08108 0054,county_only,CITY OF DAYTON,KAMMER AVE,DAYTON,640,"Exempt, owned by municipals",E,0000.01300,000000000000.00,000000000000.00,N,,,N,,,
R72 08109 0006,both,DAYTON CITY OF,1219 EDISON ST,DAYTON,640,"Exempt, owned by municipals",E,0000.00000,000000001830.00,000000000000.00,N,Planning,Surplus,Y,39113-165100-1,39.75661354772805,-84.23109036262909
R72 08109 0011,county_only,DAYTON CITY OF,1125 EDISON ST,DAYTON,640,"Exempt, owned by municipals",E,0000.00000,000000004130.00,000000000000.00,N,,,N,39113-165100-1,39.75662812834492,-84.23029032612735
R72 08109 0084,both,CITY OF DAYTON,1420 OAKRIDGE DR,DAYTON,640,"Exempt, owned by municipals",E,0000.00000,000000001860.00,000000000000.00,N,Planning,Surplus,Y,39113-165100-1,39.758145087356276,-84.23020698536341
R72 08109 0087,both,DAYTON CITY OF,N ORCHARD AVE,DAYTON,640,"Exempt, owned by municipals",E,0000.00000,000000001410.00,000000000000.00,N,Planning,Surplus,Y,39113-165100-1,39.75795706627792,-84.22984179464169
R72 08109 0095,county_only,CITY OF DAYTON,319 N ORCHARD AVE,DAYTON,640,"Exempt, owned by municipals",E,0000.00000,000000001410.00,000000000000.00,N,,,N,39113-165100-1,39.75789565875943,-84.22962094225608
R72 08110 0014,county_only,DAYTON CITY OF,1329 EDISON ST,DAYTON,620,"Exempt, owned by counties",E,0000.00000,000000001780.00,000000000000.00,N,,,N,39113-165100-1,39.756595648202044,-84.2322994913227
R72 08110 0015,county_only,DAYTON CITY OF,1325 EDISON ST,DAYTON,620,"Exempt, owned by counties",E,0000.00000,000000001780.00,000000000000.00,N,,,N,39113-165100-1,39.75659738591164,-84.23218214452841
R72 08110 0017,county_only,DAYTON CITY OF,1319 EDISON ST,DAYTON,620,"Exempt, owned by counties",E,0000.00000,000000001750.00,000000000000.00,N,,,N,39113-165100-1,39.75659252578686,-84.23195435420412
R72 08110 0056,both,CITY OF DAYTON,1712 OAKRIDGE DR,DAYTON,640,"Exempt, owned by municipals",E,0000.00000,000000001780.00,000000000000.00,N,Planning,Surplus,Y,39113-003900-3,39.75800732279676,-84.23304622681115
R72 08110 0057,both,CITY OF DAYTON,OAKRIDGE DR,DAYTON,640,"Exempt, owned by municipals",E,0000.00000,000000001390.00,000000000000.00,N,Planning,Surplus,Y,39113-003900-3,39.758008384208566,-84.23295925818327
R72 08110 0058,both,DAYTON CITY OF,OAKRIDGE DR,DAYTON,640,"Exempt, owned by municipals",E,0000.00000,000000001330.00,000000000000.00,N,Public Works,Other,N,39113-003900-3,39.758009100010355,-84.23290056775079
R72 08110 0078,both,DAYTON CITY OF,167 REISINGER AVE,DAYTON,613,Exempt land only,E,0000.00000,000000000870.00,000000000000.00,N,,,N,39113-165100-1,39.75752050625597,-84.23251815514446
R72 08110 0087,both,DAYTON CITY OF,REISINGER AVE,DAYTON,640,"Exempt, owned by municipals",E,0000.00000,000000001780.00,000000000000.00,N,,,N,39113-165100-1,39.757636350729555,-84.23189982335688
R72 08201 0005,city_layer_only,,,,,,,,,,N,,,N,,39.754345062816554,-84.23371635645138
R72 08201 0016,both,CITY OF DAYTON,139 N MARION ST,DAYTON,640,"Exempt, owned by municipals",E,0000.00000,000000002250.00,000000000000.00,N,Planning,Surplus,Y,39113-003900-3,39.75528025233498,-84.23342301300723
R72 08201 0017,both,DAYTON CITY OF,143 N MARION ST,DAYTON,640,"Exempt, owned by municipals",E,0000.00000,000000002250.00,000000000000.00,N,,,N,39113-003900-3,39.75536507478126,-84.23344289986899
R72 08201 0019,both,DAYTON CITY OF,N MARION ST,DAYTON,640,"Exempt, owned by municipals",E,0000.00000,000000002250.00,000000000000.00,N,,,N,39113-003900-3,39.75553740909194,-84.2334862969731
R72 08201 0024,both,CITY OF DAYTON,171 N MARION ST,DAYTON,640,"Exempt, owned by municipals",E,0000.00000,000000004500.00,000000000000.00,N,Planning,Surplus,Y,39113-003900-3,39.75595897943287,-84.23357506207698
R72 08201A0033,both,DAYTON CITY OF,2421 2423 W 3RD ST,DAYTON,400,Commercial vacant land,C,0000.00000,000000001790.00,000000000000.00,N,Public Works,Other,Y,39113-003900-3,39.75278739813906,-84.23351038850444
R72 08201A0034,both,DAYTON CITY OF,2417 2419 W 3RD ST,DAYTON,640,"Exempt, owned by municipals",E,0000.00000,000000001700.00,000000000000.00,N,Planning,Surplus,Y,39113-003900-3,39.75296246419933,-84.23336926784202
R72 08202 0011,both,DAYTON CITY OF,121 N WOODWARD AVE,DAYTON,640,"Exempt, owned by municipals",E,0000.00000,000000001850.00,000000000000.00,N,Planning,Surplus,Y,39113-165100-1,39.75543034791776,-84.230331695037
R72 08202 0032,both,CITY OF DAYTON,67 HALLWOOD AVE,DAYTON,640,"Exempt, owned by municipals",E,0000.00000,000000003310.00,000000000000.00,N,Planning,Surplus,Y,39113-165100-1,39.75632559783562,-84.23153654797882
R72 08202 0034,county_only,DAYTON CITY OF,59 HALLWOOD AVE,DAYTON,640,"Exempt, owned by municipals",E,0000.00000,000000001840.00,000000000000.00,N,,,N,39113-165100-1,39.756108006658366,-84.23148336282406
R72 08202 0042,both,DAYTON CITY OF,25 27 HALLWOOD AVE,DAYTON,640,"Exempt, owned by municipals",E,0000.00000,000000003700.00,000000000000.00,N,Planning,Surplus,Y,39113-165100-1,39.75533659325451,-84.23128636460113
R72 08202 0046,both,DAYTON CITY OF,2219 W 2ND ST,DAYTON,640,"Exempt, owned by municipals",E,0000.00000,000000002240.00,000000000000.00,N,Planning,Surplus,Y,39113-165100-1,39.754749013807654,-84.23128598879443
R72 08202 0052,county_only,CITY OF DAYTON OHIO,122 N KILMER ST,DAYTON,640,"Exempt, owned by municipals",E,0000.00000,000000001860.00,000000000000.00,N,,,N,39113-165100-1,39.755166177715616,-84.23185484810213
R72 08202 0073,both,DAYTON CITY OF,145 N KILMER ST,DAYTON,640,"Exempt, owned by municipals",E,0000.00000,000000002000.00,000000000000.00,N,Planning,Surplus,Y,39113-003900-3,39.75569109894637,-84.23238017236899
R72 08202 0074,county_only,DAYTON CITY OF,143 N KILMER ST,DAYTON,640,"Exempt, owned by municipals",E,0000.00000,000000002000.00,000000000000.00,N,,,N,39113-003900-3,39.7555870733989,-84.23235980933947
R72 08202 0078,both,DAYTON CITY OF,127 N KILMER ST,DAYTON,640,"Exempt, owned by municipals",E,0000.00000,000000002000.00,000000000000.00,N,Planning,Surplus,Y,39113-003900-3,39.75519341767088,-84.23224528310662
R72 08203 0029,both,DAYTON CITY OF,2218 W 2ND ST,DAYTON,640,"Exempt, owned by municipals",E,0000.00000,000000004640.00,000000000000.00,N,Planning,Surplus,Y,39113-165100-1,39.754457991496665,-84.23109731745211
R72 08203 0033,both,CITY OF DAYTON,2202 W 2ND ST,DAYTON,640,"Exempt, owned by municipals",E,0000.00000,000000004210.00,000000000000.00,N,Planning,Surplus,Y,39113-165100-1,39.75457051794118,-84.23058568520439
R72 08203 0037,county_only,DAYTON CITY OF,24 N KILMER ST,DAYTON,640,"Exempt, owned by municipals",E,0000.00000,000000001990.00,000000000000.00,N,,,N,39113-165100-1,39.75374641446589,-84.2314958526789
R72 08203 0061,both,DAYTON CITY OF,2325 W 3RD ST,DAYTON,640,"Exempt, owned by municipals",E,0000.00000,000000001320.00,000000000000.00,N,,,N,39113-003900-3,39.75313889894515,-84.2323270857935
R72 08203 0071,both,DAYTON CITY OF,2220 W 2ND ST,DAYTON,640,"Exempt, owned by municipals",E,0000.00000,000000002390.00,000000000000.00,N,Planning,Surplus,Y,39113-165100-1,39.75443426838843,-84.23121685375605
R72 08204 0010,both,DAYTON CITY OF,2104 W 2ND ST,DAYTON,640,"Exempt, owned by municipals",E,0000.00000,000000001100.00,000000000000.00,N,Planning,Surplus,Y,39113-165100-1,39.75478111990324,-84.22922190427951
R72 08204 0039,both,DAYTON CITY OF,2119 W 3RD ST,DAYTON,640,"Exempt, owned by municipals",E,0000.00000,000000003340.00,000000000000.00,N,Public Works,Other,N,39113-165100-1,39.75352030163725,-84.22933090989588
R72 08204 0050,both,DAYTON CITY OF,44 N WOODWARD AVE,DAYTON,640,"Exempt, owned by municipals",E,0000.00000,000000003340.00,000000000000.00,N,,,N,39113-165100-1,39.75445410610713,-84.23024701263013
R72 08204 0053,county_only,DAYTON CITY OF,46 N WOODWARD AVE,DAYTON,640,"Exempt, owned by municipals",E,0000.06700,000000001690.00,000000000000.00,N,,,N,39113-165100-1,39.754530856854146,-84.23025602962471
R72 08205 0031,both,CITY OF DAYTON,1024 EDISON ST,DAYTON,640,"Exempt, owned by municipals",E,0000.00000,000000001520.00,000000000000.00,N,Planning,Surplus,Y,39113-165100-1,39.756356129523596,-84.22881783170908
R72 08208 0009,county_only,DAYTON CITY OF,236 238 ORCHARD AVE,DAYTON,640,"Exempt, owned by municipals",E,0000.00000,000000002100.00,000000000000.00,N,,,N,39113-165100-1,39.757377063188876,-84.22922383758234
R72 08208 0015,both,CITY OF DAYTON,208 N ORCHARD AVE,DAYTON,640,"Exempt, owned by municipals",E,0000.00000,000000001760.00,000000000000.00,N,Planning,Surplus,Y,39113-165100-1,39.75679311190119,-84.22915628030192
R72 08208 0025,both,CITY OF DAYTON,MATHISON ST,DAYTON,500,"Residential vacant land, lot",R,0000.00000,000000001730.00,000000000000.00,N,,,Y,39113-165100-1,39.75763155962877,-84.22858797103038
R72 08208 0030,both,DAYTON CITY OF,329 N MATHISON ST,DAYTON,640,"Exempt, owned by municipals",E,0000.00000,000000001930.00,000000000000.00,N,Planning,Surplus,Y,39113-165100-1,39.75719061001621,-84.22846141408293
R72 08208 0033,both,CITY OF DAYTON,319 N MATHISON ST,DAYTON,640,"Exempt, owned by municipals",E,0000.00000,000000001730.00,000000000000.00,N,Planning,Surplus,Y,39113-165100-1,39.75693431222032,-84.22857542940419
R72 08208 0034,both,CITY OF DAYTON,315 N MATHISON ST,DAYTON,640,"Exempt, owned by municipals",E,0000.00000,000000001930.00,000000000000.00,N,Planning,Surplus,Y,39113-165100-1,39.756863931979474,-84.22845686651311
R72 08208 0035,both,DAYTON CITY OF,311 N MATHISON ST,DAYTON,640,"Exempt, owned by municipals",E,0000.00000,000000001930.00,000000000000.00,N,,,N,39113-165100-1,39.75677879361403,-84.22845831117543
R72 08208 0037,both,DAYTON CITY OF,1015 EDISON ST,DAYTON,640,"Exempt, owned by municipals",E,0000.00000,000000001340.00,000000000000.00,N,Planning,Surplus,Y,39113-165100-1,39.756609957140114,-84.22873518299113
R72 08208 0045,county_only,CITY OF DAYTON,919 EDISON ST,DAYTON,620,"Exempt, owned by counties",E,0000.00000,000000003120.00,000000000000.00,N,,,N,39113-165100-1,39.756691420026165,-84.22731062701193
R72 08208 0057,both,DAYTON CITY OF,42 MASON ST,DAYTON,640,"Exempt, owned by municipals",E,0000.00000,000000001870.00,000000000000.00,N,Planning,Surplus,Y,39113-165100-1,39.75724773220352,-84.22756992367395
R72 08208 0068,both,DAYTON CITY OF,35 33 MASON ST,DAYTON,640,"Exempt, owned by municipals",E,0000.00000,000000001690.00,000000000000.00,N,,,N,39113-165100-1,39.757542162504514,-84.22734238046476
R72 08208 0075,county_only,CITY OF DAYTON,303 N MATHISON ST,DAYTON,640,"Exempt, owned by municipals",E,0000.00000,000000001630.00,000000000000.00,N,,,N,39113-165100-1,39.7566197008582,-84.22844725351274
R72 08208 0080,both,CITY OF DAYTON,218 N ORCHARD AVE,DAYTON,640,"Exempt, owned by municipals",E,0000.00000,000000001990.00,000000000000.00,N,Planning,Surplus,Y,39113-165100-1,39.75693623740995,-84.22910183486054
R72 08209 0003,both,DAYTON CITY OF,341 JAMES H MCGEE BLVD,DAYTON,400,Commercial vacant land,C,0000.00000,000000001940.00,000000000000.00,N,Public Works,Other,Y,39113-165100-1,39.75779353064061,-84.22702841834032
R72 08209 0004,both,DAYTON CITY OF,337 N JAMES H MCGEE BLVD,DAYTON,640,"Exempt, owned by municipals",E,0000.00000,000000001640.00,000000000000.00,N,Public Works,Other,N,39113-165100-1,39.75780147702051,-84.22679658812514
R72 08209 0006,both,DAYTON CITY OF,331 N JAMES H MCGEE BLVD,DAYTON,640,"Exempt, owned by municipals",E,0000.00000,000000000990.00,000000000000.00,N,Public Works,Other,N,39113-165100-1,39.757537536291636,-84.22657700491226
R72 08209 0007,both,DAYTON CITY OF,327 JAMES H MCGEE BLVD,DAYTON,640,"Exempt, owned by municipals",E,0000.00000,000000000990.00,000000000000.00,N,Public Works,Other,N,39113-165100-1,39.757420038501095,-84.22660313284753
R72 08209 0008,both,DAYTON CITY OF,321 JAMES H MCGEE BLVD,DAYTON,640,"Exempt, owned by municipals",E,0000.00000,000000000990.00,000000000000.00,N,Public Works,Other,N,39113-165100-1,39.7573625184663,-84.22645312043531
R72 08209 0009,both,DAYTON CITY OF,319 N JAMES H MCGEE BLVD,DAYTON,640,"Exempt, owned by municipals",E,0000.00000,000000000990.00,000000000000.00,N,Public Works,Other,N,39113-165100-1,39.75731743686638,-84.22643510032933
R72 08209 0010,both,DAYTON CITY OF,315 JAMES H MCGEE BLVD,DAYTON,640,"Exempt, owned by municipals",E,0000.00000,000000000990.00,000000000000.00,N,Public Works,Other,N,39113-165100-1,39.75724211677924,-84.22637179944576
R72 08209 0011,both,DAYTON CITY OF,309 311 N JAMES H MCGEE BLVD,DAYTON,640,"Exempt, owned by municipals",E,0000.00000,000000000990.00,000000000000.00,N,Public Works,Other,N,39113-165100-1,39.7571150816485,-84.22637680426517
R72 08209 0012,both,DAYTON CITY OF,307 N JAMES H MCGEE BLVD,DAYTON,640,"Exempt, owned by municipals",E,0000.00000,000000001640.00,000000000000.00,N,Public Works,Other,N,39113-165100-1,39.757091426911,-84.22624251467244
R72 08209 0022,county_only,DAYTON CITY OF,JAMES H MCGEE BLVD,DAYTON,400,Commercial vacant land,C,0000.00000,000000000000.00,000000000000.00,N,,,Y,,,
R72 08210 0002,both,DAYTON CITY OF,ROSEDALE DR,DAYTON,300,"Industrial, vacant land",I,0010.32070,000000102170.00,000000000000.00,N,,,Y,39113-165100-2,39.75945700539073,-84.22559227885971
R72 08210 0015,both,DAYTON CITY OF,ANTIOCH & WOLF CREEK,DAYTON,640,"Exempt, owned by municipals",E,0000.00000,000000013860.00,000000000000.00,N,,,N,39113-165100-2,39.759278206488005,-84.22381579022223
R72 08210 0016,both,DAYTON CITY OF,ANTIOCH ST,DAYTON,640,"Exempt, owned by municipals",E,0000.00000,000000034290.00,000000001210.00,Y,Public Works,Other,N,39113-165100-2,39.75842359966292,-84.22380204209442
R72 08210 0027,both,DAYTON CITY OF,ROSEDALE DR,DAYTON,640,"Exempt, owned by municipals",E,0000.00000,000000002550.00,000000000000.00,N,Public Works,Other,N,39113-165100-1,39.76125867611662,-84.22939997856938
R72 08210 0031,county_only,THE CITY OF DAYTON,JAMES H MCGEE BLVD,DAYTON,400,Commercial vacant land,C,0000.00000,000000000000.00,000000000000.00,N,,,Y,,,
R72 08211 0033,both,CITY OF DAYTON,3 FARLEY ST,DAYTON,640,"Exempt, owned by municipals",E,0000.00000,000000004420.00,000000000000.00,N,Planning,Surplus,Y,39113-165100-2,39.75727286821114,-84.22512287550641
R72 08211 0037,both,DAYTON CITY OF,1012 OAKRIDGE DR,DAYTON,640,"Exempt, owned by municipals",E,0000.00000,000000001950.00,000000000000.00,N,Planning,Surplus,Y,39113-165100-2,39.7581928736716,-84.22455692134847
R72 08211 0038,both,CITY OF DAYTON,1008 OAKRIDGE DR,DAYTON,640,"Exempt, owned by municipals",E,0000.00000,000000001930.00,000000000000.00,N,Planning,Surplus,Y,39113-165100-2,39.7581936261034,-84.224476628728
R72 08211 0070,both,DAYTON CITY OF,304 JAMES H MCGEE BLVD,DAYTON,400,Commercial vacant land,C,0000.00000,000000001070.00,000000000000.00,N,Public Works,Other,Y,39113-165100-2,39.75736730981301,-84.22573259740786
R72 08211 0079,county_only,DAYTON CITY OF,JAMES H MCGEE BLVD,DAYTON,400,Commercial vacant land,C,0000.00000,000000000000.00,000000000000.00,N,,,Y,,,
R72 08212 0001,both,DAYTON CITY OF,815 EDISON ST,DAYTON,640,"Exempt, owned by municipals",E,0000.00000,000000001410.00,000000000000.00,N,Public Works,Other,N,39113-165100-1,39.75682817844047,-84.22622894144452
R72 08212 0002,both,DAYTON CITY OF,223 N JAMES H MCGEE BLVD,DAYTON,685,"Churches etc, public worship",E,0000.00000,000000001340.00,000000000000.00,N,Public Works,Other,N,39113-165100-1,39.756643271327036,-84.22605650501328
R72 08212 0003,both,DAYTON CITY OF,225 N JAMES H MCGEE BLVD,DAYTON,640,"Exempt, owned by municipals",E,0000.00000,000000001750.00,000000000000.00,N,Public Works,Other,N,39113-165100-1,39.75654067400576,-84.22585315463567
R72 08212 0004,both,DAYTON CITY OF,221 223 N JAMES H MCGEE BLVD,DAYTON,640,"Exempt, owned by municipals",E,0000.00000,000000001750.00,000000000000.00,N,Public Works,Other,N,39113-165100-1,39.75643239088847,-84.2257767390961
R72 08212 0005,both,DAYTON CITY OF,217 219 JAMES H MCGEE BLVD,DAYTON,640,"Exempt, owned by municipals",E,0000.00000,000000001460.00,000000000000.00,N,Public Works,Other,N,39113-165100-1,39.75637429041264,-84.22572027743756
R72 08212 0006,both,DAYTON CITY OF,213 215 N JAMES H MCGEE BLVD,DAYTON,640,"Exempt, owned by municipals",E,0000.00000,000000000730.00,000000000000.00,N,Public Works,Other,N,39113-165100-1,39.756230098412836,-84.22561091677726
R72 08212 0007,both,DAYTON CITY OF,211 N JAMES H MCGEE BLVD,DAYTON,640,"Exempt, owned by municipals",E,0000.00000,000000001460.00,000000000000.00,N,Public Works,Other,N,39113-165100-1,39.75617187408979,-84.22556284546269
R72 08212 0014,both,DAYTON CITY OF,218 220 JAMES H MCGEE BLVD,DAYTON,640,"Exempt, owned by municipals",E,0000.00000,000000000920.00,000000000000.00,N,,,N,39113-165100-2,39.756673813952204,-84.2253393285629
R72 08212 0017,both,DAYTON CITY OF,624 EDISON ST,DAYTON,500,"Residential vacant land, lot",R,0000.00000,000000002610.00,000000000000.00,N,Public Works,Other,Y,39113-165100-2,39.75692808021845,-84.2245021519296
R72 08212 0028,city_layer_only,,,,,,,,,,N,Planning,Surplus,Y,,,
R72 08212 0043,both,CITY OF DAYTON,212 216 N JAMES H MCGEE BLVD,DAYTON,613,Exempt land only,E,0000.00000,000000001180.00,000000000000.00,N,,,N,39113-165100-2,39.75646709762806,-84.22522329058249
R72 08212 0049,both,CITY OF DAYTON,JAMES H MCGEE BLVD,DAYTON,613,Exempt land only,E,0000.00000,000000003330.00,000000000000.00,N,,,N,39113-165100-2,39.7570697857659,-84.22511429280118
R72 08301 0025,both,DAYTON CITY OF,N CONOVER ST,DAYTON,640,"Exempt, owned by municipals",E,0000.00000,000000001950.00,000000000000.00,N,,,N,39113-165100-2,39.75614649318312,-84.21632884210517
R72 08301 0027,both,DAYTON CITY OF,W 2ND ST,DAYTON,640,"Exempt, owned by municipals",E,0000.00000,000000002700.00,000000000000.00,N,,,N,39113-165100-2,39.75634523840801,-84.21639033350918
R72 08301 0029,both,DAYTON CITY OF,2ND ST,DAYTON,640,"Exempt, owned by municipals",E,0000.00000,000000003140.00,000000000000.00,N,,,N,39113-165100-2,39.75641979237695,-84.21621165728892
R72 08301 0037,both,DAYTON CITY OF,W 2ND ST,DAYTON,640,"Exempt, owned by municipals",E,0000.00000,000000002680.00,000000000000.00,N,,,N,39113-165100-2,39.75647906458518,-84.21532955094223
R72 08301 0063,both,CITY OF DAYTON,1327 W 2ND ST,DAYTON,640,"Exempt, owned by municipals",E,0000.00000,000000002390.00,000000000000.00,N,,,N,39113-165100-2,39.756897269760664,-84.2153729687176
R72 08301 0073,city_layer_only,,,,,,,,,,N,,,N,,,
R72 08301 0079,city_layer_only,,,,,,,,,,N,Planning,Surplus,Y,,39.75751425322796,-84.21564065186966
R72 08301 0082,city_layer_only,,,,,,,,,,N,Planning,Surplus,Y,,39.7575776617895,-84.2152175848645
R72 08301 0084,county_only,"CITY OF DAYTON, OHIO",N BROADWAY ST,DAYTON,640,"Exempt, owned by municipals",E,0000.00000,000000004510.00,000000000000.00,N,,,N,39113-165100-2,39.75764950265542,-84.21463374457797
R72 08301 0092,both,DAYTON CITY OF,W 2ND ST,DAYTON,640,"Exempt, owned by municipals",E,0000.00000,000000000900.00,000000000000.00,N,,,N,39113-165100-2,39.756357415763716,-84.21626841027415
R72 08303 0002,county_only,CITY OF DAYTON,1401 W 1ST ST,DAYTON,499,,C,0000.21980,000000000000.00,000000000000.00,N,,,N,,,
R72 08303 0006,both,CITY OF DAYTON,1351 W 1ST ST,DAYTON,613,Exempt land only,E,0000.00000,000000000970.00,000000000000.00,N,,,N,39113-165100-2,39.757780811608875,-84.21637343163816
R72 08303 0020,county_only,CITY OF DAYTON,EDISON & CONOVER,DAYTON,499,,C,0000.00000,000000000000.00,000000000000.00,N,,,N,,,
R72 08303 0039,both,CITY OF DAYTON,W 1ST ST,DAYTON,500,"Residential vacant land, lot",R,0000.00000,000000002610.00,000000000000.00,N,,,Y,39113-165100-2,39.75776732476367,-84.21558853568928
R72 08303 0043,city_layer_only,,,,,,,,,,N,Planning,Surplus,Y,,39.75796252682234,-84.21527321599503
R72 08305 0038,both,DAYTON CITY OF,411 N BROADWAY ST,DAYTON,640,"Exempt, owned by municipals",E,0000.00000,000000002370.00,000000000000.00,N,Planning,Surplus,Y,39113-165100-2,39.7598877558657,-84.21516551189767
R72 08305 0039,county_only,"CITY OF DAYTON, OHIO",407 409 BROADWAY ST,DAYTON,640,"Exempt, owned by municipals",E,0000.00000,000000000400.00,000000000000.00,N,,,N,39113-165100-2,39.75981095194869,-84.21516006608549
R72 08305 0040,county_only,"CITY OF DAYTON, OHIO",403 N BROADWAY ST,DAYTON,640,"Exempt, owned by municipals",E,0000.00000,000000000390.00,000000000000.00,N,,,N,39113-165100-2,39.759714945954656,-84.21515414765209
R72 08305 0082,county_only,"CITY OF DAYTON, OHIO",313 BROADWAY ST,DAYTON,640,"Exempt, owned by municipals",E,0000.00000,000000002300.00,000000000000.00,N,,,N,39113-165100-2,39.759096322982856,-84.21518469277972
R72 08305 0084,county_only,"CITY OF DAYTON, OHIO",305 N BROADWAY ST,DAYTON,640,"Exempt, owned by municipals",E,0000.00000,000000000760.00,000000000000.00,N,,,N,39113-165100-2,39.80186567070994,-84.31182772960332
R72 08305 0085,county_only,"CITY OF DAYTON, OHIO",303 BROADWAY ST,DAYTON,640,"Exempt, owned by municipals",E,0000.00000,000000002500.00,000000000000.00,N,,,N,39113-165100-2,39.758818992926805,-84.2151216472168
R72 08305 0100,both,CITY OF DAYTON,536 DAKOTA ST,DAYTON,640,"Exempt, owned by municipals",E,0000.00000,000000000770.00,000000000000.00,N,Planning,Surplus,Y,39113-165100-2,39.759263970222385,-84.21632421804367
R72 08305 0106,both,CITY OF DAYTON,ROADWAY,DAYTON,640,"Exempt, owned by municipals",E,0000.04300,000000000000.00,000000000000.00,N,,,N,39113-165100-2,39.76008354070501,-84.21570630815805
R72 08306 0033,both,DAYTON CITY OF,PAUL LAURENCE DUNBAR ST,DAYTON,640,"Exempt, owned by municipals",E,0000.00000,000000000620.00,000000000000.00,N,Public Works,Other,N,39113-165100-2,39.758207951234155,-84.21871457225099
R72 08307 0048,city_layer_only,,,,,,,,,,N,Planning,Surplus,Y,,39.75617778482438,-84.21981378574294
R72 08307 0049,city_layer_only,,,,,,,,,,N,Planning,Surplus,Y,,39.75628866482008,-84.21969141683671
R72 08307 0055,both,DAYTON CITY OF,W 2ND ST,DAYTON,640,"Exempt, owned by municipals",E,0000.00000,000000002690.00,000000000000.00,N,,,N,39113-165100-2,39.75649873591527,-84.21895772189097
R72 08307 0067,county_only,CITY OF DAYTON,1552 W 1ST ST,DAYTON,640,"Exempt, owned by municipals",E,0000.00000,000000002390.00,000000000000.00,N,,,N,39113-165100-2,39.75660028692758,-84.2203319363491
R72 08307 0072,city_layer_only,,,,,,,,,,N,Planning,Surplus,Y,,39.756817003385535,-84.21971833630927
R72 08307 0083,both,DAYTON CITY OF,N PAUL LAURENCE DUNBAR ST,DAYTON,500,"Residential vacant land, lot",R,0000.00000,000000002240.00,000000000000.00,N,Public Works,Other,Y,39113-165100-2,39.75688885067387,-84.21883531390476
R72 08307 0089,both,DAYTON CITY OF,W SECOND ST,DAYTON,640,"Exempt, owned by municipals",E,0000.00000,000000001750.00,000000000000.00,N,,,N,39113-165100-2,39.756223288384646,-84.22083978968858
R72 08308 0003,both,DAYTON CITY OF,1323 W 3RD ST,DAYTON,680,,E,0000.00000,000000033100.00,000001499870.00,Y,Public Works,Other,N,39113-165100-2,39.755689566363344,-84.21799525784401
R72 08308 0028,both,DAYTON CITY OF,122 128 N PAUL LAURENCE DUNBAR ST,DAYTON,640,"Exempt, owned by municipals",E,0000.00000,000000002440.00,000000000000.00,N,,,N,39113-165100-2,39.75697272962092,-84.21827782212387
R72 08309 0009,both,DAYTON CITY OF,325 N PAUL LAWERENCE DUNBAR,DAYTON,640,"Exempt, owned by municipals",E,0000.00000,000000134640.00,000000288020.00,Y,Public Works,Operations,N,39113-165100-2,39.757913586894745,-84.22076998639926
R72 08312 0022,both,DAYTON CITY OF,W 1ST ST,DAYTON,640,"Exempt, owned by municipals",E,0000.00000,000000002560.00,000000000000.00,N,,,N,39113-165100-2,39.756753329877355,-84.22247669159779
R72 08313 0018,both,DAYTON CITY OF,1807 1809 W 3RD ST,DAYTON,640,"Exempt, owned by municipals",E,0000.00000,000000003330.00,000000000000.00,N,Public Works,Other,N,39113-165100-1,39.754331917023464,-84.2244069545772
R72 08313 0021,county_only,DAYTON CITY OF,1801 1803 W 3RD ST,DAYTON,640,"Exempt, owned by municipals",E,0000.00000,000000005780.00,000000000000.00,N,,,N,,,
R72 08313 0022,both,DAYTON CITY OF,1723 W THIRD ST,DAYTON,640,"Exempt, owned by municipals",E,0000.00000,000000002580.00,000000585760.00,Y,Public Works,Operations,N,39113-165100-2,39.75454372302241,-84.22384701431785
R72 08313 0023,both,DAYTON CITY OF,3RD & JAMES H MCGEE,DAYTON,640,"Exempt, owned by municipals",E,0000.00000,000000002740.00,000000000000.00,N,Public Works,Other,N,39113-165100-2,39.754563846570676,-84.22366312503652
R72 08313 0024,both,DAYTON CITY OF,1729 W 3RD ST,DAYTON,640,"Exempt, owned by municipals",E,0000.00000,000000002740.00,000000000000.00,N,Public Works,Other,N,39113-165100-2,39.754588101411315,-84.2235872156665
R72 08313 0025,both,DAYTON CITY OF,1717 W 3RD ST,DAYTON,640,"Exempt, owned by municipals",E,0000.00000,000000002870.00,000000004170.00,Y,Public Works,Other,N,39113-165100-2,39.75460012789813,-84.22343312858082
R72 08313 0026,both,DAYTON CITY OF,1711 3RD ST,DAYTON,640,"Exempt, owned by municipals",E,0000.00000,000000002740.00,000000006070.00,Y,Public Works,Other,N,39113-165100-2,39.754618268355685,-84.22331813045524
R72 08313 0027,both,DAYTON CITY OF,1709 W 3RD ST,DAYTON,640,"Exempt, owned by municipals",E,0000.00000,000000002740.00,000000004260.00,Y,Public Works,Other,N,39113-165100-2,39.75463640896524,-84.22320313229828
R72 08313 0028,both,DAYTON CITY OF,1707 W 3RD ST,DAYTON,640,"Exempt, owned by municipals",E,0000.00000,000000002740.00,000000003980.00,Y,Public Works,Other,N,39113-165100-2,39.754654549205306,-84.22308813393994
R72 08313 0109,both,DAYTON CITY OF,JAMES H MCGEE BLVD,DAYTON,640,"Exempt, owned by municipals",E,0000.00000,000000005120.00,000000000000.00,N,Public Works,Other,N,39113-165100-1,39.755094700350384,-84.22476889920375
R72 08402 0036,both,DAYTON CITY OF,EDWIN C MOSES BLVD,DAYTON,400,Commercial vacant land,C,0000.61890,000000040430.00,000000000000.00,N,Public Works,Other,Y,39113-165100-2,39.75745709936881,-84.20600536659828
R72 08402 0037,both,DAYTON CITY OF,W 2ND ST,DAYTON,640,"Exempt, owned by municipals",E,0000.41100,000000000000.00,000000000000.00,N,,,N,39113-165100-2,39.758090723995835,-84.20756411349974
R72 08403 0048,county_only,DAYTON CITY OF,W 3RD ST,DAYTON,640,"Exempt, owned by municipals",E,0000.00000,000000000000.00,000000000000.00,N,,,N,,,
R72 08403 0049,county_only,DAYTON CITY OF,W 3RD ST,DAYTON,640,"Exempt, owned by municipals",E,0000.00000,000000000000.00,000000000000.00,N,,,N,,,
R72 08404 0001,county_only,DAYTON CITY OF,240 N WILLIAMS ST,DAYTON,640,"Exempt, owned by municipals",E,0000.00000,000000005100.00,000000000000.00,N,,,N,39113-165100-2,39.75917374417651,-84.21123452912495
R72 08404 0005,both,DAYTON CITY OF,DAKOTA ST,DAYTON,640,"Exempt, owned by municipals",E,0000.00000,000000000220.00,000000000000.00,N,,,N,39113-165100-2,39.75897456846174,-84.21077422817868
R72 08404 0006,both,DAYTON CITY OF,DAKOTA ST,DAYTON,640,"Exempt, owned by municipals",E,0000.00000,000000000240.00,000000000000.00,N,,,N,39113-165100-2,39.75897904702066,-84.21070786641006
R72 08404 0009,both,DAYTON CITY OF,222 DAKOTA ST,DAYTON,640,"Exempt, owned by municipals",E,0000.00000,000000000300.00,000000000000.00,N,,,N,39113-165100-2,39.75894148252302,-84.2104880250551
R72 08404 0010,both,DAYTON CITY OF,218 DAKOTA ST,DAYTON,640,"Exempt, owned by municipals",E,0000.00000,000000000220.00,000000000000.00,N,,,N,39113-165100-2,39.758918614132405,-84.21035419547654
R72 08404 0011,both,DAYTON CITY OF,212 214 DAKOTA ST,DAYTON,640,"Exempt, owned by municipals",E,0000.00000,000000000200.00,000000000000.00,N,,,N,39113-165100-2,39.75890629261776,-84.21018552573982
R72 08404 0012,both,DAYTON CITY OF,W 1ST ST,DAYTON,640,"Exempt, owned by municipals",E,0000.00000,000000001750.00,000000000000.00,N,,,N,39113-165100-2,39.758832587524246,-84.20991709134772
R72 08404 0013,both,DAYTON CITY OF,1107 W 1ST ST,DAYTON,640,"Exempt, owned by municipals",E,0000.00000,000000000190.00,000000000000.00,N,,,N,39113-165100-2,39.75881252418769,-84.20981229157232
R72 08404 0014,county_only,"CITY OF DAYTON, OHIO",1023 1025 1ST ST,DAYTON,640,"Exempt, owned by municipals",E,0000.00000,000000001880.00,000000000000.00,N,,,N,39113-165100-2,39.75877280596086,-84.20954900091078
R72 08404 0031,county_only,"CITY OF DAYTON, OHIO",113 115 GRIMES ST,DAYTON,640,"Exempt, owned by municipals",E,0000.00000,000000005100.00,000000000000.00,N,,,N,39113-165100-2,39.75832354293629,-84.20830302667261
R72 08404 0037,both,DAYTON CITY OF,1115 1117 W 1ST ST,DAYTON,640,"Exempt, owned by municipals",E,0000.00000,000000000240.00,000000000000.00,N,,,N,39113-165100-2,39.75871077447494,-84.21003488833699
R72 08405 0002,county_only,"CITY OF DAYTON, OHIO",N WILLIAMS ST,DAYTON,640,"Exempt, owned by municipals",E,0000.00000,000000001080.00,000000000000.00,N,,,N,39113-165100-2,39.75874426386186,-84.21117723460615
R72 08405 0023,both,DAYTON CITY OF,1137 1139 W 1ST ST,DAYTON,640,"Exempt, owned by municipals",E,0000.00000,000000002250.00,000000000000.00,N,,,N,39113-165100-2,39.75857079832316,-84.21084545254244
R72 08405 0024,both,DAYTON CITY OF,1133 1135 W 1ST ST,DAYTON,640,"Exempt, owned by municipals",E,0000.00000,000000002320.00,000000000000.00,N,,,N,39113-165100-2,39.758666786262104,-84.2106926728787
R72 08405 0025,both,DAYTON CITY OF,1129 1132 W 1ST ST,DAYTON,640,"Exempt, owned by municipals",E,0000.00000,000000002210.00,000000000000.00,N,,,N,39113-165100-2,39.75861214337796,-84.2105838779186
R72 08405 0026,both,DAYTON CITY OF,1125 1127 W 1ST ST,DAYTON,640,"Exempt, owned by municipals",E,0000.00000,000000002080.00,000000000000.00,N,,,N,39113-165100-2,39.758636221093084,-84.21043863127869
R72 08405 0027,both,DAYTON CITY OF,1123 W 1ST ST,DAYTON,640,"Exempt, owned by municipals",E,0000.00000,000000003510.00,000000000000.00,N,,,N,39113-165100-2,39.758671421460576,-84.21028648738339
R72 08405 0029,county_only,DAYTON CITY OF,N WILLIAMS ST,DAYTON,640,"Exempt, owned by municipals",E,0000.00000,000000002470.00,000000000000.00,N,,,N,39113-165100-2,39.75845629900426,-84.21142715796867
R72 08405 0045,city_layer_only,,,,,,,,,,N,Planning,Surplus,Y,,39.7577322591569,-84.21048050105829
R72 08405 0053,both,DAYTON CITY OF,113 SWEETMAN ST,DAYTON,500,"Residential vacant land, lot",R,0000.00000,000000001620.00,000000000000.00,N,Public Works,Other,Y,39113-165100-2,39.758231725069294,-84.20975783415739
R72 08406 0026,city_layer_only,,,,,,,,,,N,Economic Development,Development,Y,,39.75649663280379,-84.21085573098269
R72 08406 0035,city_layer_only,,,,,,,,,,N,Economic Development,Development,Y,,39.75662941925359,-84.21047540569595
R72 08406 0037,city_layer_only,,,,,,,,,,N,,,N,,39.75680097498717,-84.21043217489613
R72 08406 0039,city_layer_only,,,,,,,,,,N,,,N,,39.75683250519524,-84.2102403354306
R72 08406 0063,county_only,DAYTON CITY OF,W 3RD ST,DAYTON,640,"Exempt, owned by municipals",E,0000.00000,000000000000.00,000000000000.00,N,,,N,,,
R72 08408 0001,county_only,"CITY OF DAYTON, OHIO",1203 1205 W 1ST ST,DAYTON,640,"Exempt, owned by municipals",E,0000.00000,000000002210.00,000000002620.00,Y,,,N,39113-165100-2,39.75839079249705,-84.21182721368056
R72 08408 0013,county_only,DAYTON CITY OF,128 N BROADWAY ST,DAYTON,640,"Exempt, owned by municipals",E,0000.00000,000000002420.00,000000000000.00,N,,,N,39113-165100-2,39.75772911945365,-84.21426003832099
R72 08408 0014,county_only,DAYTON CITY OF,122 N BROADWAY ST,DAYTON,640,"Exempt, owned by municipals",E,0000.00000,000000002420.00,000000000000.00,N,,,N,39113-165100-2,39.75764320431566,-84.21423472690033
R72 08409 0001,county_only,DAYTON CITY OF,118 PAISLEY ST,DAYTON,620,"Exempt, owned by counties",E,0000.00000,000000002200.00,000000000000.00,N,,,N,39113-165100-2,39.759557841983344,-84.21266945921735
R72 08409 0003,county_only,DAYTON CITY OF,116 PAISLEY ST,DAYTON,620,"Exempt, owned by counties",E,0000.00000,000000001890.00,000000000000.00,N,,,N,39113-165100-2,39.75941335024471,-84.21268837538258
R72 08409 0004,both,DAYTON CITY OF,112 PAISLEY ST,DAYTON,500,"Residential vacant land, lot",R,0000.00000,000000001900.00,000000000000.00,N,Public Works,Other,Y,39113-165100-2,39.75932896923324,-84.2126337269642
R72 08409 0005,both,DAYTON CITY OF,108 PAISLEY ST,DAYTON,640,"Exempt, owned by municipals",E,0000.00000,000000001960.00,000000000000.00,N,Public Works,Other,N,39113-165100-2,39.759256270604226,-84.21272718227074
R72 08409 0006,both,DAYTON CITY OF,36 PAISLEY ST,DAYTON,640,"Exempt, owned by municipals",E,0000.00000,000000001840.00,000000000000.00,N,,,N,39113-165100-2,39.75917885858551,-84.21266110214107
R72 08409 0007,both,DAYTON CITY OF,DAKOTA ST,DAYTON,640,"Exempt, owned by municipals",E,0000.00000,000000002370.00,000000000000.00,N,,,N,39113-165100-2,39.75927591371325,-84.21240726404825
R72 08409 0008,both,DAYTON CITY OF,320 322 DAKOTA ST,DAYTON,640,"Exempt, owned by municipals",E,0000.00000,000000002780.00,000000000000.00,N,,,N,39113-165100-2,39.75934585027212,-84.21223485937668
R72 08409 0009,both,DAYTON CITY OF,243 N WILLIAMS ST,DAYTON,640,"Exempt, owned by municipals",E,0000.00000,000000001950.00,000000000000.00,N,,,N,39113-165100-2,39.759290256824364,-84.21171763476639
R72 08409 0010,county_only,DAYTON CITY OF,316 DAKOTA ST,DAYTON,620,"Exempt, owned by counties",E,0000.00000,000000001750.00,000000000000.00,N,,,N,39113-165100-2,39.75937225689865,-84.21211811406252
R72 08409 0011,county_only,DAYTON CITY OF,N WILLIAMS ST,DAYTON,640,"Exempt, owned by municipals",E,0000.00000,000000000900.00,000000000000.00,N,,,N,39113-165100-2,39.75919119381835,-84.21173303758725
R72 08409 0012,county_only,DAYTON CITY OF,N WILLIAMS ST,DAYTON,640,"Exempt, owned by municipals",E,0000.00000,000000003980.00,000000000000.00,N,,,N,39113-165100-2,39.75909772172563,-84.21174140867556
R72 08409 0013,county_only,DAYTON CITY OF,229 N WILLIAMS ST,DAYTON,640,"Exempt, owned by municipals",E,0000.00000,000000000770.00,000000000000.00,N,,,N,39113-165100-2,39.75902780357056,-84.2117388752953
R72 08409 0015,both,DAYTON CITY OF,34 PAISLEY ST,DAYTON,640,"Exempt, owned by municipals",E,0000.00000,000000002770.00,000000000000.00,N,Public Works,Other,N,39113-165100-2,39.75901125691089,-84.21277099783002
R72 08409 0021,both,CITY OF DAYTON,225 227 N WILLIAMS ST,DAYTON,640,"Exempt, owned by municipals",E,0000.00000,000000000420.00,000000000000.00,N,,,N,39113-165100-2,39.758934411987255,-84.21175097874048
R72 08409 0023,county_only,"CITY OF DAYTON, OHIO",217 N WILLIAMS ST,DAYTON,640,"Exempt, owned by municipals",E,0000.00000,000000002640.00,000000000000.00,N,,,N,39113-165100-2,39.758752212122765,-84.21170797356373
R72 08409 0030,both,DAYTON CITY OF,100 PAISLEY ST,DAYTON,613,Exempt land only,E,0000.00000,000000000520.00,000000000000.00,N,,,N,39113-165100-2,39.75911091317705,-84.21267349280994
R72 08501 0001,county_only,DAYTON CITY OF,EDWIN C MOSES BLVD,DAYTON,640,"Exempt, owned by municipals",E,0000.08840,000000000000.00,000000000000.00,N,,,N,,,
R72 08501 0002,city_layer_only,,,,,,,,,,N,Public Works,Other,N,,39.7568665666058,-84.20677510303108
R72 08501 0003,city_layer_only,,,,,,,,,,N,Public Works,Other,N,,39.7569216333757,-84.20674719180857
R72 08501 0005,city_layer_only,,,,,,,,,,N,Public Works,Other,N,,39.75697429946011,-84.20663721238842
R72 08501 0006,city_layer_only,,,,,,,,,,N,Public Works,Other,N,,39.75684778489498,-84.20653807287827
R72 08501 0008,city_layer_only,,,,,,,,,,N,Public Works,Other,N,,39.756948587732325,-84.20641987069764
R72 08501 0009,city_layer_only,,,,,,,,,,N,Public Works,Other,N,,39.757027094436175,-84.20632404547645
R72 08501 0010,city_layer_only,,,,,,,,,,N,Public Works,Other,N,,39.75700583879482,-84.20607259937782
R72 08501 0020,city_layer_only,,,,,,,,,,N,Public Works,Other,N,,39.75591481029238,-84.20661791009493
R72 08501 0021,city_layer_only,,,,,,,,,,N,,,N,,39.75629340271638,-84.20590547783225
R72 08501 0022,city_layer_only,,,,,,,,,,N,,,N,,39.75576813332974,-84.20653653028518
R72 08501 0023,both,CITY OF DAYTON,S SPRAGUE ST,DAYTON,640,"Exempt, owned by municipals",E,0000.00000,000000000820.00,000000000000.00,N,,,N,39113-165100-2,39.75572375612084,-84.20662045826764
R72 08501 0024,both,CITY OF DAYTON,S SPRAGUE ST,DAYTON,640,"Exempt, owned by municipals",E,0000.00000,000000001060.00,000000000000.00,N,,,N,39113-165100-2,39.755670818685424,-84.20657370766675
R72 08501 0026,both,CITY OF DAYTON,633 W 4TH ST,DAYTON,640,"Exempt, owned by municipals",E,0000.00000,000000000990.00,000000000000.00,N,,,N,39113-165100-2,39.75573319776433,-84.2064137229492
R72 08501 0028,both,DAYTON CITY OF,BANK ST,DAYTON,640,"Exempt, owned by municipals",E,0000.00000,000000006100.00,000000000000.00,N,,,N,39113-165100-2,39.7566199652976,-84.20599617112826
R72 08501 0029,both,DAYTON CITY OF,25 31 BANK ST,DAYTON,640,"Exempt, owned by municipals",E,0000.00000,000000002880.00,000000000000.00,N,,,N,39113-165100-2,39.75647266236267,-84.20591726825052
R72 08501 0030,both,DAYTON CITY OF,BANK ST,DAYTON,640,"Exempt, owned by municipals",E,0000.00000,000000002540.00,000000000000.00,N,,,N,39113-165100-2,39.75616151436709,-84.20578870646239
R72 08501 0031,both,CITY OF DAYTON,BANK ST,DAYTON,640,"Exempt, owned by municipals",E,0000.00000,000000002750.00,000000000000.00,N,,,N,39113-165100-2,39.75606555957299,-84.20577918898319
R72 08501 0032,both,CITY OF DAYTON,49 BANK ST,DAYTON,640,"Exempt, owned by municipals",E,0000.00000,000000002750.00,000000000000.00,N,,,N,39113-165100-2,39.75591442644344,-84.20580001436197
R72 08501 0033,both,DAYTON CITY OF,55 BANK ST,DAYTON,640,"Exempt, owned by municipals",E,0000.00000,000000001850.00,000000000000.00,N,Public Works,Other,N,39113-165100-2,39.75579851080601,-84.20563748729086
R72 08501 0042,both,DAYTON CITY OF,623 W 4TH ST,DAYTON,640,"Exempt, owned by municipals",E,0000.78380,000000017410.00,000000000000.00,N,Public Works,Other,N,39113-165100-2,39.755725055932956,-84.20615507613928
R72 08501 0044,both,DAYTON CITY OF,W 3RD ST,DAYTON,640,"Exempt, owned by municipals",E,0000.06590,000000001810.00,000000000000.00,N,,,N,39113-165100-2,39.75690995922323,-84.2058931691164
R72 08501 0047,both,DAYTON CITY OF,BANK ST,DAYTON,640,"Exempt, owned by municipals",E,0000.00000,000000001650.00,000000000000.00,N,,,N,39113-165100-2,39.75625394951459,-84.20585141304723
R72 08501 0055,county_only,DAYTON CITY OF,W 3RD ST,DAYTON,400,Commercial vacant land,C,0000.01100,000000000000.00,000000000000.00,N,,,Y,,,
R72 08501 0058,both,DAYTON CITY OF,EDWIN C MOSES BLVD,DAYTON,660,,E,0000.35840,000000007960.00,000000000000.00,N,Public Works,Other,N,39113-165100-2,39.756507004366505,-84.20676122636775
R72 08501 0061,county_only,DAYTON CITY OF,40 S EDWIN C MOSES BLVD,DAYTON,640,"Exempt, owned by municipals",E,0003.74310,000000050460.00,000001001320.00,Y,,,N,,,
R72 08502 0032,both,DAYTON CITY OF,51 HORACE ST,DAYTON,640,"Exempt, owned by municipals",E,0000.00000,000000011510.00,000000000000.00,N,Public Works,Other,N,39113-165100-2,39.75557940071764,-84.20804376272758
R72 08502 0046,city_layer_only,,,,,,,,,,N,,,N,,39.756833162551,-84.20739632365682
R72 08502 0047,city_layer_only,,,,,,,,,,N,,,N,,39.75683898499123,-84.2073456988746
R72 08502 0056,both,DAYTON CITY OF,48 HORACE ST,DAYTON,640,"Exempt, owned by municipals",E,0000.00000,000000001780.00,000000000000.00,N,Public Works,Other,N,39113-165100-2,39.75563168431301,-84.20766117282795
R72 08502 0060,both,DAYTON CITY OF,64 66 HORACE ST,DAYTON,640,"Exempt, owned by municipals",E,0000.00000,000000011290.00,000000000000.00,N,,,N,39113-165100-2,39.75527638571164,-84.20754930096338
R72 08502 0061,both,CITY OF DAYTON,HORACE ST,DAYTON,640,"Exempt, owned by municipals",E,0000.00000,000000010080.00,000000000000.00,N,,,N,39113-165100-2,39.755202480920765,-84.2075332683911
R72 08502 0062,both,CITY OF DAYTON,711 713 W 4TH ST,DAYTON,640,"Exempt, owned by municipals",E,0000.00000,000000000890.00,000000000000.00,N,Public Works,Other,N,39113-165100-2,39.755098416683104,-84.20721632566288
R72 08502 0063,both,CITY OF DAYTON,721 723 W 4TH ST,DAYTON,640,"Exempt, owned by municipals",E,0000.00000,000000000920.00,000000000000.00,N,Public Works,Other,N,39113-165100-2,39.75504679973993,-84.20755032001655
R72 08502 0064,both,DAYTON CITY OF,19 SPRAGUE ST,DAYTON,640,"Exempt, owned by municipals",E,0000.00000,000000001630.00,000000000000.00,N,Public Works,Other,N,39113-165100-2,39.75643420052552,-84.20732452586239
R72 08502 0065,both,CITY OF DAYTON,21 23 S SPRAGUE ST,DAYTON,500,"Residential vacant land, lot",R,0000.00000,000000002440.00,000000000000.00,N,,,Y,39113-165100-2,39.75634370505986,-84.20731105341787
R72 08502 0066,both,DAYTON CITY OF,25 27 S SPRAGUE ST,DAYTON,640,"Exempt, owned by municipals",E,0000.00000,000000001630.00,000000000000.00,N,Public Works,Other,N,39113-165100-2,39.756253231470865,-84.20729758203701
R72 08502 0067,both,DAYTON CITY OF,29 S SPRAGUE ST,DAYTON,640,"Exempt, owned by municipals",E,0000.00000,000000001630.00,000000000000.00,N,Public Works,Other,N,39113-165100-2,39.75616278140326,-84.20728411113073
R72 08502 0068,both,DAYTON CITY OF,33 35 SPRAGUE ST,DAYTON,640,"Exempt, owned by municipals",E,0000.00000,000000001630.00,000000000000.00,N,Public Works,Other,N,39113-165100-2,39.756072356926566,-84.20727064137448
R72 08502 0069,both,DAYTON CITY OF,37 39 SPRAGUE ST,DAYTON,640,"Exempt, owned by municipals",E,0000.00000,000000000840.00,000000000000.00,N,Public Works,Other,N,39113-165100-2,39.75596557167399,-84.2071748545197
R72 08502 0070,both,DAYTON CITY OF,41 43 SPRAGUE ST,DAYTON,640,"Exempt, owned by municipals",E,0000.00000,000000001780.00,000000000000.00,N,Public Works,Other,N,39113-165100-2,39.75588897479586,-84.20715519990416
R72 08502 0071,both,DAYTON CITY OF,45 47 SPRAGUE ST,DAYTON,500,"Residential vacant land, lot",R,0000.00000,000000002440.00,000000000000.00,N,Public Works,Other,Y,39113-165100-2,39.75577915443296,-84.2071525095884
R72 08502 0072,both,DAYTON CITY OF,49 51 SPRAGUE ST,DAYTON,640,"Exempt, owned by municipals",E,0000.00000,000000001630.00,000000000000.00,N,Public Works,Other,N,39113-165100-2,39.75570714805249,-84.20721621063002
R72 08502 0073,both,DAYTON CITY OF,53 55 S SPRAGUE ST,DAYTON,640,"Exempt, owned by municipals",E,0000.00000,000000001630.00,000000000000.00,N,Public Works,Other,N,39113-165100-2,39.75561652543932,-84.20720269717776
R72 08502 0074,both,DAYTON CITY OF,59 S SPRAGUE ST,DAYTON,640,"Exempt, owned by municipals",E,0000.00000,000000001230.00,000000000000.00,N,Public Works,Other,N,39113-165100-2,39.75553626912248,-84.2071915884579
R72 08502 0077,both,DAYTON CITY OF,63 SPRAGUE ST,DAYTON,640,"Exempt, owned by municipals",E,0000.00000,000000000620.00,000000000000.00,N,Public Works,Other,N,39113-165100-2,39.75541104346361,-84.20717437342985
R72 08502 0079,both,DAYTON CITY OF,65 SPRAGUE ST,DAYTON,640,"Exempt, owned by municipals",E,0000.00000,000000000620.00,000000000000.00,N,Public Works,Other,N,39113-165100-2,39.75532261340818,-84.20715613089288
R72 08502 0080,both,DAYTON CITY OF,69 SPRAGUE ST,DAYTON,640,"Exempt, owned by municipals",E,0000.00000,000000000620.00,000000000000.00,N,Public Works,Other,N,39113-165100-2,39.755254992194025,-84.20715033565136
R72 08502 0081,both,DAYTON CITY OF,73 SPRAGUE ST,DAYTON,640,"Exempt, owned by municipals",E,0000.00000,000000000620.00,000000000000.00,N,Public Works,Other,N,39113-165100-2,39.755218047627125,-84.20714116358536
R72 08502 0083,both,DAYTON CITY OF,709 W 4TH ST,DAYTON,640,"Exempt, owned by municipals",E,0000.00000,000000000210.00,000000000000.00,N,Public Works,Other,N,39113-165100-2,39.75513489735924,-84.20712413828355
R72 08502 0084,county_only,DAYTON CITY OF,75 S SPRAGUE ST,DAYTON,640,"Exempt, owned by municipals",E,0000.00000,000000000710.00,000000000000.00,N,,,N,,,
R72 08502 0087,both,DAYTON CITY OF,717 719 W 4TH ST,DAYTON,640,"Exempt, owned by municipals",E,0000.00000,000000008800.00,000000000000.00,N,Public Works,Other,N,39113-165100-2,39.75508003995127,-84.20734731004879
R72 08502 0088,both,DAYTON CITY OF,37 39 S SPRAGUE ST,DAYTON,640,"Exempt, owned by municipals",E,0000.00000,000000000840.00,000000000000.00,N,Public Works,Other,N,39113-165100-2,39.756003974153025,-84.20726045322824
R72 08502 0089,county_only,DAYTON CITY OF,W 3RD ST,DAYTON,640,"Exempt, owned by municipals",E,0000.00000,000000000000.00,000000000000.00,N,,,N,,,
R72 08502 0095,both,DAYTON CITY OF,MOUND ST,DAYTON,640,"Exempt, owned by municipals",E,0000.10100,000000001950.00,000000000000.00,N,Public Works,Other,N,39113-165100-2,39.75594975786529,-84.20879400921143
R72 08503 0017,both,DAYTON CITY OF,835 837 5TH ST,DAYTON,640,"Exempt, owned by municipals",E,0000.00000,000000000290.00,000000000000.00,N,Public Works,Other,N,39113-165100-2,39.75352943580279,-84.20871956703634
R72 08503 0019,both,DAYTON CITY OF,833 W 5TH ST,DAYTON,640,"Exempt, owned by municipals",E,0000.00000,000000000210.00,000000000000.00,N,,,N,39113-165100-2,39.7535417076009,-84.20863092521564
R72 08503 0020,both,DAYTON CITY OF,827 W 5TH ST,DAYTON,640,"Exempt, owned by municipals",E,0000.00000,000000000260.00,000000000000.00,N,,,N,39113-165100-2,39.75355692999509,-84.20852813551105
R72 08503 0021,both,CITY OF DAYTON,W 5TH ST,DAYTON,400,Commercial vacant land,C,0000.00000,000000000260.00,000000000000.00,N,,,Y,39113-165100-2,39.753572567562294,-84.20839691321626
R72 08503 0022,both,DAYTON CITY OF,821 W 5TH ST,DAYTON,640,"Exempt, owned by municipals",E,0000.00000,000000000260.00,000000000000.00,N,,,N,39113-165100-2,39.75357940494886,-84.208304583026
R72 08503 0037,both,DAYTON CITY OF,102 HORACE ST,DAYTON,640,"Exempt, owned by municipals",E,0000.00000,000000000180.00,000000000000.00,N,Public Works,Other,N,39113-165100-2,39.75482565406372,-84.20751556636502
R72 08503 0038,both,DAYTON CITY OF,104 106 HORACE ST,DAYTON,640,"Exempt, owned by municipals",E,0000.00000,000000000230.00,000000000000.00,N,Public Works,Other,N,39113-165100-2,39.754697769390134,-84.20749601364238
R72 08503 0039,both,CITY OF DAYTON,108 110 HORACE ST,DAYTON,640,"Exempt, owned by municipals",E,0000.00000,000000000310.00,000000000000.00,N,Public Works,Other,N,39113-165100-2,39.754590944577146,-84.2074791746651
R72 08503 0042,both,CITY OF DAYTON,122 HORACE ST,DAYTON,640,"Exempt, owned by municipals",E,0000.00000,000000000280.00,000000000000.00,N,Public Works,Other,N,39113-165100-2,39.75432771691176,-84.20745489022144
R72 08503 0046,both,DAYTON CITY OF,710 W 4TH ST,DAYTON,640,"Exempt, owned by municipals",E,0000.00000,000000000120.00,000000000000.00,N,Public Works,Other,N,39113-165100-2,39.75490268158697,-84.20711232968426
R72 08503 0047,county_only,DAYTON CITY OF,103 SPRAGUE ST,DAYTON,640,"Exempt, owned by municipals",E,0000.00000,000000000000.00,000000000000.00,N,,,N,,39.75496992525387,-84.20672358102243
R72 08503 0048,both,DAYTON CITY OF,EDWIN C MOSES BLVD,DAYTON,640,"Exempt, owned by municipals",E,0000.00000,000000000120.00,000000000000.00,N,Public Works,Other,N,39113-165100-2,39.75472530473183,-84.20706390840718
R72 08503 0049,both,DAYTON CITY OF,EDWIN C MOSES BLVD,DAYTON,640,"Exempt, owned by municipals",E,0000.00000,000000000260.00,000000000000.00,N,Public Works,Other,N,39113-165100-2,39.75468330762728,-84.20705140711523
R72 08503 0051,both,DAYTON CITY OF,EDWIN C MOSES BLVD,DAYTON,640,"Exempt, owned by municipals",E,0000.00000,000000000250.00,000000000000.00,N,Public Works,Other,N,39113-165100-2,39.754554007580005,-84.20700155620551
R72 08503 0052,both,DAYTON CITY OF,EDWIN C MOSES BLVD,DAYTON,640,"Exempt, owned by municipals",E,0000.00000,000000000350.00,000000000000.00,N,Public Works,Other,N,39113-165100-2,39.75445531580614,-84.20698847233022
R72 08503 0053,both,DAYTON CITY OF,EDWIN C MOSES BLVD,DAYTON,640,"Exempt, owned by municipals",E,0000.00000,000000000350.00,000000000000.00,N,Public Works,Other,N,39113-165100-2,39.75438420581487,-84.20696895391124
R72 08503 0054,both,DAYTON CITY OF,EDWIN C MOSES BLVD,DAYTON,640,"Exempt, owned by municipals",E,0000.00000,000000000450.00,000000000000.00,N,Public Works,Other,N,39113-165100-2,39.75429197949911,-84.20689197393352
R72 08503 0055,both,DAYTON CITY OF,EDWIN C MOSES BLVD,DAYTON,640,"Exempt, owned by municipals",E,0000.00000,000000000450.00,000000000000.00,N,Public Works,Other,N,39113-165100-2,39.75425351635926,-84.20689718098093
R72 08503 0057,both,DAYTON CITY OF,EDWIN C MOSES BLVD,DAYTON,640,"Exempt, owned by municipals",E,0000.00000,000000000600.00,000000000000.00,N,Public Works,Other,N,39113-165100-2,39.75417159500403,-84.20686413746554
R72 08503 0059,both,DAYTON CITY OF,704 ANDERSON-GOODRICH CT,DAYTON,640,"Exempt, owned by municipals",E,0000.00000,000000000140.00,000000000000.00,N,Public Works,Other,N,39113-165100-2,39.75370051144256,-84.2073874339255
R72 08503 0060,both,DAYTON CITY OF,ANDERSON-GOODRICH CT,DAYTON,640,"Exempt, owned by municipals",E,0000.00000,000000000140.00,000000000000.00,N,Public Works,Other,N,39113-165100-2,39.75371257242066,-84.20726751766047
R72 08503 0061,both,DAYTON CITY OF,ANDERSON-GOODRICH CT,DAYTON,640,"Exempt, owned by municipals",E,0000.00000,000000000140.00,000000000000.00,N,Public Works,Other,N,39113-165100-2,39.7537246331497,-84.20714760125844
R72 08503 0062,both,DAYTON CITY OF,ANDERSON-GOODRICH CT,DAYTON,640,"Exempt, owned by municipals",E,0000.00000,000000000140.00,000000000000.00,N,Public Works,Other,N,39113-165100-2,39.75373669375931,-84.20702768487004
R72 08503 0063,both,DAYTON CITY OF,ANDERSON-GOODRICH CT,DAYTON,640,"Exempt, owned by municipals",E,0000.00000,000000000140.00,000000000000.00,N,Public Works,Other,N,39113-165100-2,39.753749191464564,-84.20690752437625
R72 08503 0064,both,DAYTON CITY OF,ANDERSON-GOODRICH CT,DAYTON,640,"Exempt, owned by municipals",E,0000.00000,000000000140.00,000000000000.00,N,Public Works,Other,N,39113-165100-2,39.753850328853986,-84.20678154834583
R72 08503 0065,both,DAYTON CITY OF,ANDERSON-GOODRICH CT,DAYTON,640,"Exempt, owned by municipals",E,0000.00000,000000000270.00,000000000000.00,N,Public Works,Other,N,39113-165100-2,39.753843665431226,-84.20667901474593
R72 08503 0066,both,DAYTON CITY OF,ANDERSON-GOODRICH CT,DAYTON,640,"Exempt, owned by municipals",E,0000.00000,000000000510.00,000000000000.00,N,Public Works,Other,N,39113-165100-2,39.753943834097925,-84.2064779019549
R72 08503 0067,both,DAYTON CITY OF,ANDERSON-GOODRICH CT,DAYTON,640,"Exempt, owned by municipals",E,0000.00000,000000000560.00,000000000000.00,N,Public Works,Other,N,39113-165100-2,39.75372801446493,-84.20641922677325
R72 08503 0068,county_only,DAYTON CITY OF,ROADWAY,DAYTON,640,"Exempt, owned by municipals",E,0000.00000,000000000000.00,000000000000.00,N,,,N,,,
R72 08503 0069,both,DAYTON CITY OF,EDWIN C MOSES BLVD,DAYTON,640,"Exempt, owned by municipals",E,0000.00000,000000000120.00,000000000000.00,N,Public Works,Other,N,39113-165100-2,39.754808088736354,-84.2070873934323
R72 08503 0072,both,CITY OF DAYTON,EDWIN C MOSES BLVD,DAYTON,640,"Exempt, owned by municipals",E,0000.00000,000000000190.00,000000000000.00,N,Public Works,Other,N,39113-165100-2,39.75482876587632,-84.2073640018311
R72 08506 0002,both,DAYTON CITY OF,EDWIN C MOSES BLVD,DAYTON,640,"Exempt, owned by municipals",E,0000.02530,000000000000.00,000000000000.00,N,Water,,N,39113-165100-2,39.75144706090931,-84.20445568313019
R72 08506 0011,county_only,DAYTON CITY OF,ROADWAY,DAYTON,640,"Exempt, owned by municipals",E,0000.00000,000000000000.00,000000000000.00,N,,,N,,,
R72 08506 0012,county_only,DAYTON CITY OF,ROADWAY,DAYTON,640,"Exempt, owned by municipals",E,0000.00000,000000000000.00,000000000000.00,N,,,N,,,
R72 08506 0014,county_only,DAYTON CITY OF,ROADWAY,DAYTON,640,"Exempt, owned by municipals",E,0000.00000,000000000000.00,000000000000.00,N,,,N,,,
R72 08506 0015,county_only,DAYTON CITY OF,ROADWAY,DAYTON,640,"Exempt, owned by municipals",E,0000.00000,000000000000.00,000000000000.00,N,,,N,,,
R72 08506 0019,county_only,DAYTON CITY OF,ROADWAY,DAYTON,640,"Exempt, owned by municipals",E,0000.00000,000000000000.00,000000000000.00,N,,,N,,,
R72 08506 0020,county_only,DAYTON CITY OF,ROADWAY,DAYTON,640,"Exempt, owned by municipals",E,0000.00000,000000000000.00,000000000000.00,N,,,N,,,
R72 08506 0021,county_only,DAYTON CITY OF,ROADWAY,DAYTON,640,"Exempt, owned by municipals",E,0000.00000,000000000000.00,000000000000.00,N,,,N,,,
R72 08506 0022,county_only,DAYTON CITY OF,424 426 THRESHER ST,DAYTON,640,"Exempt, owned by municipals",E,0000.00000,000000000000.00,000000000000.00,N,,,N,,,
R72 08506 0114,county_only,DAYTON CITY OF,CLEVES ST,DAYTON,400,Commercial vacant land,C,0000.00000,000000000000.00,000000000000.00,N,,,Y,,,
R72 08506 0115,both,DAYTON CITY OF,CLEVES ST,DAYTON,400,Commercial vacant land,C,0000.00000,000000000000.00,000000000000.00,N,,,Y,39113-165100-2,39.75160662644005,-84.20383209746628
R72 08506 0116,county_only,DAYTON CITY OF,CLEVES ST,DAYTON,400,Commercial vacant land,C,0000.00000,000000000000.00,000000000000.00,N,,,Y,,,
R72 08506 0117,county_only,THE CITY OF DAYTON,THRESHER ST,DAYTON,400,Commercial vacant land,C,0000.00100,000000000000.00,000000000000.00,N,,,Y,,,
R72 08506 0118,county_only,THE CITY OF DAYTON,ROADWAY,DAYTON,400,Commercial vacant land,C,0000.00700,000000000000.00,000000000000.00,N,,,Y,,,
R72 08507 0034,county_only,DAYTON CITY OF,EDWIN C MOSES BLVD,DAYTON,600,"Exempt, owned by USA",E,0000.02000,000000000000.00,000000000000.00,N,,,N,,,
R72 08507 0035,county_only,DAYTON CITY OF,MIAMI BLVD,DAYTON,400,Commercial vacant land,C,0000.05500,000000000000.00,000000000000.00,N,,,Y,,,
R72 08507 0050,county_only,DAYTON CITY OF,EDWIN C MOSES BLVD,DAYTON,640,"Exempt, owned by municipals",E,0000.00000,000000000000.00,000000000000.00,N,,,N,,,
R72 08507 0061,county_only,DAYTON CITY OF,EDWIN C MOSES BLVD,DAYTON,600,"Exempt, owned by USA",E,0000.01000,000000000000.00,000000000000.00,N,,,N,,,
R72 08509 0001,city_layer_only,,,,,,,,,,N,Public Works,Surplus,Y,,39.75256640754825,-84.20697420293438
R72 08509 0004,city_layer_only,,,,,,,,,,N,Public Works,Other,N,,39.75244926203291,-84.20747647608808
R72 08509 0017,city_layer_only,,,,,,,,,,N,Public Works,Other,N,,,
R72 08509 0062,both,DAYTON CITY OF,GERMANTOWN ST,DAYTON,300,"Industrial, vacant land",I,0000.07810,000000002620.00,000000000000.00,N,Public Works,Other,Y,39113-165100-2,39.751140285489896,-84.20686559725081
R72 08509 0067,county_only,DAYTON CITY OF,GERMANTOWN ST,DAYTON,400,Commercial vacant land,C,0000.17800,000000000000.00,000000000000.00,N,,,Y,,,
R72 08509 0068,county_only,DAYTON CITY OF,GERMANTOWN ST,DAYTON,400,Commercial vacant land,C,0000.03300,000000000000.00,000000000000.00,N,,,Y,,,
R72 08509 0069,county_only,DAYTON CITY OF,GERMANTOWN ST,DAYTON,400,Commercial vacant land,C,0000.05200,000000000000.00,000000000000.00,N,,,Y,,,
R72 08510 0001,both,DAYTON CITY OF,326 328 NORWOOD AVE,DAYTON,640,"Exempt, owned by municipals",E,0000.00000,000000001970.00,000000000000.00,N,Public Works,Other,N,39113-165100-2,,
R72 08510 0003,both,DAYTON CITY OF,322 NORWOOD AVE,DAYTON,640,"Exempt, owned by municipals",E,0000.00000,000000000000.00,000000000000.00,N,,,N,39113-165100-2,,
R72 08510 0004,county_only,DAYTON CITY OF,318 NORWOOD AVE,DAYTON,640,"Exempt, owned by municipals",E,0000.00000,000000000000.00,000000000000.00,N,,,N,,,
R72 08601 0009,both,DAYTON CITY OF,1032 1034 W 3RD ST,DAYTON,640,"Exempt, owned by municipals",E,0000.14440,000000004110.00,000000000000.00,N,Public Works,Other,N,39113-165100-2,39.756229541885695,-84.21122174230686
R72 08601 0017,county_only,CITY OF DAYTON OHIO,1020 W 3RD ST,DAYTON,640,"Exempt, owned by municipals",E,0000.00000,000000003900.00,000000004250.00,Y,,,N,39113-165100-2,39.75627940396012,-84.21092535445139
R72 08601 0062,city_layer_only,,,,,,,,,,N,,,N,,39.75511119160405,-84.21080324173705
R72 08602 0028,both,CITY OF DAYTON,104 SHANNON ST,DAYTON,640,"Exempt, owned by municipals",E,0000.00000,000000014610.00,000000000000.00,N,,,N,39113-165100-2,39.75458196303048,-84.2099726837814
R72 08602 0029,both,CITY OF DAYTON,918 W 4TH ST,DAYTON,640,"Exempt, owned by municipals",E,0000.00000,000000007550.00,000000000000.00,N,Public Works,Other,N,39113-165100-2,39.75469186226986,-84.20974926699589
R72 08602 0032,both,DAYTON CITY OF,916 W 4TH ST,DAYTON,640,"Exempt, owned by municipals",E,0000.00000,000000007840.00,000000000000.00,N,,,N,39113-165100-2,39.754695001211424,-84.20961593480283
R72 08603 0042,both,DAYTON CITY OF,18 20 HAWTHORN ST,DAYTON,640,"Exempt, owned by municipals",E,0000.00000,000000012090.00,000000000000.00,N,,,N,39113-165100-2,39.75428832659556,-84.211089620341
R72 08603 0060,both,DAYTON CITY OF,1012 W 4TH ST,DAYTON,640,"Exempt, owned by municipals",E,0000.00000,000000000640.00,000000000000.00,N,,,N,39113-165100-2,39.754714043346475,-84.21070518997675
R72 08603 0089,city_layer_only,,,,,,,,,,N,Public Works,Other,N,,39.75339172662101,-84.21211013442041
R72 08603 0090,city_layer_only,,,,,,,,,,N,Public Works,Other,N,,39.753544477281665,-84.21200441858208
R72 08603 0091,city_layer_only,,,,,,,,,,N,Public Works,Other,N,,39.75365665605838,-84.21215948238911
R72 08603 0092,city_layer_only,,,,,,,,,,N,Public Works,Other,N,,39.75386631113837,-84.21215862961509
R72 08603 0093,city_layer_only,,,,,,,,,,N,Public Works,Other,N,,39.7539703355923,-84.21210536278262
R72 08603 0095,both,DAYTON CITY OF,HAWTHORN ST,DAYTON,640,"Exempt, owned by municipals",E,0000.10300,000000017430.00,000000000000.00,N,,,N,39113-165100-2,39.75384905645432,-84.21142247986502
R72 08603 0099,both,DAYTON CITY OF,W 5TH ST,DAYTON,640,"Exempt, owned by municipals",E,0000.43100,000000058450.00,000000000000.00,N,,,N,39113-165100-2,39.75351818572411,-84.21142638914752
R72 08603 0103,city_layer_only,,,,,,,,,,N,,,N,,39.75344393553978,-84.21043568745701
R72 08603 0104,city_layer_only,,,,,,,,,,N,,,N,,39.75358266716189,-84.21039642833456
R72 08603 0105,city_layer_only,,,,,,,,,,N,,,N,,39.753524546424096,-84.21020529753855
R72 08604 0047,both,CITY OF DAYTON,MOUND ST,DAYTON,640,"Exempt, owned by municipals",E,0000.12500,000000013560.00,000000000000.00,N,,,N,39113-165100-2,39.756100672178306,-84.20928255514453
R72 08604 0053,county_only,DAYTON CITY OF,THIRD ST,DAYTON,400,Commercial vacant land,C,0000.00080,000000000130.00,000000000000.00,N,,,Y,,,
R72 08607 0045,county_only,DAYTON CITY OF,DUNBAR & GERMANTOWN,DAYTON,640,"Exempt, owned by municipals",E,0000.00000,000000000120.00,000000000000.00,N,,,N,,,
R72 08607 0046,county_only,DAYTON CITY OF,GERMANTOWN ST,DAYTON,640,"Exempt, owned by municipals",E,0000.00000,000000000000.00,000000000000.00,N,,,N,,,
R72 08607 0112,county_only,DAYTON CITY OF,GERMANTOWN ST,DAYTON,640,"Exempt, owned by municipals",E,0000.04800,000000000070.00,000000000000.00,N,,,N,,,
R72 08609 0010,county_only,DAYTON CITY OF,CORNER WILLIAMS & HOME,DAYTON,640,"Exempt, owned by municipals",E,0000.00000,000000000690.00,000000000000.00,N,,,N,,,
R72 08609 0011,county_only,DAYTON CITY OF,306 308 S WILLIAMS ST,DAYTON,640,"Exempt, owned by municipals",E,0000.00000,000000000120.00,000000000000.00,N,,,N,,,
R72 08609 0017,both,DAYTON CITY OF,157 HAWTHORN ST,DAYTON,640,"Exempt, owned by municipals",E,0000.00000,000000002210.00,000000000000.00,N,Public Works,Other,N,39113-165100-2,39.75182403215016,-84.21158166971752
R72 08609 0019,county_only,DAYTON CITY OF AND,151 HAWTHORN ST,DAYTON,640,"Exempt, owned by municipals",E,0000.00000,000000001260.00,000000000000.00,N,,,N,39113-165100-2,39.75183816300371,-84.21133894404443
R72 08609 0020,both,DAYTON CITY OF,161 HAWTHORN ST,DAYTON,640,"Exempt, owned by municipals",E,0000.00000,000000002700.00,000000000000.00,N,Public Works,Other,N,39113-165100-2,39.75156634898204,-84.2113358243392
R72 08609 0021,both,DAYTON CITY OF,163 HAWTHORN ST,DAYTON,640,"Exempt, owned by municipals",E,0000.00000,000000001800.00,000000000000.00,N,Public Works,Other,N,39113-165100-2,39.751476607607934,-84.21150277748224
R72 08609 0022,both,DAYTON CITY OF,167 HAWTHORN ST,DAYTON,640,"Exempt, owned by municipals",E,0000.00000,000000001800.00,000000000000.00,N,Public Works,Other,N,39113-165100-2,39.751413542880634,-84.2115025461932
R72 08609 0024,both,DAYTON CITY OF,173 HAWTHORN ST,DAYTON,640,"Exempt, owned by municipals",E,0000.00000,000000001800.00,000000000000.00,N,Public Works,Other,N,39113-165100-2,39.75132470227521,-84.21133705989853
R72 08609 0027,county_only,DAYTON CITY OF,183 HAWTHORN ST,DAYTON,640,"Exempt, owned by municipals",E,0000.00000,000000000120.00,000000000000.00,N,,,N,,,
R72 08609 0065,county_only,DAYTON CITY OF,1116 1118 HOME AVE,DAYTON,640,"Exempt, owned by municipals",E,0000.00000,000000000120.00,000000000000.00,N,,,N,,,
R72 08609 0067,county_only,DAYTON CITY OF,1126 1128 HOME AVE,DAYTON,685,"Churches etc, public worship",E,0000.00000,000000000610.00,000000000000.00,N,,,N,,,
R72 08610 0053,county_only,DAYTON CITY OF,GERMANTOWN ST,DAYTON,500,"Residential vacant land, lot",R,0000.00000,000000000000.00,000000000000.00,N,,,Y,,,
R72 08611 0009,both,CITY OF DAYTON,419 S BROADWAY ST,DAYTON,640,"Exempt, owned by municipals",E,0000.00000,000000005160.00,000000000000.00,N,,,N,39113-165100-3,39.75041387171908,-84.21465848929996
R72 08702 0011,both,CITY OF DAYTON,207 MERCER AVE,DAYTON,640,"Exempt, owned by municipals",E,0000.00000,000000002430.00,000000000000.00,N,Planning,Surplus,Y,39113-165100-3,39.75443839563199,-84.21658958672245
R72 08702 0050,both,DAYTON CITY OF,154 MERCER AVE,DAYTON,300,"Industrial, vacant land",I,0000.00000,000000015450.00,000000000000.00,N,Public Works,Other,Y,39113-165100-3,39.754118238940144,-84.21614054233213
R72 08703 0005,both,CITY OF DAYTON,W 4TH ST,DAYTON,400,Commercial vacant land,C,0000.00000,000000000930.00,000000000000.00,N,,,Y,39113-165100-3,39.755026654386526,-84.21449406317241
R72 08703 0006,both,DAYTON CITY OF,1215 1217 W 4TH ST,DAYTON,640,"Exempt, owned by municipals",E,0000.00000,000000001240.00,000000000000.00,N,Public Works,Other,N,39113-165100-3,39.755036516087856,-84.21443320191706
R72 08703 0009,both,CITY OF DAYTON,1213 W 4TH ST,DAYTON,613,Exempt land only,E,0000.00000,000000000830.00,000000000000.00,N,,,N,39113-165100-3,39.754992080796335,-84.21421969630553
R72 08703 0010,both,DAYTON CITY OF,1209 W 4TH ST,DAYTON,685,"Churches etc, public worship",E,0000.00000,000000001130.00,000000000000.00,N,,,N,39113-165100-3,39.75501025329881,-84.2141063115795
R72 08703 0011,both,DAYTON CITY OF,1203 W 4TH ST,DAYTON,685,"Churches etc, public worship",E,0000.00000,000000001660.00,000000000000.00,N,,,N,39113-165100-3,39.755098411365246,-84.21405115616459
R72 08703 0019,both,CITY OF DAYTON,1226 W 3RD ST,DAYTON,400,Commercial vacant land,C,0000.00000,000000005210.00,000000000000.00,N,Public Works,Other,Y,39113-165100-3,39.75556570417383,-84.21461662898909
R72 08703 0020,both,DAYTON CITY OF,1220 W 3RD ST,DAYTON,640,"Exempt, owned by municipals",E,0000.00000,000000005210.00,000000000000.00,N,,,N,39113-165100-3,39.7556234155994,-84.2144237816186
R72 08704 0004,both,DAYTON CITY OF,W 5TH ST,DAYTON,400,Commercial vacant land,C,0000.00000,000000010980.00,000000000000.00,N,Public Works,Other,Y,39113-165100-3,39.753524589911926,-84.21492046401474
R72 08704 0026,both,CITY OF DAYTON,207 S BROADWAY ST,DAYTON,640,"Exempt, owned by municipals",E,0000.00000,000000002540.00,000000000000.00,N,Public Works,Other,N,39113-165100-3,39.75391153982671,-84.2141326761283
R72 08706 0072,city_layer_only,,,,,,,,,,N,Public Works,Other,N,,39.7545417253305,-84.21234809781492
R72 08706 0073,both,DAYTON CITY OF,S WILLIAMS ST,DAYTON,640,"Exempt, owned by municipals",E,0000.18700,000000007990.00,000000000000.00,N,Public Works,Other,N,39113-165100-2,39.75441512678809,-84.21236987510106
R72 08706 0074,both,DAYTON CITY OF,S WILLIAMS ST,DAYTON,640,"Exempt, owned by municipals",E,0000.05810,000000006150.00,000000000000.00,N,,,N,39113-165100-2,39.75434641762246,-84.21265902891429
R72 08706 0078,both,DAYTON CITY OF,S BROADWAY AVE,DAYTON,640,"Exempt, owned by municipals",E,0000.16500,000000007480.00,000000000000.00,N,Public Works,Other,N,39113-165100-2,39.75423505824905,-84.2136190420293
R72 08706 0080,both,DAYTON CITY OF,S BROADWAY AVE,DAYTON,640,"Exempt, owned by municipals",E,0000.16500,000000007440.00,000000000000.00,N,Public Works,Other,N,39113-165100-2,39.75466417196283,-84.2135499762258
R72 08706 0081,both,DAYTON CITY OF,104 106 S BROADWAY AVE,DAYTON,640,"Exempt, owned by municipals",E,0000.18400,000000005280.00,000000000000.00,N,Public Works,Other,N,39113-165100-2,39.75476677711712,-84.213292779799
R72 08706 0085,both,DAYTON CITY OF,S BROADWAY,DAYTON,640,"Exempt, owned by municipals",E,0000.21300,000000011450.00,000000000000.00,N,Public Works,Other,N,39113-165100-2,39.75361318245072,-84.21372731254647
R72 08706 0086,both,DAYTON CITY OF,W FIFTH ST,DAYTON,640,"Exempt, owned by municipals",E,0000.15500,000000009590.00,000000000000.00,N,,,N,39113-165100-2,39.75338608010775,-84.21347279667253
R72 08706 0087,both,DAYTON CITY OF,W FIFTH ST,DAYTON,640,"Exempt, owned by municipals",E,0000.17500,000000010240.00,000000000000.00,N,,,N,39113-165100-2,39.753414367709496,-84.21320620092551
R72 08706 0090,both,DAYTON CITY OF,1221 W FIFTH ST,DAYTON,640,"Exempt, owned by municipals",E,0000.10600,000000010920.00,000000000000.00,N,Public Works,Other,N,39113-165100-2,39.75341315608707,-84.21304011929301
R72 08706 0091,both,DAYTON CITY OF,1217 W FIFTH ST,DAYTON,640,"Exempt, owned by municipals",E,0000.07600,000000003930.00,000000000000.00,N,Public Works,Other,N,39113-165100-2,39.753394893778896,-84.2129293963532
R72 08706 0092,both,DAYTON CITY OF,1205 W FIFTH ST,DAYTON,640,"Exempt, owned by municipals",E,0000.11900,000000011480.00,000000000000.00,N,Public Works,Other,N,39113-165100-2,39.753437504525735,-84.21279982904933
R72 08706 0093,both,DAYTON CITY OF,1203 W FIFTH ST,DAYTON,640,"Exempt, owned by municipals",E,0000.11000,000000001130.00,000000000000.00,N,Public Works,Other,N,39113-165100-2,39.75340976536086,-84.21258349525047
R72 08707 0003,both,CITY OF DAYTON,1425 HOME AVE,DAYTON,500,"Residential vacant land, lot",R,0000.00000,000000002590.00,000000000000.00,N,Public Works,Other,Y,39113-165100-3,39.751098244995646,-84.21723298845427
R72 08707 0019,both,DAYTON CITY OF,246 S CONOVER ST,DAYTON,640,"Exempt, owned by municipals",E,0000.00000,000000004760.00,000000014560.00,Y,Planning,Surplus,N,39113-165100-3,39.75193661362353,-84.21605126773328
R72 08708 0019,both,CITY OF DAYTON,BARNETT ST,DAYTON,640,"Exempt, owned by municipals",E,0000.00000,000000001980.00,000000000000.00,N,,,N,39113-165100-3,39.75242269632015,-84.21471385072456
R72 08709 0031,both,DAYTON CITY OF,1224 W 5TH ST,DAYTON,640,"Exempt, owned by municipals",E,0000.00000,000000000570.00,000000000000.00,N,Public Works,Other,N,39113-165100-2,39.753124671447424,-84.21328608397775
R72 08709 0039,both,CITY OF DAYTON,257 S WILLIAMS ST,DAYTON,640,"Exempt, owned by municipals",E,0000.00000,000000019910.00,000000019410.00,Y,,,N,39113-165100-2,39.75168756773288,-84.21307948342498
R72 08709 0045,both,CITY OF DAYTON,S WILLIAMS ST,DAYTON,640,"Exempt, owned by municipals",E,0000.00000,000000007190.00,000000004390.00,Y,,,N,39113-165100-2,39.75230184946913,-84.21298065767118
R72 08709 0050,both,CITY OF DAYTON,S WILLIAMS ST,DAYTON,640,"Exempt, owned by municipals",E,0000.11800,000000001810.00,000000000000.00,N,Public Works,Other,N,39113-165100-2,39.752694782789,-84.21268697061763
R72 08709 0054,both,CITY OF DAYTON,WILLIAMS ST,DAYTON,400,Commercial vacant land,C,0000.00000,000000002400.00,000000000000.00,N,,,Y,39113-165100-2,39.75292252499082,-84.21283568149349
R72 08709 0055,both,CITY OF DAYTON,1200 W 5TH ST,DAYTON,400,Commercial vacant land,C,0000.00000,000000003620.00,000000000000.00,N,,,Y,39113-165100-2,39.75304611044154,-84.21261758566209
R72 08709 0059,both,DAYTON CITY OF,1210 W 5TH ST,DAYTON,400,Commercial vacant land,C,0000.00000,000000001070.00,000000000000.00,N,Public Works,Other,Y,39113-165100-2,39.753160429400886,-84.21292246742156
R72 08709 0061,both,CITY OF DAYTON,1218 W 5TH ST,DAYTON,400,Commercial vacant land,C,0000.00000,000000001500.00,000000000000.00,N,Public Works,Other,Y,39113-165100-2,39.753089460187645,-84.21308077165924
R72 08710 0019,both,DAYTON CITY OF,485 BROADWAY ST,DAYTON,640,"Exempt, owned by municipals",E,0000.00000,000000003480.00,000000000000.00,N,Planning,Surplus,Y,39113-165100-3,39.748573175354295,-84.21508623639727
R72 08712 0019,both,CITY OF DAYTON,1334 HOME AVE,DAYTON,640,"Exempt, owned by municipals",E,0000.00000,000000000490.00,000000000000.00,N,Public Works,Other,N,39113-165100-3,39.750731177017094,-84.21567655661782
R72 08712 0058,both,CITY OF DAYTON,32 34 GORDON AVE,DAYTON,613,Exempt land only,E,0000.00000,000000000410.00,000000000000.00,N,,,N,39113-165100-3,39.7498394039106,-84.21565993053197
R72 08713 0024,both,DAYTON CITY OF,GREENCASTLE ST,DAYTON,500,"Residential vacant land, lot",R,0000.00000,000000020890.00,000000000000.00,N,Public Works,Other,Y,39113-165100-3,39.74822010723268,-84.21678089410608
R72 08713 0033,both,DAYTON CITY OF,1309 1311 GERMANTOWN ST,DAYTON,640,"Exempt, owned by municipals",E,0000.00000,000000001870.00,000000000000.00,N,Planning,Surplus,Y,39113-165100-3,39.74816225883219,-84.21530195432324
R72 08713 0036,both,CITY OF DAYTON,493 BROADWAY ST,DAYTON,640,"Exempt, owned by municipals",E,0000.00000,000000000490.00,000000000000.00,N,Planning,Surplus,Y,39113-165100-3,39.74815612995886,-84.21489102048615
R72 08801 0024,both,CITY OF DAYTON,1713 W 5TH ST,DAYTON,500,"Residential vacant land, lot",R,0000.00000,000000002500.00,000000000000.00,N,Public Works,Other,Y,39113-165100-3,39.75344231671911,-84.2228407067824
R72 08801 0097,county_only,DAYTON CITY OF,W 3RD ST,DAYTON,400,Commercial vacant land,C,0000.00000,000000000000.00,000000000000.00,N,,,Y,,,
R72 08802 0004,both,CITY OF DAYTON,112 114 EUCLID AVE,DAYTON,640,"Exempt, owned by municipals",E,0000.00000,000000002540.00,000000000000.00,N,,,N,39113-165100-3,39.753775457191146,-84.22040814945949
R72 08802 0011,both,DAYTON CITY OF,1557 1559 W 5TH ST,DAYTON,500,"Residential vacant land, lot",R,0000.00000,000000002600.00,000000000000.00,N,Public Works,Other,Y,39113-165100-3,39.753543368039914,-84.22010475644498
R72 08802 0015,both,CITY OF DAYTON,1551 1553 W 5TH ST,DAYTON,640,"Exempt, owned by municipals",E,0000.00000,000000001300.00,000000000000.00,N,,,N,39113-165100-3,39.75341228761253,-84.21997842995407
R72 08802 0034,both,CITY OF DAYTON,334 MERCER AVE,DAYTON,640,"Exempt, owned by municipals",E,0000.00000,000000002320.00,000000000000.00,N,,,N,39113-165100-3,39.75408479864252,-84.21935208789561
R72 08802 0079,both,CITY OF DAYTON,1547 1549 W 5TH ST,DAYTON,500,"Residential vacant land, lot",R,0000.00000,000000002470.00,000000000000.00,N,Public Works,Other,Y,39113-165100-3,39.75347716726117,-84.21984678430015
R72 08803 0004,city_layer_only,,,,,,,,,,N,Planning,Surplus,Y,,39.75302114698523,-84.21885980695947
R72 08803 0026,both,DAYTON CITY OF,308 310 S EUCLID AVE,DAYTON,640,"Exempt, owned by municipals",E,0000.00000,000000002270.00,000000000000.00,N,Planning,Surplus,Y,39113-165100-3,39.751696164871056,-84.22010655405366
R72 08804 0004,both,DAYTON CITY OF,JAMES H MCGEE BLVD,DAYTON,640,"Exempt, owned by municipals",E,0000.00000,000000000550.00,000000000000.00,N,Planning,Surplus,Y,39113-165100-3,39.752893836950584,-84.22350472029873
R72 08804 0065,city_layer_only,,,,,,,,,,N,,,N,,39.752156368856,-84.22127530022813
R72 08804 0074,both,DAYTON CITY OF,111 CAMBRIA CT,DAYTON,640,"Exempt, owned by municipals",E,0000.00000,000000000150.00,000000000000.00,N,Planning,Surplus,Y,39113-165100-3,39.752852611308064,-84.22336700301007
R72 08805 0031,both,CITY OF DAYTON,1617 1619 HOME AVE,DAYTON,640,"Exempt, owned by municipals",E,0000.00000,000000002830.00,000000000000.00,N,,,N,39113-165100-3,39.75110647889116,-84.22115687601293
R72 08805 0032,both,CITY OF DAYTON,1647 1649 HOME AVE,DAYTON,640,"Exempt, owned by municipals",E,0000.00000,000000002440.00,000000000000.00,N,,,N,39113-165100-3,39.75112414641064,-84.22200747722684
R72 08805 0034,both,CITY OF DAYTON,1609 1611 HOME AVE,DAYTON,640,"Exempt, owned by municipals",E,0000.00000,000000002410.00,000000000000.00,N,Planning,Surplus,Y,39113-165100-3,39.75112924028736,-84.22091550774923
R72 08807 0056,both,CITY OF DAYTON,EUCLID AVE,DAYTON,640,"Exempt, owned by municipals",E,0000.00000,000000002230.00,000000000000.00,N,,,N,39113-165100-3,39.74965205009067,-84.22053756245927
R72 08808 0008,both,DAYTON CITY OF,LEROY ST,DAYTON,640,"Exempt, owned by municipals",E,0000.00000,000000000000.00,000000000000.00,N,,,N,39113-165100-3,39.74833009903367,-84.22026584385821
R72 08808 0026,both,CITY OF DAYTON,700 S EUCLID AVE,DAYTON,640,"Exempt, owned by municipals",E,0000.00000,000000002390.00,000000000000.00,N,Public Works,Other,N,39113-003500-1,39.747392423104,-84.22015098726546
R72 08808 0028,both,DAYTON CITY OF,712 S EUCLID AVE,DAYTON,500,"Residential vacant land, lot",R,0000.00000,000000002190.00,000000000000.00,N,Public Works,Other,Y,39113-003500-1,39.74717710225742,-84.22004779706124
R72 08808 0032,both,DAYTON CITY OF,GERMANTOWN ST,DAYTON,640,"Exempt, owned by municipals",E,0000.00000,000000001540.00,000000000000.00,N,,,N,39113-003500-1,39.74665074376071,-84.21938420319313
R72 08808 0033,both,DAYTON CITY OF,GERMANTOWN ST,DAYTON,640,"Exempt, owned by municipals",E,0000.00000,000000001560.00,000000000000.00,N,,,N,39113-003500-1,39.74662813675126,-84.21950076104073
R72 08808 0034,both,DAYTON CITY OF,GERMANTOWN ST,DAYTON,640,"Exempt, owned by municipals",E,0000.00000,000000000420.00,000000000000.00,N,,,N,39113-003500-1,39.74649167593261,-84.21973344493428
R72 08808 0035,both,DAYTON CITY OF,GERMANTOWN ST,DAYTON,640,"Exempt, owned by municipals",E,0000.00000,000000001500.00,000000000000.00,N,,,N,39113-003500-1,39.74647467316987,-84.2198247397203
R72 08808 0041,both,DAYTON CITY OF,S EUCLID AVE,DAYTON,640,"Exempt, owned by municipals",E,0000.00000,000000001670.00,000000000000.00,N,,,N,39113-003500-1,39.746450266802405,-84.22017394882236
R72 08808 0051,both,CITY OF DAYTON,731 S EUCLID AVE,DAYTON,500,"Residential vacant land, lot",R,0000.00000,000000002160.00,000000000000.00,N,Public Works,Other,Y,39113-004100-1,39.74672198467737,-84.22054763614491
R72 08808 0054,both,CITY OF DAYTON,EUCLID AVE,DAYTON,640,"Exempt, owned by municipals",E,0000.00000,000000002160.00,000000000000.00,N,Public Works,Other,N,39113-004100-1,39.74643952485778,-84.22070781817811
R72 08808 0059,both,DAYTON CITY OF,GERMANTOWN ST,DAYTON,640,"Exempt, owned by municipals",E,0000.00000,000000001420.00,000000000000.00,N,,,N,39113-003500-1,39.74660777056783,-84.21960278548039
R72 08808 0070,both,DAYTON CITY OF,GERMANTOWN ST,DAYTON,640,"Exempt, owned by municipals",E,0000.00000,000000000560.00,000000000000.00,N,,,N,39113-003500-1,39.746501594035074,-84.21968258636011
R72 08809 0011,both,DAYTON CITY OF,26 GOLD ST,DAYTON,400,Commercial vacant land,C,0000.00000,000000000790.00,000000000000.00,N,Public Works,Other,Y,39113-003500-1,39.74741981603625,-84.21889055802785
R72 08809 0034,both,DAYTON CITY OF,34 36 GOLD ST,DAYTON,640,"Exempt, owned by municipals",E,0000.00000,000000000730.00,000000000000.00,N,Public Works,Other,N,39113-003500-1,39.74767166497072,-84.21927570214092
R72 08901 0008,both,CITY OF DAYTON,1859 W 5TH ST,DAYTON,640,"Exempt, owned by municipals",E,0000.00000,000000002030.00,000000000000.00,N,Planning,Surplus,Y,39113-165100-3,39.753294006171544,-84.22606318086436
R72 08901 0011,both,CITY OF DAYTON,W 5TH ST,DAYTON,640,"Exempt, owned by municipals",E,0000.00000,000000001940.00,000000000000.00,N,,,N,39113-165100-3,39.75329271697799,-84.2257785478719
R72 08901 0031,county_only,CITY OF DAYTON,JAMES H MCGEE BLVD,DAYTON,640,"Exempt, owned by municipals",E,0000.00000,000000002290.00,000000000000.00,N,,,N,,,
R72 08901 0051,county_only,DAYTON CITY OF,S JAMES H MCGEE BLVD,DAYTON,640,"Exempt, owned by municipals",E,0000.00000,000000000800.00,000000000000.00,N,,,N,,,
R72 08901 0053,both,DAYTON CITY OF,JAMES H MCGEE BLVD,DAYTON,640,"Exempt, owned by municipals",E,0000.00000,000000003060.00,000000000000.00,N,Public Works,Other,N,39113-165100-3,39.753097133431005,-84.22423305288828
R72 08901 0055,both,DAYTON CITY OF,S JAMES H MCGEE BLVD,DAYTON,640,"Exempt, owned by municipals",E,0000.00000,000000001530.00,000000000000.00,N,Public Works,Other,N,39113-165100-3,39.75299243263365,-84.22417028304062
R72 08901 0057,both,DAYTON CITY OF,S JAMES H MCGEE BLVD,DAYTON,640,"Exempt, owned by municipals",E,0000.00000,000000003060.00,000000000000.00,N,Public Works,Other,N,39113-165100-3,39.752830595375066,-84.22415916788061
R72 08901 0058,both,DAYTON CITY OF,S JAMES H MCGEE BLVD,DAYTON,640,"Exempt, owned by municipals",E,0000.00000,000000003060.00,000000000000.00,N,Public Works,Other,N,39113-165100-3,39.752770251674235,-84.22415411993381
R72 08901 0059,both,DAYTON CITY OF,S JAMES H MCGEE BLVD,DAYTON,640,"Exempt, owned by municipals",E,0000.00000,000000002070.00,000000000000.00,N,Public Works,Other,N,39113-165100-3,39.75266037922464,-84.22415495667241
R72 08901 0060,both,DAYTON CITY OF,S JAMES H MCGEE BLVD,DAYTON,640,"Exempt, owned by municipals",E,0000.00000,000000001910.00,000000000000.00,N,Public Works,Other,N,39113-165100-3,39.752602718791714,-84.22415708631581
R72 08901 0062,both,DAYTON CITY OF,S JAMES H MCGEE BLVD,DAYTON,640,"Exempt, owned by municipals",E,0000.00000,000000002140.00,000000000000.00,N,Public Works,Other,N,39113-165100-3,39.75251018954769,-84.22424094860332
R72 08901 0063,both,DAYTON CITY OF,1811 HOWELL AVE,DAYTON,640,"Exempt, owned by municipals",E,0000.00000,000000000460.00,000000000000.00,N,Planning,Surplus,Y,39113-165100-3,39.752420065899315,-84.22432097639967
R72 08901 0065,both,DAYTON CITY OF,W 5TH ST,DAYTON,640,"Exempt, owned by municipals",E,0000.00000,000000001600.00,000000000000.00,N,Planning,Surplus,Y,39113-165100-3,39.75292406786301,-84.22452641491158
R72 08901 0080,both,CITY OF DAYTON,44 46 GROSVENOR AVE,DAYTON,640,"Exempt, owned by municipals",E,0000.00000,000000002210.00,000000000000.00,N,Planning,Surplus,Y,39113-165100-3,39.752452884820464,-84.22630911256503
R72 08901 0082,both,DAYTON CITY OF,1851 HOWELL AVE,DAYTON,640,"Exempt, owned by municipals",E,0000.00000,000000002450.00,000000000000.00,N,Planning,Surplus,Y,39113-165100-3,39.752505428339305,-84.22586876127681
R72 08901 0091,both,DAYTON CITY OF,HOWELL AVE,DAYTON,640,"Exempt, owned by municipals",E,0000.00000,000000001670.00,000000000000.00,N,Planning,Surplus,Y,39113-165100-3,39.75248372404612,-84.22452795092457
R72 08901 0100,county_only,DAYTON CITY OF,W 3RD ST,DAYTON,640,"Exempt, owned by municipals",E,0000.00000,000000000260.00,000000000000.00,N,,,N,,,
R72 08901 0104,county_only,CITY OF DAYTON,JAMES H MCGEE BLVD,DAYTON,640,"Exempt, owned by municipals",E,0000.00000,000000000110.00,000000000000.00,N,,,N,,,
R72 08901 0108,both,DAYTON CITY OF,S JAMES H MCGEE BLVD,DAYTON,640,"Exempt, owned by municipals",E,0000.00000,000000001430.00,000000000000.00,N,Public Works,Other,N,39113-165100-3,39.75229534702041,-84.22414592571572
R72 08901 0110,both,DAYTON CITY OF,S JAMES H MCGEE BLVD,DAYTON,640,"Exempt, owned by municipals",E,0000.00000,000000002180.00,000000000000.00,N,Public Works,Other,N,39113-165100-3,39.75243813848847,-84.22414590338592
R72 08901 0112,county_only,DAYTON CITY OF,W 3RD ST,DAYTON,640,"Exempt, owned by municipals",E,0000.00000,000000000000.00,000000000000.00,N,,,N,,,
R72 08902 0035,both,DAYTON CITY OF,GROSVENOR AVE,DAYTON,300,"Industrial, vacant land",I,0000.00000,000000000440.00,000000000000.00,N,Public Works,Other,Y,39113-165100-3,39.750737954862885,-84.22641251286026
R72 08903 0028,both,CITY OF DAYTON,KINNARD AVE,DAYTON,640,"Exempt, owned by municipals",E,0000.00000,000000000140.00,000000000000.00,N,Public Works,Other,N,39113-165100-3,39.749083970294684,-84.2261082876065
R72 08903 0031,both,CITY OF DAYTON,PARKER AVE,DAYTON,640,"Exempt, owned by municipals",E,0000.00000,000000001640.00,000000000000.00,N,,,N,39113-165100-3,39.74905644032097,-84.22555626959561
R72 08903 0032,both,CITY OF DAYTON,KINNARD AVE,DAYTON,640,"Exempt, owned by municipals",E,0000.00000,000000000700.00,000000000000.00,N,Public Works,Other,N,39113-165100-3,39.749246963721006,-84.22543599756645
R72 08903 0034,both,DAYTON CITY OF,KINNARD AVE,DAYTON,640,"Exempt, owned by municipals",E,0000.00000,000000001280.00,000000000000.00,N,Public Works,Other,N,39113-165100-3,39.74920222783824,-84.22519299827749
R72 08903 0036,both,DAYTON CITY OF,KINNARD AVE,DAYTON,640,"Exempt, owned by municipals",E,0000.00000,000000001280.00,000000000000.00,N,Public Works,Other,N,39113-165100-3,39.749323968256334,-84.22493983668429
R72 08903 0045,both,DAYTON CITY OF,HOME AVE,DAYTON,640,"Exempt, owned by municipals",E,0000.00000,000000000150.00,000000000000.00,N,Public Works,Other,N,39113-165100-3,39.750496657929034,-84.22416692843497
R72 08903 0046,both,DAYTON CITY OF,S JAMES H MCGEE BLVD,DAYTON,640,"Exempt, owned by municipals",E,0000.00000,000000000150.00,000000000000.00,N,Public Works,Other,N,39113-165100-3,39.75043102973317,-84.22417207343854
R72 08903 0047,both,DAYTON CITY OF,313 S JAMES H MCGEE BLVD,DAYTON,640,"Exempt, owned by municipals",E,0000.00000,000000000150.00,000000000000.00,N,Public Works,Other,N,39113-165100-3,39.750337586862976,-84.22417475663836
R72 08903 0048,both,DAYTON CITY OF,JAMES H MCGEE BLVD,DAYTON,640,"Exempt, owned by municipals",E,0000.00000,000000000150.00,000000000000.00,N,Public Works,Other,N,39113-165100-3,39.75026210386327,-84.22417664165832
R72 08903 0049,both,DAYTON CITY OF,S JAMES H MCGEE BLVD,DAYTON,640,"Exempt, owned by municipals",E,0000.00000,000000000150.00,000000000000.00,N,Public Works,Other,N,39113-165100-3,39.750168370621004,-84.22417647458848
R72 08903 0050,both,DAYTON CITY OF,S JAMES H MCGEE BLVD,DAYTON,640,"Exempt, owned by municipals",E,0000.00000,000000000150.00,000000000000.00,N,Public Works,Other,N,39113-165100-3,39.75011113804967,-84.22418041160842
R72 08903 0051,both,DAYTON CITY OF,S JAMES H MCGEE BLVD,DAYTON,640,"Exempt, owned by municipals",E,0000.00000,000000000150.00,000000000000.00,N,Public Works,Other,N,39113-165100-3,39.75003565515339,-84.22418229648456
R72 08903 0052,both,DAYTON CITY OF,403 S JAMES H MCGEE BLVD,DAYTON,640,"Exempt, owned by municipals",E,0000.00000,000000000150.00,000000000000.00,N,Public Works,Other,N,39113-165100-3,39.74997324753449,-84.22416809127094
R72 08903 0053,both,DAYTON CITY OF,405 S JAMES H MCGEE BLVD,DAYTON,640,"Exempt, owned by municipals",E,0000.00000,000000000150.00,000000000000.00,N,Public Works,Other,N,39113-165100-3,39.749824854333845,-84.22417887416115
R72 08903 0054,both,DAYTON CITY OF,S JAMES H MCGEE BLVD,DAYTON,640,"Exempt, owned by municipals",E,0000.00000,000000000600.00,000000000000.00,N,Public Works,Other,N,39113-165100-3,39.749770955902356,-84.22428495317847
R72 08903 0055,both,DAYTON CITY OF,419 S JAMES H MCGEE BLVD,DAYTON,640,"Exempt, owned by municipals",E,0000.00000,000000000600.00,000000000000.00,N,Public Works,Other,N,39113-165100-3,39.74962695158153,-84.22419729129369
R72 08903 0056,both,DAYTON CITY OF,S JAMES H MCGEE BLVD,DAYTON,640,"Exempt, owned by municipals",E,0000.00000,000000000600.00,000000000000.00,N,Public Works,Other,N,39113-165100-3,39.749561956454464,-84.2242829343539
R72 08903 0067,both,DAYTON CITY OF,JAMES H MCGEE BLVD,DAYTON,640,"Exempt, owned by municipals",E,0000.00000,000000000600.00,000000000000.00,N,Public Works,Other,N,39113-165100-3,39.7497175237224,-84.22419953203371
R72 08903 0069,both,DAYTON CITY OF,JAMES H MCGEE BLVD,DAYTON,640,"Exempt, owned by municipals",E,0000.00000,000000000600.00,000000000000.00,N,Public Works,Other,N,39113-165100-3,39.74951065567395,-84.22419441416051
R72 08903 0078,county_only,CITY OF DAYTON,KINNARD AVE,DAYTON,640,"Exempt, owned by municipals",E,0000.00000,000000000000.00,000000000000.00,N,,,N,,,
R72 08903 0079,county_only,DAYTON CITY OF,KINNARD AVE,DAYTON,640,"Exempt, owned by municipals",E,0000.00000,000000000000.00,000000000000.00,N,,,N,,,
R72 08903 0083,both,DAYTON CITY OF,JAMES H MCGEE BLVD,DAYTON,640,"Exempt, owned by municipals",E,0000.00000,000000000150.00,000000000000.00,N,Public Works,Other,N,39113-165100-3,39.75045288107907,-84.22417187700336
R72 08903 0087,both,CITY OF DAYTON,KINNARD AVE,DAYTON,400,Commercial vacant land,C,0000.00000,000000000000.00,000000000000.00,N,,,Y,39113-165100-3,39.749122435423615,-84.22544430388908
R72 08903 0090,both,DAYTON CITY OF,PARKER AVE,DAYTON,610,,E,0000.00000,000000000000.00,000000000000.00,N,,,N,39113-165100-3,39.74912782109313,-84.22531963037855
R72 08903 0093,both,CITY OF DAYTON,KINNARD AVE,DAYTON,400,Commercial vacant land,C,0000.00000,000000000000.00,000000000000.00,N,,,Y,39113-165100-3,39.74919512683511,-84.22483525027833
R72 08903 0094,both,CITY OF DAYTON,KINNARD AVE,DAYTON,400,Commercial vacant land,C,0000.00000,000000000000.00,000000000000.00,N,,,Y,39113-165100-3,39.74913946561033,-84.22507101431181
R72 08903 0096,both,CITY OF DAYTON,KINNARD AVE,DAYTON,400,Commercial vacant land,C,0000.00000,000000000000.00,000000000000.00,N,,,Y,39113-165100-3,39.749218166455115,-84.22474976844258
R72 08904 0029,county_only,DAYTON CITY OF,KINNARD AVE,DAYTON,640,"Exempt, owned by municipals",E,0000.00000,000000000000.00,000000000000.00,N,,,N,,,
R72 08905 0018,both,DAYTON CITY OF,PARKER AVE,DAYTON,300,"Industrial, vacant land",I,0000.00000,000000000000.00,000000000000.00,N,,,Y,39113-004100-1,39.74760641827572,-84.22551096436473
R72 08905 0019,both,DAYTON CITY OF,PARKER AVE,DAYTON,300,"Industrial, vacant land",I,0000.00000,000000000000.00,000000000000.00,N,,,Y,39113-004100-1,39.74755897910114,-84.22549182512326
R72 08905 0021,both,DAYTON CITY OF,PARKER AVE,DAYTON,300,"Industrial, vacant land",I,0000.00000,000000000000.00,000000000000.00,N,,,Y,39113-004100-1,39.747473499426135,-84.22545596108479
R72 08905 0023,both,CITY OF DAYTON,PARKER AVE,DAYTON,300,"Industrial, vacant land",I,0000.00000,000000000000.00,000000000000.00,N,,,Y,39113-004100-1,39.74737104888751,-84.22539515577284
R72 08905 0025,county_only,CITY OF DAYTON,REDDER AVE,DAYTON,300,"Industrial, vacant land",I,0000.00000,000000000000.00,000000000000.00,N,,,Y,,,
R72 08905 0028,both,DAYTON CITY OF,REDDER AVE,DAYTON,300,"Industrial, vacant land",I,0000.00000,000000000000.00,000000000000.00,N,,,Y,39113-004100-1,39.747269991764426,-84.22502629275195
R72 08905 0029,both,DAYTON CITY OF,REDDER AVE,DAYTON,300,"Industrial, vacant land",I,0000.00000,000000000000.00,000000000000.00,N,,,Y,39113-004100-1,39.747192979057075,-84.22490559149043
R72 08905 0038,both,DAYTON CITY OF,REDDER AVE,DAYTON,300,"Industrial, vacant land",I,0000.00000,000000000000.00,000000000000.00,N,,,Y,39113-004100-1,39.74714739051668,-84.22474156674637
R72 08905 0040,both,DAYTON CITY OF,REDDER AVE,DAYTON,300,"Industrial, vacant land",I,0000.00000,000000000000.00,000000000000.00,N,,,Y,39113-004100-1,39.747041078590726,-84.22443739300896
R72 08905 0050,both,DAYTON CITY OF,JAMES H MCGEE BLVD,DAYTON,300,"Industrial, vacant land",I,0000.00000,000000000000.00,000000000000.00,N,,,Y,39113-004100-1,39.747004831493385,-84.22425246436269
R72 08905 0076,county_only,DAYTON CITY OF,MCCALL ST,DAYTON,300,"Industrial, vacant land",I,0000.00000,000000000000.00,000000000000.00,N,,,Y,,,
R72 08906 0035,both,DAYTON CITY OF,109 ELWOOD AVE,DAYTON,640,"Exempt, owned by municipals",E,0000.00000,000000002090.00,000000000000.00,N,,,N,39113-165100-3,39.75031839529636,-84.22266426206173
R72 08906 0083,both,DAYTON CITY OF,426 COLLEGE ST,DAYTON,640,"Exempt, owned by municipals",E,0000.00000,000000001710.00,000000000000.00,N,,,N,39113-165100-3,39.74944064493041,-84.22202993219994
R72 08906 0086,both,DAYTON CITY OF,422 COLLEGE ST,DAYTON,640,"Exempt, owned by municipals",E,0000.00000,000000002910.00,000000000000.00,N,,,N,39113-165100-3,39.74957052668332,-84.22216118387608
R72 08907 0004,both,CITY OF DAYTON,KINNARD AVE,DAYTON,613,Exempt land only,E,0000.00000,000000001500.00,000000000000.00,N,,,N,39113-165100-3,39.74918383121128,-84.2232472496166
R72 08907 0005,both,DAYTON CITY OF,KINNARD AVE,DAYTON,640,"Exempt, owned by municipals",E,0000.00000,000000000000.00,000000000000.00,N,,,N,39113-165100-3,39.74913384285913,-84.22315758605035
R72 08907 0006,both,CITY OF DAYTON,KINNARD AVE,DAYTON,613,Exempt land only,E,0000.08800,000000001810.00,000000000000.00,N,,,N,39113-165100-3,39.74918666013401,-84.2230552265316
R72 08907 0035,both,CITY OF DAYTON,121 LEROY ST,DAYTON,500,"Residential vacant land, lot",R,0000.00000,000000003120.00,000000000000.00,N,Public Works,Other,Y,39113-165100-3,39.74857789712049,-84.2213220734827
R72 08908 0030,both,CITY OF DAYTON,141 GOLD ST,DAYTON,640,"Exempt, owned by municipals",E,0000.00000,000000001500.00,000000000000.00,N,,,N,39113-004100-1,39.74767758960861,-84.22167136956429
R72 08908 0035,both,DAYTON CITY OF,COLLEGE ST,DAYTON,640,"Exempt, owned by municipals",E,0000.00000,000000000000.00,000000000000.00,N,,,N,39113-004100-1,39.74788426979148,-84.22248126028845
R72 08909 0037,both,CITY OF DAYTON,DELOR ST,DAYTON,613,Exempt land only,E,0000.00000,000000002160.00,000000000000.00,N,,,N,39113-004100-1,39.74698725941176,-84.22193370547362
R72 08909 0049,both,CITY OF DAYTON,GOLD ST,DAYTON,613,Exempt land only,E,0000.00000,000000002190.00,000000000000.00,N,,,N,39113-004100-1,39.74737516045074,-84.22132436363353
R72 08909 0054,both,DAYTON CITY OF,MCCALL ST,DAYTON,640,"Exempt, owned by municipals",E,0000.00000,000000002240.00,000000000000.00,N,,,N,39113-004100-1,39.746506135399635,-84.22131328242853
R72 08909 0057,both,DAYTON CITY OF,MCCALL ST,DAYTON,640,"Exempt, owned by municipals",E,0000.00000,000000002270.00,000000000000.00,N,,,N,39113-004100-1,39.74641050636166,-84.22106934874418
R72 08909 0058,both,DAYTON CITY OF,118 GOLD ST,DAYTON,500,"Residential vacant land, lot",R,0000.00000,000000002190.00,000000000000.00,N,Public Works,Other,Y,39113-004100-1,39.74728545533586,-84.22107673467167
R72 08909 0059,both,DAYTON CITY OF,DELOR ST,DAYTON,640,"Exempt, owned by municipals",E,0000.00000,000000001330.00,000000000000.00,N,,,N,39113-004100-1,39.74665032006728,-84.22186669035037
R72 08909 0061,both,CITY OF DAYTON,735 DELOR ST,DAYTON,500,"Residential vacant land, lot",R,0000.00000,000000001660.00,000000000000.00,N,Public Works,Other,Y,39113-004100-1,39.746459916481754,-84.22186400116684
R72 08909 0071,both,DAYTON CITY OF,714 DELOR ST,DAYTON,640,"Exempt, owned by municipals",E,0000.00000,000000002160.00,000000000000.00,N,,,N,39113-004100-1,39.74699309640128,-84.22132932267108
R72 09001 0011,both,DAYTON CITY OF,43 KILMER ST,DAYTON,500,"Residential vacant land, lot",R,0000.00000,000000001560.00,000000000000.00,N,,,Y,39113-004600-1,39.751825370460615,-84.23174338516012
R72 09001 0024,both,CITY OF DAYTON,42 S KILMER ST,DAYTON,640,"Exempt, owned by municipals",E,0000.00000,000000004890.00,000000000000.00,N,Planning,Surplus,Y,39113-165100-3,39.75170453261144,-84.23142734545617
R72 09001 0056,county_only,DAYTON CITY OF,2120 2122 W 3RD ST,DAYTON,640,"Exempt, owned by municipals",E,0000.00000,000000004050.00,000000000000.00,N,,,N,39113-165100-3,39.75307655092268,-84.22983233288406
R72 09001 0057,county_only,DAYTON CITY OF,2118 W 3RD ST,DAYTON,640,"Exempt, owned by municipals",E,0000.00000,000000004210.00,000000000000.00,N,,,N,39113-165100-3,39.75312527755224,-84.22967681590464
R72 09001 0058,county_only,DAYTON CITY OF,2114 W 3RD ST,DAYTON,640,"Exempt, owned by municipals",E,0000.00000,000000005610.00,000000000000.00,N,,,N,39113-165100-3,39.75314404309863,-84.22952434362051
R72 09001 0059,county_only,DAYTON CITY OF,W 3RD ST,DAYTON,640,"Exempt, owned by municipals",E,0000.00000,000000001980.00,000000000000.00,N,,,N,39113-165100-3,39.753168092686764,-84.2293826103277
R72 09001 0060,county_only,DAYTON CITY OF,2108 W 3RD ST,DAYTON,640,"Exempt, owned by municipals",E,0000.00000,000000002520.00,000000000000.00,N,,,N,39113-165100-3,39.7531745770538,-84.22931522073063
R72 09001 0067,both,DAYTON CITY OF,WOODWARD AVE,DAYTON,400,Commercial vacant land,C,0000.00000,000000002230.00,000000000000.00,N,Public Works,Other,Y,39113-165100-3,39.751914079046436,-84.23017518941988
R72 09004 0010,both,CITY OF DAYTON,2024 2026 W 3RD ST,DAYTON,640,"Exempt, owned by municipals",E,0000.00000,000000008140.00,000000000000.00,N,Planning,Surplus,Y,39113-165100-3,39.75335048860092,-84.2281883449929
R72 09004 0011,both,CITY OF DAYTON,14 ORCHARD AVE,DAYTON,640,"Exempt, owned by municipals",E,0000.00000,000000001600.00,000000000000.00,N,,,N,39113-165100-3,39.75296783461591,-84.22874615142753
R72 09004 0013,both,DAYTON CITY OF,22 ORCHARD AVE,DAYTON,640,"Exempt, owned by municipals",E,0000.00000,000000001530.00,000000000000.00,N,,,N,39113-165100-3,39.75270172750037,-84.22875499860235
R72 09004 0019,county_only,DAYTON CITY OF,2020 W 3RD ST,DAYTON,640,"Exempt, owned by municipals",E,0000.00000,000000003860.00,000000000000.00,N,,,N,39113-165100-3,39.75338908516745,-84.22799364109048
R72 09004 0024,both,DAYTON CITY OF,31 31 MATHISON ST,DAYTON,640,"Exempt, owned by municipals",E,0000.00000,000000001980.00,000000000000.00,N,Planning,Surplus,Y,39113-165100-3,39.75272043406916,-84.22791802117871
R72 09004 0026,both,DAYTON CITY OF,39 41 MATHISON ST,DAYTON,640,"Exempt, owned by municipals",E,0000.00000,000000001980.00,000000000000.00,N,,,N,39113-165100-3,39.75247408720302,-84.22784995711571
R72 09004 0033,both,DAYTON CITY OF,24 26 MATHISON ST,DAYTON,640,"Exempt, owned by municipals",E,0000.00000,000000002220.00,000000000000.00,N,,,N,39113-165100-3,39.75290608526531,-84.22733942518887
R72 09004 0039,both,DAYTON CITY OF,28 30 MATHISON ST,DAYTON,640,"Exempt, owned by municipals",E,0000.00000,000000002220.00,000000000000.00,N,Planning,Surplus,Y,39113-165100-3,39.75276913773791,-84.22746478790876
R72 09004 0047,both,CITY OF DAYTON,GROSVENOR AVE,DAYTON,640,"Exempt, owned by municipals",E,0000.00000,000000002390.00,000000000000.00,N,Planning,Surplus,Y,39113-165100-3,39.75261812750493,-84.2266472300605
R72 09004 0050,both,CITY OF DAYTON,37 GROSVENOR AVE,DAYTON,640,"Exempt, owned by municipals",E,0000.00000,000000002390.00,000000000000.00,N,Planning,Surplus,Y,39113-165100-3,39.75275548022109,-84.22664387204964
R72 09007 0008,both,CITY OF DAYTON,129 S KILMER ST,DAYTON,640,"Exempt, owned by municipals",E,0000.00000,000000002110.00,000000000000.00,N,,,N,39113-004600-1,39.75081508677671,-84.23178233393612
R72 09007 0035,both,DAYTON CITY OF,220 WOODWARD AVE,DAYTON,400,Commercial vacant land,C,0000.00000,000000002060.00,000000000000.00,N,Public Works,Other,Y,39113-165100-3,39.75107986995049,-84.23034251684813
R72 09008 0006,both,DAYTON CITY OF,MATHISON ST,DAYTON,640,"Exempt, owned by municipals",E,0000.00000,000000002160.00,000000000000.00,N,Public Works,Other,N,39113-165100-3,39.751605148188744,-84.22856625909033
R72 09008 0009,both,CITY OF DAYTON,101 GROSVENOR AVE,DAYTON,640,"Exempt, owned by municipals",E,0000.00000,000000002280.00,000000000000.00,N,Public Works,Other,N,39113-165100-3,39.752132258888906,-84.22682408867738
R72 09009 0016,both,DAYTON CITY OF,1977 1979 HOME AVE,DAYTON,400,Commercial vacant land,C,0000.00000,000000000620.00,000000000000.00,N,,,Y,39113-165100-3,39.750154938236996,-84.22840865066247
R72 09009 0017,both,DAYTON CITY OF,HOME AVE,DAYTON,400,Commercial vacant land,C,0000.00000,000000000620.00,000000000000.00,N,,,Y,39113-165100-3,39.75015097676899,-84.22853858500328
R72 09009 0018,both,DAYTON CITY OF,1985 HOME AVE,DAYTON,400,Commercial vacant land,C,0000.00000,000000000620.00,000000000000.00,N,,,Y,39113-165100-3,39.750055680307206,-84.22869324659447
R72 09009 0019,both,DAYTON CITY OF,1989 HOME AVE,DAYTON,400,Commercial vacant land,C,0000.00000,000000000620.00,000000000000.00,N,,,Y,39113-165100-3,39.75005363091704,-84.22883190628633
R72 09009 0028,both,DAYTON CITY OF,1955 HOME AVE,DAYTON,640,"Exempt, owned by municipals",E,0000.00000,000000001800.00,000000000000.00,N,Public Works,Other,N,39113-165100-3,39.750165803335236,-84.22758539058798
R72 09010 0009,both,CITY OF DAYTON,S KILMER ST,DAYTON,640,"Exempt, owned by municipals",E,0000.00000,000000001810.00,000000000000.00,N,Public Works,Other,N,39113-165100-3,39.749444114223074,-84.2314672351797
R72 09010 0010,both,CITY OF DAYTON,2123 2125 HOME AVE,DAYTON,640,"Exempt, owned by municipals",E,0000.00000,000000002850.00,000000000000.00,N,,,N,,39.749432389336995,-84.23134703659217
R72 09010 0016,both,DAYTON CITY OF,WOODWARD AVE,DAYTON,500,"Residential vacant land, lot",R,0000.00000,000000001550.00,000000000000.00,N,Public Works,Other,Y,39113-165100-3,39.75044323253802,-84.23081531290094
R72 09010 0046,both,DAYTON CITY OF,KILMER ST,DAYTON,500,"Residential vacant land, lot",R,0000.00000,000000001330.00,000000000000.00,N,Public Works,Other,Y,39113-004600-1,39.75027419889376,-84.23191425215387
R72 09010 0057,both,CITY OF DAYTON,240 KILMER ST,DAYTON,400,Commercial vacant land,C,0000.06500,000000001230.00,000000000000.00,N,Public Works,Other,Y,,39.74925607367676,-84.23146919700258
R72 09010 0058,county_only,CITY OF DAYTON,HOME AVE,DAYTON,400,Commercial vacant land,C,0000.00000,000000000000.00,000000000000.00,N,,,Y,,39.74929020288612,-84.23125749713819
R72 09011 0025,county_only,DAYTON CITY OF,331 ORCHARD AVE,DAYTON,640,"Exempt, owned by municipals",E,0000.00000,000000000000.00,000000000000.00,N,,,N,,,
R72 09012 0004,both,CITY OF DAYTON,1966 HOME AVE,DAYTON,640,"Exempt, owned by municipals",E,0000.00000,000000003790.00,000000000340.00,Y,,,N,39113-165100-3,39.749580537724526,-84.22798873125627
R72 09012 0005,both,CITY OF DAYTON,HOME AVE,DAYTON,640,"Exempt, owned by municipals",E,0000.00000,000000002770.00,000000000000.00,N,,,N,39113-165100-3,39.749465509356526,-84.22783354211703
R72 09012 0006,both,DAYTON CITY OF,HOME AVE,DAYTON,640,"Exempt, owned by municipals",E,0000.00000,000000003010.00,000000000000.00,N,Public Works,Other,N,39113-165100-3,39.74943655888204,-84.22774520838743
R72 09012 0027,both,CITY OF DAYTON,HOME AVE,DAYTON,400,Commercial vacant land,C,0000.00000,000000000000.00,000000000000.00,N,,,Y,39113-165100-3,39.749205509492505,-84.22732827913441
R72 09101 0023,county_only,DAYTON CITY OF,3RD ST,DAYTON,400,Commercial vacant land,C,0000.00600,000000000000.00,000000000000.00,N,,,Y,,,
R72 09102 0002,both,DAYTON CITY OF,157 S ARDMORE AVE,DAYTON,640,"Exempt, owned by municipals",E,0000.00000,000000002030.00,000000000000.00,N,,,N,39113-004600-1,39.748645418417,-84.23508629607306
R72 09102 0016,county_only,CITY OF DAYTON,S ARDMORE AVE,DAYTON,620,"Exempt, owned by counties",E,0000.00000,000000001940.00,000000000000.00,N,,,N,39113-004600-1,39.74872817158499,-84.2344405733082
R72 09102 0017,county_only,CITY OF DAYTON,150 S ARDMORE AVE,DAYTON,620,"Exempt, owned by counties",E,0000.00000,000000003280.00,000000000000.00,N,,,N,39113-004600-1,39.74879722037738,-84.23455303236382
R72 09102 0020,county_only,CITY OF DAYTON,138 S ARDMORE AVE,DAYTON,640,"Exempt, owned by municipals",E,0000.00000,000000004390.00,000000000000.00,N,,,N,39113-004600-1,39.74905235073676,-84.2345558260996
R72 09102 0022,both,DAYTON CITY OF,130 S ARDMORE AVE,DAYTON,500,"Residential vacant land, lot",R,0000.00000,000000001970.00,000000000000.00,N,,,Y,39113-004600-1,39.74920616712304,-84.23455254463907
R72 09102 0027,county_only,CITY OF DAYTON,110 S ARDMORE AVE,DAYTON,640,"Exempt, owned by municipals",E,0000.00000,000000004390.00,000000000000.00,N,,,N,39113-004600-1,39.749609756034424,-84.23455542124223
R72 09102 0028,both,DAYTON CITY OF,106 S ARDMORE AVE,DAYTON,500,"Residential vacant land, lot",R,0000.00000,000000001970.00,000000000000.00,N,,,Y,39113-004600-1,39.74968567528869,-84.23456284729882
R72 09102 0030,county_only,CITY OF DAYTON,S ARDMORE AVE,DAYTON,620,"Exempt, owned by counties",E,0000.00000,000000001690.00,000000000000.00,N,,,N,39113-004600-1,39.74866740472365,-84.23452160085574
R72 09102 0031,county_only,CITY OF DAYTON,2425 HOME AVE,DAYTON,640,"Exempt, owned by municipals",E,0000.00000,000000000000.00,000000000000.00,N,,,N,,,
R72 09102 0037,county_only,CITY OF DAYTON,HOME AVE,DAYTON,640,"Exempt, owned by municipals",E,0000.00000,000000000000.00,000000000000.00,N,,,N,,,
R72 09102 0038,county_only,CITY OF DAYTON,HOME AVE,DAYTON,640,"Exempt, owned by municipals",E,0000.00000,000000000000.00,000000000000.00,N,,,N,,,
R72 09102 0048,both,CITY OF DAYTON,S ARDMORE AVE,DAYTON,640,"Exempt, owned by municipals",E,0000.00000,000000000000.00,000000000000.00,N,,,N,39113-004600-1,39.74851847395083,-84.23463503053843
R72 09102 0049,both,CITY OF DAYTON,ARDMORE AVE,DAYTON,640,"Exempt, owned by municipals",E,0000.00000,000000000000.00,000000000000.00,N,,,N,39113-004600-1,39.74858020427637,-84.2349500569788
R72 09103 0014,both,CITY OF DAYTON,258 ARDMORE AVE,DAYTON,640,"Exempt, owned by municipals",E,0000.00000,000000001050.00,000000000000.00,N,Planning,Surplus,Y,39113-004200-3,39.746620053230664,-84.23435129715865
R72 09104 0004,both,DAYTON CITY OF,2414 HOME AVE,DAYTON,640,"Exempt, owned by municipals",E,0000.00000,000000000880.00,000000000000.00,N,,,N,39113-004200-3,39.747834800036394,-84.23387091894777
R72 09104 0009,both,DAYTON CITY OF,347 ADELITE AVE,DAYTON,640,"Exempt, owned by municipals",E,0000.00000,000000000830.00,000000000000.00,N,Economic Development,Development,Y,39113-004200-3,39.74708712324804,-84.23248470259404
R72 09104 0011,both,DAYTON CITY OF,349 ADELITE AVE,DAYTON,640,"Exempt, owned by municipals",E,0000.00000,000000001450.00,000000000000.00,N,Economic Development,Development,Y,39113-004200-3,39.74700611791555,-84.23248524449016
R72 09104 0013,both,DAYTON CITY OF,353 ADELITE AVE,DAYTON,640,"Exempt, owned by municipals",E,0000.00000,000000001450.00,000000000000.00,N,Economic Development,Development,Y,39113-004200-3,39.74692413526023,-84.23234723585806
R72 09104 0014,both,DAYTON CITY OF,ADELITE AVE,DAYTON,640,"Exempt, owned by municipals",E,0000.00000,000000000000.00,000000000000.00,N,Economic Development,Development,Y,39113-004200-3,39.746890788912744,-84.23248605894612
R72 09104 0024,both,CITY OF DAYTON,339 345 ROYAL ST,DAYTON,640,"Exempt, owned by municipals",E,0000.00000,000000006480.00,000000000000.00,N,Planning,Surplus,Y,39113-004200-3,39.747114747013185,-84.23356493872575
R72 09104 0058,both,CITY OF DAYTON,339 ADELITE AVE,DAYTON,640,"Exempt, owned by municipals",E,0000.00000,000000001620.00,000000000000.00,N,Economic Development,Development,Y,39113-004200-3,39.74725493374145,-84.23235009686279
R72 09104 0059,both,CITY OF DAYTON,341 ADELITE AVE,DAYTON,640,"Exempt, owned by municipals",E,0000.00000,000000002090.00,000000000000.00,N,Economic Development,Development,Y,39113-004200-3,39.74721096547576,-84.23248387357597
R72 09105 0039,county_only,CITY OF DAYTON,2228 HOME AVE,DAYTON,640,"Exempt, owned by municipals",E,0000.00000,000000001830.00,000000000000.00,N,,,N,,,
R72 09107 0043,county_only,CITY OF DAYTON,316 KINNARD AVE,DAYTON,640,"Exempt, owned by municipals",E,0000.00000,000000000000.00,000000000000.00,N,,,N,,,
R72 09108 0008,county_only,CITY OF DAYTON,CORNER ROYAL & HOME AVE,DAYTON,640,"Exempt, owned by municipals",E,0000.00000,000000000000.00,000000000000.00,N,,,N,,,
R72 09108 0019,both,CITY OF DAYTON,S KILMER ST,DAYTON,640,"Exempt, owned by municipals",E,0000.00000,000000011570.00,000000000000.00,N,,,N,39113-004600-1,39.749762581052295,-84.23227664013237
R72 09108 0020,both,CITY OF DAYTON,HOME AVE,DAYTON,640,"Exempt, owned by municipals",E,0000.00000,000000000000.00,000000000000.00,N,,,N,39113-004600-1,39.74913430074,-84.23235530411014
R72 09108 0029,both,CITY OF DAYTON,HOME AVE,DAYTON,400,Commercial vacant land,C,0000.00000,000000000000.00,000000000000.00,N,,,Y,39113-004600-1,39.749017450994266,-84.23227833639137
R72 09201 0024,both,DAYTON CITY OF,3201 W 3RD ST,DAYTON,500,"Residential vacant land, lot",R,0000.00000,000000003000.00,000000000000.00,N,,,Y,39113-003900-1,39.751375165235956,-84.24232585486345
R72 09202 0009,county_only,DAYTON CITY OF,131 HURON AVE,DAYTON,640,"Exempt, owned by municipals",E,0000.00000,000000004860.00,000000000000.00,N,,,N,39113-003900-1,39.753866608032645,-84.24263002739005
R72 09202 0018,both,CITY OF DAYTON,136 HURON AVE,DAYTON,640,"Exempt, owned by municipals",E,0000.00000,000000002190.00,000000000000.00,N,,,N,39113-003900-1,39.75387022051435,-84.24220323852313
R72 09202 0023,county_only,CITY OF DAYTON,114 HURON AVE,DAYTON,640,"Exempt, owned by municipals",E,0000.00000,000000004860.00,000000000000.00,N,,,N,39113-003900-1,39.753403388418526,-84.24220578933206
R72 09202 0025,county_only,CITY OF DAYTON,106 HURON AVE,DAYTON,640,"Exempt, owned by municipals",E,0000.00000,000000004860.00,000000000000.00,N,,,N,39113-003900-1,39.75318383921504,-84.2422003006971
R72 09202 0038,county_only,CITY OF DAYTON,109 WESTWOOD AVE,DAYTON,640,"Exempt, owned by municipals",E,0000.00000,000000005740.00,000000000000.00,N,,,N,39113-003900-1,39.75301962795123,-84.2414242206952
R72 09202 0042,county_only,DAYTON CITY OF,3222 DELPHOS AVE,DAYTON,640,"Exempt, owned by municipals",E,0000.00000,000000005300.00,000000000000.00,N,,,N,39113-003900-1,39.753049492233494,-84.24332748239546
R72 09203 0047,county_only,DAYTON CITY OF,122 WESTWOOD AVE,DAYTON,640,"Exempt, owned by municipals",E,0000.00000,000000005040.00,000000000000.00,N,,,N,39113-003900-1,39.75320954118862,-84.24102703734532
R72 09203 0050,county_only,DAYTON CITY OF,110 WESTWOOD AVE,DAYTON,640,"Exempt, owned by municipals",E,0000.00000,000000006340.00,000000000000.00,N,,,N,39113-003900-1,39.7529157292623,-84.24102680725392
R72 09204 0045,both,DAYTON CITY OF,31 GRAMONT AVE,DAYTON,640,"Exempt, owned by municipals",E,0000.00000,000000004810.00,000000000000.00,N,Planning,Surplus,Y,39113-003900-1,39.75290629926076,-84.23796718112068
R72 09204 0060,both,DAYTON CITY OF,SHOOP AVE,DAYTON,400,Commercial vacant land,C,0000.00000,000000002170.00,000000000000.00,N,,,Y,39113-003900-1,39.7530833755805,-84.23880238095403
R72 09204 0061,both,DAYTON CITY OF,SHOOP AVE,DAYTON,400,Commercial vacant land,C,0000.00000,000000002170.00,000000000000.00,N,,,Y,39113-003900-1,39.752989962036786,-84.2388036052677
R72 09204 0062,both,DAYTON CITY OF,SHOOP AVE,DAYTON,400,Commercial vacant land,C,0000.00000,000000002170.00,000000000000.00,N,,,Y,39113-003900-1,39.75289385140111,-84.23880476228399
R72 09204 0063,both,DAYTON CITY OF,SHOOP AVE,DAYTON,400,Commercial vacant land,C,0000.00000,000000002170.00,000000000000.00,N,,,Y,39113-003900-1,39.752800535705816,-84.2388024340003
R72 09204 0064,both,DAYTON CITY OF,SHOOP AVE,DAYTON,400,Commercial vacant land,C,0000.00000,000000002170.00,000000000000.00,N,,,Y,39113-003900-1,39.752704424147105,-84.23880359215933
R72 09204 0065,both,DAYTON CITY OF,SHOOP AVE,DAYTON,400,Commercial vacant land,C,0000.00000,000000002170.00,000000000000.00,N,,,Y,39113-003900-1,39.75261105652038,-84.23880481761064
R72 09204 0066,both,DAYTON CITY OF,SHOOP AVE,DAYTON,400,Commercial vacant land,C,0000.00000,000000002170.00,000000000000.00,N,,,Y,39113-003900-1,39.752523174057686,-84.23880623827199
R72 09204 0100,both,DAYTON CITY OF,2900 W 2ND ST,DAYTON,400,Commercial vacant land,C,0000.00000,000000009320.00,000000000000.00,N,,,Y,39113-003900-1,39.75396161842592,-84.2391994740487
R72 09205 0004,county_only,DAYTON CITY OF,2515 W 3RD ST,DAYTON,620,"Exempt, owned by counties",E,0000.00000,000000003710.00,000000000000.00,N,,,N,39113-003900-3,39.75258634855948,-84.23473628267034
R72 09205 0008,county_only,DAYTON CITY OF,2529 W 3RD ST,DAYTON,640,"Exempt, owned by municipals",E,0000.00000,000000002650.00,000000000000.00,N,,,N,39113-003900-3,39.75253212599172,-84.23524363283849
R72 09205 0020,both,DAYTON CITY OF,24 ANNA ST,DAYTON,500,"Residential vacant land, lot",R,0000.00000,000000002660.00,000000000000.00,N,Public Works,Other,Y,39113-003900-3,39.7529475593922,-84.23622463925955
R72 09205 0023,both,CITY OF DAYTON,36 ANNA ST,DAYTON,640,"Exempt, owned by municipals",E,0000.00000,000000004810.00,000000000000.00,N,Planning,Surplus,Y,39113-003900-3,39.75324007199575,-84.23638539116702
R72 09205 0027,both,CITY OF DAYTON,25 LORENZ AVE,DAYTON,640,"Exempt, owned by municipals",E,0000.00000,000000002410.00,000000000000.00,N,Planning,Surplus,Y,39113-003900-3,39.75305476583706,-84.235551856126
R72 09205 0032,both,CITY OF DAYTON,LORENZ AVE,DAYTON,640,"Exempt, owned by municipals",E,0000.00000,000000002460.00,000000000000.00,N,Public Works,Other,N,39113-003900-3,39.753158597677334,-84.2351909808991
R72 09302 0004,both,DAYTON CITY OF,18 ARDMORE AVE,DAYTON,500,"Residential vacant land, lot",R,0000.00000,000000001570.00,000000000000.00,N,Public Works,Other,Y,39113-004600-1,39.75193009707699,-84.23454917733667
R72 09302 0009,both,CITY OF DAYTON,36 S ARDMORE AVE,DAYTON,640,"Exempt, owned by municipals",E,0000.00000,000000002110.00,000000000000.00,N,Public Works,Other,N,39113-004600-1,39.75145255451485,-84.2345337367992
R72 09302 0010,both,DAYTON CITY OF,40 ARDMORE AVE,DAYTON,500,"Residential vacant land, lot",R,0000.00000,000000002100.00,000000000000.00,N,,,Y,39113-004600-1,39.75135343735419,-84.23455260079265
R72 09302 0011,both,DAYTON CITY OF,S ARDMORE AVE,DAYTON,500,"Residential vacant land, lot",R,0000.00000,000000002100.00,000000000000.00,N,,,Y,39113-004600-1,39.75126819338391,-84.23456114517356
R72 09302 0012,county_only,CITY OF DAYTON,50 S ARDMORE AVE,DAYTON,620,"Exempt, owned by counties",E,0000.00000,000000004670.00,000000000000.00,N,,,N,39113-004600-1,39.751174885232416,-84.23455526787032
R72 09302 0015,both,DAYTON CITY OF,62 ARDMORE AVE,DAYTON,500,"Residential vacant land, lot",R,0000.00000,000000002100.00,000000000000.00,N,,,Y,39113-004600-1,39.7508853429739,-84.23443124676659
R72 09302 0017,both,DAYTON CITY OF,68 70 ARDMORE AVE,DAYTON,500,"Residential vacant land, lot",R,0000.00000,000000002100.00,000000000000.00,N,,,Y,39113-004600-1,39.750693457281514,-84.23443117584789
R72 09302 0018,both,DAYTON CITY OF,72 ARDMORE AVE,DAYTON,500,"Residential vacant land, lot",R,0000.00000,000000002100.00,000000000000.00,N,,,Y,39113-004600-1,39.750597514543806,-84.23443114059307
R72 09302 0019,county_only,DAYTON CITY OF,76 78 ARDMORE AVE,DAYTON,640,"Exempt, owned by municipals",E,0000.00000,000000003500.00,000000000000.00,N,,,N,39113-004600-1,39.75047184105303,-84.23456265666965
R72 09302 0039,county_only,CITY OF DAYTON,45 ARDMORE AVE,DAYTON,640,"Exempt, owned by municipals",E,0000.00000,000000004900.00,000000000000.00,N,,,N,39113-004600-1,39.75116934744825,-84.2349286631408
R72 09302 0055,county_only,CITY OF DAYTON,42 BISH AVE,DAYTON,640,"Exempt, owned by municipals",E,0000.00000,000000003660.00,000000000000.00,N,,,N,39113-004600-1,39.75114930093587,-84.23572500291286
R72 09302 0060,county_only,DAYTON CITY OF,60 BISH AVE,DAYTON,640,"Exempt, owned by municipals",E,0000.00000,000000004880.00,000000000000.00,N,,,N,39113-004600-1,39.7506684352818,-84.23574857936353
R72 09302 0068,county_only,DAYTON CITY OF,23 BISH AVE,DAYTON,640,"Exempt, owned by municipals",E,0000.00000,000000004950.00,000000013850.00,Y,,,N,39113-004600-1,39.75155519929045,-84.23612997959539
R72 09304 0004,both,DAYTON CITY OF,HOME AVE,DAYTON,640,"Exempt, owned by municipals",E,0000.00000,000000000000.00,000000000000.00,N,,,N,39113-004200-1,39.746947234202985,-84.23939370786009
R72 09304 0014,both,DAYTON CITY OF,MCCALL ST,DAYTON,640,"Exempt, owned by municipals",E,0000.00000,000000004550.00,000000018780.00,Y,,,N,39113-004200-3,39.74681574824299,-84.23811852994366
R72 09304 0058,county_only,DAYTON CITY OF,2720 HOME AVE,DAYTON,510,,R,0000.00000,000000003410.00,000000004010.00,Y,,,N,39113-004200-3,39.747141062287746,-84.23900794266522
R72 09304 0062,both,CITY OF DAYTON,MCCALL ST,DAYTON,640,"Exempt, owned by municipals",E,0000.00000,000000000000.00,000000000000.00,N,,,N,39113-004200-1,39.74671568226206,-84.23936017313075
R72 09304 0067,county_only,DAYTON CITY OF,HOME AVE,DAYTON,640,"Exempt, owned by municipals",E,0000.00000,000000000000.00,000000000000.00,N,,,N,,,
R72 09304 0069,both,CITY OF DAYTON,HOME AVE,DAYTON,640,"Exempt, owned by municipals",E,0000.00000,000000000000.00,000000000000.00,N,,,N,39113-004200-3,39.747039907259186,-84.23908631191897
R72 09304 0070,both,CITY OF DAYTON,HOME AVE,DAYTON,400,Commercial vacant land,C,0000.00000,000000000000.00,000000000000.00,N,,,Y,39113-004200-3,39.74724153084823,-84.23902946505932
R72 09304 0072,county_only,CITY OF DAYTON,HOME AVE,DAYTON,640,"Exempt, owned by municipals",E,0000.00000,000000000000.00,000000000000.00,N,,,N,,,
R72 09305 0026,county_only,DAYTON CITY OF,2728 W THIRD ST,DAYTON,620,"Exempt, owned by counties",E,0000.00000,000000008230.00,000000200510.00,Y,,,N,39113-004600-1,39.75179472840315,-84.2369612885722
R72 09305 0028,county_only,DAYTON CITY OF,2720 W THIRD ST,DAYTON,620,"Exempt, owned by counties",E,0000.00000,000000003380.00,000000000000.00,N,,,N,39113-004600-1,39.75181481587728,-84.23672498720808
R72 09305 0029,county_only,DAYTON CITY OF,2716 W THIRD ST,DAYTON,620,"Exempt, owned by counties",E,0000.00000,000000003430.00,000000000680.00,Y,,,N,39113-004600-1,39.752002501702385,-84.23661566605048
R72 09308 0075,county_only,DAYTON CITY OF,MAYWOOD AVE,DAYTON,640,"Exempt, owned by municipals",E,0000.00000,000000000460.00,000000000000.00,N,,,N,,,
R72 09309 0041,both,DAYTON CITY OF,33 MOSS AVE,DAYTON,640,"Exempt, owned by municipals",E,0000.00000,000000002250.00,000000000000.00,N,,,N,39113-004600-1,39.7501833412504,-84.2423351664486
R72 09309 0051,both,DAYTON CITY OF,MAYWOOD AVE,DAYTON,300,"Industrial, vacant land",I,0000.00630,000000000000.00,000000000000.00,N,,,Y,39113-004600-1,39.749143556992784,-84.24241036271623
R72 09309 0078,county_only,DAYTON CITY OF,MAYWOOD AVE,DAYTON,640,"Exempt, owned by municipals",E,0000.00000,000000003700.00,000000000000.00,N,,,N,,,
R72 09401 0110,county_only,DAYTON CITY OF,ROADWAY,DAYTON,640,"Exempt, owned by municipals",E,0000.00000,000000000000.00,000000000000.00,N,,,N,,,
R72 09403 0003,both,DAYTON CITY OF,MCCALL ST,DAYTON,640,"Exempt, owned by municipals",E,0000.00000,000000000320.00,000000000000.00,N,Public Works,Other,N,39113-004200-1,39.746722429277014,-84.2400961491076
R72 09403 0006,both,CITY OF DAYTON,MCCALL & HOME,DAYTON,400,Commercial vacant land,C,0000.23600,000000000000.00,000000000000.00,N,,,Y,39113-004600-1,39.7484896306996,-84.24015877228268
R72 09501 0010,county_only,DAYTON CITY OF AND,1 3 ARLINGTON AVE,DAYTON,640,"Exempt, owned by municipals",E,0000.00000,000000000000.00,000000000000.00,N,,,N,39113-004200-1,39.74579599409847,-84.24217723292435
R72 09501 0011,both,DAYTON CITY OF,7 ARLINGTON AVE,DAYTON,610,,E,0000.00000,000000000000.00,000000000000.00,N,,,N,39113-004200-1,39.74578112610278,-84.2423176036124
R72 09501 0015,county_only,DAYTON CITY OF AND,3140 MCCALL ST,DAYTON,640,"Exempt, owned by municipals",E,0000.00000,000000000000.00,000000000000.00,N,,,N,,39.74647684227719,-84.24231011030125
R72 09501 0027,both,CITY OF DAYTON,2907 HOME AVE,DAYTON,640,"Exempt, owned by municipals",E,0000.00000,000000000000.00,000000000000.00,N,,,N,39113-004200-1,39.746445065096395,-84.24107665341243
R72 09501 0028,both,CITY OF DAYTON,2909 HOME AVE,DAYTON,640,"Exempt, owned by municipals",E,0000.00000,000000000000.00,000000000000.00,N,,,N,39113-004200-1,39.746357951476114,-84.24123693069812
R72 09502 0018,both,DAYTON CITY OF,ARLINGTON AVE,DAYTON,500,"Residential vacant land, lot",R,0000.00000,000000002180.00,000000000000.00,N,Public Works,Other,Y,39113-004600-3,39.745953092941164,-84.24374169333178
R72 09502 0019,both,DAYTON CITY OF,45 ARLINGTON AVE,DAYTON,500,"Residential vacant land, lot",R,0000.00000,000000002090.00,000000000000.00,N,Public Works,Other,Y,39113-004600-3,39.745858237087695,-84.2436186704829
R72 09502 0020,both,CITY OF DAYTON,41 ARLINGTON AVE,DAYTON,640,"Exempt, owned by municipals",E,0000.10800,000000000000.00,000000000000.00,N,,,N,39113-004600-3,39.74581138667783,-84.24347798016606
R72 09502 0038,county_only,DAYTON CITY OF,3025 HOME AVE,DAYTON,640,"Exempt, owned by municipals",E,0000.00000,000000000000.00,000000000000.00,N,,,N,,39.74536054104926,-84.24333149696656
R72 09502 0039,county_only,DAYTON CITY OF,HOME AVE,DAYTON,640,"Exempt, owned by municipals",E,0000.00000,000000000000.00,000000000000.00,N,,,N,,,
R72 09502 0042,county_only,DAYTON CITY OF,34 ARLINGTON AVE,DAYTON,640,"Exempt, owned by municipals",E,0000.00000,000000000000.00,000000000000.00,N,,,N,,,
R72 09502 0044,county_only,CITY OF DAYTON,ARLINGTON AVE,DAYTON,640,"Exempt, owned by municipals",E,0000.00000,000000000000.00,000000000000.00,N,,,N,,,
R72 09502 0045,county_only,CITY OF DAYTON,52 ARLINGTON AVE,DAYTON,640,"Exempt, owned by municipals",E,0000.00000,000000000000.00,000000000000.00,N,,,N,,,
R72 09502 0047,both,DAYTON CITY OF,62 ARLINGTON AVE,DAYTON,640,"Exempt, owned by municipals",E,0000.00000,000000000000.00,000000000000.00,N,,,N,39113-004600-3,39.745537552823016,-84.24446449575174
R72 09502 0048,both,DAYTON CITY OF,62 ARLINGTON AVE,DAYTON,640,"Exempt, owned by municipals",E,0000.00000,000000000000.00,000000000000.00,N,,,N,39113-004600-3,39.745520567442696,-84.24458376937787
R72 09502 0049,both,DAYTON CITY OF,68 ARLINGTON AVE,DAYTON,640,"Exempt, owned by municipals",E,0000.00000,000000000000.00,000000000000.00,N,,,N,39113-004600-3,39.7454950411836,-84.24470847691371
R72 09502 0060,county_only,DAYTON CITY OF AND,3105 HOME AVE,DAYTON,640,"Exempt, owned by municipals",E,0000.00000,000000000000.00,000000000000.00,N,,,N,,39.74491964144154,-84.24435553612729
R72 09502 0061,county_only,DAYTON CITY OF AND,HOME AVE,DAYTON,640,"Exempt, owned by municipals",E,0000.00000,000000000000.00,000000000000.00,N,,,N,,,
R72 09502 0067,both,DAYTON CITY OF,HOME AVE,DAYTON,640,"Exempt, owned by municipals",E,0000.00000,000000000000.00,000000000000.00,N,,,N,39113-004600-3,39.74505893184914,-84.24563131147502
R72 09502 0084,county_only,CITY OF DAYTON,ARLINGTON AVE,DAYTON,400,Commercial vacant land,C,0000.00000,000000000000.00,000000000000.00,N,,,Y,,,
R72 09502 0085,both,CITY OF DAYTON,ARLINGTON AVE,DAYTON,640,"Exempt, owned by municipals",E,0000.00000,000000000000.00,000000000000.00,N,,,N,39113-004600-3,39.74551468225422,-84.244369200966
R72 09502 0087,county_only,CITY OF DAYTON,ARLINGTON AVE,DAYTON,640,"Exempt, owned by municipals",E,0000.00000,000000000000.00,000000000000.00,N,,,N,,,
R72 09502 0088,both,CITY OF DAYTON,KINNARD AVE,DAYTON,400,Commercial vacant land,C,0000.00000,000000000000.00,000000000000.00,N,,,Y,39113-004600-3,39.74610648917425,-84.24332277962488
R72 09502 0090,county_only,CITY OF DAYTON,ARLINGTON AVE,DAYTON,640,"Exempt, owned by municipals",E,0000.00000,000000000000.00,000000000000.00,N,,,N,,,
R72 09502 0094,county_only,CITY OF DAYTON,ARLINGTON AVE,DAYTON,640,"Exempt, owned by municipals",E,0000.00000,000000000000.00,000000000000.00,N,,,N,,,
R72 09503 0003,both,DAYTON CITY OF,JEROME AVE,DAYTON,640,"Exempt, owned by municipals",E,0000.00000,000000001200.00,000000000000.00,N,,,N,39113-004200-1,39.74446841049074,-84.24154015044047
R72 09503 0004,both,DAYTON CITY OF,2436 GRANDVIEW AVE,DAYTON,640,"Exempt, owned by municipals",E,0000.00000,000000001660.00,000000000000.00,N,,,N,39113-004200-1,39.74453465334055,-84.24144701993147
R72 09503 0014,both,CITY OF DAYTON,441 MULFORD AVE,DAYTON,640,"Exempt, owned by municipals",E,0000.00000,000000002470.00,000000000000.00,N,,,N,39113-004200-1,39.74475414119856,-84.24166226002879
R72 09503 0043,both,CITY OF DAYTON,445 GROVELAND AVE,DAYTON,640,"Exempt, owned by municipals",E,0000.00000,000000002090.00,000000000000.00,N,Public Works,Other,N,39113-004200-1,39.74540228920347,-84.24051544957887
R72 09503 0049,both,DAYTON CITY OF,419 GROVELAND AVE,DAYTON,640,"Exempt, owned by municipals",E,0000.00000,000000001620.00,000000000000.00,N,Planning,Surplus,Y,39113-004200-1,39.74597959639899,-84.24037886581304
R72 09503 0055,both,CITY OF DAYTON,MULFORD AVE,DAYTON,400,Commercial vacant land,C,0000.00000,000000000900.00,000000000000.00,N,,,Y,39113-004200-1,39.74468640648832,-84.24176756003041
R72 09503 0056,both,CITY OF DAYTON,MULFORD AVE,DAYTON,400,Commercial vacant land,C,0000.00000,000000000900.00,000000000000.00,N,,,Y,39113-004200-1,39.744684063441106,-84.2414919506001
R72 09503 0059,both,CITY OF DAYTON,HOME AVE,DAYTON,640,"Exempt, owned by municipals",E,0000.00000,000000000000.00,000000000000.00,N,,,N,39113-004200-1,39.746057852048466,-84.24091935878953
R72 09503 0060,both,CITY OF DAYTON,GROVELAND AVE,DAYTON,640,"Exempt, owned by municipals",E,0000.00000,000000000000.00,000000000000.00,N,,,N,39113-004200-1,39.746484850736714,-84.24048198990191
R72 09504 0018,both,CITY OF DAYTON,469 DEARBORN AVE,DAYTON,640,"Exempt, owned by municipals",E,0000.00000,000000002090.00,000000000000.00,N,Planning,Surplus,Y,39113-004200-1,39.74482540486581,-84.23925250831853
R72 09504 0037,both,DAYTON CITY OF,GRANDVIEW AVE,DAYTON,640,"Exempt, owned by municipals",E,0000.00000,000000001780.00,000000000000.00,N,Public Works,Other,N,39113-004200-1,39.74445296590969,-84.24007746137471
R72 09504 0045,county_only,DAYTON CITY OF,GROVELAND AVE,DAYTON,640,"Exempt, owned by municipals",E,0000.00000,000000000000.00,000000000000.00,N,,,N,,,
R72 09504 0047,county_only,CITY OF DAYTON,DEARBORN AVE,DAYTON,640,"Exempt, owned by municipals",E,0000.00000,000000000000.00,000000000000.00,N,,,N,,,
R72 09504 0048,county_only,CITY OF DAYTON,DEARBORN AVE,DAYTON,400,Commercial vacant land,C,0000.00000,000000000000.00,000000000000.00,N,,,Y,,,
R72 09504 0049,county_only,CITY OF DAYTON,DEARBORN AVE,DAYTON,640,"Exempt, owned by municipals",E,0000.00000,000000000000.00,000000000000.00,N,,,N,,,
R72 09504 0050,both,CITY OF DAYTON,MCCALL ST,DAYTON,685,"Churches etc, public worship",E,0000.00000,000000000000.00,000000000000.00,N,,,N,39113-004200-1,39.746455687154686,-84.23996786023402
R72 09504 0051,county_only,CITY OF DAYTON,MCCALL ST,DAYTON,685,"Churches etc, public worship",E,0000.00000,000000000000.00,000000000000.00,N,,,N,,,
R72 09505 0034,both,DAYTON CITY OF,437 RUTH AVE,DAYTON,640,"Exempt, owned by municipals",E,0000.00000,000000001760.00,000000000000.00,N,Planning,Surplus,Y,39113-004200-3,39.74558065588141,-84.23798183835083
R72 09505 0035,both,DAYTON CITY OF,RUTH AVE,DAYTON,640,"Exempt, owned by municipals",E,0000.00000,000000001760.00,000000000000.00,N,Planning,Surplus,Y,39113-004200-3,39.74549482623053,-84.23810629126555
R72 09505 0052,county_only,CITY OF DAYTON,DEARBORN AVE,DAYTON,640,"Exempt, owned by municipals",E,0000.00000,000000000000.00,000000000000.00,N,,,N,,,
R72 09505 0053,county_only,CITY OF DAYTON,DEARBORN AVE,DAYTON,640,"Exempt, owned by municipals",E,0000.80300,000000000000.00,000000000000.00,N,,,N,,,
R72 09505 0054,county_only,CITY OF DAYTON,DEARBORN AVE,DAYTON,640,"Exempt, owned by municipals",E,0000.00000,000000000000.00,000000000000.00,N,,,N,,,
R72 09505 0055,county_only,CITY OF DAYTON,DEARBORN AVE,DAYTON,640,"Exempt, owned by municipals",E,0000.00000,000000000000.00,000000000000.00,N,,,N,,,
R72 09505 0056,county_only,CITY OF DAYTON,DEARBORN AVE,DAYTON,640,"Exempt, owned by municipals",E,0000.00000,000000000000.00,000000000000.00,N,,,N,,,
R72 09505 0057,county_only,CITY OF DAYTON,DEARBORN AVE,DAYTON,400,Commercial vacant land,C,0000.00000,000000000000.00,000000000000.00,N,,,Y,,,
R72 09509 0016,both,DAYTON CITY OF,2604 GERMANTOWN ST,DAYTON,500,"Residential vacant land, lot",R,0000.00000,000000002320.00,000000000000.00,N,Public Works,Other,Y,39113-004100-2,39.73948774754459,-84.2369930337404
R72 09509 0017,both,DAYTON CITY OF,2604 GERMANTOWN ST,DAYTON,500,"Residential vacant land, lot",R,0000.00000,000000003240.00,000000000000.00,N,Public Works,Other,Y,39113-004100-2,39.73953250224965,-84.2368724840198
R72 09511 0001,both,DAYTON CITY OF,3124 HOME AVE,DAYTON,640,"Exempt, owned by municipals",E,0000.00000,000000001130.00,000000000000.00,N,Public Works,Other,N,39113-004200-1,39.7443434112022,-84.24478561694343
R72 09511 0002,both,DAYTON CITY OF,HOME AVE,DAYTON,640,"Exempt, owned by municipals",E,0000.00000,000000000430.00,000000000000.00,N,Public Works,Other,N,39113-004200-1,39.744390522696875,-84.24447975209374
R72 09511 0003,both,DAYTON CITY OF,3108 HOME AVE,DAYTON,640,"Exempt, owned by municipals",E,0000.00000,000000000560.00,000000000000.00,N,Public Works,Other,N,39113-004200-1,39.74441132143207,-84.24434653035884
R72 09511 0006,both,DAYTON CITY OF,3030 HOME AVE,DAYTON,640,"Exempt, owned by municipals",E,0000.00000,000000001170.00,000000000000.00,N,Public Works,Other,N,39113-004200-1,39.74484230650398,-84.24350776198396
R72 09511 0007,both,DAYTON CITY OF,3126 HOME AVE,DAYTON,640,"Exempt, owned by municipals",E,0003.50000,000000017330.00,000000013030.00,Y,Public Works,Other,N,39113-004200-1,39.74420389583939,-84.24263745301712
R72 09511 0008,both,DAYTON CITY OF,JEROME AVE,DAYTON,640,"Exempt, owned by municipals",E,0000.29000,000000001410.00,000000000000.00,N,Public Works,Other,N,39113-004200-1,39.74434323224048,-84.24352830817092
R72 09601 0035,both,DAYTON CITY OF,HILARY AVE,DAYTON,640,"Exempt, owned by municipals",E,0000.00000,000000001470.00,000000000000.00,N,Planning,Surplus,Y,39113-004200-3,39.745157720050976,-84.23673311220332
R72 09604 0026,both,CITY OF DAYTON,20 EDDIE ST,DAYTON,640,"Exempt, owned by municipals",E,0000.00000,000000001260.00,000000000000.00,N,Planning,Surplus,Y,39113-004200-3,39.74428018976502,-84.2328713777358
R72 09607 0010,both,CITY OF DAYTON,537 MARTHA AVE,DAYTON,640,"Exempt, owned by municipals",E,0000.00000,000000000800.00,000000000000.00,N,Planning,Surplus,Y,39113-004200-3,39.743779627868044,-84.23315672731907
R72 09608 0004,both,DAYTON CITY OF,2501 LAKEVIEW AVE,DAYTON,500,"Residential vacant land, lot",R,0000.00000,000000002010.00,000000000000.00,N,,,Y,39113-004200-3,39.74150634732329,-84.23639106904143
R72 09609 0038,both,DAYTON CITY OF,823 CLIFTON DR,DAYTON,640,"Exempt, owned by municipals",E,0000.00000,000000001560.00,000000000000.00,N,Planning,Surplus,Y,39113-004200-3,39.741171492891894,-84.23420454782013
R72 09610 0016,county_only,DAYTON OHIO CITY OF,2331 GERMANTOWN ST,DAYTON,640,"Exempt, owned by municipals",E,0000.00000,000000004130.00,000000015860.00,Y,,,N,39113-004200-3,39.74132589776646,-84.23323599991085
R72 09610 0017,both,CITY OF DAYTON,2327 GERMANTOWN ST,DAYTON,500,"Residential vacant land, lot",R,0000.00000,000000002010.00,000000000000.00,N,,,Y,39113-004200-3,39.74137442186797,-84.23311273209943
R72 09611 0017,both,DAYTON CITY OF,GERMANTOWN ST,DAYTON,500,"Residential vacant land, lot",R,0000.00000,000000000000.00,000000000000.00,N,,,Y,39113-004100-2,39.73984189344925,-84.23652260354608
R72 09611A0004,both,DAYTON CITY OF,2400 GERMANTOWN ST,DAYTON,400,Commercial vacant land,C,0000.00000,000000000000.00,000000000000.00,N,Economic Development,Development,Y,39113-004100-2,39.740843404517165,-84.23381963081043
R72 09703 0004,city_layer_only,,,,,,,,,,N,Economic Development,Development,Y,,39.74580455319725,-84.22709775396068
R72 09703 0005,city_layer_only,,,,,,,,,,N,Economic Development,Development,Y,,39.74555783206004,-84.22434598109204
R72 09703 0006,city_layer_only,,,,,,,,,,N,Economic Development,Development,Y,,39.745365241389315,-84.2222564681553
R72 09705 0001,both,DAYTON CITY OF,LAKEVIEW AVE,DAYTON,500,"Residential vacant land, lot",R,0000.00000,000000002680.00,000000000000.00,N,Public Works,Other,Y,39113-004100-1,39.74247860425537,-84.23194070410099
R72 09708 0005,both,DAYTON CITY OF,717 CLEMENT AVE,DAYTON,640,"Exempt, owned by municipals",E,0000.00000,000000001710.00,000000000000.00,N,Public Works,Other,N,39113-004100-1,39.74395200521267,-84.22741106499323
R72 09708 0006,county_only,"DAYTON CITY OF, OHIO",721 CLEMENT AVE,DAYTON,500,"Residential vacant land, lot",R,0000.00000,000000002140.00,000000000000.00,N,,,Y,39113-004100-1,39.74381875634752,-84.22732238765137
R72 09709 0001,both,DAYTON CITY OF,700 702 CLEMENT AVE,DAYTON,640,"Exempt, owned by municipals",E,0000.00000,000000001940.00,000000000000.00,N,,,N,39113-004100-1,39.7444210201132,-84.22721773588222
R72 09709 0007,both,DAYTON CITY OF,724 CLEMENT AVE,DAYTON,640,"Exempt, owned by municipals",E,0000.00000,000000001940.00,000000000000.00,N,,,N,39113-004100-1,39.743879126675914,-84.22695400326764
R72 09709 0023,both,DAYTON CITY OF,1868 LAKEVIEW AVE,DAYTON,500,"Residential vacant land, lot",R,0000.00000,000000002450.00,000000000000.00,N,Economic Development,Development,Y,39113-004100-1,39.744684920252425,-84.22603413238559
R72 09709 0024,both,DAYTON CITY OF,LAKEVIEW AVE,DAYTON,500,"Residential vacant land, lot",R,0000.00000,000000002430.00,000000000000.00,N,Economic Development,Development,Y,39113-004100-1,39.74476927510036,-84.22594700075636
R72 09709 0027,both,DAYTON CITY OF,LAKEVIEW AVE,DAYTON,500,"Residential vacant land, lot",R,0000.00000,000000002210.00,000000000000.00,N,Economic Development,Development,Y,39113-004100-1,39.74480890744169,-84.225437940455
R72 09709 0033,both,DAYTON CITY OF,1869 GERMANTOWN ST,DAYTON,500,"Residential vacant land, lot",R,0000.00000,000000002460.00,000000000000.00,N,Economic Development,Development,Y,39113-004100-1,39.74410068607388,-84.22580841372425
R72 09709 0034,both,DAYTON CITY OF,GERMANTOWN ST,DAYTON,500,"Residential vacant land, lot",R,0000.00000,000000002450.00,000000000000.00,N,Economic Development,Development,Y,39113-004100-1,39.74427234480307,-84.22577795938246
R72 09801 0002,both,DAYTON CITY OF,1816 1820 LAKEVIEW AVE,DAYTON,640,"Exempt, owned by municipals",E,0000.00000,000000001740.00,000000000000.00,N,,,N,39113-004100-1,39.7448024476891,-84.22450936693815
R72 09801 0010,county_only,DAYTON CITY OF,1822 1826 LAKEVIEW AVE,DAYTON,520,,R,0000.00000,000000005130.00,000000045020.00,Y,,,N,39113-004100-1,39.744836261863036,-84.22479727788226
R72 09801 0012,both,DAYTON CITY OF,1817 1819 GERMANTOWN ST,DAYTON,640,"Exempt, owned by municipals",E,0000.00000,000000001460.00,000000000000.00,N,,,N,39113-004100-1,39.744597011092765,-84.22444985392383
R72 09802 0007,both,CITY OF DAYTON,1621 1645 TAMPA AVE,DAYTON,400,Commercial vacant land,C,0001.21900,000000020610.00,000000000000.00,N,Public Works,Other,Y,39113-004100-1,39.74062046852473,-84.22374332921494
R72 09804 0011,both,CITY OF DAYTON,1320 TRIESCHMAN AVE,DAYTON,500,"Residential vacant land, lot",R,0000.00000,000000004950.00,000000000000.00,N,,,Y,39113-004100-2,39.738934144892006,-84.22420893315879
R72 09804 0032,city_layer_only,,,,,,,,,,N,Planning,Surplus,Y,,39.739249836008774,-84.22340356220151
R72 09804 0036,city_layer_only,,,,,,,,,,N,Planning,Surplus,Y,,39.739253169861016,-84.22299107516551
R72 09804 0049,both,DAYTON CITY OF,WEAVER ST,DAYTON,640,"Exempt, owned by municipals",E,0000.00000,000000001800.00,000000000000.00,N,,,N,39113-004100-2,39.73891522860695,-84.22297860077123
R72 09804 0050,both,DAYTON CITY OF,1620 WEAVER ST,DAYTON,640,"Exempt, owned by municipals",E,0000.00000,000000002990.00,000000000000.00,N,,,N,39113-004100-2,39.738971900225906,-84.2228845352251
R72 09805 0001,both,CITY OF DAYTON,TRIESCHMAN AVE,DAYTON,400,Commercial vacant land,C,0000.00000,000000005000.00,000000000000.00,N,,,Y,39113-004100-2,39.73869134965213,-84.22422199491625
R72 09805 0013,both,CITY OF DAYTON,ROOSEVELT AVE,DAYTON,500,"Residential vacant land, lot",R,0000.00000,000000004950.00,000000000000.00,N,,,Y,39113-004100-2,39.73858591423381,-84.22373567116111
R72 09806 0001,both,DAYTON CITY OF,1600 GERMANTOWN ST,DAYTON,640,"Exempt, owned by municipals",E,0000.00000,000000000740.00,000000000000.00,N,Public Works,Other,N,39113-003500-1,39.74577092566557,-84.22054187740024
R72 09806 0014,county_only,DAYTON CITY OF,810 CONNERS ST,DAYTON,640,"Exempt, owned by municipals",E,0000.00000,000000003450.00,000000000000.00,N,,,N,39113-003500-1,39.74597973558011,-84.21946748643312
R72 09806 0022,city_layer_only,,,,,,,,,,N,Public Works,Other,N,,,
R72 09806 0026,city_layer_only,,,,,,,,,,N,,,N,,39.745723924066915,-84.21917731194344
R72 09806 0036,city_layer_only,,,,,,,,,,N,,,N,,,
R72 09806 0038,county_only,DAYTON CITY OF,19 WILLARD ST,DAYTON,640,"Exempt, owned by municipals",E,0000.00000,000000002000.00,000000000000.00,N,,,N,,,
R72 09806 0039,city_layer_only,,,,,,,,,,N,Public Works,Other,N,,,
R72 09807 0018,county_only,DAYTON CITY OF,834 S EUCLID AVE,DAYTON,620,"Exempt, owned by counties",E,0000.00000,000000002880.00,000000000000.00,N,,,N,39113-003500-1,39.7450609500568,-84.22016809922758
R72 09807 0019,both,CITY OF DAYTON,838 S EUCLID AVE,DAYTON,500,"Residential vacant land, lot",R,0000.00000,000000001730.00,000000000000.00,N,Public Works,Other,Y,39113-003500-1,39.74497256863044,-84.22012869375641
R72 09807 0048,both,CITY OF DAYTON,CONNERS ST,DAYTON,500,"Residential vacant land, lot",R,0000.00000,000000001970.00,000000000000.00,N,,,Y,39113-003500-1,39.74502500096424,-84.21933536040125
R72 09807 0049,both,CITY OF DAYTON,CONNERS ST,DAYTON,500,"Residential vacant land, lot",R,0000.00000,000000001960.00,000000000000.00,N,,,Y,39113-003500-1,39.744931663896125,-84.21933419142924
R72 09807 0050,both,CITY OF DAYTON,846 CONNERS ST,DAYTON,500,"Residential vacant land, lot",R,0000.00000,000000001960.00,000000000000.00,N,,,Y,39113-003500-1,39.74483318365434,-84.21941198570579
R72 09807 0077,both,DAYTON CITY OF,913 915 REIST AVE,DAYTON,640,"Exempt, owned by municipals",E,0000.00000,000000001970.00,000000000000.00,N,Planning,Surplus,Y,39113-003500-1,39.74376867967153,-84.21886675153026
R72 09807 0078,both,DAYTON CITY OF,917 919 REIST AVE,DAYTON,640,"Exempt, owned by municipals",E,0000.00000,000000001970.00,000000000000.00,N,Planning,Surplus,Y,39113-003500-1,39.743698021061306,-84.21874376020429
R72 09807 0088,both,CITY OF DAYTON,REIST AVE,DAYTON,613,Exempt land only,E,0000.00000,000000001760.00,000000000000.00,N,,,N,39113-003500-1,39.74446354789234,-84.21830922680688
R72 09807 0098,both,DAYTON CITY OF,REIST AVE,DAYTON,500,"Residential vacant land, lot",R,0000.00000,000000001970.00,000000000000.00,N,Public Works,Other,Y,39113-003500-1,39.74339828239727,-84.21828916500476
R72 09807 0102,both,CITY OF DAYTON,843 PAUL LAURENCE DUNBAR ST,DAYTON,640,"Exempt, owned by municipals",E,0000.00000,000000001760.00,000000000000.00,N,Public Works,Other,N,39113-003500-1,39.744728159309375,-84.2177786291379
R72 09807 0106,both,DAYTON CITY OF,859 S PAUL LAURENCE DUNBAR ST,DAYTON,500,"Residential vacant land, lot",R,0000.00000,000000001970.00,000000000000.00,N,Public Works,Other,Y,39113-003500-1,39.74436594198892,-84.21780152057254
R72 09807 0107,both,DAYTON CITY OF,PAUL LAURENCE DUNBAR ST,DAYTON,500,"Residential vacant land, lot",R,0000.00000,000000001970.00,000000000000.00,N,Public Works,Other,Y,39113-003500-1,39.74428400832316,-84.21779000211507
R72 09808 0009,county_only,DAYTON CITY OF,1646 GERMANTOWN ST,DAYTON,640,"Exempt, owned by municipals",E,0000.00000,000000004640.00,000000000000.00,N,,,N,39113-003500-1,39.745142724442715,-84.2220766621527
R72 09808 0030,county_only,DAYTON CITY OF,841 FRIZELL AVE,DAYTON,640,"Exempt, owned by municipals",E,0000.00000,000000004360.00,000000000000.00,N,,,N,39113-003500-1,39.74428078284988,-84.22150051326715
R72 09808 0034,county_only,DAYTON CITY OF,825 FRIZELL AVE,DAYTON,500,"Residential vacant land, lot",R,0000.00000,000000001960.00,000000000000.00,N,,,Y,39113-003500-1,39.74469793002506,-84.22151437229083
R72 09809 0005,county_only,DAYTON CITY OF,1426 GERMANTOWN ST,DAYTON,640,"Exempt, owned by municipals",E,0000.00000,000000005290.00,000000000000.00,N,,,N,39113-003500-2,39.7470310255461,-84.21709005800265
R72 09809 0012,both,DAYTON CITY OF,1310 GERMANTOWN ST,DAYTON,640,"Exempt, owned by municipals",E,0000.00000,000000000000.00,000000000000.00,N,,,N,39113-165100-3,39.747843575616145,-84.2150259066327
R72 09809 0013,both,DAYTON CITY OF,1304 GERMANTOWN ST,DAYTON,640,"Exempt, owned by municipals",E,0000.00000,000000000000.00,000000000000.00,N,,,N,39113-165100-3,39.747902206784524,-84.2148261264195
R72 09809 0014,both,DAYTON CITY OF,BROADWAY ST,DAYTON,640,"Exempt, owned by municipals",E,0000.00000,000000000000.00,000000000000.00,N,,,N,39113-165100-3,39.74776930001813,-84.21480557633829
R72 09809 0044,both,CITY OF DAYTON,1312 GERMANTOWN ST,DAYTON,610,,E,0000.00000,000000000000.00,000000000000.00,N,,,N,39113-165100-3,39.74783868179357,-84.21519273280568
R72 09810 0003,both,CITY OF DAYTON,722 PAUL LAURENCE DUNBAR ST,DAYTON,613,Exempt land only,E,0000.00000,000000001690.00,000000000000.00,N,,,N,39113-003500-2,39.74619752371648,-84.21737903838755
R72 09811 0001,both,DAYTON CITY OF,PAUL LAURENCE DUNBAR ST,DAYTON,640,"Exempt, owned by municipals",E,0000.00000,000000087180.00,000000000000.00,N,Public Works,Other,N,39113-003500-2,39.74493658307366,-84.21702869407663
R72 09811 0009,both,DAYTON CITY OF,803 S BROADWAY ST,DAYTON,640,"Exempt, owned by municipals",E,0000.00000,000000037680.00,000000190090.00,Y,Public Works,Other,N,39113-003500-2,39.744494068172585,-84.21501794138506
R72 09901 0007,both,DAYTON CITY OF,16 18 KRUG ST,DAYTON,640,"Exempt, owned by municipals",E,0000.00000,000000002940.00,000000000000.00,N,,,N,39113-165100-2,39.74874343234601,-84.21172540681548
R72 09901 0008,both,DAYTON CITY OF,1130 GERMANTOWN ST,DAYTON,400,Commercial vacant land,C,0000.00000,000000002940.00,000000000000.00,N,,,Y,39113-165100-2,39.749067524778305,-84.21171914626849
R72 09901 0011,county_only,DAYTON CITY OF,1114 1116 GERMANTOWN ST,DAYTON,640,"Exempt, owned by municipals",E,0000.00000,000000000000.00,000000000000.00,N,,,N,,,
R72 09901 0013,county_only,DAYTON CITY OF,1110 GERMANTOWN ST,DAYTON,640,"Exempt, owned by municipals",E,0000.00000,000000000000.00,000000000000.00,N,,,N,,,
R72 09901 0015,both,DAYTON CITY OF,319 321 ARMOR PL,DAYTON,640,"Exempt, owned by municipals",E,0000.00000,000000000820.00,000000000000.00,N,Public Works,Other,N,39113-165100-2,39.74894855759051,-84.21084114348092
R72 09901 0026,both,DAYTON CITY OF,20 24 KRUG ST,DAYTON,640,"Exempt, owned by municipals",E,0000.00000,000000001000.00,000000000000.00,N,Public Works,Other,N,39113-165100-2,39.74871522538965,-84.21149745681065
R72 09901 0054,county_only,DAYTON CITY OF,1100 GERMANTOWN ST,DAYTON,640,"Exempt, owned by municipals",E,0000.00000,000000000000.00,000000000000.00,N,,,N,,39.74946444895423,-84.21086447330201
R72 09902 0045,both,CITY OF DAYTON,708 WARD ST,DAYTON,500,"Residential vacant land, lot",R,0000.00000,000000002610.00,000000000000.00,N,,,Y,39113-003500-2,39.7465961261527,-84.21260395011015
R72 09902 0046,both,DAYTON CITY OF,712 WILLIAMS ST,DAYTON,500,"Residential vacant land, lot",R,0000.00000,000000002720.00,000000000000.00,N,Public Works,Other,Y,39113-003500-2,39.746500383642015,-84.21260394802556
R72 09902 0053,both,DAYTON CITY OF,209 ORLEANS ST,DAYTON,640,"Exempt, owned by municipals",E,0000.00000,000000002090.00,000000000000.00,N,Planning,Surplus,Y,39113-003500-2,39.74659941355449,-84.21210961102427
R72 09904 0013,both,DAYTON CITY OF,627 S WILLIAMS ST,DAYTON,640,"Exempt, owned by municipals",E,0000.00000,000000000610.00,000000000000.00,N,Public Works,Other,N,39113-165100-2,39.748002132503935,-84.21303399579305
R72 09904 0014,both,DAYTON CITY OF,629 S WILLIAMS ST,DAYTON,640,"Exempt, owned by municipals",E,0000.00000,000000000610.00,000000000000.00,N,Public Works,Other,N,39113-165100-2,39.747916890026644,-84.21304256607912
R72 09904 0015,both,DAYTON CITY OF,S WILLIAMS ST,DAYTON,640,"Exempt, owned by municipals",E,0000.00000,000000000610.00,000000000000.00,N,Public Works,Other,N,39113-165100-2,39.74783200837225,-84.21313447193629
R72 09904 0025,both,DAYTON CITY OF,CALM ST,DAYTON,500,"Residential vacant land, lot",R,0000.00000,000000002300.00,000000000000.00,N,,,Y,39113-165100-2,39.747943725364884,-84.21345839331151
R72 09904 0036,county_only,DAYTON CITY OF,27 CALM ST,DAYTON,640,"Exempt, owned by municipals",E,0000.00000,000000000000.00,000000000000.00,N,,,N,,,
R72 09904 0042,county_only,DAYTON CITY OF,CALM ST,DAYTON,640,"Exempt, owned by municipals",E,0000.00000,000000000000.00,000000000000.00,N,,,N,,,
R72 09904 0045,county_only,DAYTON CITY OF,512 S BROADWAY ST,DAYTON,640,"Exempt, owned by municipals",E,0000.00000,000000000000.00,000000000000.00,N,,,N,,39.74766211205086,-84.21450185578888
R72 09904 0046,county_only,DAYTON CITY OF,S BROADWAY ST,DAYTON,640,"Exempt, owned by municipals",E,0000.00000,000000000000.00,000000000000.00,N,,,N,,,
R72 09904 0047,county_only,DAYTON CITY OF,S BROADWAY ST,DAYTON,640,"Exempt, owned by municipals",E,0000.00000,000000000000.00,000000000000.00,N,,,N,,,
R72 09904 0067,both,DAYTON CITY OF,122 BELTON ST,DAYTON,640,"Exempt, owned by municipals",E,0000.00000,000000001690.00,000000000000.00,N,Planning,Surplus,Y,39113-003500-2,39.74634731447167,-84.21353397105555
R72 09904 0071,both,DAYTON CITY OF,101 BELTON ST,DAYTON,640,"Exempt, owned by municipals",E,0000.00000,000000001940.00,000000000000.00,N,Planning,Surplus,Y,39113-003500-2,39.746798856652916,-84.21382253695508
R72 09904 0072,both,DAYTON CITY OF,105 BELTON ST,DAYTON,600,"Exempt, owned by USA",E,0000.00000,000000001940.00,000000000000.00,N,Planning,Surplus,Y,39113-003500-2,39.746698959837175,-84.2138947934427
R72 09904 0073,both,CITY OF DAYTON,109 BELTON ST,DAYTON,600,"Exempt, owned by USA",E,0000.00000,000000001940.00,000000000000.00,N,Planning,Surplus,Y,39113-003500-2,39.74658364621012,-84.21389551364636
R72 09904 0087,both,DAYTON CITY OF,623 S WILLIAMS ST,DAYTON,640,"Exempt, owned by municipals",E,0000.00000,000000000560.00,000000000000.00,N,Public Works,Other,N,39113-165100-2,39.748100934906084,-84.21303642426119
R72 09904 0096,both,CITY OF DAYTON,ALBANY ST,DAYTON,400,Commercial vacant land,C,0000.00700,000000000000.00,000000000000.00,N,,,Y,39113-003500-2,39.74606005408014,-84.21452475427752
R72 09905 0041,county_only,CITY OF DAYTON,ALBANY ST,DAYTON,400,Commercial vacant land,C,0000.00700,000000000000.00,000000000000.00,N,,,Y,,,
R72 09907 0001,county_only,DAYTON CITY OF,1041 1045 WASHINGTON ST,DAYTON,640,"Exempt, owned by municipals",E,0000.00000,000000000000.00,000000000000.00,N,,,N,,,
R72 09907 0044,county_only,DAYTON CITY OF,401 MOUND ST,DAYTON,640,"Exempt, owned by municipals",E,0000.00000,000000000560.00,000000000000.00,N,,,N,,,
R72 10008 0096,county_only,THE CITY OF DAYTON,ROADWAY,DAYTON,400,Commercial vacant land,C,0000.00500,000000000000.00,000000000000.00,N,,,Y,,,
R72 10010 0020,county_only,DAYTON CITY OF,152 KIRKHAM ST,DAYTON,640,"Exempt, owned by municipals",E,0000.00000,000000001910.00,000000000000.00,N,,,N,39113-003500-3,39.746205561437364,-84.20387677261222
R72 10010 0021,county_only,DAYTON CITY OF,154 KIRKHAM ST,DAYTON,640,"Exempt, owned by municipals",E,0000.09100,000000002240.00,000000000000.00,N,,,N,39113-003500-3,39.74613957444969,-84.20388226993364
R72 10101 0014,both,DAYTON CITY OF,COLUMBIA BRIDGE SO,DAYTON,665,Exempt (unspecified),E,0000.00000,000000000000.00,000000000000.00,N,,,N,39113-165100-2,39.751398039924325,-84.20010589920993
R72 10103 0029,county_only,DAYTON CITY OF,HOPELAND ST,DAYTON,400,Commercial vacant land,C,0000.00000,000000000000.00,000000000000.00,N,,,Y,,,
R72 10103 0038,both,DAYTON CITY OF,MIAMI BLVD,DAYTON,665,Exempt (unspecified),E,0000.00000,000000002760.00,000000000000.00,N,Public Works,Other,N,39113-003500-3,39.74892730148509,-84.19783512510436
R72 10103 0051,county_only,DAYTON CITY OF,ST FRANCIS ST,DAYTON,400,Commercial vacant land,C,0000.00000,000000000000.00,000000000000.00,N,,,Y,,,
R72 10106 0003,county_only,DAYTON CITY OF,EDWIN C MOSES BLVD,DAYTON,640,"Exempt, owned by municipals",E,0001.34200,000000000000.00,000000000000.00,N,,,N,,,
R72 10106 0011,both,DAYTON CITY OF,EDWIN C MOSES BLVD,DAYTON,665,Exempt (unspecified),E,0006.72100,000000003750.00,000000000000.00,N,Public Works,Other,N,39113-003500-3,39.746170784061135,-84.19597803048615
R72 10106 0012,county_only,DAYTON CITY OF,EDWIN C MOSES BLVD,DAYTON,640,"Exempt, owned by municipals",E,0000.00000,000000000000.00,000000000000.00,N,,,N,,,
R72 10106 0019,county_only,CITY OF DAYTON,MIAMI BLVD,DAYTON,300,"Industrial, vacant land",I,0000.16800,000000000000.00,000000000000.00,N,,,Y,,,
R72 10107 0019,city_layer_only,,,,,,,,,,N,,,N,,39.74346380996117,-84.2000110432769
R72 10108 0018,both,CITY OF DAYTON,DECATUR AVE,DAYTON,640,"Exempt, owned by municipals",E,0000.00000,000000001680.00,000000000000.00,N,,,N,39113-003500-3,39.7424109143742,-84.20104171157243
R72 10109 0001,both,DAYTON CITY OF,720 CINCINNATI ST,DAYTON,640,"Exempt, owned by municipals",E,0000.00000,000000002330.00,000000000000.00,N,Planning,Surplus,Y,39113-003500-3,39.74223314007019,-84.20174873170177
R72 10109 0050,both,DAYTON CITY OF,726 742 CINCINNATI ST,DAYTON,640,"Exempt, owned by municipals",E,0000.00000,000000004750.00,000000000000.00,N,Planning,Surplus,Y,39113-003500-3,39.7419303739626,-84.20198673330582
R72 10111 0006,both,DAYTON CITY OF,EDWIN C MOSES BLVD,DAYTON,665,Exempt (unspecified),E,0000.00000,000000006500.00,000000000000.00,N,Public Works,Other,N,39113-003500-3,39.7421982441349,-84.19443531462034
R72 10111 0008,county_only,THE CITY OF DAYTON,EDWIN C MOSES BLVD,DAYTON,400,Commercial vacant land,C,0000.50400,000000000000.00,000000000000.00,N,,,Y,,,
R72 10111 0009,county_only,CITY OF DAYTON,EDWIN C MOSES BLVD,DAYTON,300,"Industrial, vacant land",I,0000.28000,000000000000.00,000000000000.00,N,,,Y,,,
R72 10202 0035,county_only,DAYTON CITY OF,109 RIEGEL ST,DAYTON,640,"Exempt, owned by municipals",E,0000.00000,000000004570.00,000000000000.00,N,,,N,39113-003500-3,39.74576497737071,-84.20301946011332
R72 10202 0097,county_only,DAYTON CITY OF,430 ALBANY ST,DAYTON,640,"Exempt, owned by municipals",E,0000.00000,000000002670.00,000000000000.00,N,,,N,39113-003500-3,39.745870392544084,-84.20388990904817
R72 10205 0020,county_only,DAYTON CITY OF,122 124 WATTERSON ST,DAYTON,640,"Exempt, owned by municipals",E,0000.00000,000000002570.00,000000000000.00,N,,,N,39113-003500-3,39.74358493790361,-84.20357441836973
R72 10205 0033,both,DAYTON CITY OF,121 WESTBORO ST,DAYTON,500,"Residential vacant land, lot",R,0000.00000,000000002990.00,000000000000.00,N,Public Works,Other,Y,39113-003500-3,39.7429749980684,-84.20341364749748
R72 10205 0034,both,DAYTON CITY OF,WESTBORO ST,DAYTON,500,"Residential vacant land, lot",R,0000.00000,000000002990.00,000000000000.00,N,,,Y,39113-003500-3,39.74307644690794,-84.20354312168672
R72 10205 0035,both,DAYTON CITY OF,WESTBORO ST,DAYTON,500,"Residential vacant land, lot",R,0000.00000,000000002990.00,000000000000.00,N,,,Y,39113-003500-3,39.74307535642591,-84.20366335263026
R72 10205 0038,county_only,DAYTON CITY OF,419 KIRKHAM ST,DAYTON,640,"Exempt, owned by municipals",E,0000.00000,000000000000.00,000000000000.00,N,,,N,,,
R72 10205 0082,both,DAYTON CITY OF,416 KIRKHAM ST,DAYTON,500,"Residential vacant land, lot",R,0000.00000,000000002280.00,000000000000.00,N,,,Y,39113-003500-3,39.743119488867855,-84.20378401865521
R72 10208 0029,county_only,DAYTON CITY OF,715 CLEGG ST,DAYTON,640,"Exempt, owned by municipals",E,0000.00000,000000004970.00,000000000000.00,N,,,N,39113-003500-2,39.74000726602753,-84.20695474062022
R72 10208 0030,county_only,CITY OF DAYTON,711 CLEGG ST,DAYTON,640,"Exempt, owned by municipals",E,0000.00000,000000004970.00,000000000000.00,N,,,N,39113-003500-2,39.74000892646739,-84.20684097420857
R72 10209 0022,both,DAYTON CITY OF,530 BOLANDER AVE,DAYTON,500,"Residential vacant land, lot",R,0000.00000,000000003210.00,000000000000.00,N,Public Works,Other,Y,39113-003500-3,39.74170710091061,-84.20336488838433
R72 10209 0035,both,DAYTON CITY OF,KIRKHAM ST,DAYTON,640,"Exempt, owned by municipals",E,0000.00000,000000000710.00,000000000000.00,N,Public Works,Other,N,39113-003500-3,39.74124552829601,-84.20401666564482
R72 10209 0036,both,DAYTON CITY OF,KIRKHAM ST,DAYTON,640,"Exempt, owned by municipals",E,0000.00000,000000000800.00,000000000000.00,N,Public Works,Other,N,39113-003500-3,39.74099013914399,-84.20408756020198
R72 10209 0052,both,DAYTON CITY OF,CAMPBELL ST,DAYTON,640,"Exempt, owned by municipals",E,0000.00000,000000000630.00,000000000000.00,N,Public Works,Other,N,39113-003500-2,39.74057025322853,-84.2062746993426
R72 10209 0053,both,DAYTON CITY OF,CAMPBELL ST,DAYTON,640,"Exempt, owned by municipals",E,0000.00000,000000000940.00,000000000000.00,N,Public Works,Other,N,39113-003500-2,39.740597164090474,-84.20614541296653
R72 10209 0069,county_only,DAYTON CITY OF,SMITH ST,DAYTON,640,"Exempt, owned by municipals",E,0000.00000,000000002060.00,000000000000.00,N,,,N,39113-003500-3,39.740540836481266,-84.20403961268265
R72 10209 0070,county_only,DAYTON CITY OF,526 SMITH ST,DAYTON,640,"Exempt, owned by municipals",E,0000.00000,000000002700.00,000000000000.00,N,,,N,39113-003500-3,39.74068254546938,-84.20395516005563
R72 10209 0073,county_only,DAYTON CITY OF,911 913 CINCINNATI ST,DAYTON,640,"Exempt, owned by municipals",E,0000.00000,000000002740.00,000000000000.00,N,,,N,39113-003500-3,39.74056330290672,-84.20328361633486
R72 10209 0098,both,DAYTON CITY OF,KIRKHAM ST,DAYTON,640,"Exempt, owned by municipals",E,0000.00000,000000001320.00,000000000000.00,N,Public Works,Other,N,39113-003500-3,39.741150153392454,-84.20409094290717
R72 10209 0100,both,DAYTON CITY OF,515 SMITH ST,DAYTON,640,"Exempt, owned by municipals",E,0000.00000,000000000630.00,000000000000.00,N,Planning,Surplus,Y,39113-003500-3,39.74099013280695,-84.20338646924851
R72 10209 0114,county_only,DAYTON CITY OF,522 SMITH ST,DAYTON,640,"Exempt, owned by municipals",E,0000.00000,000000002440.00,000000000000.00,N,,,N,39113-003500-3,39.740684358302936,-84.2038307319355
R72 10209 0135,county_only,DAYTON CITY OF,MOREHOUSE AVE,DAYTON,640,"Exempt, owned by municipals",E,0000.03900,000000000000.00,000000000000.00,N,,,N,,,
R72 10210 0001,county_only,DAYTON CITY OF,923 925 CINCINNATI ST,DAYTON,640,"Exempt, owned by municipals",E,0000.00000,000000003350.00,000000000000.00,N,,,N,39113-003500-3,39.74028558595818,-84.20349733610563
R72 10210 0022,county_only,DAYTON CITY OF,660 CLEGG ST,DAYTON,640,"Exempt, owned by municipals",E,0000.00000,000000005020.00,000000000000.00,N,,,N,39113-003500-2,39.73971524687775,-84.2058912815985
R72 10213 0048,county_only,DAYTON CITY OF,814 CAMPBELL ST,DAYTON,640,"Exempt, owned by municipals",E,0000.00000,000000005060.00,000000000000.00,N,,,N,39113-003500-2,39.73755009906226,-84.20617970357168
R72 10301 0012,both,DAYTON CITY OF,PONTIAC AVE,DAYTON,640,"Exempt, owned by municipals",E,0000.00000,000000001250.00,000000000000.00,N,Public Works,Other,N,39113-003500-2,39.74254447205183,-84.2099210071523
R72 10301 0013,both,DAYTON CITY OF,PONTIAC AVE,DAYTON,640,"Exempt, owned by municipals",E,0000.00000,000000001250.00,000000000000.00,N,Public Works,Other,N,39113-003500-2,39.74254557969506,-84.20977870141898
R72 10301 0025,both,DAYTON CITY OF,PONTIAC AVE,DAYTON,640,"Exempt, owned by municipals",E,0000.00000,000000001210.00,000000000000.00,N,Public Works,Other,N,39113-003500-2,39.74305126719396,-84.20978280748919
R72 10301 0026,both,DAYTON CITY OF,PONTIAC AVE,DAYTON,640,"Exempt, owned by municipals",E,0000.00000,000000001210.00,000000000000.00,N,Public Works,Other,N,39113-003500-2,39.743052863395576,-84.20964018425038
R72 10302 0026,both,CITY OF DAYTON,552 PONTIAC AVE,DAYTON,640,"Exempt, owned by municipals",E,0000.00000,000000002510.00,000000000000.00,N,Planning,Surplus,Y,39113-003500-2,39.74265363909205,-84.21244374472421
R72 10302 0052,both,DAYTON CITY OF,529 PONTIAC AVE,DAYTON,640,"Exempt, owned by municipals",E,0000.00000,000000000620.00,000000000000.00,N,Public Works,Other,N,39113-003500-2,39.74285083015586,-84.21173011269356
R72 10305 0010,county_only,CITY OF DAYTON,1117 WILDWOOD AVE,DAYTON,640,"Exempt, owned by municipals",E,0000.00000,000000005020.00,000000000000.00,N,,,N,39113-003500-2,39.741207980999626,-84.21009632453999
R72 10305 0021,both,DAYTON CITY OF,WILDWOOD AVE,DAYTON,640,"Exempt, owned by municipals",E,0000.00000,000000001150.00,000000000000.00,N,Planning,Surplus,Y,39113-003500-2,39.74018207140873,-84.21022906842403
R72 10305 0025,both,DAYTON CITY OF,1177 WILDWOOD AVE,DAYTON,500,"Residential vacant land, lot",R,0000.00000,000000002780.00,000000000000.00,N,Public Works,Other,Y,39113-003500-2,39.73982539653391,-84.21000547173479
R72 10305 0046,both,CITY OF DAYTON,WILDWOOD AVE,DAYTON,640,"Exempt, owned by municipals",E,0000.00000,000000002100.00,000000000000.00,N,Planning,Surplus,Y,39113-003500-2,39.74090347818859,-84.20970115886287
R72 10306 0010,both,DAYTON CITY OF,LATHAM ST,DAYTON,640,"Exempt, owned by municipals",E,0000.00000,000000000980.00,000000000000.00,N,Public Works,Other,N,39113-003500-2,39.73917052563604,-84.21087236015207
R72 10306 0011,both,DAYTON CITY OF,LATHAM ST,DAYTON,640,"Exempt, owned by municipals",E,0000.00000,000000000980.00,000000000000.00,N,Public Works,Other,N,39113-003500-2,39.73917127831959,-84.21075145953704
R72 10306 0012,both,DAYTON CITY OF,LATHAM ST,DAYTON,640,"Exempt, owned by municipals",E,0000.00000,000000000980.00,000000000000.00,N,Public Works,Other,N,39113-003500-2,39.73917203085165,-84.21063055894665
R72 10306 0014,both,DAYTON CITY OF,819 LATHAM ST,DAYTON,500,"Residential vacant land, lot",R,0000.00000,000000002510.00,000000000000.00,N,Public Works,Other,Y,39113-003500-2,39.739162553250274,-84.21038881526201
R72 10306 0023,both,DAYTON CITY OF,844 LATHAM ST,DAYTON,640,"Exempt, owned by municipals",E,0000.00000,000000002000.00,000000000000.00,N,Planning,Surplus,Y,39113-003500-2,39.73879563663432,-84.21113970486037
R72 10306 0025,both,DAYTON CITY OF,LATHAM ST,DAYTON,500,"Residential vacant land, lot",R,0000.00000,000000002510.00,000000000000.00,N,Public Works,Other,Y,39113-003500-2,39.73873422400314,-84.21087379412141
R72 10306 0026,both,DAYTON CITY OF,832 LATHAM ST,DAYTON,500,"Residential vacant land, lot",R,0000.00000,000000002510.00,000000000000.00,N,Public Works,Other,Y,39113-003500-2,39.73880953645557,-84.2107523627253
R72 10306 0040,both,DAYTON CITY OF,919 MIAMI CHAPEL RD,DAYTON,499,,C,0000.00000,000000000000.00,000000010930.00,Y,Public Works,Other,N,39113-003500-2,39.7383632415986,-84.21087650707493
R72 10306 9040,county_only,DAYTON CITY OF,MIAMI CHAPEL RD,DAYTON,640,"Exempt, owned by municipals",E,0000.00000,000000011870.00,000000001060.00,Y,,,N,,,
R72 10310 0001,both,DAYTON CITY OF,1199 WILDWOOD AVE,DAYTON,640,"Exempt, owned by municipals",E,0000.00000,000000022010.00,000000023810.00,Y,Public Works,Other,N,39113-003500-2,39.73924677097527,-84.20995572996553
R72 10311 0052,city_layer_only,,,,,,,,,,N,,,N,,39.73605726695332,-84.20795190472745
R72 10401 0037,both,CITY OF DAYTON,1233 1235 BROADWAY ST,DAYTON,613,Exempt land only,E,0000.00000,000000000060.00,000000000000.00,N,,,N,39113-003500-2,39.73917008211513,-84.21588016744953
R72 10402 0057,both,DAYTON CITY OF,MIAMI CHAPEL RD,DAYTON,640,"Exempt, owned by municipals",E,0000.00000,000000001160.00,000000000000.00,N,Public Works,Other,N,39113-003500-2,39.73772683898033,-84.21583974672949
R72 10403A0061,both,CITY OF DAYTON,1331 STEINER AVE,DAYTON,640,"Exempt, owned by municipals",E,0000.00000,000000000920.00,000000000000.00,N,Planning,Surplus,Y,39113-003500-2,39.742673484238836,-84.21670887330498
R72 10403B0012,county_only,DAYTON CITY OF,1509 HOCHWALT AVE,DAYTON,640,"Exempt, owned by municipals",E,0000.00000,000000004590.00,000000000000.00,N,,,N,39113-003500-1,39.74115409556999,-84.2205092043445
R72 10403B0021,county_only,DAYTON CITY OF,1441 HOCHWALT AVE,DAYTON,640,"Exempt, owned by municipals",E,0000.00000,000000004650.00,000000000000.00,N,,,N,39113-003500-1,39.74114762834838,-84.2190827872478
R72 10403B0111,county_only,DAYTON CITY OF,WEAVER ST,DAYTON,640,"Exempt, owned by municipals",E,0000.00000,000000001500.00,000000000000.00,N,,,N,39113-003500-1,39.73959653007011,-84.22070920836151
R72 10403B0112,county_only,DAYTON CITY OF,1513 WEAVER ST,DAYTON,640,"Exempt, owned by municipals",E,0000.00000,000000004590.00,000000000000.00,N,,,N,39113-003500-1,39.73954877756503,-84.22062959650252
R72 10404 0001,both,DAYTON CITY OF,1491 MIAMI CHAPEL RD,DAYTON,640,"Exempt, owned by municipals",E,0000.00000,000000075540.00,000000005850.00,Y,Public Works,Other,N,39113-003500-1,39.73921672887735,-84.21715615407409
R72 10404 0007,both,DAYTON CITY OF,1420 WEAVER ST,DAYTON,500,"Residential vacant land, lot",R,0000.00000,000000002200.00,000000000000.00,N,Public Works,Other,Y,39113-003500-1,39.73914735464668,-84.2182086075727
R72 10405 0008,county_only,CITY OF DAYTON,1530 WEAVER ST,DAYTON,640,"Exempt, owned by municipals",E,0000.00000,000000005250.00,000000000000.00,N,,,N,39113-003500-1,39.73918198685133,-84.22129632722678
R72 10405 0071,both,DAYTON CITY OF,WATSON ST,DAYTON,640,"Exempt, owned by municipals",E,0000.00000,000000001290.00,000000000000.00,N,Public Works,Other,N,39113-003500-1,39.73726738010971,-84.2201814815389
R72 10406 0006,both,CITY OF DAYTON,1347 HOCHWALT AVE,DAYTON,640,"Exempt, owned by municipals",E,0000.00000,000000002070.00,000000000000.00,N,Planning,Surplus,Y,39113-003500-2,39.74114832590781,-84.21735422198621
R72 10406 0007,county_only,CITY OF DAYTON LAND,HOCHWALT AVE,DAYTON,640,"Exempt, owned by municipals",E,0000.00000,000000002070.00,000000000000.00,N,,,N,39113-003500-2,39.74119252556649,-84.21722572006803
R72 10406 0038,both,DAYTON CITY OF,TAMPA & WEAVER ST,DAYTON,640,"Exempt, owned by municipals",E,0000.00000,000000001980.00,000000000000.00,N,Public Works,Other,N,39113-003500-2,39.73997598411739,-84.2164510369282
R72 10406 0063,both,DAYTON CITY OF,1207 S BROADWAY ST,DAYTON,400,Commercial vacant land,C,0000.00000,000000000250.00,000000000000.00,N,Public Works,Other,Y,39113-003500-2,39.739952669524826,-84.21581397349642
R72 10406 0072,county_only,DAYTON CITY OF,BROADWAY ST,DAYTON,640,"Exempt, owned by municipals",E,0000.00000,000000000090.00,000000000000.00,N,,,N,,,
R72 10406 0073,county_only,DAYTON CITY OF,WEAVER ST,DAYTON,640,"Exempt, owned by municipals",E,0000.00000,000000000000.00,000000000000.00,N,,,N,,,
R72 10407 0006,both,DAYTON CITY OF,922 DONA AVE,DAYTON,500,"Residential vacant land, lot",R,0000.00000,000000000390.00,000000000000.00,N,Public Works,Other,Y,39113-003500-2,39.74307404229355,-84.21555537463534
R72 10407 0019,both,DAYTON CITY OF,929 931 BROADWAY ST,DAYTON,640,"Exempt, owned by municipals",E,0000.00000,000000002130.00,000000000000.00,N,Planning,Surplus,Y,39113-003500-2,39.74290546553218,-84.21474761477737
R72 10409 0001,both,DAYTON CITY OF,1006 S BROADWAY ST,DAYTON,640,"Exempt, owned by municipals",E,0001.36300,000000011370.00,000000000000.00,N,,,N,39113-003500-2,39.742589952569375,-84.21435576197179
R72 10410 0001,both,DAYTON CITY OF,1106 S BROADWAY ST,DAYTON,640,"Exempt, owned by municipals",E,0000.00000,000000002560.00,000000000000.00,N,,,N,39113-003500-2,39.74160029921344,-84.21543492434817
R72 10410 0009,both,DAYTON CITY OF,W STEWART ST,DAYTON,499,,C,0000.00000,000000020170.00,000000003910.00,Y,,,N,39113-003500-2,39.741211549864026,-84.21407326393204
R72 10410 0010,both,DAYTON CITY OF,W STEWART ST,DAYTON,300,"Industrial, vacant land",I,0000.00000,000000001380.00,000000000000.00,N,Public Works,Other,Y,39113-003500-2,39.74152562218843,-84.21489375855944
R72 10410 0011,both,DAYTON CITY OF,W STEWART ST,DAYTON,300,"Industrial, vacant land",I,0000.00000,000000000770.00,000000000000.00,N,Public Works,Other,Y,39113-003500-2,39.74161859784782,-84.21471198949139
R72 10410 0014,both,DAYTON CITY OF,W STEWART ST,DAYTON,300,"Industrial, vacant land",I,0000.00000,000000016930.00,000000000000.00,N,Public Works,Other,Y,39113-003500-2,39.74045800025959,-84.21366494116288
R72 10410 0017,both,DAYTON CITY OF,S BROADWAY ST,DAYTON,640,"Exempt, owned by municipals",E,0000.00000,000000001330.00,000000000000.00,N,Planning,Surplus,Y,39113-003500-2,39.741656416663176,-84.2153993267153
R72 10410 0018,both,DAYTON CITY OF,BROADWAY ST,DAYTON,300,"Industrial, vacant land",I,0000.00000,000000008560.00,000000000000.00,N,Public Works,Other,Y,39113-003500-2,39.74037987359763,-84.21508968586654
R72 10411 0001,both,DAYTON CITY OF,1218 S BROADWAY ST,DAYTON,300,"Industrial, vacant land",I,0000.22000,000000000000.00,000000000000.00,N,,,Y,39113-003500-2,39.73965122381973,-84.21447395989352
R72 10412 0001,both,DAYTON CITY OF,1234 BROADWAY ST,DAYTON,640,"Exempt, owned by municipals",E,0000.00000,000000006200.00,000000317470.00,Y,Public Works,Operations,N,39113-003500-2,39.73935137986559,-84.21525832234707
R72 10412 0010,both,CITY OF DAYTON,1266 BROADWAY ST,DAYTON,613,Exempt land only,E,0000.00000,000000002110.00,000000000000.00,N,,,N,39113-003500-2,39.73850841524995,-84.2153757110252
R72 10412 0017,both,CITY OF DAYTON,1235 DIETZEN AVE,DAYTON,640,"Exempt, owned by municipals",E,0000.00000,000000002140.00,000000000000.00,N,Planning,Surplus,Y,39113-003500-2,39.739255590695926,-84.21460450781659
R72 10412 0022,both,DAYTON CITY OF,DIETZEN AVE,DAYTON,640,"Exempt, owned by municipals",E,0000.00000,000000002110.00,000000000000.00,N,Public Works,Other,N,39113-003500-2,39.73877278198995,-84.21471121944883
R72 10412 0026,both,DAYTON CITY OF,DIETZEN AVE,DAYTON,640,"Exempt, owned by municipals",E,0000.00000,000000002080.00,000000000000.00,N,Public Works,Other,N,39113-003500-2,39.738399437906736,-84.2147071666569
R72 10412 0034,both,CITY OF DAYTON,1244 DIETZEN AVE,DAYTON,640,"Exempt, owned by municipals",E,0000.00000,000000002050.00,000000000000.00,N,Planning,Surplus,Y,39113-003500-2,39.73904493771796,-84.21407274774401
R72 10412 0037,both,CITY OF DAYTON,1254 DIETZEN AVE,DAYTON,640,"Exempt, owned by municipals",E,0000.00000,000000002050.00,000000000000.00,N,Planning,Surplus,Y,39113-003500-2,39.738772909110246,-84.2141907329132
R72 10412 0038,both,CITY OF DAYTON,1260 DIETZEN AVE,DAYTON,640,"Exempt, owned by municipals",E,0000.00000,000000002050.00,000000000000.00,N,Planning,Surplus,Y,39113-003500-2,39.7386602932559,-84.21419151772923
R72 10413 0046,county_only,DAYTON CITY OF,WISCONSIN BLVD,DAYTON,640,"Exempt, owned by municipals",E,0000.00000,000000000000.00,000000000000.00,N,,,N,,,
R72 10508 0006,both,DAYTON CITY OF,DELLA DR,DAYTON,500,"Residential vacant land, lot",R,0000.00000,000000001650.00,000000000000.00,N,,,Y,39113-004100-2,39.73787666579289,-84.22843335049913
R72 10601 0001,both,DAYTON CITY OF,EDWIN C MOSES BLVD,DAYTON,640,"Exempt, owned by municipals",E,0007.15700,000000214800.00,000000030880.00,Y,Public Works,Other,N,39113-003500-3,39.738350105478666,-84.20194109117284
R72 10601 0004,both,DAYTON CITY OF,EDWIN C MOSES BLVD,DAYTON,660,,E,0000.00000,000000012000.00,000000000000.00,N,Public Works,Other,N,39113-003500-3,39.73912172284772,-84.19457549146988
R72 10602 0031,both,DAYTON CITY OF,440 SMITH ST,DAYTON,640,"Exempt, owned by municipals",E,0000.00000,000000004430.00,000000000000.00,N,Planning,Surplus,Y,39113-003500-3,39.74070869219356,-84.20215963677359
R72 10602 0040,city_layer_only,,,,,,,,,,N,,,N,,39.74071479420292,-84.2013631290576
R72 10602 0048,both,DAYTON CITY OF,1102 CINCINNATI ST,DAYTON,640,"Exempt, owned by municipals",E,0000.00000,000000002090.00,000000000000.00,N,Public Works,Other,N,39113-003500-3,39.73898674369819,-84.20366042509801
R72 10602 0049,both,DAYTON CITY OF,CINCINNATI ST,DAYTON,640,"Exempt, owned by municipals",E,0000.00000,000000002090.00,000000000000.00,N,Public Works,Other,N,39113-003500-3,39.73890997038085,-84.20367684060196
R72 10602 0050,both,DAYTON CITY OF,CINCINNATI ST,DAYTON,640,"Exempt, owned by municipals",E,0000.00000,000000001830.00,000000000000.00,N,Public Works,Other,N,39113-003500-3,39.73883313772213,-84.20370923567638
R72 10602 0051,both,DAYTON CITY OF,3 CINCINNATI ST,DAYTON,640,"Exempt, owned by municipals",E,0000.00000,000000001570.00,000000000000.00,N,Public Works,Other,N,39113-003500-3,39.73875629366973,-84.20374163613575
R72 10602 0100,county_only,DAYTON CITY OF,STEWART ST,DAYTON,640,"Exempt, owned by municipals",E,0000.00000,000000000000.00,000000000000.00,N,,,N,,,
R72 10602 0119,both,DAYTON CITY OF,HARRIET ST,DAYTON,640,"Exempt, owned by municipals",E,0000.02200,000000000780.00,000000000000.00,N,Public Works,Other,N,39113-003500-3,39.73882244873058,-84.20351473928014
R72 10603 0002,both,DAYTON CITY OF,CINCINNATI ST,DAYTON,640,"Exempt, owned by municipals",E,0000.64420,000000018240.00,000000000000.00,N,Public Works,Other,N,39113-003500-3,39.737938939572594,-84.20302892028099
R72 10604 0001,both,DAYTON CITY OF,EDWIN C MOSES BLVD,DAYTON,640,"Exempt, owned by municipals",E,0002.65400,000000026550.00,000000000000.00,N,Public Works,Other,N,39113-003500-3,39.7377292945751,-84.20079478591437
R72 10608 0072,county_only,THE CITY OF DAYTON,EDWIN C MOSES BLVD,DAYTON,400,Commercial vacant land,C,0000.01500,000000000000.00,000000000000.00,N,,,Y,,,
R72 10701 0015,both,DAYTON CITY OF,CARILLON BLVD,DAYTON,640,"Exempt, owned by municipals",E,0007.01400,000000090710.00,000000128740.00,Y,Public Works,Other,N,,39.72793354781975,-84.2063181060578
R72 10701 0021,both,DAYTON CITY OF,CALVARY AVE,DAYTON,640,"Exempt, owned by municipals",E,0003.66700,000000025320.00,000000005040.00,Y,Public Works,Other,N,,39.72662222416597,-84.20673824448278
R72 10701 0022,both,DAYTON CITY OF,MIAMI BLVD,DAYTON,640,"Exempt, owned by municipals",E,0001.51700,000000000000.00,000000000000.00,N,,,N,39113-003500-2,39.73110584637136,-84.20920757144701
R72 10702 0006,both,DAYTON CITY OF,CARILLON BLVD,DAYTON,640,"Exempt, owned by municipals",E,0000.50000,000000017640.00,000000000000.00,N,Public Works,Other,N,39113-003404-1,39.72895808898435,-84.20533602950687
R72 10702 0009,county_only,DAYTON CITY OF,CANAL LAND,DAYTON,400,Commercial vacant land,C,0000.00000,000000000000.00,000000000000.00,N,,,Y,,,
R72 10702 0012,county_only,THE CITY OF DAYTON,ROADWAY,DAYTON,400,Commercial vacant land,C,0000.00130,000000000000.00,000000000000.00,N,,,Y,,,
R72 10906 0007,both,CITY OF DAYTON,3503 RIVERSIDE DR,DAYTON,640,"Exempt, owned by municipals",E,0000.00000,000000009910.00,000000000000.00,N,,,N,39113-001100-1,39.798116084262574,-84.20765105019656
R72 10906 0008,both,CITY OF DAYTON,3503 RIVERSIDE DR,DAYTON,640,"Exempt, owned by municipals",E,0000.00000,000000010820.00,000000000000.00,N,,,N,39113-001100-1,39.7979843437305,-84.20762921691377
R72 10906 0009,both,CITY OF DAYTON,3503 RIVERSIDE DR,DAYTON,640,"Exempt, owned by municipals",E,0000.00000,000000011900.00,000000001590.00,Y,,,N,39113-001100-1,39.797882797059714,-84.2076098183575
R72 10906 0010,both,CITY OF DAYTON,3517 RIVERSIDE DR,DAYTON,640,"Exempt, owned by municipals",E,0000.00000,000000011970.00,000000031840.00,Y,Public Works,Other,N,39113-001100-1,39.79781864138781,-84.20763483337612
R72 10906 0050,both,CITY OF DAYTON,THEODORE AVE,DAYTON,640,"Exempt, owned by municipals",E,0000.00000,000000000540.00,000000000000.00,N,Planning,Surplus,Y,39113-001100-2,39.79721976752468,-84.20792533779796
R72 10907 0017,county_only,DAYTON CITY OF,3612 KATHLEEN AVE,DAYTON,640,"Exempt, owned by municipals",E,0000.00000,000000008020.00,000000000000.00,N,,,N,39113-001100-1,39.79804576031914,-84.21013213026026
R72 10909 0003,county_only,DAYTON CITY OF,109 FERNWOOD AVE,DAYTON,640,"Exempt, owned by municipals",E,0000.00000,000000009430.00,000000000000.00,N,,,N,39113-001100-2,39.79408613704953,-84.2114586863275
R72 10909 0004,county_only,DAYTON CITY OF,3216 MERRIMAC AVE,DAYTON,620,"Exempt, owned by counties",E,0000.00000,000000009310.00,000000000000.00,N,,,N,39113-001100-2,39.79444782801875,-84.21169898198326
R72 10909 0014,county_only,DAYTON CITY OF,236 KNECHT DR,DAYTON,640,"Exempt, owned by municipals",E,0000.00000,000000004330.00,000000000000.00,N,,,N,39113-001100-2,39.79464433049122,-84.2104650646622
R72 10910 0062,county_only,CITY OF DAYTON,201 FERNWOOD AVE,DAYTON,640,"Exempt, owned by municipals",E,0000.00000,000000004040.00,000000000000.00,N,,,N,39113-001100-2,39.79406713095281,-84.21013054800204
R72 10912 0001,both,DAYTON CITY OF,RIVERSIDE DR,DAYTON,640,"Exempt, owned by municipals",E,0000.00000,000000053760.00,000000000000.00,N,Public Works,Other,N,39113-001100-5,39.794063947044044,-84.20556249054474
R72 11001 0004,county_only,DAYTON CITY OF,111 E BRUCE AVE,DAYTON,640,"Exempt, owned by municipals",E,0000.00000,000000008020.00,000000000000.00,N,,,N,39113-001100-2,39.795620782542045,-84.21354318003789
R72 11003 0037,county_only,DAYTON CITY OF,124 ASHWOOD AVE,DAYTON,640,"Exempt, owned by municipals",E,0000.00000,000000006540.00,000000003440.00,Y,,,N,39113-001100-2,39.797563630192585,-84.21324566266436
R72 11007 0032,county_only,DAYTON CITY OF,SIEBENTHALER AVE,DAYTON,640,"Exempt, owned by municipals",E,0000.00000,000000003610.00,000000000000.00,N,,,N,39113-001100-1,39.79887616635009,-84.21738066112293
R72 11007 0033,county_only,DAYTON CITY OF,17 SIEBENTHALER AVE,DAYTON,640,"Exempt, owned by municipals",E,0000.00000,000000004560.00,000000000000.00,N,,,N,39113-001100-1,39.7987795772057,-84.21720643280219
R72 11010 0004,county_only,DAYTON CITY OF,21 BRUCE AVE,DAYTON,640,"Exempt, owned by municipals",E,0000.00000,000000007940.00,000000000000.00,N,,,N,39113-001100-2,39.79523166295619,-84.21536319722561
R72 11010 0007,county_only,CITY OF DAYTON,35 BRUCE AVE,DAYTON,640,"Exempt, owned by municipals",E,0000.00000,000000008020.00,000000000000.00,N,,,N,39113-001100-2,39.79533212056099,-84.21487800541018
R72 11010 0018,county_only,CITY OF DAYTON,24 E BRUCE AVE,DAYTON,640,"Exempt, owned by municipals",E,0000.00000,000000003990.00,000000000000.00,N,,,N,39113-001100-2,39.79493343072153,-84.21510309705572
R72 11104 0034,both,CITY OF DAYTON,401 ODLIN AVE,DAYTON,640,"Exempt, owned by municipals",E,0006.54800,000000064380.00,000000000000.00,N,Public Works,Other,N,39113-000801-1,39.79616706700083,-84.21973599886502
R72 11104 0042,both,CITY OF DAYTON,,DAYTON,501,,R,0010.07500,000000092600.00,000000000000.00,N,,,N,39113-000801-1,39.79613225319714,-84.22125600577955
R72 11107 0001,both,DAYTON CITY OF,198 KURTZ AVE,DAYTON,640,"Exempt, owned by municipals",E,0001.59000,000000005570.00,000000027240.00,Y,Public Works,Other,N,39113-000801-1,39.79358421545386,-84.2175301556088
R72 11107 0041,both,DAYTON CITY OF,KURTZ AVE,DAYTON,640,"Exempt, owned by municipals",E,0001.57100,000000005500.00,000000000000.00,N,Public Works,Other,N,39113-000801-1,39.793131954944116,-84.21866121923964
R72 11201 0054,both,DAYTON CITY OF,2304 2306 CATALPA DR,DAYTON,640,"Exempt, owned by municipals",E,0000.00000,000000005840.00,000000000000.00,N,Planning,Surplus,Y,39113-000801-2,39.78969499481337,-84.22552725084853
R72 11211 0013,both,DAYTON CITY OF,2631 N MAIN ST,DAYTON,640,"Exempt, owned by municipals",E,0000.00000,000000008080.00,000000000000.00,N,Planning,Surplus,Y,39113-000801-2,39.788587849507664,-84.2132488126178
R72 11211 0015,county_only,CITY OF DAYTON,2651 N MAIN ST,DAYTON,640,"Exempt, owned by municipals",E,0000.00000,000000012190.00,000000000000.00,N,,,N,39113-000801-2,39.7888706038648,-84.21353471721442
R72 11303 0001,both,CITY OF DAYTON,2405 CATALPA DR,DAYTON,640,"Exempt, owned by municipals",E,0000.00000,000000004430.00,000000000000.00,N,,,N,39113-000500-1,39.79127708312976,-84.22605052724924
R72 11306 0047,both,CITY OF DAYTON,RAVENWOOD AVE,DAYTON,640,"Exempt, owned by municipals",E,0001.30000,000000042900.00,000000110080.00,Y,Public Works,Other,N,39113-000500-2,39.78814466793439,-84.22826042461612
R72 11306 0048,both,CITY OF DAYTON,RAVENWOOD AVE,DAYTON,640,"Exempt, owned by municipals",E,0004.53900,000000149790.00,000000370650.00,Y,Public Works,Other,N,39113-000500-2,39.788962462217526,-84.22939224151479
R72 11307 0053,county_only,DAYTON CITY OF,HILLCREST AVE,DAYTON,400,Commercial vacant land,C,0000.02100,000000000110.00,000000000000.00,N,,,Y,,,
R72 11307 0054,county_only,DAYTON CITY OF,HLLCREST AVE,DAYTON,400,Commercial vacant land,C,0000.02100,000000000110.00,000000000000.00,N,,,Y,,,
R72 11307 0055,county_only,CITY OF DAYTON,1112 W HILLCREST AVE,DAYTON,400,Commercial vacant land,C,0000.01400,000000000000.00,000000000000.00,N,,,Y,,,
R72 11309 0030,county_only,DAYTON CITY OF,SALEM AVE,DAYTON,640,"Exempt, owned by municipals",E,0000.00000,000000000120.00,000000000000.00,N,,,N,,,
R72 11402 0021,both,DAYTON CITY OF,BRENTWOOD DR,DAYTON,650,,E,0000.00000,000000007450.00,000000000000.00,N,Public Works,Other,N,39113-000500-2,39.788346739830224,-84.23087105352316
R72 11404 0013,both,DAYTON CITY OF,CATALPA DR,DAYTON,640,"Exempt, owned by municipals",E,0000.00000,000000021950.00,000000000000.00,N,Public Works,Other,N,39113-000500-2,39.78782644730682,-84.22613606728537
R72 11404 0014,both,DAYTON CITY OF,903 W FAIRVIEW AVE,DAYTON,640,"Exempt, owned by municipals",E,0000.00000,000000050970.00,000000145920.00,Y,Public Works,Operations,N,39113-000500-2,39.78761689230632,-84.2260523691845
R72 11406 0003,county_only,CITY OF DAYTON,711 W FAIRVIEW AVE,DAYTON,640,"Exempt, owned by municipals",E,0000.00000,000000008250.00,000000000000.00,N,,,N,39113-000801-2,39.78704423414131,-84.22355039376187
R72 11406 0021,county_only,CITY OF DAYTON,615 W FAIRVIEW AVE,DAYTON,640,"Exempt, owned by municipals",E,0000.00000,000000012800.00,000000000000.00,N,,,N,39113-000801-2,39.78671502086644,-84.22241040802136
R72 11409 0010,county_only,CITY OF DAYTON,319 W FAIRVIEW AVE,DAYTON,640,"Exempt, owned by municipals",E,0000.00000,000000012800.00,000000000000.00,N,,,N,39113-000801-2,39.785089383133446,-84.21812431058866
R72 11409 0017,both,CITY OF DAYTON,223 W FAIRVIEW AVE,DAYTON,640,"Exempt, owned by municipals",E,0000.00000,000000002560.00,000000000000.00,N,Planning,Surplus,Y,39113-000801-2,39.784928331545736,-84.21730888702182
R72 11409 0019,both,CITY OF DAYTON,213 W FAIRVIEW AVE,DAYTON,640,"Exempt, owned by municipals",E,0000.00000,000000004370.00,000000000000.00,N,Planning,Surplus,Y,39113-000801-2,39.784897448511174,-84.21716934607707
R72 11409 0020,both,CITY OF DAYTON,213 W FAIRVIEW AVE,DAYTON,640,"Exempt, owned by municipals",E,0000.00000,000000003930.00,000000000000.00,N,Planning,Surplus,Y,39113-000801-2,39.78500734743706,-84.21705316055916
R72 11409 0060,county_only,CITY OF DAYTON,29 VALLEYVIEW DR,DAYTON,640,"Exempt, owned by municipals",E,0000.00000,000000009530.00,000000000000.00,N,,,N,39113-000801-2,39.78592388011542,-84.21888521582561
R72 11409 0061,county_only,DAYTON CITY OF,35 VALLEYVIEW DR,DAYTON,640,"Exempt, owned by municipals",E,0000.00000,000000004970.00,000000000000.00,N,,,N,39113-000801-2,39.78601723943432,-84.21888751962632
R72 11409 0066,county_only,DAYTON CITY OF,404 W PARKWOOD DR,DAYTON,640,"Exempt, owned by municipals",E,0000.00000,000000012800.00,000000000000.00,N,,,N,39113-000801-2,39.78624107116357,-84.21892381716036
R72 11501 0019,city_layer_only,,,,,,,,,,N,Planning,Surplus,Y,,39.78530858013181,-84.22655040883595
R72 11501 0037,city_layer_only,,,,,,,,,,N,,,N,,39.787202155955384,-84.2271774400425
R72 11501 0053,city_layer_only,,,,,,,,,,N,Planning,Surplus,Y,,39.78609346894586,-84.2271497841076
R72 11502 0039,city_layer_only,,,,,,,,,,N,Planning,Surplus,Y,,39.7859012124504,-84.23011347469739
R72 11502 0083,city_layer_only,,,,,,,,,,N,Planning,Surplus,Y,,39.78552854810033,-84.22820367874863
R72 11504 0058,county_only,DAYTON CITY OF,ROADWAY,DAYTON,640,"Exempt, owned by municipals",E,0000.00000,000000000000.00,000000000000.00,N,,,N,,,
R72 11507 0044,city_layer_only,,,,,,,,,,N,,,N,,39.7845109891673,-84.23009594845607
R72 11507 0045,city_layer_only,,,,,,,,,,N,,,N,,39.784408308369024,-84.23005855098539
R72 11508 0052,city_layer_only,,,,,,,,,,N,Planning,Surplus,Y,,39.783513390654896,-84.22929964168459
R72 11508 0065,city_layer_only,,,,,,,,,,N,Planning,Surplus,Y,,39.78331227341439,-84.22885971838501
R72 11508 0081,county_only,DAYTON CITY OF,SALEM AVE,DAYTON,400,Commercial vacant land,C,0000.00000,000000000000.00,000000000000.00,N,,,Y,,,
R72 11508 0084,county_only,DAYTON CITY OF,ROADWAY,DAYTON,400,Commercial vacant land,C,0000.00800,000000000000.00,000000000000.00,N,,,Y,,,
R72 11508 0085,county_only,DAYTON CITY OF,SALEM AVE,DAYTON,400,Commercial vacant land,C,0000.00600,000000000000.00,000000000000.00,N,,,Y,,,
R72 11509 0003,city_layer_only,,,,,,,,,,N,Planning,Surplus,Y,,39.784851933590964,-84.22586286157858
R72 11509 0033,city_layer_only,,,,,,,,,,N,Planning,Surplus,Y,,39.78488574169488,-84.22655059935505
R72 11509 0041,city_layer_only,,,,,,,,,,N,Planning,Surplus,Y,,39.784544124754284,-84.22699765316516
R72 11602 0023,city_layer_only,,,,,,,,,,N,,,N,,39.78223272631052,-84.22820364552585
R72 11602 0029,city_layer_only,,,,,,,,,,N,,,N,,39.782562351077466,-84.22880985285065
R72 11602 0038,city_layer_only,,,,,,,,,,N,Planning,Surplus,Y,,39.78156581838307,-84.22879579193722
R72 11701 0029,county_only,DAYTON OHIO CITY OF,229 231 W NORMAN AVE,DAYTON,640,"Exempt, owned by municipals",E,0000.00000,000000008690.00,000000003760.00,Y,,,N,39113-000802-2,39.78406633416068,-84.2174833826321
R72 11701 0041,both,DAYTON CITY OF,1814 WABASH AVE,DAYTON,400,Commercial vacant land,C,0000.00000,000000004780.00,000000000000.00,N,Public Works,Other,Y,39113-000802-2,39.784343116611716,-84.21901699922039
R72 11701 0042,both,DAYTON CITY OF,WABASH AVE,DAYTON,400,Commercial vacant land,C,0000.00000,000000004740.00,000000000000.00,N,Public Works,Other,Y,39113-000802-2,39.78444385362467,-84.21899013319099
R72 11701 0043,both,DAYTON CITY OF,1822 WABASH AVE,DAYTON,400,Commercial vacant land,C,0000.00000,000000004550.00,000000000000.00,N,Public Works,Other,Y,39113-000802-2,39.78454340264959,-84.21902905633497
R72 11705 0044,city_layer_only,,,,,,,,,,N,Planning,Surplus,Y,,39.78552576180967,-84.22541685754456
R72 11706 0001,city_layer_only,,,,,,,,,,N,Planning,Surplus,Y,,39.78542691570855,-84.22541440909822
R72 11707 0004,city_layer_only,,,,,,,,,,N,Planning,Surplus,Y,,39.78290756294556,-84.2253271081312
R72 11707 0025,city_layer_only,,,,,,,,,,N,Planning,Surplus,Y,,39.78266548750641,-84.22405417767429
R72 11708 0013,county_only,CITY OF DAYTON,620 W NORMAN AVE,DAYTON,640,"Exempt, owned by municipals",E,0000.00000,000000005940.00,000000000000.00,N,,,N,39113-000802-1,39.783635649635016,-84.2225015555161
R72 11708 0014,county_only,CITY OF DAYTON,618 W NORMAN AVE,DAYTON,640,"Exempt, owned by municipals",E,0000.00000,000000005590.00,000000000000.00,N,,,N,39113-000802-1,39.783643229815034,-84.22235941031272
R72 11801 0026,city_layer_only,,,,,,,,,,N,Planning,Surplus,Y,,39.782338063786895,-84.22335208636495
R72 11806 0020,county_only,DAYTON CITY OF,1720 EMERSON AVE,DAYTON,640,"Exempt, owned by municipals",E,0000.00000,000000011410.00,000000000000.00,N,,,N,39113-000500-5,39.779599684607604,-84.22266157452638
R72 11808 0003,both,DAYTON CITY OF,CATALPA DR,DAYTON,640,"Exempt, owned by municipals",E,0000.00000,000000000120.00,000000000000.00,N,Public Works,Other,N,39113-000500-5,39.779501153492916,-84.22515426711838
R72 11910 0073,county_only,DAYTON CITY OF,CORNELL DR,DAYTON,640,"Exempt, owned by municipals",E,0000.00000,000000000000.00,000000000000.00,N,,,N,,,
R72 11910 0074,county_only,DAYTON CITY OF,CORNELL DR,DAYTON,640,"Exempt, owned by municipals",E,0000.00000,000000000000.00,000000000000.00,N,,,N,,,
R72 11913 0056,county_only,DAYTON CITY OF,1420 NEWTON AVE,DAYTON,640,"Exempt, owned by municipals",E,0000.00000,000000002080.00,000000000000.00,N,,,N,39113-000400-3,39.773303836351744,-84.23675730025204
R72 11913 0067,both,DAYTON CITY OF,1431 NEWTON AVE,DAYTON,640,"Exempt, owned by municipals",E,0000.00000,000000003790.00,000000000000.00,N,Planning,Surplus,Y,39113-000400-3,39.77370540895811,-84.23726549738657
R72 11913 0122,county_only,DAYTON CITY OF,1500 TENNYSON AVE,DAYTON,640,"Exempt, owned by municipals",E,0000.00000,000000008490.00,000000000000.00,N,,,N,39113-000400-3,39.77467054175792,-84.23791584678858
R72 11915 0003,both,DAYTON CITY OF,3633 LORI SUE AVE,DAYTON,640,"Exempt, owned by municipals",E,0002.54500,000000022630.00,000000000000.00,N,,,N,39113-000300-3,39.7805969934204,-84.24817424780757
R72 12002 0030,county_only,DAYTON CITY OF,1367 CORY DR,DAYTON,640,"Exempt, owned by municipals",E,0000.00000,000000009810.00,000000000000.00,N,,,N,39113-000600-2,39.773059530743254,-84.22286375964096
R72 12005 0005,both,DAYTON CITY OF,1600 PRINCETON DR,DAYTON,640,"Exempt, owned by municipals",E,0014.47600,000000180780.00,000001572160.00,Y,Public Works,Operations,N,39113-000600-1,39.772094576126456,-84.22904466300574
R72 12013 0007,city_layer_only,,,,,,,,,,N,,,N,,39.772467804689406,-84.22552407495687
R72 12020 0001,both,DAYTON CITY OF,PRINCETON DR,DAYTON,640,"Exempt, owned by municipals",E,0000.00000,000000082500.00,000000000000.00,N,Public Works,Other,N,39113-000600-1,39.772550042231934,-84.22998435809943
R72 12020 0002,both,DAYTON CITY OF,EVERETT DR,DAYTON,640,"Exempt, owned by municipals",E,0000.00000,000000023100.00,000000000000.00,N,Public Works,Other,N,39113-000600-1,39.77212772925985,-84.22981499825275
R72 12102 0011,county_only,DAYTON CITY OF,1439 LEXINGTON AVE,DAYTON,620,"Exempt, owned by counties",E,0000.00000,000000005880.00,000000000000.00,N,,,N,39113-000400-1,39.768759290296245,-84.23603201237363
R72 12102 0025,both,DAYTON CITY OF,SHAKESPEARE AVE,DAYTON,500,"Residential vacant land, lot",R,0000.04000,000000001380.00,000000000000.00,N,Public Works,Other,Y,39113-000400-1,39.76697794779223,-84.23509118222549
R72 12102 0046,county_only,CITY OF DAYTON,1017 SHAKESPEARE AVE,DAYTON,640,"Exempt, owned by municipals",E,0000.00000,000000003480.00,000000000000.00,N,,,N,39113-000400-1,39.76756752718999,-84.23566787256146
R72 12102 0087,both,DAYTON CITY OF,LEXINGTON AVE,DAYTON,640,"Exempt, owned by municipals",E,0000.00000,000000000220.00,000000000000.00,N,Public Works,Other,N,39113-000400-1,39.76834675349822,-84.2359928195555
R72 12103 0001,county_only,DAYTON CITY OF OHIO,2722 RIVERVIEW AVE,DAYTON,452,,C,0000.41390,000000011360.00,000000001050.00,Y,,,N,39113-000700-2,39.76672375275202,-84.23520136996675
R72 12103 0004,both,DAYTON CITY OF,JAMES H MCGEE BLVD,DAYTON,640,"Exempt, owned by municipals",E,0000.00000,000000003700.00,000000000000.00,N,Public Works,Other,N,39113-003800-2,39.765939134200224,-84.2353708107765
R72 12103 0005,county_only,DAYTON CITY OF,JAMES H MCGEE BLVD,DAYTON,640,"Exempt, owned by municipals",E,0000.00000,000000001180.00,000000000000.00,N,,,N,,,
R72 12103 0006,county_only,DAYTON CITY OF,1114 N JAMES H MCGEE BLVD,DAYTON,640,"Exempt, owned by municipals",E,0000.00000,000000001180.00,000000000000.00,N,,,N,,39.76541863349917,-84.23503792721144
R72 12103 0007,both,DAYTON CITY OF,JAMES H MCGEE BLVD,DAYTON,640,"Exempt, owned by municipals",E,0000.00000,000000001180.00,000000000000.00,N,Public Works,Other,N,39113-003800-2,39.76550094841683,-84.23513203413982
R72 12103 0008,both,DAYTON CITY OF,JAMES H MCGEE BLVD,DAYTON,640,"Exempt, owned by municipals",E,0000.00000,000000001180.00,000000000000.00,N,Public Works,Other,N,39113-003800-2,39.76555498840396,-84.23528685949404
R72 12103 0009,both,DAYTON CITY OF,JAMES H MCGEE BLVD,DAYTON,640,"Exempt, owned by municipals",E,0000.00000,000000006470.00,000000000000.00,N,Public Works,Other,N,39113-003800-2,39.765691023048504,-84.23528303288242
R72 12103 0014,both,DAYTON CITY OF,JAMES H MCGEE BLVD,DAYTON,640,"Exempt, owned by municipals",E,0000.00000,000000001860.00,000000000000.00,N,Public Works,Other,N,39113-003800-2,39.76534705251641,-84.23579047440424
R72 12103 0015,both,DAYTON CITY OF,1129 N JAMES H MCGEE BLVD,DAYTON,640,"Exempt, owned by municipals",E,0000.00000,000000001950.00,000000000000.00,N,Public Works,Other,N,39113-003800-2,39.7654818240467,-84.23596102102572
R72 12103 0016,county_only,DAYTON CITY OF,708 ANNA ST,DAYTON,640,"Exempt, owned by municipals",E,0000.00000,000000001520.00,000000000000.00,N,,,N,,39.76581187680647,-84.2364323388668
R72 12103 0017,both,DAYTON CITY OF,702 ANNA ST,DAYTON,640,"Exempt, owned by municipals",E,0000.00000,000000001950.00,000000000000.00,N,Public Works,Other,N,39113-003800-2,39.76568537739331,-84.23630769995172
R72 12103 0022,both,DAYTON CITY OF,2722 RIVERVIEW AVE,DAYTON,640,"Exempt, owned by municipals",E,0000.10420,000000002720.00,000000000000.00,N,Public Works,Other,N,39113-000700-2,39.766647738952585,-84.23455261834296
R72 12103 0023,county_only,CITY OF DAYTON,2722 RIVERVIEW AVE,DAYTON,400,Commercial vacant land,C,0000.02800,000000000380.00,000000000000.00,N,,,Y,,,
R72 12103 0024,county_only,CITY OF DAYTON,RIVERVIEW AVE,DAYTON,400,Commercial vacant land,C,0000.00900,000000000120.00,000000000000.00,N,,,Y,,,
R72 12103 0025,county_only,CITY OF DAYTON,RIVERVIEW AVE,DAYTON,400,Commercial vacant land,C,0000.00500,000000000070.00,000000000000.00,N,,,Y,,,
R72 12103 0026,county_only,DAYTON CITY OF,PHILADELPHIA DR,DAYTON,400,Commercial vacant land,C,0000.20800,000000000000.00,000000000000.00,N,,,Y,,,
R72 12104 0001,both,DAYTON CITY OF,JAMES H MCGEE BLVD,DAYTON,640,"Exempt, owned by municipals",E,0000.00000,000000034880.00,000000000000.00,N,Public Works,Other,N,39113-003800-2,39.76393044212847,-84.23412851506839
R72 12104 0027,county_only,CITY OF DAYTON,1017 1019 N JAMES H MCGEE BLVD,DAYTON,640,"Exempt, owned by municipals",E,0000.00000,000000005180.00,000000000000.00,N,,,N,39113-003800-2,39.7643630741547,-84.23538157448448
R72 12105 0002,both,DAYTON CITY OF,921 BRIDGE ST,DAYTON,640,"Exempt, owned by municipals",E,0000.00000,000000020390.00,000000000000.00,N,,,N,39113-003800-1,39.76694703198263,-84.23658817953118
R72 12105 0009,county_only,CITY OF DAYTON,1115 TENNYSON AVE,DAYTON,640,"Exempt, owned by municipals",E,0000.00000,000000004450.00,000000000000.00,N,,,N,39113-000400-1,39.768780452725736,-84.23830625360954
R72 12105 0029,both,DAYTON CITY OF,TENNYSON AVE,DAYTON,400,Commercial vacant land,C,0000.00000,000000001290.00,000000000000.00,N,Public Works,Other,Y,39113-000400-1,39.76811442583501,-84.23842555499702
R72 12107 0015,both,DAYTON CITY OF,1202 SHAFTESBURY RD,DAYTON,640,"Exempt, owned by municipals",E,0000.00000,000000003140.00,000000000000.00,N,Planning,Surplus,Y,39113-000400-1,39.76930383925304,-84.23995055270227
R72 12107 0041,county_only,CITY OF DAYTON,1212 ALCOTT DR,DAYTON,620,"Exempt, owned by counties",E,0000.00000,000000006430.00,000000000000.00,N,,,N,39113-000400-1,39.7700878866674,-84.24123170292125
R72 12108 0006,both,CITY OF DAYTON,1312 KINGSLEY AVE,DAYTON,640,"Exempt, owned by municipals",E,0000.00000,000000004020.00,000000000000.00,N,Planning,Surplus,Y,39113-000400-1,39.770374677324405,-84.2422565332727
R72 12108 0008,county_only,DAYTON CITY OF,1304 KINGSLEY AVE,DAYTON,620,"Exempt, owned by counties",E,0000.00000,000000007880.00,000000000000.00,N,,,N,39113-000400-1,39.77022919652269,-84.24225289530223
R72 12110 0011,both,DAYTON CITY OF,921 BRIDGE ST,DAYTON,640,"Exempt, owned by municipals",E,0001.32700,000000013260.00,000000000000.00,N,,,N,,39.767960612373386,-84.23944994993364
R72 12110 0013,both,DAYTON CITY OF,BRIDGE ST,DAYTON,640,"Exempt, owned by municipals",E,0000.00000,000000000330.00,000000000000.00,N,,,N,39113-003800-1,39.76758700303747,-84.23909146540147
R72 12110 0021,county_only,DAYTON CITY OF,JAMES H MCGEE BLVD,DAYTON,400,Commercial vacant land,C,0000.06400,000000000000.00,000000000000.00,N,,,Y,,39.7680682886862,-84.24065667010268
R72 12111 0040,city_layer_only,,,,,,,,,,N,Planning,Surplus,Y,,39.77169313935868,-84.23650009867477
R72 12112 0027,county_only,CITY OF DAYTON,3419 EARLHAM DR,DAYTON,640,"Exempt, owned by municipals",E,0000.00000,000000003540.00,000000000000.00,N,,,N,39113-000400-3,39.77464691392807,-84.24338109950111
R72 12112 0042,county_only,DAYTON CITY OF,1541 KIPLING DR,DAYTON,500,"Residential vacant land, lot",R,0000.00000,000000007370.00,000000000000.00,N,,,Y,39113-000400-3,39.77578754121984,-84.2429363956047
R72 12112 0120,both,CITY OF DAYTON,1426 KIPLING DR,DAYTON,640,"Exempt, owned by municipals",E,0000.00000,000000003850.00,000000000000.00,N,,,N,39113-000400-3,39.773482343094614,-84.24137350103844
R72 12112 0159,city_layer_only,,,,,,,,,,N,,,N,,39.77602962718829,-84.24069345370349
R72 12112 0244,county_only,CITY OF DAYTON,1424 WESLEYAN RD,DAYTON,640,"Exempt, owned by municipals",E,0000.00000,000000003690.00,000000000000.00,N,,,N,39113-000400-3,39.773218205602355,-84.24343787121626
R72 12112 0274,both,CITY OF DAYTON,1426 KIPLING DR,DAYTON,640,"Exempt, owned by municipals",E,0000.00000,000000001420.00,000000000000.00,N,Planning,Surplus,Y,39113-000400-3,39.7735627141228,-84.24133701743021
R72 12112 0279,county_only,DAYTON CITY OF,1404 KINGSLEY AVE,DAYTON,640,"Exempt, owned by municipals",E,0000.00000,000000003680.00,000000000000.00,N,,,N,39113-000400-3,39.772661194221136,-84.24230659988513
R72 12113 0098,county_only,CITY OF DAYTON,1355 ALCOTT DR,DAYTON,620,"Exempt, owned by counties",E,0000.00000,000000005700.00,000000000000.00,N,,,N,39113-000400-1,39.77207186740627,-84.2416833837003
R72 12113 0107,both,DAYTON CITY OF,1360 KINGSLEY AVE,DAYTON,640,"Exempt, owned by municipals",E,0000.00000,000000003930.00,000000000000.00,N,,,N,39113-000400-1,39.771733338628565,-84.24229050942243
R72 12113 0108,county_only,DAYTON CITY OF,1354 KINGSLEY AVE,DAYTON,620,"Exempt, owned by counties",E,0000.00000,000000005700.00,000000000000.00,N,,,N,39113-000400-1,39.77161559938845,-84.24226978391295
R72 12113 0114,county_only,CITY OF DAYTON,1330 KINGSLEY AVE,DAYTON,640,"Exempt, owned by municipals",E,0000.00000,000000004020.00,000000000000.00,N,,,N,39113-000400-1,39.7709400965401,-84.24227067259272
R72 12114 0001,both,DAYTON CITY OF,1553 WESLEYAN RD,DAYTON,500,"Residential vacant land, lot",R,0000.00000,000000006920.00,000000000000.00,N,Public Works,Other,Y,39113-000400-1,39.77597563336502,-84.24401336708632
R72 12114 0003,both,DAYTON CITY OF,WESLEYAN RD,DAYTON,500,"Residential vacant land, lot",R,0000.00000,000000006120.00,000000000000.00,N,Public Works,Other,Y,39113-000400-1,39.77567453872245,-84.24460564894945
R72 12114 0020,both,DAYTON CITY OF,1441 WESLEYAN RD,DAYTON,620,"Exempt, owned by counties",E,0031.42100,000000170480.00,000000027410.00,Y,Public Works,Other,N,39113-000400-1,39.77274137152997,-84.24413884106497
R72 12115 0001,county_only,DAYTON CITY OF,RIVERVIEW NR WESLYAN,DAYTON,620,"Exempt, owned by counties",E,0008.60900,000000000000.00,000000000000.00,N,,,N,39113-000400-1,,
R72 12115 0006,county_only,CITY OF DAYTON OHIO,2202 N JAMES H MCGEE BLVD,DAYTON,640,"Exempt, owned by municipals",E,0003.34000,000000015990.00,000000000000.00,N,,,N,39113-000400-1,39.77027179350527,-84.24685960398139
R72 12115 0014,county_only,CITY OF DAYTON OHIO,2222 N JAMES H MCGEE BLVD,DAYTON,640,"Exempt, owned by municipals",E,0000.00000,000000016080.00,000000622750.00,Y,,,N,39113-003800-1,39.770095411571006,-84.24845875413774
R72 12201 0001,both,CITY OF DAYTON,1301 N JAMES H MCGEE BLVD,DAYTON,640,"Exempt, owned by municipals",E,0000.00000,000000000500.00,000000000000.00,N,Public Works,Other,N,39113-003800-2,39.76628041759675,-84.23778713874663
R72 12201 0005,both,CITY OF DAYTON,1321 N JAMES H MCGEE BLVD,DAYTON,640,"Exempt, owned by municipals",E,0000.00000,000000000120.00,000000000000.00,N,Public Works,Other,N,39113-003800-2,39.766414362678226,-84.23834632397947
R72 12201 0006,both,CITY OF DAYTON,JAMES H MCGEE BLVD,DAYTON,640,"Exempt, owned by municipals",E,0000.00000,000000000120.00,000000000000.00,N,Public Works,Other,N,39113-003800-2,39.76643806680356,-84.23850396487157
R72 12201 0007,both,CITY OF DAYTON,JAMES H MCGEE BLVD,DAYTON,640,"Exempt, owned by municipals",E,0000.00000,000000000120.00,000000000000.00,N,Public Works,Other,N,39113-003800-2,39.76647031318579,-84.23863079162031
R72 12201 0008,both,CITY OF DAYTON,JAMES H MCGEE BLVD,DAYTON,640,"Exempt, owned by municipals",E,0000.00000,000000000120.00,000000000000.00,N,Public Works,Other,N,39113-003800-2,39.766474038825166,-84.23876785245474
R72 12201 0009,both,CITY OF DAYTON,SHOOP AVE,DAYTON,640,"Exempt, owned by municipals",E,0000.00000,000000000160.00,000000000000.00,N,Public Works,Other,N,39113-003800-2,39.76625344490217,-84.2385646857273
R72 12201 0016,county_only,DAYTON CITY OF,707 GRAMONT AVE,DAYTON,640,"Exempt, owned by municipals",E,0000.00000,000000005340.00,000000000000.00,N,,,N,39113-003800-2,39.7658166447411,-84.23782313954311
R72 12201 0019,both,DAYTON CITY OF,719 GRAMONT AVE,DAYTON,640,"Exempt, owned by municipals",E,0000.00000,000000001330.00,000000000000.00,N,Public Works,Other,N,39113-003800-2,39.76612944722801,-84.23783805386135
R72 12201 0020,both,DAYTON CITY OF,GRAMONT AVE,DAYTON,640,"Exempt, owned by municipals",E,0000.00000,000000000080.00,000000000000.00,N,Public Works,Other,N,39113-003800-2,39.76620564234887,-84.23749437395202
R72 12201 0021,both,DAYTON CITY OF,JAMES H MCGEE BLVD,DAYTON,640,"Exempt, owned by municipals",E,0000.00000,000000000100.00,000000000000.00,N,Public Works,Other,N,39113-003800-2,39.76617468346809,-84.23743285277423
R72 12201 0023,both,DAYTON CITY OF,JAMES H MCGEE BLVD,DAYTON,640,"Exempt, owned by municipals",E,0000.00000,000000000100.00,000000000000.00,N,Public Works,Other,N,39113-003800-2,39.7661013070217,-84.23720681860924
R72 12201 0024,both,DAYTON CITY OF,JAMES H MCGEE BLVD,DAYTON,640,"Exempt, owned by municipals",E,0000.00000,000000000110.00,000000000000.00,N,Public Works,Other,N,39113-003800-2,39.766069804212364,-84.23711017916476
R72 12201 0025,both,DAYTON CITY OF,1201 N JAMES H MCGEE BLVD,DAYTON,640,"Exempt, owned by municipals",E,0000.00000,000000000140.00,000000000000.00,N,Public Works,Other,N,39113-003800-2,39.766042945254945,-84.2370317764234
R72 12201 0026,both,DAYTON CITY OF,JAMES H MCGEE BLVD,DAYTON,640,"Exempt, owned by municipals",E,0000.00000,000000000140.00,000000000000.00,N,Public Works,Other,N,39113-003800-2,39.766012398431236,-84.23696667673667
R72 12201 0027,both,DAYTON CITY OF,1201 N JAMES H MCGEE BLVD,DAYTON,640,"Exempt, owned by municipals",E,0000.00000,000000000240.00,000000000000.00,N,Public Works,Other,N,39113-003800-2,39.76597152679255,-84.23689558715812
R72 12201 0028,both,DAYTON CITY OF,ANNA ST,DAYTON,640,"Exempt, owned by municipals",E,0000.00000,000000000990.00,000000000000.00,N,Public Works,Other,N,39113-003800-2,39.765900637004634,-84.23672637501974
R72 12201 0029,county_only,DAYTON CITY OF,ANNA & JAMES H MCGEE,DAYTON,640,"Exempt, owned by municipals",E,0000.00000,000000002070.00,000000000000.00,N,,,N,39113-003800-2,39.765814499328314,-84.23679459780668
R72 12201 0030,county_only,DAYTON CITY OF,703 ANNA ST,DAYTON,640,"Exempt, owned by municipals",E,0000.00000,000000004610.00,000000000000.00,N,,,N,39113-003800-2,39.76574466903676,-84.23675035280517
R72 12201 0036,county_only,CITY OF DAYTON,705 SHOOP AVE,DAYTON,640,"Exempt, owned by municipals",E,0000.00000,000000005130.00,000000000000.00,N,,,N,39113-003800-2,39.76578005632169,-84.23917426047224
R72 12201 0043,both,DAYTON CITY OF,1403 1407 N JAMES H MCGEE BLVD,DAYTON,640,"Exempt, owned by municipals",E,0000.00000,000000000370.00,000000000000.00,N,Public Works,Other,N,39113-003800-2,39.76657435782456,-84.23912290807677
R72 12201 0046,both,DAYTON CITY OF,1415 1419 N JAMES H MCGEE BLVD,DAYTON,640,"Exempt, owned by municipals",E,0000.00000,000000000140.00,000000000000.00,N,Public Works,Other,N,39113-003800-2,39.76665958047894,-84.23948798336482
R72 12201 0048,county_only,DAYTON CITY OF,723 GRAMONT AVE,DAYTON,640,"Exempt, owned by municipals",E,0000.00000,000000000000.00,000000000000.00,N,,,N,,,
R72 12201 0050,county_only,DAYTON CITY OF,SHOOP AVE,DAYTON,640,"Exempt, owned by municipals",E,0000.00000,000000000580.00,000000000000.00,N,,,N,,,
R72 12202 0007,county_only,DAYTON CITY OF,824 BROOKLYN AVE,DAYTON,640,"Exempt, owned by municipals",E,0000.00000,000000003850.00,000000000000.00,N,,,N,39113-003800-2,39.76624949820553,-84.2399189243544
R72 12202 0012,county_only,DAYTON CITY OF,837 BROOKLYN AVE,DAYTON,640,"Exempt, owned by municipals",E,0000.00000,000000005880.00,000000000000.00,N,,,N,39113-003800-1,39.76652978109177,-84.24045967694086
R72 12202 0021,county_only,DAYTON CITY OF,801 BROOKLYN AVE,DAYTON,640,"Exempt, owned by municipals",E,0000.00000,000000005130.00,000000000000.00,N,,,N,39113-003800-1,39.76566026456603,-84.24039878277392
R72 12202 0024,county_only,DAYTON CITY OF,908 WESTWOOD AVE,DAYTON,640,"Exempt, owned by municipals",E,0000.00000,000000002520.00,000000000000.00,N,,,N,39113-003800-1,39.7658642014166,-84.24127206415639
R72 12202 0027,county_only,CITY OF DAYTON,920 WESTWOOD AVE,DAYTON,640,"Exempt, owned by municipals",E,0000.00000,000000005040.00,000000000000.00,N,,,N,39113-003800-1,39.76614688850163,-84.24127912876227
R72 12202 0030,county_only,DAYTON CITY OF,932 WESTWOOD AVE,DAYTON,640,"Exempt, owned by municipals",E,0000.00000,000000005040.00,000000000000.00,N,,,N,39113-003800-1,39.766426613956185,-84.24130389922564
R72 12202 0036,county_only,CITY OF DAYTON,949 WESTWOOD AVE,DAYTON,640,"Exempt, owned by municipals",E,0000.00000,000000002430.00,000000000000.00,N,,,N,39113-003800-1,39.766813031685665,-84.24172273491567
R72 12202 0037,county_only,DAYTON CITY OF,945 WESTWOOD AVE,DAYTON,640,"Exempt, owned by municipals",E,0000.00000,000000004860.00,000000000000.00,N,,,N,39113-003800-1,39.76671971732183,-84.24172040228193
R72 12202 0050,both,DAYTON CITY OF,1425 1427 N JAMES H MCGEE BLVD,DAYTON,640,"Exempt, owned by municipals",E,0000.00000,000000000120.00,000000000000.00,N,Public Works,Other,N,39113-003800-2,39.76673188770057,-84.23979578212779
R72 12202 0051,both,DAYTON CITY OF,844 852 BROOKLYN AVE,DAYTON,640,"Exempt, owned by municipals",E,0000.00000,000000000190.00,000000000000.00,N,Public Works,Other,N,39113-003800-2,39.76673374577522,-84.23996485052756
R72 12202 0053,both,DAYTON CITY OF,1501 N JAMES H MCGEE BLVD,DAYTON,640,"Exempt, owned by municipals",E,0000.00000,000000000120.00,000000000000.00,N,Public Works,Other,N,39113-003800-1,39.766813888941265,-84.24037425897644
R72 12202 0054,both,DAYTON CITY OF,1505 N JAMES H MCGEE BLVD,DAYTON,640,"Exempt, owned by municipals",E,0000.00000,000000000120.00,000000000000.00,N,Public Works,Other,N,39113-003800-1,39.7668366212325,-84.24050645840114
R72 12202 0055,both,CITY OF DAYTON,1509 N JAMES H MCGEE BLVD,DAYTON,640,"Exempt, owned by municipals",E,0000.00000,000000000110.00,000000000000.00,N,Public Works,Other,N,39113-003800-1,39.76694137575472,-84.24066210106966
R72 12202 0056,both,DAYTON CITY OF,1513 N JAMES H MCGEE BLVD,DAYTON,640,"Exempt, owned by municipals",E,0000.00000,000000000110.00,000000000000.00,N,Public Works,Other,N,39113-003800-1,39.766896108962584,-84.2407534279426
R72 12202 0057,both,DAYTON CITY OF,1517 N JAMES H MCGEE BLVD,DAYTON,640,"Exempt, owned by municipals",E,0000.00000,000000000110.00,000000000000.00,N,Public Works,Other,N,39113-003800-1,39.76692519778984,-84.24087189059749
R72 12202 0058,both,DAYTON CITY OF,1521 N JAMES H MCGEE BLVD,DAYTON,640,"Exempt, owned by municipals",E,0000.00000,000000000110.00,000000000000.00,N,Public Works,Other,N,39113-003800-1,39.7669475249867,-84.24098958616162
R72 12202 0059,both,CITY OF DAYTON,1525 N JAMES H MCGEE BLVD,DAYTON,640,"Exempt, owned by municipals",E,0000.00000,000000000120.00,000000000000.00,N,Public Works,Other,N,39113-003800-1,39.76697025566403,-84.24112178718498
R72 12202 0060,both,DAYTON CITY OF,1529 N JAMES H MCGEE BLVD,DAYTON,640,"Exempt, owned by municipals",E,0000.00000,000000000120.00,000000000000.00,N,Public Works,Other,N,39113-003800-1,39.76700422454797,-84.24123648802309
R72 12202 0061,both,DAYTON CITY OF,1533 N JAMES H MCGEE BLVD,DAYTON,640,"Exempt, owned by municipals",E,0000.00000,000000000000.00,000000000000.00,N,,,N,39113-003800-1,39.76710137698143,-84.24135276691639
R72 12202 0062,both,DAYTON CITY OF,1601 N JAMES H MCGEE BLVD,DAYTON,640,"Exempt, owned by municipals",E,0000.00000,000000000120.00,000000000000.00,N,Public Works,Other,N,39113-003800-1,39.767170935366856,-84.24166050214362
R72 12202 0063,both,DAYTON CITY OF,1605 N JAMES H MCGEE BLVD,DAYTON,640,"Exempt, owned by municipals",E,0000.00000,000000000120.00,000000000000.00,N,Public Works,Other,N,39113-003800-1,39.76711682706514,-84.24182636781367
R72 12202 0064,both,DAYTON CITY OF,1609 N JAMES H MCGEE BLVD,DAYTON,640,"Exempt, owned by municipals",E,0000.00000,000000000120.00,000000000000.00,N,Public Works,Other,N,39113-003800-1,39.767238597677,-84.24191129242328
R72 12202 0065,both,DAYTON CITY OF,1613 N JAMES H MCGEE BLVD,DAYTON,640,"Exempt, owned by municipals",E,0000.00000,000000000120.00,000000000000.00,N,Public Works,Other,N,39113-003800-1,39.767282637125746,-84.2420867570825
R72 12202 0066,both,DAYTON CITY OF,JAMES H MCGEE BLVD,DAYTON,640,"Exempt, owned by municipals",E,0000.00000,000000000040.00,000000000000.00,N,Public Works,Other,N,39113-003800-2,39.76672050732237,-84.23990219492771
R72 12203 0001,both,DAYTON CITY OF,1701 N JAMES H MCGEE BLVD,DAYTON,640,"Exempt, owned by municipals",E,0000.00000,000000002550.00,000000000000.00,N,Public Works,Other,N,39113-003800-1,39.76742169499622,-84.2427875160808
R72 12203 0002,both,DAYTON CITY OF,1705 N JAMES H MCGEE BLVD,DAYTON,640,"Exempt, owned by municipals",E,0000.00000,000000000120.00,000000000000.00,N,Public Works,Other,N,39113-003800-1,39.767498064639064,-84.24292473177681
R72 12203 0003,both,DAYTON CITY OF,1711 N JAMES H MCGEE BLVD,DAYTON,640,"Exempt, owned by municipals",E,0000.00000,000000000120.00,000000000000.00,N,Public Works,Other,N,39113-003800-1,39.7674671877776,-84.24315522191822
R72 12203 0004,both,DAYTON CITY OF,1717 N JAMES H MCGEE BLVD,DAYTON,640,"Exempt, owned by municipals",E,0000.00000,000000000120.00,000000000000.00,N,Public Works,Other,N,39113-003800-1,39.76759694714662,-84.2432901014251
R72 12203 0005,both,CITY OF DAYTON,1721 N JAMES H MCGEE BLVD,DAYTON,640,"Exempt, owned by municipals",E,0000.00000,000000000120.00,000000000000.00,N,Public Works,Other,N,39113-003800-1,39.76751751193102,-84.24343006570815
R72 12203 0006,both,CITY OF DAYTON,1721 N JAMES H MCGEE BLVD,DAYTON,640,"Exempt, owned by municipals",E,0000.00000,000000000120.00,000000000000.00,N,Public Works,Other,N,39113-003800-1,39.767553802531644,-84.24356438261415
R72 12203 0007,both,CITY OF DAYTON,1076 1080 WALTON AVE,DAYTON,640,"Exempt, owned by municipals",E,0000.00000,000000000120.00,000000000000.00,N,Public Works,Other,N,39113-003800-1,39.7676373724442,-84.2437109637664
R72 12203 0020,county_only,CITY OF DAYTON OHIO,1016 WALTON AVE,DAYTON,500,"Residential vacant land, lot",R,0000.00000,000000004480.00,000000000000.00,N,,,Y,39113-003800-1,39.76601706062469,-84.24354769651741
R72 12203 0036,county_only,CITY OF DAYTON,932 HURON AVE,DAYTON,640,"Exempt, owned by municipals",E,0000.00000,000000002450.00,000000000000.00,N,,,N,39113-003800-1,39.7664172085236,-84.2424885193474
R72 12203 0042,county_only,CITY OF DAYTON,958 HURON AVE,DAYTON,640,"Exempt, owned by municipals",E,0000.00000,000000002910.00,000000000000.00,N,,,N,39113-003800-1,39.76701026495448,-84.24249268245961
R72 12203 0043,both,DAYTON CITY OF,1617 JAMES H MCGEE BLVD,DAYTON,640,"Exempt, owned by municipals",E,0000.00000,000000000120.00,000000000000.00,N,Public Works,Other,N,39113-003800-1,39.76719548024147,-84.2422061636327
R72 12203 0044,both,DAYTON CITY OF,1621 JAMES H MCGEE BLVD,DAYTON,640,"Exempt, owned by municipals",E,0000.00000,000000000120.00,000000000000.00,N,Public Works,Other,N,39113-003800-1,39.76732898789797,-84.2422942852538
R72 12203 0045,both,DAYTON CITY OF,JAMES H MCGEE BLVD,DAYTON,640,"Exempt, owned by municipals",E,0000.00000,000000000120.00,000000000000.00,N,Public Works,Other,N,39113-003800-1,39.7673735579681,-84.24243414401114
R72 12203 0046,both,DAYTON CITY OF,1629 N JAMES H MCGEE BLVD,DAYTON,640,"Exempt, owned by municipals",E,0000.00000,000000000070.00,000000000000.00,N,Public Works,Other,N,39113-003800-1,39.76730516917141,-84.24256336639016
R72 12204 0014,county_only,DAYTON CITY OF,861 HURON AVE,DAYTON,640,"Exempt, owned by municipals",E,0000.00000,000000005010.00,000000000000.00,N,,,N,39113-003800-4,39.76529066645087,-84.24290863110289
R72 12204 0016,county_only,DAYTON CITY OF,1000 WALTON AVE,DAYTON,640,"Exempt, owned by municipals",E,0000.00000,000000006370.00,000000000000.00,N,,,N,39113-003800-1,39.76557350799761,-84.24364509016594
R72 12204 0054,county_only,CITY OF DAYTON,913 HURON AVE,DAYTON,640,"Exempt, owned by municipals",E,0000.00000,000000003260.00,000000000000.00,N,,,N,39113-003800-1,39.765935949639015,-84.2429069927276
R72 12206 0005,county_only,CITY OF DAYTON,645 SHOOP AVE,DAYTON,640,"Exempt, owned by municipals",E,0000.00000,000000002560.00,000000000000.00,N,,,N,39113-003800-5,39.76507306114816,-84.23907832372892
R72 12206 0007,county_only,CITY OF DAYTON,637 SHOOP AVE,DAYTON,640,"Exempt, owned by municipals",E,0000.00000,000000005130.00,000000000000.00,N,,,N,39113-003800-5,39.76488105097402,-84.23906642005875
R72 12206 0008,county_only,DAYTON CITY OF,633 SHOOP AVE,DAYTON,640,"Exempt, owned by municipals",E,0000.00000,000000002560.00,000000000000.00,N,,,N,39113-003800-5,39.76478224959054,-84.23906395410033
R72 12206 0010,county_only,CITY OF DAYTON,625 SHOOP AVE,DAYTON,640,"Exempt, owned by municipals",E,0000.00000,000000005130.00,000000000000.00,N,,,N,39113-003800-5,39.76459014153807,-84.23905560371097
R72 12206 0012,county_only,DAYTON CITY OF,617 SHOOP AVE,DAYTON,640,"Exempt, owned by municipals",E,0000.00000,000000002560.00,000000000000.00,N,,,N,39113-003800-5,39.764403511681266,-84.23905094571894
R72 12208 0022,county_only,DAYTON CITY OF,582 ANNA ST,DAYTON,640,"Exempt, owned by municipals",E,0000.00000,000000004250.00,000000000000.00,N,,,N,39113-003800-2,39.76379748890885,-84.23622148268578
R72 12209 0022,county_only,CITY OF DAYTON,546 SHOOP AVE,DAYTON,640,"Exempt, owned by municipals",E,0000.00000,000000005220.00,000000000000.00,N,,,N,39113-003800-5,39.76283139247661,-84.23859544192952
R72 12209 0028,county_only,CITY OF DAYTON,570 SHOOP AVE,DAYTON,640,"Exempt, owned by municipals",E,0000.00000,000000002650.00,000000000000.00,N,,,N,39113-003800-5,39.76340524678201,-84.23859909372261
R72 12209 0034,county_only,DAYTON CITY OF,581 SHOOP AVE,DAYTON,640,"Exempt, owned by municipals",E,0000.00000,000000002560.00,000000000000.00,N,,,N,39113-003800-5,39.76368407069269,-84.23905076892872
R72 12209 0036,county_only,CITY OF DAYTON,573 SHOOP AVE,DAYTON,640,"Exempt, owned by municipals",E,0000.00000,000000005130.00,000000000000.00,N,,,N,39113-003800-5,39.76349759930612,-84.23903544706454
R72 12209 0048,county_only,CITY OF DAYTON,525 SHOOP AVE,DAYTON,640,"Exempt, owned by municipals",E,0000.00000,000000002530.00,000000000000.00,N,,,N,39113-003800-5,39.76235885247449,-84.23898213590941
R72 12209 0049,county_only,DAYTON CITY OF,521 SHOOP AVE,DAYTON,620,"Exempt, owned by counties",E,0000.00000,000000003790.00,000000000000.00,N,,,N,39113-003800-5,39.76226274117703,-84.23898329397942
R72 12209 0051,county_only,DAYTON CITY OF,515 SHOOP AVE,DAYTON,640,"Exempt, owned by municipals",E,0000.00000,000000002530.00,000000000000.00,N,,,N,39113-003800-5,39.76207906554625,-84.23896448687645
R72 12210 0008,both,DAYTON CITY OF,3017 HOOVER AVE,DAYTON,640,"Exempt, owned by municipals",E,0000.00000,000000004050.00,000000000000.00,N,Planning,Surplus,Y,39113-003800-4,39.76173881102911,-84.24079538325871
R72 12211 0026,county_only,CITY OF DAYTON OHIO,3121 3123 HOOVER AVE,DAYTON,500,"Residential vacant land, lot",R,0000.00000,000000002800.00,000000000000.00,N,,,Y,39113-003800-4,39.761702340046526,-84.24213931521625
R72 12301 0024,county_only,CITY OF DAYTON,1120 BURLEIGH AVE,DAYTON,640,"Exempt, owned by municipals",E,0000.00000,000000004180.00,000000000000.00,N,,,N,39113-003800-1,39.76737843969436,-84.2448715756785
R72 12301 0046,both,DAYTON CITY OF,WALTON AVE,DAYTON,685,"Churches etc, public worship",E,0000.00000,000000002350.00,000000000000.00,N,Public Works,Other,N,39113-003800-1,39.767693692592026,-84.24398595942732
R72 12301 0048,county_only,THE CITY OF DAYTON,JAMES H MCGEE BLVD,DAYTON,640,"Exempt, owned by municipals",E,0000.00000,000000000000.00,000000000000.00,N,,,N,,,
R72 12301 0049,county_only,THE CITY OF DAYTON,JAMES H MCGEE BLVD,DAYTON,640,"Exempt, owned by municipals",E,0000.00000,000000002000.00,000000000000.00,N,,,N,,,
R72 12301 0050,county_only,THE CITY OF DAYTON,JAMES H MCGEE BLVD,DAYTON,640,"Exempt, owned by municipals",E,0000.00000,000000002450.00,000000000000.00,N,,,N,,,
R72 12302 0006,county_only,DAYTON CITY OF,1012 BURLEIGH AVE,DAYTON,640,"Exempt, owned by municipals",E,0000.00000,000000004740.00,000000000000.00,N,,,N,39113-003800-1,39.765987388514645,-84.24553412399352
R72 12303 0026,county_only,CITY OF DAYTON OHIO,915 LELAND AVE,DAYTON,500,"Residential vacant land, lot",R,0000.00000,000000002820.00,000000000000.00,N,,,Y,39113-003800-3,39.76410981316588,-84.24512770851561
R72 12304 0019,both,DAYTON CITY OF,WALTON AVE,DAYTON,640,"Exempt, owned by municipals",E,0000.00000,000000002210.00,000000000000.00,N,Planning,Surplus,Y,39113-003800-3,39.7633924386329,-84.24425586621949
R72 12305 0004,both,CITY OF DAYTON,3515 HOOVER AVE,DAYTON,640,"Exempt, owned by municipals",E,0000.00000,000000002800.00,000000000000.00,N,,,N,39113-003800-3,39.76166068761427,-84.24658911985748
R72 12305 0034,both,DAYTON CITY OF,866 UPLAND AVE,DAYTON,640,"Exempt, owned by municipals",E,0000.00000,000000002210.00,000000000000.00,N,Planning,Surplus,Y,39113-003800-3,39.76350072056892,-84.24675270411187
R72 12307 0058,county_only,DAYTON CITY OF,FAIRBANKS AVE,DAYTON,640,"Exempt, owned by municipals",E,0000.00000,000000001180.00,000000000000.00,N,,,N,,,
R72 12307 0060,county_only,DAYTON CITY OF,FAIRBANKS AVE,DAYTON,640,"Exempt, owned by municipals",E,0000.00000,000000002820.00,000000000000.00,N,,,N,,,
R72 12312 0006,both,DAYTON CITY OF,1534 OMEGA AVE,DAYTON,640,"Exempt, owned by municipals",E,0000.00000,000000009730.00,000000018220.00,Y,Planning,Surplus,N,39113-000300-3,39.779321318265964,-84.2489845863669
R72 12402 0038,county_only,DAYTON CITY OF,732 N UPLAND AVE,DAYTON,640,"Exempt, owned by municipals",E,0000.00000,000000002500.00,000000000000.00,N,,,N,39113-003800-3,39.760429707736485,-84.24682867492908
R72 12402 0044,county_only,CITY OF DAYTON,3518 HOOVER AVE,DAYTON,640,"Exempt, owned by municipals",E,0000.00000,000000005020.00,000000000000.00,N,,,N,39113-003800-3,39.76131284164211,-84.2467156372928
R72 12402 0047,county_only,CITY OF DAYTON OHIO,639 BURLEIGH AVE,DAYTON,640,"Exempt, owned by municipals",E,0000.00000,000000002500.00,000000000000.00,N,,,N,39113-003800-3,39.7605653837755,-84.24620236273348
R72 12408 0013,county_only,DAYTON CITY OF,2621 OAKRIDGE DR,DAYTON,640,"Exempt, owned by municipals",E,0000.00000,000000005100.00,000000000000.00,N,,,N,39113-003800-3,39.75828032307969,-84.24457970142883
R72 12408 0016,county_only,DAYTON CITY OF,518 LELAND AVE,DAYTON,640,"Exempt, owned by municipals",E,0000.00000,000000005310.00,000000000000.00,N,,,N,39113-003800-3,39.75875543750465,-84.24457381837088
R72 12408 0020,county_only,DAYTON CITY OF,534 LELAND AVE,DAYTON,640,"Exempt, owned by municipals",E,0000.00000,000000005270.00,000000000000.00,N,,,N,39113-003800-3,39.759219472927235,-84.24457476859229
R72 12409 0033,county_only,DAYTON CITY OF,KAMMER AVE,DAYTON,500,"Residential vacant land, lot",R,0000.10900,000000002580.00,000000000000.00,N,,,Y,39113-070202-2,39.75926328227419,-84.25442936609231
R72 12410 0076,county_only,DAYTON CITY OF,946 CLEVERLY RD,DAYTON,620,"Exempt, owned by counties",E,0000.00000,000000003590.00,000000000000.00,N,,,N,39113-070202-2,39.76085036954104,-84.26125899921156
R72 12410 0077,county_only,DAYTON CITY OF,968 CLEVERLY RD,DAYTON,620,"Exempt, owned by counties",E,0000.00000,000000003530.00,000000000000.00,N,,,N,39113-070202-2,39.76073550984248,-84.26118937401527
R72 12410 0104,both,CITY OF DAYTON,VERONA RD,DAYTON,640,"Exempt, owned by municipals",E,0000.00000,000000001860.00,000000000000.00,N,,,N,39113-070202-2,39.76065869619694,-84.25786885459317
R72 12410 0105,both,CITY OF DAYTON,VERONA RD,DAYTON,640,"Exempt, owned by municipals",E,0000.00000,000000002350.00,000000000000.00,N,,,N,39113-070202-2,39.76055822090881,-84.25786398889531
R72 12411 0029,both,DAYTON CITY OF,SAYRE AVE,DAYTON,640,"Exempt, owned by municipals",E,0000.00000,000000002230.00,000000000000.00,N,Planning,Surplus,Y,39113-070202-2,39.7584977132642,-84.26405367034093
R72 12411 0030,both,DAYTON CITY OF,SAYRE AVE,DAYTON,640,"Exempt, owned by municipals",E,0000.00000,000000002230.00,000000000000.00,N,Planning,Surplus,Y,39113-070202-2,39.758610646983854,-84.26388328271533
R72 12411 0082,county_only,DAYTON CITY OF,844 MIA AVE,DAYTON,640,"Exempt, owned by municipals",E,0000.00000,000000002520.00,000000000000.00,N,,,N,39113-070202-2,39.760821215235005,-84.26574463115116
R72 12411 0083,county_only,CITY OF DAYTON,840 MIA AVE,DAYTON,640,"Exempt, owned by municipals",E,0000.00000,000000002520.00,000000000000.00,N,,,N,39113-070202-2,39.76072273620662,-84.2657208005946
R72 12411 0085,county_only,CITY OF DAYTON,832 MIA AVE,DAYTON,640,"Exempt, owned by municipals",E,0000.00000,000000002520.00,000000000000.00,N,,,N,39113-070202-2,39.76049464542244,-84.26573279921665
R72 12411 0086,both,DAYTON CITY OF,828 MIA AVE,DAYTON,640,"Exempt, owned by municipals",E,0000.00000,000000002520.00,000000000000.00,N,Planning,Surplus,Y,39113-070202-2,39.76038461197718,-84.26574423390451
R72 12411 0087,both,DAYTON CITY OF,MIA AVE,DAYTON,640,"Exempt, owned by municipals",E,0000.00000,000000002260.00,000000000000.00,N,Planning,Surplus,Y,39113-070202-2,39.76028964300747,-84.2656359567927
R72 12411 0124,both,DAYTON CITY OF,MIA AVE,DAYTON,640,"Exempt, owned by municipals",E,0000.00000,000000002260.00,000000000000.00,N,Planning,Surplus,Y,39113-070202-2,39.76005412914293,-84.26617344615937
R72 12411 0138,county_only,DAYTON CITY OF,844 TYSON AVE,DAYTON,640,"Exempt, owned by municipals",E,0000.00000,000000005040.00,000000000000.00,N,,,N,39113-070202-2,39.76084006957296,-84.26685870086634
R72 12411 0155,county_only,CITY OF DAYTON,738 TYSON AVE,DAYTON,640,"Exempt, owned by municipals",E,0000.00000,000000002520.00,000000000000.00,N,,,N,39113-070202-2,39.75880902455852,-84.26680009197644
R72 12411 0161,county_only,CITY OF DAYTON,714 TYSON AVE,DAYTON,640,"Exempt, owned by municipals",E,0000.00000,000000002520.00,000000000000.00,N,,,N,39113-070202-2,39.75815884424042,-84.26676227273727
R72 12411 0176,county_only,CITY OF DAYTON,747 TYSON AVE,DAYTON,640,"Exempt, owned by municipals",E,0000.00000,000000005040.00,000000000000.00,N,,,N,39113-070202-2,39.75902195636729,-84.26724662647503
R72 12414 0060,both,DAYTON CITY OF,773 SUNLIGHT AVE,DAYTON,500,"Residential vacant land, lot",R,0000.00000,000000002610.00,000000000000.00,N,Public Works,Other,Y,39113-070202-1,39.759123528866255,-84.27140043266519
R72 12414 0082,both,DAYTON CITY OF,STRAWBERRY ROW,DAYTON,640,"Exempt, owned by municipals",E,0000.00000,000000002210.00,000000000000.00,N,Planning,Surplus,Y,39113-070202-1,39.759449667986814,-84.27041747910225
R72 12414 0086,both,DAYTON CITY OF,STRAWBERRY ROW,DAYTON,640,"Exempt, owned by municipals",E,0000.00000,000000002210.00,000000000000.00,N,Planning,Surplus,Y,39113-070202-1,39.75966843725098,-84.27042238926836
R72 12414 0096,both,DAYTON CITY OF,STRAWBERRY ROW,DAYTON,640,"Exempt, owned by municipals",E,0000.00000,000000002210.00,000000000000.00,N,Planning,Surplus,Y,39113-070202-1,39.759777821871566,-84.27042484410119
R72 12414 0111,both,CITY OF DAYTON,STRAWBERRY ROW,DAYTON,640,"Exempt, owned by municipals",E,0000.00000,000000001610.00,000000000000.00,N,,,N,39113-070202-1,39.760680952378564,-84.2698935742242
R72 12414 0134,both,DAYTON CITY OF,785 GOODLOW AVE,DAYTON,640,"Exempt, owned by municipals",E,0000.00000,000000002210.00,000000000000.00,N,Planning,Surplus,Y,39113-070202-1,39.759471744610686,-84.26924682791326
R72 12414 0136,both,DAYTON CITY OF,781 GOODLOW AVE,DAYTON,640,"Exempt, owned by municipals",E,0000.00000,000000002210.00,000000000000.00,N,Planning,Surplus,Y,39113-070202-1,39.75935985731267,-84.26924398709684
R72 12414 0171,city_layer_only,,,,,,,,,,N,,,N,,39.759886681732425,-84.26889800349444
R72 12414 0208,county_only,DAYTON CITY OF,HOOVER AVE,DAYTON,500,"Residential vacant land, lot",R,0000.01220,000000001530.00,000000000000.00,N,,,Y,,,
R72 12414 0209,county_only,DAYTON CITY OF,HOOVER AVE,DAYTON,400,Commercial vacant land,C,0000.00410,000000000000.00,000000000000.00,N,,,Y,,,
R72 12414 0210,county_only,DAYTON CITY OF,HOOVER AVE,DAYTON,400,Commercial vacant land,C,0000.00800,000000000000.00,000000000000.00,N,,,Y,,,
R72 12501 0009,county_only,CITY OF DAYTON,1217 1219 KAMMER AVE,DAYTON,640,"Exempt, owned by municipals",E,0000.00000,000000002350.00,000000000000.00,N,,,N,39113-003800-4,39.7596555484985,-84.24313770914739
R72 12502 0002,county_only,CITY OF DAYTON,1005 KAMMER AVE,DAYTON,640,"Exempt, owned by municipals",E,0000.00000,000000004640.00,000000000000.00,N,,,N,39113-003800-4,39.759673068801284,-84.24029908484196
R72 12502 0003,county_only,CITY OF DAYTON,1009 KAMMER AVE,DAYTON,640,"Exempt, owned by municipals",E,0000.00000,000000004570.00,000000000000.00,N,,,N,39113-003800-4,39.759668684792224,-84.24040925995305
R72 12502 0005,county_only,CITY OF DAYTON,1017 KAMMER AVE,DAYTON,640,"Exempt, owned by municipals",E,0000.00000,000000004570.00,000000000000.00,N,,,N,39113-003800-4,39.75966487543865,-84.24066528901182
R72 12502 0006,county_only,CITY OF DAYTON,1021 KAMMER AVE,DAYTON,640,"Exempt, owned by municipals",E,0000.00000,000000004570.00,000000000000.00,N,,,N,39113-003800-4,39.75966022666486,-84.24079329392907
R72 12502 0047,county_only,DAYTON CITY OF,3008 HOOVER AVE,DAYTON,640,"Exempt, owned by municipals",E,0000.00000,000000002360.00,000000000000.00,N,,,N,39113-003800-4,39.76138456703185,-84.24042722651741
R72 12503 0046,county_only,DAYTON CITY OF,444 SHOOP AVE,DAYTON,620,"Exempt, owned by counties",E,0000.00000,000000002410.00,000000000000.00,N,,,N,39113-003800-5,39.76068879871257,-84.23835241576069
R72 12503 0047,county_only,DAYTON CITY OF,444 SHOOP AVE,DAYTON,620,"Exempt, owned by counties",E,0000.00000,000000004020.00,000000000000.00,N,,,N,39113-003800-5,39.760773166769084,-84.23851919887792
R72 12504 0028,both,DAYTON CITY OF,ANNA ST,DAYTON,500,"Residential vacant land, lot",R,0000.00000,000000001700.00,000000000000.00,N,Public Works,Other,Y,39113-003800-5,39.761104687281595,-84.23659137067507
R72 12506 0010,county_only,DAYTON CITY OF,508 KAMMER AVE,DAYTON,640,"Exempt, owned by municipals",E,0000.00000,000000002470.00,000000000000.00,N,,,N,39113-003800-2,39.75939513289098,-84.23424046902527
R72 12506 0014,county_only,CITY OF DAYTON,524 KAMMER AVE,DAYTON,640,"Exempt, owned by municipals",E,0000.00000,000000004930.00,000000000000.00,N,,,N,39113-003800-2,39.75940679534075,-84.23474950928394
R72 12506 0054,county_only,CITY OF DAYTON,628 KAMMER AVE,DAYTON,640,"Exempt, owned by municipals",E,0000.00000,000000004970.00,000000000000.00,N,,,N,39113-003800-2,39.7593682301014,-84.23605423300643
R72 12507 0014,county_only,CITY OF DAYTON,319 ANNA ST,DAYTON,640,"Exempt, owned by municipals",E,0000.00000,000000004860.00,000000000000.00,N,,,N,39113-003800-5,39.75892592662988,-84.2364381229219
R72 12507 0031,county_only,CITY OF DAYTON,319 GRAMONT AVE,DAYTON,640,"Exempt, owned by municipals",E,0000.00000,000000004680.00,000000000000.00,N,,,N,39113-003800-5,39.75883739498788,-84.23759213731863
R72 12507 0032,county_only,DAYTON CITY OF,315 GRAMONT AVE,DAYTON,640,"Exempt, owned by municipals",E,0000.00000,000000004680.00,000000000000.00,N,,,N,39113-003800-5,39.75874677053287,-84.23759343406567
R72 12507 0043,county_only,CITY OF DAYTON,324 326 SHOOP AVE,DAYTON,640,"Exempt, owned by municipals",E,0000.00000,000000004940.00,000000000000.00,N,,,N,39113-003800-5,39.758985338671835,-84.23835364407074
R72 12507 0046,county_only,CITY OF DAYTON,820 KAMMER AVE,DAYTON,640,"Exempt, owned by municipals",E,0000.00000,000000004780.00,000000000000.00,N,,,N,39113-003800-5,39.75934792379689,-84.23820029569394
R72 12508 0036,county_only,DAYTON CITY OF,1020 KAMMER AVE,DAYTON,640,"Exempt, owned by municipals",E,0000.00000,000000004710.00,000000000000.00,N,,,N,39113-003800-4,39.75935834400981,-84.24078219706377
R72 12508 0037,county_only,DAYTON CITY OF,KAMMER AVE,DAYTON,640,"Exempt, owned by municipals",E,0000.00000,000000002120.00,000000000000.00,N,,,N,39113-003800-4,39.75926433490532,-84.24065994469167
R72 12509 0033,county_only,CITY OF DAYTON,1228 KAMMER AVE,DAYTON,640,"Exempt, owned by municipals",E,0000.00000,000000002390.00,000000000000.00,N,,,N,39113-003800-4,39.75928690968991,-84.24355184467866
R72 12509 0034,county_only,DAYTON CITY OF,KAMMER AVE,DAYTON,640,"Exempt, owned by municipals",E,0000.00000,000000002180.00,000000000000.00,N,,,N,39113-003800-4,39.75923786435278,-84.24341907924489
R72 12509 0035,county_only,DAYTON CITY OF,1220 1222 KAMMER AVE,DAYTON,640,"Exempt, owned by municipals",E,0000.00000,000000002420.00,000000000000.00,N,,,N,39113-003800-4,39.759312300487146,-84.24332124449671
R72 12601 0043,both,DAYTON CITY OF,248 LORENZ AVE,DAYTON,500,"Residential vacant land, lot",R,0000.00000,000000002220.00,000000000000.00,N,,,Y,39113-003900-3,39.757816981235635,-84.23511905716789
R72 12601 0058,both,CITY OF DAYTON,221 ARDMORE AVE,DAYTON,640,"Exempt, owned by municipals",E,0000.00000,000000002390.00,000000000000.00,N,Planning,Surplus,Y,39113-003900-3,39.75707168516633,-84.23445659742166
R72 12601 0062,both,CITY OF DAYTON,205 ARDMORE AVE,DAYTON,640,"Exempt, owned by municipals",E,0000.00000,000000002390.00,000000000000.00,N,Planning,Surplus,Y,39113-003900-3,39.756648790555275,-84.23446029381
R72 12601 0066,county_only,CITY OF DAYTON,208 LORENZ AVE,DAYTON,640,"Exempt, owned by municipals",E,0000.00000,000000002390.00,000000000000.00,N,,,N,39113-003900-3,39.75674020898266,-84.23514563677212
R72 12601 0069,county_only,CITY OF DAYTON,220 LORENZ AVE,DAYTON,640,"Exempt, owned by municipals",E,0000.00000,000000002390.00,000000000000.00,N,,,N,39113-003900-3,39.75705617916893,-84.23513211331026
R72 12601 0075,county_only,DAYTON CITY OF,244 LORENZ AVE,DAYTON,640,"Exempt, owned by municipals",E,0000.00000,000000002380.00,000000000000.00,N,,,N,39113-003900-3,39.75768236721624,-84.23512281590457
R72 12601 0078,county_only,CITY OF DAYTON,237 LORENZ AVE,DAYTON,640,"Exempt, owned by municipals",E,0000.00000,000000005390.00,000000000000.00,N,,,N,39113-003900-3,39.757483451603434,-84.23557326654151
R72 12601 0079,county_only,CITY OF DAYTON,233 LORENZ AVE,DAYTON,640,"Exempt, owned by municipals",E,0000.00000,000000005390.00,000000000000.00,N,,,N,39113-003900-3,39.757370881232475,-84.23557401813854
R72 12601 0080,county_only,CITY OF DAYTON,229 LORENZ AVE,DAYTON,640,"Exempt, owned by municipals",E,0000.00000,000000005390.00,000000000000.00,N,,,N,39113-003900-3,39.757263480478755,-84.23559623236693
R72 12601 0085,county_only,DAYTON CITY OF,209 LORENZ AVE,DAYTON,640,"Exempt, owned by municipals",E,0000.00000,000000002690.00,000000000000.00,N,,,N,39113-003900-3,39.75673635858896,-84.23559021433249
R72 12601 0087,county_only,CITY OF DAYTON,201 LORENZ AVE,DAYTON,640,"Exempt, owned by municipals",E,0000.00000,000000002690.00,000000000000.00,N,,,N,39113-003900-3,39.75652499420546,-84.23558495012674
R72 12602 0025,county_only,DAYTON CITY OF,2102 OAKRIDGE DR,DAYTON,640,"Exempt, owned by municipals",E,0000.00000,000000003040.00,000000000000.00,N,,,N,39113-003900-2,39.758047304010184,-84.23809895558001
R72 12602 0026,both,CITY OF DAYTON,245 SHOOP AVE,DAYTON,640,"Exempt, owned by municipals",E,0000.00000,000000002270.00,000000000000.00,N,Planning,Surplus,Y,39113-003900-2,39.75769269119952,-84.23905069859968
R72 12604 0023,county_only,CITY OF DAYTON,321 HURON AVE,DAYTON,640,"Exempt, owned by municipals",E,0000.00000,000000004730.00,000000000000.00,N,,,N,39113-003900-2,39.75689441818323,-84.2426879652901
R72 12604 0051,county_only,DAYTON CITY OF,2516 OAKRIDGE DR,DAYTON,640,"Exempt, owned by municipals",E,0000.00000,000000004840.00,000000000000.00,N,,,N,39113-003900-2,39.75797495783139,-84.24314544736933
R72 12605 0038,county_only,CITY OF DAYTON,423 WALTON AVE,DAYTON,640,"Exempt, owned by municipals",E,0000.00000,000000002570.00,000000000000.00,N,,,N,39113-003900-2,39.75702230397375,-84.24387230400023
R72 12606 0036,both,CITY OF DAYTON,434 BURLEIGH AVE,DAYTON,640,"Exempt, owned by municipals",E,0000.00000,000000002590.00,000000000000.00,N,Planning,Surplus,Y,39113-003900-2,39.75734464661095,-84.24582637020254
R72 12701 0042,county_only,DAYTON CITY OF,601 GETTYSBURG AVE,DAYTON,640,"Exempt, owned by municipals",E,0000.00000,000000004400.00,000000000000.00,N,,,N,39113-004400-1,39.75548370417613,-84.25348532552417
R72 12702 0008,county_only,DAYTON CITY OF,3036 EDISON ST,DAYTON,640,"Exempt, owned by municipals",E,0000.00000,000000002550.00,000000000000.00,N,,,N,39113-003900-1,39.756025401385365,-84.25233566661214
R72 12702 0024,both,CITY OF DAYTON,2925 PRESTON ST,DAYTON,613,Exempt land only,E,0000.00000,000000002550.00,000000000000.00,N,Planning,Surplus,Y,39113-003900-1,39.75554027317447,-84.25191074088261
R72 12702 0047,both,DAYTON CITY OF,3705 W 2ND ST,DAYTON,640,"Exempt, owned by municipals",E,0000.00000,000000002550.00,000000000000.00,N,,,N,39113-003900-1,39.7547001324484,-84.25117101530546
R72 12703 0005,county_only,DAYTON CITY OF,2904 EDISON ST,DAYTON,640,"Exempt, owned by municipals",E,0000.00000,000000005360.00,000000000000.00,N,,,N,39113-003900-1,39.7560482887805,-84.25007360353378
R72 12703 0007,county_only,CITY OF DAYTON,2801 PRESTON ST,DAYTON,640,"Exempt, owned by municipals",E,0000.00000,000000006000.00,000000000000.00,N,,,N,39113-003900-1,39.75552659227591,-84.24970478091406
R72 12703 0052,county_only,DAYTON CITY OF,320 N DECKER AVE,DAYTON,640,"Exempt, owned by municipals",E,0000.00000,000000005540.00,000000000000.00,N,,,N,39113-003900-2,39.75530823678575,-84.24906601746034
R72 12706 0009,county_only,CITY OF DAYTON,3333 W 2ND ST,DAYTON,640,"Exempt, owned by municipals",E,0000.00000,000000005500.00,000000000000.00,N,,,N,39113-003900-2,39.75422787691139,-84.24491941391061
R72 12706 0016,county_only,DAYTON CITY OF,3305 W 2ND ST,DAYTON,640,"Exempt, owned by municipals",E,0000.00000,000000005500.00,000000000000.00,N,,,N,39113-003900-2,39.754217936466375,-84.24392983048685
R72 12707 0001,county_only,CITY OF DAYTON,200 HURON AVE,DAYTON,640,"Exempt, owned by municipals",E,0000.00000,000000004860.00,000000000000.00,N,,,N,39113-003900-2,39.75420808639065,-84.24219676442658
R72 12708 0007,county_only,DAYTON CITY OF,261 BROOKLYN AVE,DAYTON,640,"Exempt, owned by municipals",E,0000.00000,000000002560.00,000000000000.00,N,,,N,39113-003900-2,39.75566575384949,-84.24019189815766
R72 12708 0019,county_only,DAYTON CITY OF,213 BROOKLYN AVE,DAYTON,640,"Exempt, owned by municipals",E,0000.00000,000000002620.00,000000000000.00,N,,,N,39113-003900-2,39.7545041073521,-84.2402020003367
R72 12708 0031,city_layer_only,,,,,,,,,,N,Planning,Surplus,Y,,39.75497512260722,-84.24102486864484
R72 12708 0033,county_only,CITY OF DAYTON,240 WESTWOOD AVE,DAYTON,640,"Exempt, owned by municipals",E,0000.00000,000000005040.00,000000000000.00,N,,,N,39113-003900-2,39.75517604287666,-84.24099433325152
R72 12708 0040,county_only,DAYTON CITY OF,268 WESTWOOD AVE,DAYTON,640,"Exempt, owned by municipals",E,0000.00000,000000005040.00,000000000000.00,N,,,N,39113-003900-2,39.755845858132524,-84.24100395696703
R72 12708 0045,county_only,DAYTON CITY OF,285 WESTWOOD AVE,DAYTON,640,"Exempt, owned by municipals",E,0000.00000,000000004860.00,000000000000.00,N,,,N,39113-003900-2,39.75622357287712,-84.24145450908446
R72 12708 0054,county_only,DAYTON CITY OF,249 WESTWOOD AVE,DAYTON,640,"Exempt, owned by municipals",E,0000.00000,000000004860.00,000000000000.00,N,,,N,39113-003900-2,39.755367029551294,-84.24144376991867
R72 12709 0003,county_only,DAYTON CITY OF,208 BROOKLYN AVE,DAYTON,640,"Exempt, owned by municipals",E,0000.00000,000000002490.00,000000000000.00,N,,,N,39113-003900-2,39.754428588855234,-84.23974123376657
R72 12709 0004,county_only,DAYTON CITY OF,212 BROOKLYN AVE,DAYTON,640,"Exempt, owned by municipals",E,0000.00000,000000004990.00,000000000000.00,N,,,N,39113-003900-2,39.754519107717805,-84.23974704866171
R72 12709 0005,county_only,DAYTON CITY OF,216 BROOKLYN AVE,DAYTON,640,"Exempt, owned by municipals",E,0000.00000,000000002490.00,000000000000.00,N,,,N,39113-003900-2,39.754618060983,-84.2397423504013
R72 12709 0012,county_only,DAYTON CITY OF,244 BROOKLYN AVE,DAYTON,640,"Exempt, owned by municipals",E,0000.00000,000000002480.00,000000000000.00,N,,,N,39113-003900-2,39.7552786558042,-84.23944934251602
R72 12709 0018,county_only,CITY OF DAYTON,268 BROOKLYN AVE,DAYTON,640,"Exempt, owned by municipals",E,0000.00000,000000004930.00,000000000000.00,N,,,N,39113-003900-2,39.75585899681003,-84.23975199712036
R72 12709 0045,both,DAYTON CITY OF,2ND ST,DAYTON,500,"Residential vacant land, lot",R,0000.00000,000000002370.00,000000000000.00,N,Public Works,Other,Y,39113-003900-2,39.754289426811155,-84.23923198555138
R72 12709 0046,both,DAYTON CITY OF,2ND ST,DAYTON,500,"Residential vacant land, lot",R,0000.00000,000000002780.00,000000000000.00,N,Public Works,Other,Y,39113-003900-2,39.75435176903238,-84.23908488485569
R72 12710 0003,county_only,CITY OF DAYTON,108 ANNA ST,DAYTON,640,"Exempt, owned by municipals",E,0000.00000,000000002440.00,000000000000.00,N,,,N,39113-003900-3,39.75445161718684,-84.23634441212616
R72 12710 0006,county_only,DAYTON CITY OF,120 ANNA ST,DAYTON,640,"Exempt, owned by municipals",E,0000.00000,000000002450.00,000000000000.00,N,,,N,39113-003900-3,39.754789163503155,-84.2363563775696
R72 12710 0007,county_only,DAYTON CITY OF,124 ANNA ST,DAYTON,640,"Exempt, owned by municipals",E,0000.00000,000000002430.00,000000000000.00,N,,,N,39113-003900-3,39.75489619427627,-84.23635904437339
R72 12710 0008,county_only,DAYTON CITY OF,128 ANNA ST,DAYTON,640,"Exempt, owned by municipals",E,0000.00000,000000002450.00,000000000000.00,N,,,N,39113-003900-3,39.75500327097315,-84.23636171232967
R72 12710 0009,county_only,DAYTON CITY OF,132 ANNA ST,DAYTON,640,"Exempt, owned by municipals",E,0000.00000,000000002460.00,000000000000.00,N,,,N,39113-003900-3,39.755110197117,-84.23637148800684
R72 12710 0015,county_only,DAYTON CITY OF,156 ANNA ST,DAYTON,640,"Exempt, owned by municipals",E,0000.00000,000000002480.00,000000000000.00,N,,,N,39113-003900-3,39.755725042440986,-84.23638680795474
R72 12710 0017,county_only,CITY OF DAYTON,164 ANNA ST,DAYTON,640,"Exempt, owned by municipals",E,0000.00000,000000002500.00,000000000000.00,N,,,N,39113-003900-3,39.755928072282515,-84.23639897723886
R72 12710 0018,county_only,DAYTON CITY OF,168 ANNA ST,DAYTON,640,"Exempt, owned by municipals",E,0000.00000,000000002520.00,000000000000.00,N,,,N,39113-003900-3,39.75602687397337,-84.23640143910605
R72 12710 0023,county_only,DAYTON CITY OF,165 ANNA ST,DAYTON,640,"Exempt, owned by municipals",E,0000.00000,000000002540.00,000000000000.00,N,,,N,39113-003900-3,39.75582858746475,-84.23680916711503
R72 12710 0034,county_only,DAYTON CITY OF,121 ANNA ST,DAYTON,640,"Exempt, owned by municipals",E,0000.00000,000000002530.00,000000000000.00,N,,,N,39113-003900-3,39.75472243164806,-84.23678159875455
R72 12710 0035,county_only,CITY OF DAYTON,117 ANNA ST,DAYTON,640,"Exempt, owned by municipals",E,0000.00000,000000002520.00,000000000000.00,N,,,N,39113-003900-3,39.75461824942625,-84.23677189205353
R72 12711 0019,both,DAYTON CITY OF,175 ARDMORE AVE,DAYTON,640,"Exempt, owned by municipals",E,0000.00000,000000002390.00,000000000000.00,N,Planning,Surplus,Y,39113-003900-3,39.75600594026244,-84.23447984789551
R72 12711 0031,county_only,DAYTON CITY OF,138 LORENZ AVE,DAYTON,640,"Exempt, owned by municipals",E,0000.00000,000000002360.00,000000000000.00,N,,,N,39113-003900-3,39.75510091676314,-84.2351474854037
R72 12711 0032,county_only,DAYTON CITY OF,134 LORENZ AVE,DAYTON,640,"Exempt, owned by municipals",E,0000.00000,000000002360.00,000000000000.00,N,,,N,39113-003900-3,39.755002062286735,-84.23514858034291
R72 12711 0046,county_only,DAYTON CITY OF,123 LORENZ AVE,DAYTON,640,"Exempt, owned by municipals",E,0000.00000,000000002670.00,000000000000.00,N,,,N,39113-003900-3,39.75469912319214,-84.23557858652903
R72 12801 0001,both,DAYTON CITY OF,410 GETTYSBURG AVE,DAYTON,640,"Exempt, owned by municipals",E,0000.00000,000000374980.00,000002480160.00,Y,Public Works,Other,N,39113-003900-1,39.75361371680905,-84.25257385115162
R72 12802 0011,county_only,DAYTON CITY OF,116 N DECKER AVE,DAYTON,640,"Exempt, owned by municipals",E,0000.00000,000000002990.00,000000000000.00,N,,,N,39113-003900-1,39.752777986017946,-84.2478677220958
R72 12802 0046,county_only,DAYTON CITY OF,104 N TRENTON ST,DAYTON,640,"Exempt, owned by municipals",E,0000.00000,000000005400.00,000000000000.00,N,,,N,39113-003900-1,39.75244098619069,-84.24910438759514
R72 12803 0003,county_only,DAYTON CITY OF,3364 DELPHOS AVE,DAYTON,640,"Exempt, owned by municipals",E,0000.00000,000000005650.00,000000000000.00,N,,,N,39113-003900-1,39.75388196949959,-84.24583567677394
R72 12803 0022,both,CITY OF DAYTON,128 UPLAND AVE,DAYTON,500,"Residential vacant land, lot",R,0000.00000,000000002990.00,000000000000.00,N,Public Works,Other,Y,39113-003900-1,39.75310929176487,-84.24646018730209
R72 12804 0026,city_layer_only,,,,,,,,,,N,,,N,,39.75279411154642,-84.24531749768157
R72 12804 0027,city_layer_only,,,,,,,,,,N,,,N,,39.7526834491624,-84.24518459073589
R72 12805 0024,county_only,DAYTON CITY OF,65 N HATFIELD ST,DAYTON,640,"Exempt, owned by municipals",E,0000.00000,000000005210.00,000000000000.00,N,,,N,39113-003900-1,39.751539897163916,-84.25206988898776
R72 12805 0037,both,DAYTON CITY OF,68 ALDER ST,DAYTON,640,"Exempt, owned by municipals",E,0000.00000,000000003120.00,000000000000.00,N,Planning,Surplus,Y,39113-003900-1,39.75170385476302,-84.25083962902269
R72 12805 0038,county_only,DAYTON CITY OF,59 N ALDER ST,DAYTON,640,"Exempt, owned by municipals",E,0000.00000,000000006920.00,000000000000.00,N,,,N,39113-003900-1,39.75151280345387,-84.25076366555845
R72 12805 0039,county_only,DAYTON CITY OF,53 N ALDER ST,DAYTON,640,"Exempt, owned by municipals",E,0000.00000,000000006920.00,000000000000.00,N,,,N,39113-003900-1,39.75139755023777,-84.25075721522717
R72 12807 0002,both,DAYTON CITY OF,N ALDER ST,DAYTON,640,"Exempt, owned by municipals",E,0000.00000,000000002790.00,000000000000.00,N,Planning,Surplus,Y,39113-003900-1,39.751898565731324,-84.25030738149869
R72 12807 0012,county_only,DAYTON CITY OF,26 N ALDER ST,DAYTON,640,"Exempt, owned by municipals",E,0000.00000,000000004750.00,000000000000.00,N,,,N,39113-003900-1,39.750659263753874,-84.25036869175544
R72 12807 0015,both,DAYTON CITY OF,CALHOUN ST,DAYTON,640,"Exempt, owned by municipals",E,0000.00000,000000001810.00,000000000000.00,N,Planning,Surplus,Y,39113-003900-1,39.752065137063205,-84.24979099599592
R72 12807 0016,both,DAYTON CITY OF,CALHOUN ST,DAYTON,640,"Exempt, owned by municipals",E,0000.00000,000000000500.00,000000000000.00,N,Planning,Surplus,Y,39113-003900-1,39.751979399870756,-84.24978927701818
R72 12904 0003,both,DAYTON CITY OF,618 CIRCLE RD,DAYTON,640,"Exempt, owned by municipals",E,0000.00000,000000002030.00,000000000000.00,N,Planning,Surplus,Y,39113-004400-1,39.75657499712897,-84.26345265490322
R72 12908 0023,city_layer_only,,,,,,,,,,N,,,N,,39.75446304061682,-84.26239799373492
R72 12910 0023,county_only,CITY OF DAYTON,603 ELMHURST RD,DAYTON,640,"Exempt, owned by municipals",E,0000.00000,000000002200.00,000000000000.00,N,,,N,39113-004400-1,39.754855471892746,-84.25948165579169
R72 12910 0027,county_only,CITY OF DAYTON,621 ELMHURST RD,DAYTON,640,"Exempt, owned by municipals",E,0000.00000,000000002200.00,000000000000.00,N,,,N,39113-004400-1,39.75532150137917,-84.25953259105441
R72 12910 0048,both,DAYTON CITY OF,ELMHURST RD,DAYTON,640,"Exempt, owned by municipals",E,0000.00000,000000021480.00,000000037800.00,Y,Public Works,Other,N,39113-004400-1,39.75400338975678,-84.25880915491474
R72 12912 0001,both,DAYTON CITY OF,W 2ND ST,DAYTON,640,"Exempt, owned by municipals",E,0000.00000,000000001020.00,000000000000.00,N,Public Works,Other,N,39113-004400-1,39.754193015305155,-84.2572731452739
R72 12912 0002,both,DAYTON CITY OF,W 2ND ST,DAYTON,640,"Exempt, owned by municipals",E,0000.00000,000000000600.00,000000000000.00,N,Public Works,Other,N,39113-004400-1,39.7542413439594,-84.25708775296725
R72 12912 0025,both,DAYTON CITY OF,VERONA RD,DAYTON,640,"Exempt, owned by municipals",E,0000.00000,000000000600.00,000000000000.00,N,Public Works,Other,N,39113-004400-1,39.7545617174474,-84.25721247231319
R72 12912 0026,both,DAYTON CITY OF,EDISON ST,DAYTON,640,"Exempt, owned by municipals",E,0000.00000,000000001050.00,000000000000.00,N,Public Works,Other,N,39113-004400-1,39.75453253645918,-84.25741347322175
R72 13004 0014,county_only,CITY OF DAYTON OHIO,312 GENEVA RD,DAYTON,500,"Residential vacant land, lot",R,0000.00000,000000003130.00,000000000000.00,N,,,Y,39113-004400-2,39.751740906794296,-84.26008248960206
R72 13006 0020,county_only,DAYTON CITY OF,115 ELMHURST RD,DAYTON,640,"Exempt, owned by municipals",E,0000.00000,000000005450.00,000000000000.00,N,,,N,39113-004400-2,39.749461118077015,-84.25939885520592
R72 13101 0021,both,DAYTON CITY OF,40 S HATFIELD ST,DAYTON,640,"Exempt, owned by municipals",E,0000.00000,000000000660.00,000000000000.00,N,Planning,Surplus,Y,39113-004600-1,39.74839557261817,-84.2515426648053
R72 13101 0032,both,CITY OF DAYTON,S HATFIELD ST,DAYTON,640,"Exempt, owned by municipals",E,0000.00000,000000001770.00,000000000000.00,N,Planning,Surplus,Y,39113-004600-1,39.74848642512971,-84.25154381250098
R72 13102 0048,both,CITY OF DAYTON,25 DECKER AVE,DAYTON,500,"Residential vacant land, lot",R,0000.00000,000000002300.00,000000000000.00,N,Public Works,Other,Y,39113-004600-1,39.749524589010925,-84.24834104458985
R72 13103 0040,county_only,DAYTON CITY OF,MAYWOOD AVE,DAYTON,640,"Exempt, owned by municipals",E,0000.00000,000000000850.00,000000001690.00,Y,,,N,,,
R72 13104 0014,both,DAYTON CITY OF,S GETTYSBURG AVE,DAYTON,640,"Exempt, owned by municipals",E,0000.00000,000000001970.00,000000000000.00,N,Public Works,Other,N,39113-004600-1,39.746908040289526,-84.2526862114618
R72 13104 0015,both,DAYTON CITY OF,3809 MCCALL ST,DAYTON,500,"Residential vacant land, lot",R,0000.00000,000000005750.00,000000000000.00,N,Public Works,Other,Y,39113-004600-1,39.746931828664025,-84.25228839514588
R72 13104 0029,both,DAYTON CITY OF,HATFIELD & MYWOOD,DAYTON,640,"Exempt, owned by municipals",E,0000.00000,000000017670.00,000000008610.00,Y,Public Works,Other,N,39113-004600-1,39.74814570159208,-84.25141097848962
R72 13104 0074,county_only,DAYTON CITY OF,MAYWOOD AVE,DAYTON,640,"Exempt, owned by municipals",E,0000.00000,000000000240.00,000000000000.00,N,,,N,,,
R72 13107 0016,both,CITY OF DAYTON,LOOKOUT AVE,DAYTON,500,"Residential vacant land, lot",R,0000.00000,000000002480.00,000000000000.00,N,Public Works,Other,Y,39113-004600-3,39.7460454529714,-84.25170413066225
R72 13107 0022,both,CITY OF DAYTON,200 LOOKOUT AVE,DAYTON,640,"Exempt, owned by municipals",E,0000.00000,000000002490.00,000000000000.00,N,Planning,Surplus,Y,39113-004600-3,39.746561122672105,-84.25137557632547
R72 13107 0023,both,CITY OF DAYTON,200 LOOKOUT AVE,DAYTON,640,"Exempt, owned by municipals",E,0000.00000,000000002480.00,000000000000.00,N,Planning,Surplus,Y,39113-004600-3,39.74644849900551,-84.25123337839972
R72 13107 0026,both,CITY OF DAYTON,LOOKOUT AVE,DAYTON,640,"Exempt, owned by municipals",E,0000.00000,000000002490.00,000000000000.00,N,Planning,Surplus,Y,39113-004600-3,39.7461223272359,-84.25136536575465
R72 13107 0028,both,DAYTON CITY OF,213 ANTIETAM AVE,DAYTON,500,"Residential vacant land, lot",R,0000.00000,000000002490.00,000000000000.00,N,,,Y,39113-004600-3,39.74622090546578,-84.25063351489695
R72 13108 0004,county_only,CITY OF DAYTON,3412 CHICAMAUGA AVE,DAYTON,640,"Exempt, owned by municipals",E,0000.00000,000000009280.00,000000000000.00,N,,,N,39113-004600-3,39.74507962162959,-84.24963815490555
R72 13108 0005,both,DAYTON CITY OF,3416 CHICAMAUGA AVE,DAYTON,500,"Residential vacant land, lot",R,0000.00000,000000002610.00,000000000000.00,N,Public Works,Other,Y,39113-004600-3,39.74531999754788,-84.24974909010231
R72 13201 0033,both,DAYTON CITY OF,329 LOOKOUT AVE,DAYTON,640,"Exempt, owned by municipals",E,0000.00000,000000002480.00,000000000000.00,N,Planning,Surplus,Y,39113-004600-3,39.74429231545724,-84.25200578004771
R72 13201 0054,county_only,DAYTON CITY OF,314 LOOKOUT AVE,DAYTON,640,"Exempt, owned by municipals",E,0000.00000,000000005540.00,000000000000.00,N,,,N,39113-004600-3,39.74479685037697,-84.25147000259591
R72 13202 0005,both,DAYTON CITY OF,359 357 ANTIETAM AVE,DAYTON,500,"Residential vacant land, lot",R,0000.00000,000000002490.00,000000000000.00,N,Public Works,Other,Y,39113-004600-3,39.74398558033619,-84.25053548607853
R72 13202 0009,county_only,CITY OF DAYTON,337 339 ANTIETAM AVE,DAYTON,640,"Exempt, owned by municipals",E,0000.00000,000000002770.00,000000000000.00,N,,,N,39113-004600-3,39.744429741739474,-84.25049681397547
R72 13202 0011,county_only,CITY OF DAYTON,329 ANTIETAM AVE,DAYTON,640,"Exempt, owned by municipals",E,0000.00000,000000005540.00,000000000000.00,N,,,N,39113-004600-3,39.74460723719513,-84.25056176346254
R72 13202 0043,both,CITY OF DAYTON,HOME AVE,DAYTON,640,"Exempt, owned by municipals",E,0000.00000,000000000940.00,000000000000.00,N,Public Works,Other,N,39113-004600-3,39.74399284873851,-84.24885193409509
R72 13202 0046,both,DAYTON CITY OF,HOME AVE,DAYTON,640,"Exempt, owned by municipals",E,0000.00000,000000000000.00,000000000000.00,N,,,N,39113-004200-1,39.74271264397983,-84.24918273175759
R72 13202 0047,both,CITY OF DAYTON,HOME AVE,DAYTON,640,"Exempt, owned by municipals",E,0000.00000,000000000000.00,000000000000.00,N,,,N,39113-004200-1,39.74277055648105,-84.24924985293521
R72 13202 0049,both,CITY OF DAYTON,HOME AVE,DAYTON,400,Commercial vacant land,C,0000.00000,000000000000.00,000000000000.00,N,,,Y,39113-004200-1,39.74279236085706,-84.24903413484314
R72 13202 0050,both,CITY OF DAYTON,HOME AVE,DAYTON,640,"Exempt, owned by municipals",E,0000.00000,000000000000.00,000000000000.00,N,,,N,39113-004200-1,39.74285289258768,-84.24905632763998
R72 13202 0053,both,CITY OF DAYTON,HOME AVE,DAYTON,640,"Exempt, owned by municipals",E,0000.02800,000000000000.00,000000000000.00,N,,,N,39113-004600-3,39.74352572889063,-84.2501856995319
R72 13203 0010,both,DAYTON CITY OF,3253 HOME AVE,DAYTON,640,"Exempt, owned by municipals",E,0000.00000,000000001590.00,000000000000.00,N,,,N,39113-004600-3,39.74372510114669,-84.24840901768256
R72 13203 0011,both,CITY OF DAYTON,3257 HOME AVE,DAYTON,640,"Exempt, owned by municipals",E,0000.00000,000000001080.00,000000000000.00,N,Public Works,Other,N,39113-004600-3,39.74371000305317,-84.24850112327337
R72 13203 0013,both,CITY OF DAYTON,3200 3206 HOME AVE,DAYTON,640,"Exempt, owned by municipals",E,0000.00000,000000000000.00,000000000000.00,N,,,N,39113-004200-1,39.74394528481073,-84.24580018893336
R72 13203 0014,both,CITY OF DAYTON,ST RT 35,DAYTON,640,"Exempt, owned by municipals",E,0000.00000,000000000000.00,000000000000.00,N,,,N,39113-004200-1,39.743851865407436,-84.24635625553928
R72 13203 0015,both,CITY OF DAYTON,419 429 ROESCH ST,DAYTON,640,"Exempt, owned by municipals",E,0000.00000,000000000000.00,000000000000.00,N,,,N,39113-004200-1,39.74332141126663,-84.24583794376295
R72 13203 0018,county_only,CITY OF DAYTON,HOME AVE,DAYTON,400,Commercial vacant land,C,0000.00000,000000000000.00,000000000000.00,N,,,Y,,,
R72 13204 0038,both,DAYTON CITY OF,HOME AVE,DAYTON,640,"Exempt, owned by municipals",E,0000.00000,000000002020.00,000000000000.00,N,,,N,39113-004600-3,39.74446653502393,-84.24656729342274
R72 13204 0039,both,CITY OF DAYTON,CHICAMAUGA AVE,DAYTON,640,"Exempt, owned by municipals",E,0000.00000,000000001950.00,000000000000.00,N,Public Works,Other,N,39113-004600-3,39.7444298811332,-84.24674423618713
R72 13205 0001,both,DAYTON CITY OF,3025 BURWOOD AVE,DAYTON,640,"Exempt, owned by municipals",E,0000.00000,000000009610.00,000000000000.00,N,Public Works,Other,N,39113-004200-1,39.74309929408079,-84.2423248200145
R72 13205 0016,both,DAYTON CITY OF,515 BLANCHE ST,DAYTON,640,"Exempt, owned by municipals",E,0000.00000,000000002810.00,000000000000.00,N,Public Works,Other,N,39113-004200-1,39.74383078012375,-84.2417623677478
R72 13205 0022,both,DAYTON CITY OF,537 545 BLANCHE ST,DAYTON,640,"Exempt, owned by municipals",E,0000.00000,000000001680.00,000000000000.00,N,Public Works,Other,N,39113-004200-1,39.7432784872858,-84.24175604006933
R72 13205 0054,both,DAYTON CITY OF,524 GROVELAND AVE,DAYTON,500,"Residential vacant land, lot",R,0000.00000,000000001720.00,000000000000.00,N,,,Y,39113-004200-1,39.74352996384433,-84.23995801729416
R72 13205 0055,both,CITY OF DAYTON,520 GROVELAND AVE,DAYTON,640,"Exempt, owned by municipals",E,0000.00000,000000001610.00,000000000000.00,N,Planning,Surplus,Y,39113-004200-1,39.74362598819695,-84.23995668481844
R72 13209 0023,city_layer_only,,,,,,,,,,N,,,N,,39.740768792761315,-84.23956575235943
R72 13210 0001,both,DAYTON CITY OF,ROESCH ST,DAYTON,640,"Exempt, owned by municipals",E,0007.41500,000000036680.00,000000009380.00,Y,Public Works,Other,N,39113-004200-1,39.743545022281914,-84.2454420654618
R72 13211 0071,county_only,DAYTON CITY OF,668 S GETTYSBURG AVE,DAYTON,620,"Exempt, owned by counties",E,0000.00000,000000008770.00,000000000000.00,N,,,N,39113-004200-2,39.73818625252656,-84.25265895317166
R72 13211 0072,county_only,DAYTON CITY OF,674 S GETTYSBURG AVE,DAYTON,500,"Residential vacant land, lot",R,0000.00000,000000006360.00,000000000000.00,N,,,Y,39113-004200-2,39.73804985269633,-84.25259865021164
R72 13211 0073,county_only,"CITY OF DAYTON, THE",700 S GETTYSBURG AVE,DAYTON,500,"Residential vacant land, lot",R,0000.00000,000000006290.00,000000000000.00,N,,,Y,39113-004200-2,39.737807300259135,-84.2526600888187
R72 13211 0086,both,DAYTON CITY OF,GETTYSBURG AVE,DAYTON,500,"Residential vacant land, lot",R,0000.00000,000000003850.00,000000000000.00,N,,,Y,39113-004200-2,39.73569367992588,-84.25261405400278
R72 13211 0087,both,DAYTON CITY OF,838 GETTYSBURG AVE,DAYTON,500,"Residential vacant land, lot",R,0000.00000,000000003850.00,000000000000.00,N,,,Y,39113-004200-2,39.73560026576268,-84.25261526067094
R72 13211 0101,county_only,DAYTON CITY OF,655 OAK LEAF DR,DAYTON,640,"Exempt, owned by municipals",E,0000.00000,000000006980.00,000000000000.00,N,,,N,39113-004200-2,39.73848566809008,-84.2519160526832
R72 13211 0104,county_only,DAYTON CITY OF,726 S GETTYSBURG AVE,DAYTON,500,"Residential vacant land, lot",R,0000.00000,000000017580.00,000000000000.00,N,,,Y,39113-004200-2,39.73684516850564,-84.25254697627966
R72 13211 0190,both,DAYTON CITY OF,FOR ALLEY,DAYTON,640,"Exempt, owned by municipals",E,0000.00000,000000000350.00,000000000000.00,N,Public Works,Other,N,39113-004200-2,39.735639517368355,-84.25222974086287
R72 13211 0193,county_only,CITY OF DAYTON,GETTYSBURG AVE,DAYTON,500,"Residential vacant land, lot",R,0000.01000,000000000000.00,000000000000.00,N,,,Y,,,
R72 13211 0194,county_only,CITY OF DAYTON,GETTYSBURG AVE,DAYTON,500,"Residential vacant land, lot",R,0000.07200,000000000000.00,000000000000.00,N,,,Y,,,
R72 13211 0195,county_only,CITY OF DAYTON,GETTYSBURG AVE,DAYTON,500,"Residential vacant land, lot",R,0000.00000,000000000000.00,000000000000.00,N,,,Y,,,
R72 13211 0196,county_only,CITY OF DAYTON,GETTYSBURG AVE,DAYTON,500,"Residential vacant land, lot",R,0000.00400,000000000000.00,000000000000.00,N,,,Y,,,
R72 13211 0197,county_only,CITY OF DAYTON,GETTYSBURG AVE,DAYTON,500,"Residential vacant land, lot",R,0000.00300,000000000000.00,000000000000.00,N,,,Y,,,
R72 13211 0199,county_only,CITY OF DAYTON,GETTYSBURG AVE,DAYTON,500,"Residential vacant land, lot",R,0000.00100,000000000000.00,000000000000.00,N,,,Y,,,
R72 13211 0200,county_only,CITY OF DAYTON,GETTYSBURG AVE,DAYTON,400,Commercial vacant land,C,0000.14400,000000000000.00,000000000000.00,N,,,Y,,,
R72 13211 0201,county_only,CITY OF DAYTON,GETTYSBURG AVE,DAYTON,500,"Residential vacant land, lot",R,0000.00200,000000000000.00,000000000000.00,N,,,Y,,,
R72 13211 0202,county_only,CITY OF DAYTON,GETTYSBURG AVE,DAYTON,500,"Residential vacant land, lot",R,0000.00230,000000000000.00,000000000000.00,N,,,Y,,,
R72 13212 0001,county_only,DAYTON CITY OF,3740 LAKESIDE DR,DAYTON,620,"Exempt, owned by counties",E,0000.00000,000000004560.00,000000000000.00,N,,,N,39113-004200-2,39.739939597228904,-84.25276893605744
R72 13212 0002,county_only,DAYTON CITY OF,LAKESIDE DR,DAYTON,620,"Exempt, owned by counties",E,0000.00000,000000003810.00,000000000000.00,N,,,N,39113-004200-2,39.73987224191171,-84.2526551363758
R72 13212 0014,county_only,CITY OF DAYTON,LAKESIDE DR,DAYTON,640,"Exempt, owned by municipals",E,0000.00000,000000000000.00,000000000000.00,N,,,N,,,
R72 13212 0015,county_only,CITY OF DAYTON,LAKESIDE DR,DAYTON,640,"Exempt, owned by municipals",E,0000.00000,000000000000.00,000000000000.00,N,,,N,,,
R72 13212 0016,county_only,CITY OF DAYTON,LAKESIDE DR,DAYTON,640,"Exempt, owned by municipals",E,0000.00000,000000000000.00,000000000000.00,N,,,N,,,
R72 13213 0073,county_only,DAYTON CITY OF,3406 GERMANTOWN ST,DAYTON,640,"Exempt, owned by municipals",E,0000.00000,000000004200.00,000000000000.00,N,,,N,39113-004300-1,39.73483361100756,-84.25027005496769
R72 13213 0081,both,DAYTON CITY OF,ERBE AVE,DAYTON,640,"Exempt, owned by municipals",E,0000.00000,000000002840.00,000000000000.00,N,,,N,39113-004300-1,39.73410793563601,-84.250988369967
R72 13213 0082,both,DAYTON CITY OF,ERBE AVE,DAYTON,640,"Exempt, owned by municipals",E,0000.00000,000000002840.00,000000002690.00,Y,,,N,39113-004300-1,39.73400123301995,-84.25095475210436
R72 13213 0083,both,DAYTON CITY OF,ERBE AVE,DAYTON,640,"Exempt, owned by municipals",E,0000.00000,000000002840.00,000000000000.00,N,,,N,39113-004300-1,39.73389452997696,-84.2509211336663
R72 13215 0004,county_only,DAYTON CITY OF,GETTYSBURG AVE,DAYTON,640,"Exempt, owned by municipals",E,0000.00000,000000005180.00,000000000000.00,N,,,N,,,
R72 13215 0020,county_only,CITY OF DAYTON,GERMANTOWN ST,DAYTON,400,Commercial vacant land,C,0000.00800,000000000000.00,000000000000.00,N,,,Y,,,
R72 13216 0044,county_only,DAYTON CITY OF,679 LA SALLE DR,DAYTON,500,"Residential vacant land, lot",R,0000.00000,000000004600.00,000000000000.00,N,,,Y,39113-004200-2,39.73805019090434,-84.24890684670365
R72 13302 0002,both,DAYTON CITY OF,FLEETFOOT AVE,DAYTON,640,"Exempt, owned by municipals",E,0000.00000,000000004500.00,000000000000.00,N,Public Works,Other,N,39113-004200-2,39.739168207989536,-84.24537793686747
R72 13305 0012,both,DAYTON CITY OF,GERMANTOWN ST,DAYTON,640,"Exempt, owned by municipals",E,0003.02000,000000014850.00,000000000000.00,N,,,N,39113-004200-2,39.73757851078406,-84.24538582494418
R72 13306 0019,both,DAYTON CITY OF,3037 GERMANTOWN ST,DAYTON,640,"Exempt, owned by municipals",E,0000.00000,000000005150.00,000000100310.00,Y,Public Works,Other,N,39113-004200-2,39.737665024692035,-84.24369797928196
R72 13306 0020,both,DAYTON CITY OF,GERMANTOWN ST,DAYTON,640,"Exempt, owned by municipals",E,0010.28100,000000050890.00,000000000000.00,N,Public Works,Other,N,39113-004200-2,39.738004040534896,-84.24415932323494
R72 13306 0021,both,DAYTON CITY OF,GERMANTOWN ST,DAYTON,640,"Exempt, owned by municipals",E,0000.00000,000000016040.00,000000000000.00,N,Public Works,Other,N,39113-004200-2,39.73765241223817,-84.24391763077375
R72 13306 0027,both,DAYTON CITY OF,GERMANTOWN ST,DAYTON,640,"Exempt, owned by municipals",E,0000.00000,000000000330.00,000000000000.00,N,Public Works,Other,N,39113-004300-1,39.737418526794315,-84.24271360605886
R72 13307 0022,both,DAYTON CITY OF,821 BLANCHE ST,DAYTON,640,"Exempt, owned by municipals",E,0000.00000,000000003390.00,000000000000.00,N,Planning,Surplus,Y,39113-004200-2,39.739454186173525,-84.24167379396567
R72 13308 0010,both,DAYTON CITY OF,2800 GERMANTOWN ST,DAYTON,640,"Exempt, owned by municipals",E,0000.00000,000000002200.00,000000000000.00,N,Public Works,Other,N,39113-004300-1,39.738450787242556,-84.2400566632258
R72 13308 0011,both,DAYTON CITY OF,2806 GERMANTOWN ST,DAYTON,640,"Exempt, owned by municipals",E,0000.00000,000000002690.00,000000000000.00,N,Public Works,Other,N,39113-004300-1,39.73849343517206,-84.24029783983859
R72 13308 0028,county_only,DAYTON CITY OF,2931 GERMANTOWN ST,DAYTON,640,"Exempt, owned by municipals",E,0000.00000,000000005730.00,000000000000.00,N,,,N,39113-004200-2,39.73816419157108,-84.24237265374853
R72 13308 0032,county_only,DAYTON CITY OF,2913 GERMANTOWN ST,DAYTON,640,"Exempt, owned by municipals",E,0000.00000,000000005730.00,000000000000.00,N,,,N,39113-004200-2,39.738239968787994,-84.24189438821874
R72 13308 0034,county_only,DAYTON CITY OF,2905 GERMANTOWN ST,DAYTON,640,"Exempt, owned by municipals",E,0000.00000,000000005400.00,000000000000.00,N,,,N,39113-004200-2,39.73840245920384,-84.2417073667958
R72 13308 0062,county_only,DAYTON CITY OF,GERMANTOWN ST,DAYTON,640,"Exempt, owned by municipals",E,0000.00000,000000001410.00,000000000000.00,N,,,N,39113-004200-2,39.738177147375836,-84.2423277452345
R72 13309 0002,city_layer_only,,,,,,,,,,N,Public Works,Other,N,,39.73727211296,-84.23958173827111
R72 13309 0003,city_layer_only,,,,,,,,,,N,Public Works,Other,N,,39.73716232864337,-84.23957844535208
R72 13309 0004,city_layer_only,,,,,,,,,,N,Public Works,Other,N,,39.73705254416348,-84.23957515250477
R72 13314 0022,county_only,CITY OF DAYTON,LAKESIDE DR,DAYTON,640,"Exempt, owned by municipals",E,0000.00000,000000000000.00,000000000000.00,N,,,N,,,
R72 13314 0023,county_only,CITY OF DAYTON,LAKESIDE DR,DAYTON,640,"Exempt, owned by municipals",E,0000.00000,000000000000.00,000000000000.00,N,,,N,,,
R72 13314 0024,county_only,CITY OF DAYTON,LAKEVIEW AVE,DAYTON,640,"Exempt, owned by municipals",E,0000.00000,000000000000.00,000000000000.00,N,,,N,,,
R72 13314 0025,county_only,CITY OF DAYTON,LAKESIDE DR,DAYTON,640,"Exempt, owned by municipals",E,0000.00000,000000000000.00,000000000000.00,N,,,N,,,
R72 13314 0026,county_only,CITY OF DAYTON,LAKESIDE DR,DAYTON,400,Commercial vacant land,C,0000.00000,000000000000.00,000000000000.00,N,,,Y,,,
R72 13314 0027,county_only,CITY OF DAYTON,LAKESIDE DR,DAYTON,400,Commercial vacant land,C,0000.00000,000000000000.00,000000000000.00,N,,,Y,,,
R72 13316 0008,both,DAYTON CITY OF,MCARTHUR AVE,DAYTON,640,"Exempt, owned by municipals",E,0001.73600,000000020890.00,000000000000.00,N,Public Works,Other,N,39113-004100-2,39.73283145787261,-84.23909096810407
R72 13318 0007,city_layer_only,,,,,,,,,,N,Public Works,Other,N,,39.735455345800816,-84.23697501293441
R72 13318 0008,city_layer_only,,,,,,,,,,N,Public Works,Other,N,,39.73568210222517,-84.23698902399254
R72 13318 0009,city_layer_only,,,,,,,,,,N,Public Works,Other,N,,39.73590755946081,-84.23703823217167
R72 13318 0010,city_layer_only,,,,,,,,,,N,Public Works,Other,N,,39.73611316085465,-84.23708969111462
R72 13318 0011,city_layer_only,,,,,,,,,,N,Public Works,Other,N,,39.73631957938471,-84.2370778565781
R72 13402 0009,city_layer_only,,,,,,,,,,N,Public Works,Other,N,,39.739167661894975,-84.23490375727289
R72 13402 0036,both,DAYTON CITY OF,WEAVER ST,DAYTON,640,"Exempt, owned by municipals",E,0000.00000,000000000250.00,000000000000.00,N,Public Works,Other,N,39113-004100-2,39.73872058663559,-84.23391595578663
R72 13403 0021,city_layer_only,,,,,,,,,,N,Public Works,Other,N,,39.73949829292374,-84.23393863310777
R72 13403 0040,city_layer_only,,,,,,,,,,N,Public Works,Other,N,,39.74018354994819,-84.23405722679422
R72 13403 0041,city_layer_only,,,,,,,,,,N,Public Works,Other,N,,39.739836625142026,-84.23407339704383
R72 13403 0042,city_layer_only,,,,,,,,,,N,Public Works,Other,N,,39.73972678730015,-84.23407230401355
R72 13403 0044,city_layer_only,,,,,,,,,,N,Public Works,Other,N,,39.73994611959797,-84.2340458568209
R72 13403 0045,city_layer_only,,,,,,,,,,N,Public Works,Other,N,,39.73951809300161,-84.23586758948383
R72 13404 0006,city_layer_only,,,,,,,,,,N,Planning,Surplus,Y,,39.740219494718296,-84.23318232250432
R72 13404 0033,city_layer_only,,,,,,,,,,N,,,N,,39.740853170095974,-84.23263602510164
R72 13405 0036,county_only,DAYTON CITY OF,IOLA ST,DAYTON,640,"Exempt, owned by municipals",E,0000.00000,000000000250.00,000000000000.00,N,,,N,,,
R72 13406 0045,both,DAYTON CITY OF,1217 RANDOLPH ST,DAYTON,640,"Exempt, owned by municipals",E,0000.00000,000000003570.00,000000000000.00,N,Planning,Surplus,Y,39113-004100-2,39.7371199913558,-84.22947883099381
R72 13407 0039,both,DAYTON CITY OF,DENNISON AVE,DAYTON,640,"Exempt, owned by municipals",E,0000.00000,000000001160.00,000000000000.00,N,Public Works,Other,N,39113-004100-2,39.73782555869937,-84.23000418439747
R72 13501 0001,city_layer_only,,,,,,,,,,N,Public Works,Other,N,,,
R72 13501 0008,city_layer_only,,,,,,,,,,N,Public Works,Other,N,,39.73505287100791,-84.2220016833334
R72 13501 0009,city_layer_only,,,,,,,,,,N,Public Works,Other,N,,,
R72 13501 0021,county_only,DAYTON CITY OF,NICHOLAS RD,DAYTON,640,"Exempt, owned by municipals",E,0000.44400,000000000000.00,000000000000.00,N,,,N,,,
R72 13501 0025,county_only,DAYTON CITY OF,1661 NICHOLAS RD,DAYTON,640,"Exempt, owned by municipals",E,0005.44160,000000099470.00,000001536130.00,Y,,,N,,39.73342175824862,-84.22451065943493
R72 13501 0026,county_only,DAYTON CITY OF,DANNER RD,DAYTON,640,"Exempt, owned by municipals",E,0015.06460,000000070540.00,000000012950.00,Y,,,N,,39.73520511052901,-84.22386059291077
R72 13501 0027,county_only,DAYTON CITY OF,DANNER RD,DAYTON,640,"Exempt, owned by municipals",E,0001.56390,000000006610.00,000000000000.00,N,,,N,,39.734305013950014,-84.2222404259605
R72 13602 0005,county_only,DAYTON CITY OF,NICHOLAS RD,DAYTON,640,"Exempt, owned by municipals",E,0000.45900,000000000000.00,000000000000.00,N,,,N,,,
R72 13605 0002,both,DAYTON CITY OF,1725 S BROADWAY ST,DAYTON,640,"Exempt, owned by municipals",E,0002.91000,000000041710.00,000000216850.00,Y,Water,,N,39113-003500-2,39.73294764036031,-84.21596791426371
R72 13607 0023,county_only,DAYTON CITY OF,1640 1642 DIETZEN AVE,DAYTON,640,"Exempt, owned by municipals",E,0000.00000,000000006820.00,000000000000.00,N,,,N,39113-003500-2,39.734029589488145,-84.21404623553344
R72 13607 0025,county_only,DAYTON CITY OF,1644 1646 DIETZEN AVE,DAYTON,640,"Exempt, owned by municipals",E,0000.00000,000000004650.00,000000000000.00,N,,,N,39113-003500-2,39.73384760784362,-84.21414076226165
R72 13607 0032,county_only,DAYTON CITY OF,ALWILDY AVE,DAYTON,640,"Exempt, owned by municipals",E,0000.00000,000000004770.00,000000000000.00,N,,,N,39113-003500-2,39.73442290141593,-84.21356004595425
R72 13607 0033,county_only,DAYTON CITY OF,1619 ALWILDY AVE,DAYTON,640,"Exempt, owned by municipals",E,0000.00000,000000002380.00,000000000000.00,N,,,N,39113-003500-2,39.73450875241241,-84.21343146111738
R72 13607 0036,county_only,DAYTON CITY OF,1605 ALWILDY AVE,DAYTON,640,"Exempt, owned by municipals",E,0000.00000,000000004770.00,000000000000.00,N,,,N,39113-003500-2,39.734813748129525,-84.21341763215837
R72 13607 0050,county_only,DAYTON CITY OF,1601 ALWILDY AVE,DAYTON,640,"Exempt, owned by municipals",E,0000.00000,000000003540.00,000000000000.00,N,,,N,39113-003500-2,39.73490152575279,-84.21342334381528
R72 13608 0001,both,DAYTON CITY OF,1309 JETT AVE,DAYTON,640,"Exempt, owned by municipals",E,0000.00000,000000000200.00,000000000000.00,N,Public Works,Other,N,39113-003500-2,39.73516324472547,-84.21484373999999
R72 13701 0004,county_only,DAYTON CITY OF,NICHOLAS RD,DAYTON,640,"Exempt, owned by municipals",E,0000.02300,000000000000.00,000000000000.00,N,,,N,,,
R72 13801 0005,both,DAYTON CITY OF,IRVING AVE,DAYTON,640,"Exempt, owned by municipals",E,0000.00000,000000024960.00,000000000000.00,N,Water,,N,39113-010200-2,39.73207173502094,-84.16603286254124
R72 13802 0052,both,DAYTON CITY OF,IRVING AVE,DAYTON,640,"Exempt, owned by municipals",E,0000.36000,000000009110.00,000000001040.00,Y,Public Works,Other,N,39113-010200-2,39.73074954608528,-84.16450760509235
R72 13804 0011,county_only,THE CITY OF DAYTON,725 WILMINGTON AVE,DAYTON,500,"Residential vacant land, lot",R,0000.00000,000000000000.00,000000000000.00,N,,,Y,,,
R72 13808 0004,both,DAYTON CITY OF,FIRWOOD DR,DAYTON,640,"Exempt, owned by municipals",E,0000.72000,000000009070.00,000000000000.00,N,Public Works,Other,N,39113-003201-2,39.73003727769639,-84.1639779098364
R72 13808 0007,county_only,DAYTON CITY OF,FIRWOOD DR,DAYTON,400,Commercial vacant land,C,0000.20400,000000000000.00,000000000000.00,N,,,Y,,,
R72 13809 0027,both,DAYTON CITY OF,KLING DR,DAYTON,640,"Exempt, owned by municipals",E,0000.00000,000000021670.00,000000000000.00,N,Water,,N,39113-003201-2,39.72863514425291,-84.16346965102093
R72 13810 0045,both,DAYTON CITY OF,IRVING AVE,DAYTON,640,"Exempt, owned by municipals",E,0000.00000,000000023440.00,000000000000.00,N,Public Works,Other,N,39113-003201-2,39.726718948140054,-84.16321116226808
R72 13901 0021,both,DAYTON CITY OF,IRVING AVE,DAYTON,640,"Exempt, owned by municipals",E,0006.96700,000000087820.00,000000001330.00,Y,Public Works,Other,N,39113-003201-2,39.72540330791277,-84.16311892993484
R72 13902 0029,both,DAYTON CITY OF,PATTERSON RD,DAYTON,640,"Exempt, owned by municipals",E,0004.35900,000000060170.00,000000003430.00,Y,Public Works,Other,N,39113-003201-3,39.72367090052634,-84.16284671919031
R72 14003 0040,city_layer_only,,,,,,,,,,N,Public Works,Other,N,,39.71849575639313,-84.16018361645713
R72 14101 0020,county_only,DAYTON CITY OF,WILMINGTON AVE,DAYTON,640,"Exempt, owned by municipals",E,0000.00000,000000000000.00,000000000000.00,N,,,N,,,
R72 14301 0005,both,DAYTON CITY OF,NORDALE AVE,DAYTON,640,"Exempt, owned by municipals",E,0000.00000,000000092850.00,000000285890.00,Y,,,N,39113-003000-3,39.732084527252624,-84.15402420573297
R72 14301 0039,both,DAYTON CITY OF,2803 WAYNE AVE,DAYTON,640,"Exempt, owned by municipals",E,0001.05600,000000050050.00,000000498520.00,Y,Public Works,Other,N,39113-003000-3,39.73883031166576,-84.15375802175969
R72 14301 0040,county_only,DAYTON CITY OF,WILMINGTON AVE,DAYTON,600,"Exempt, owned by USA",E,0000.47700,000000000000.00,000000000000.00,N,,,N,,,
R72 14301 0049,both,CITY OF DAYTON,2721 WAYNE AVE,DAYTON,640,"Exempt, owned by municipals",E,0001.05600,000000058080.00,000000536730.00,Y,Public Works,Operations,N,39113-003000-3,39.73884677190315,-84.1541496455415
R72 14302 0028,county_only,DAYTON CITY OF,153 NORDALE AVE,DAYTON,640,"Exempt, owned by municipals",E,0006.23900,000000078500.00,000000036940.00,Y,,,N,,,
R72 14303 0052,both,DAYTON CITY OF,2608 ENTERPRISE AVE,DAYTON,640,"Exempt, owned by municipals",E,0000.00000,000000084500.00,000000000000.00,N,Public Works,Other,N,39113-003000-3,39.73138347881452,-84.15241688687802
R72 14303 0053,both,DAYTON CITY OF,2618 ENTERPRISE AVE,DAYTON,640,"Exempt, owned by municipals",E,0000.00000,000000012140.00,000000000000.00,N,Public Works,Other,N,39113-003000-3,39.7311163311677,-84.15279354674912
R72 14307 0022,both,DAYTON CITY OF,MORSE AVE,DAYTON,640,"Exempt, owned by municipals",E,0000.00000,000000043870.00,000000011330.00,Y,Public Works,Other,N,39113-003000-1,39.73037546762048,-84.14192088087786
R72 14609 0080,county_only,DAYTON CITY OF PARK,NILL AVE,DAYTON,640,"Exempt, owned by municipals",E,0000.00000,000000001860.00,000000000000.00,N,,,N,39113-003000-2,39.734907872572464,-84.14747282500518
R72 14611 0075,both,DAYTON CITY OF,2315 S SMITHVILLE RD,DAYTON,640,"Exempt, owned by municipals",E,0000.00000,000000006930.00,000000000000.00,N,Planning,Surplus,Y,39113-003000-1,39.733423429223905,-84.14111866704444
R72 14701 0016,both,DAYTON CITY OF,HIGHRIDGE AVE,DAYTON,640,"Exempt, owned by municipals",E,0002.00000,000000101200.00,000000000000.00,N,Public Works,Other,N,39113-002900-2,39.73243802504846,-84.13906696185529
R72 14702 0003,both,DAYTON CITY OF,SMITHVILLE RD,DAYTON,640,"Exempt, owned by municipals",E,0053.12500,000000783440.00,000001315930.00,Y,,,N,39113-002900-2,39.73303713201385,-84.13850990626285
R72 14707 0026,county_only,DAYTON CITY OF,WOODCLIFFE AVE,DAYTON,640,"Exempt, owned by municipals",E,0000.00000,000000000000.00,000000000000.00,N,,,N,,,
R72 14707 0027,county_only,DAYTON CITY OF,WOODCLIFFE AVE,DAYTON,640,"Exempt, owned by municipals",E,0000.00000,000000000000.00,000000000000.00,N,,,N,,,
R72 14707 0028,county_only,DAYTON CITY OF,FARNHAM AVE,DAYTON,640,"Exempt, owned by municipals",E,0000.00000,000000000000.00,000000000000.00,N,,,N,,,
R72 14707 0079,county_only,DAYTON CITY OF,FARNHAM AVE,DAYTON,640,"Exempt, owned by municipals",E,0000.00000,000000000000.00,000000000000.00,N,,,N,,,
R72 14707 0080,county_only,DAYTON CITY OF,VARNEY AVE,DAYTON,640,"Exempt, owned by municipals",E,0000.00000,000000000000.00,000000000000.00,N,,,N,,,
R72 14707 0136,city_layer_only,,,,,,,,,,N,Public Works,Other,N,,39.73728943249542,-84.13109474185299
R72 14708 0014,county_only,DAYTON CITY OF,WOODCLIFFE AVE,DAYTON,640,"Exempt, owned by municipals",E,0000.00000,000000000000.00,000000000000.00,N,,,N,,,
R72 14708 0052,county_only,DAYTON CITY OF,RUSSET AVE,DAYTON,640,"Exempt, owned by municipals",E,0000.00000,000000000000.00,000000000000.00,N,,,N,,,
R72 15006 0011,both,DAYTON CITY OF,HUMPHREY AVE,DAYTON,640,"Exempt, owned by municipals",E,0000.00000,000000003080.00,000000000000.00,N,Public Works,Other,N,39113-002700-3,39.74224029771426,-84.1325993280248
R72 15101 0003,both,DAYTON CITY OF,CLEVELAND AVE,DAYTON,640,"Exempt, owned by municipals",E,0011.76000,000000141120.00,000000010820.00,Y,Public Works,Other,N,39113-002600-5,39.74392075539761,-84.14833371130821
R72 15101 0004,both,CITY OF DAYTON,2430 WYOMING ST,DAYTON,620,"Exempt, owned by counties",E,0000.00000,000000046680.00,000000000000.00,N,Public Works,Other,N,39113-002600-5,39.74567007798479,-84.14700515749385
R72 15103 0010,both,DAYTON CITY OF,ARGELLA AVE,DAYTON,640,"Exempt, owned by municipals",E,0000.00000,000000006600.00,000000003160.00,Y,Public Works,Other,N,39113-002600-3,39.746323964960354,-84.14016262404843
R72 15206 0056,both,CITY OF DAYTON,LINDEN AVE,DAYTON,400,Commercial vacant land,C,0000.06100,000000000000.00,000000000000.00,N,,,Y,39113-002700-2,39.74809614296611,-84.13481971125012
R72 15208 0039,county_only,DAYTON CITY OF,SMITHVILLE RD,DAYTON,640,"Exempt, owned by municipals",E,0000.00000,000000000000.00,000000000000.00,N,,,N,,,
R72 15209 0060,both,CITY OF DAYTON,1650 GONDERT AVE,DAYTON,640,"Exempt, owned by municipals",E,0000.00000,000000009640.00,000000034320.00,Y,Planning,Surplus,N,39113-002500-4,39.7546968188303,-84.13707683503156
R72 15304 0017,both,DAYTON CITY OF,SMITHVILLE & KEYSTONE,DAYTON,400,Commercial vacant land,C,0000.00000,000000013300.00,000000000000.00,N,Public Works,Other,Y,39113-002400-2,39.75101699407573,-84.13963715836937
R72 15307 0011,both,DAYTON CITY OF,402 SANTA CRUZ AVE,DAYTON,640,"Exempt, owned by municipals",E,0000.00000,000000000600.00,000000000000.00,N,Public Works,Other,N,39113-002600-4,39.753468025042196,-84.14767125182
R72 15407 0146,both,DAYTON CITY OF,1948 SUMAN AVE,DAYTON,640,"Exempt, owned by municipals",E,0000.00000,000000044370.00,000000035800.00,Y,Public Works,Other,N,39113-002500-5,39.75491868830312,-84.12944427003025
R72 15407 0150,both,DAYTON CITY OF,COSLER DR,DAYTON,640,"Exempt, owned by municipals",E,0000.00000,000000058860.00,000000000000.00,N,Public Works,Other,N,39113-002500-5,39.753356511862776,-84.12848539767684
R72 15410 0103,both,DAYTON CITY OF,246 SMITHVILLE RD,DAYTON,640,"Exempt, owned by municipals",E,0000.00000,000000043920.00,000000009660.00,Y,Water,,N,39113-002500-1,39.76060026510152,-84.13754602699844
R72 15501 0064,county_only,CITY OF DAYTON OHIO,4645 DAYVIEW AVE,DAYTON,640,"Exempt, owned by municipals",E,0000.00000,000000003160.00,000000000000.00,N,,,N,39113-004400-1,39.75436908395016,-84.26424710483913
R72 15503 0043,both,CITY OF DAYTON,PATTON AVE,DAYTON,640,"Exempt, owned by municipals",E,0000.00000,000000002300.00,000000000000.00,N,Planning,Surplus,Y,39113-004400-3,39.748985853762676,-84.27087663652951
R72 15504 0018,county_only,DAYTON CITY OF,5220 W 3RD ST,DAYTON,640,"Exempt, owned by municipals",E,0000.00000,000000005360.00,000000000000.00,N,,,N,39113-060300-1,39.74645628989959,-84.270737650302
R72 15504 0058,both,CITY OF DAYTON,STRAND AVE,DAYTON,640,"Exempt, owned by municipals",E,0000.00000,000000001420.00,000000000000.00,N,Planning,Surplus,Y,39113-060300-1,39.745863239976174,-84.2696447776381
R72 15504 0072,both,DAYTON CITY OF,STRAND AVE,DAYTON,640,"Exempt, owned by municipals",E,0000.00000,000000003030.00,000000000000.00,N,,,N,39113-060300-1,39.744188998970806,-84.26943990344235
R72 15504 0073,both,DAYTON CITY OF,STRAND AVE,DAYTON,640,"Exempt, owned by municipals",E,0000.00000,000000003030.00,000000000000.00,N,,,N,39113-060300-1,39.744078741195864,-84.26943787913855
R72 15504 0074,both,DAYTON CITY OF,STRAND AVE,DAYTON,640,"Exempt, owned by municipals",E,0000.00000,000000003030.00,000000000000.00,N,,,N,39113-060300-1,39.743968483527915,-84.26943585438755
R72 15504 0075,both,DAYTON CITY OF,STRAND AVE,DAYTON,640,"Exempt, owned by municipals",E,0000.00000,000000001510.00,000001370250.00,Y,Water,,N,39113-060300-1,39.74385822581003,-84.26943382947886
R72 15504 0076,both,DAYTON CITY OF,STRAND AVE,DAYTON,640,"Exempt, owned by municipals",E,0000.00000,000000003030.00,000000000000.00,N,Water,,N,39113-060300-1,39.74374796815288,-84.26943180516047
R72 15504 0077,both,DAYTON CITY OF,STRAND AVE,DAYTON,640,"Exempt, owned by municipals",E,0000.00000,000000003030.00,000000000000.00,N,,,N,39113-060300-1,39.74363771046145,-84.26942978061396
R72 15504 0078,both,DAYTON CITY OF,STRAND AVE,DAYTON,640,"Exempt, owned by municipals",E,0000.00000,000000003030.00,000000000000.00,N,Water,,N,39113-060300-1,39.74352745279171,-84.26942775619607
R72 15504 0079,both,DAYTON CITY OF,STRAND AVE,DAYTON,640,"Exempt, owned by municipals",E,0000.00000,000000003030.00,000000000000.00,N,Water,,N,39113-060300-1,39.74342144707279,-84.2695116253192
R72 15504 0140,both,CITY OF DAYTON,164 BLUECREST AVE,DAYTON,640,"Exempt, owned by municipals",E,0000.00000,000000002310.00,000000000000.00,N,Planning,Surplus,Y,39113-060300-1,39.7430592675777,-84.27076160569558
R72 15505 0100,county_only,DAYTON CITY OF,HOLLENCAMP AVE,DAYTON,620,"Exempt, owned by counties",E,0000.00000,000000002530.00,000000000000.00,N,,,N,39113-004400-3,39.747699734306046,-84.26864343459265
R72 15505 0101,county_only,DAYTON CITY OF,17 HOLLENCAMP AVE,DAYTON,640,"Exempt, owned by municipals",E,0000.00000,000000002530.00,000000000000.00,N,,,N,39113-004400-3,39.74760413371072,-84.26855426898533
R72 15601 0037,both,DAYTON CITY OF,WEBSTER ST,DAYTON,640,"Exempt, owned by municipals",E,0000.00000,000000003170.00,000000000000.00,N,Public Works,Other,N,39113-001700-1,,
R72 15601 0104,county_only,DAYTON CITY OF,1951 STANLEY AVE,DAYTON,640,"Exempt, owned by municipals",E,0000.01900,000000000000.00,000000000000.00,N,,,N,,,
R72 15603 0038,county_only,CITY OF DAYTON,2009 STANLEY,DAYTON,640,"Exempt, owned by municipals",E,0000.01660,000000000000.00,000000000000.00,N,,,N,,,
R72 15603 0039,county_only,DAYTON CITY OF,WEBSTER ST,DAYTON,640,"Exempt, owned by municipals",E,0000.16410,000000000000.00,000000000000.00,N,,,N,,,
R72 15603 0040,county_only,DAYTON CITY OF,WEBSTER ST,DAYTON,640,"Exempt, owned by municipals",E,0000.00330,000000000000.00,000000000000.00,N,,,N,,,
R72 15604 0022,both,DAYTON CITY OF,RIDGE AVE,DAYTON,640,"Exempt, owned by municipals",E,0000.00000,000000004380.00,000000000000.00,N,Public Works,Other,N,39113-001600-2,39.788829379047186,-84.20090326559162
R72 15604 0043,both,DAYTON CITY OF,RIDGE AVE,DAYTON,640,"Exempt, owned by municipals",E,0000.00000,000000018000.00,000000000000.00,N,Public Works,Other,N,39113-001600-2,39.78863529290942,-84.20089441666478
R72 15605 0025,both,CITY OF DAYTON,DRILL AVE,DAYTON,640,"Exempt, owned by municipals",E,0000.00000,000000008300.00,000000000000.00,N,,,N,39113-001600-2,39.791069199754936,-84.19656300791735
R72 15605 0026,both,CITY OF DAYTON,DRILL AVE,DAYTON,640,"Exempt, owned by municipals",E,0000.00000,000000008630.00,000000000000.00,N,,,N,39113-001600-2,39.790726024604744,-84.1965761022234
R72 15605 0027,both,CITY OF DAYTON,DRILL AVE,DAYTON,640,"Exempt, owned by municipals",E,0000.00000,000000010820.00,000000000000.00,N,,,N,39113-001600-2,39.790312448928944,-84.19659196138791
R72 15611 0012,both,DAYTON CITY OF,FIELDSTONE DR,DAYTON,640,"Exempt, owned by municipals",E,0004.30000,000000064370.00,000000012230.00,Y,,,N,39113-001600-1,39.80078674323372,-84.19913911151862
R72 15613 0028,both,DAYTON CITY OF,DEWEESE PKWY,DAYTON,640,"Exempt, owned by municipals",E,0025.39000,000000200580.00,000000000000.00,N,Public Works,Other,N,39113-001600-2,39.792716233711545,-84.20434745316072
R72 15614 0018,both,DAYTON CITY OF,SIEBENTHALER AVE,DAYTON,640,"Exempt, owned by municipals",E,0001.32000,000000011750.00,000000000000.00,N,Public Works,Other,N,39113-001600-2,39.79842969826756,-84.20459087035671
R72 15615 0017,both,DAYTON CITY OF,DEWEESE PKWY,DAYTON,640,"Exempt, owned by municipals",E,0018.00000,000000160200.00,000000000000.00,N,Public Works,Other,N,39113-001600-1,39.79979888820266,-84.20499496022155
R72 15616 0012,both,DAYTON CITY OF,1301 SIEBENTHALER AVE,DAYTON,640,"Exempt, owned by municipals",E,0052.90000,000000591250.00,000001842820.00,Y,Public Works,Other,N,39113-001600-1,39.80574541981035,-84.20312991061753
R72 15616 0014,both,DAYTON CITY OF,NEFF RD,DAYTON,640,"Exempt, owned by municipals",E,0001.09000,000000009700.00,000000000000.00,N,Public Works,Other,N,39113-001600-1,39.80327468830616,-84.20010890131553
R72 15701 0103,county_only,DAYTON CITY OF,1017 CICILION AVE,DAYTON,640,"Exempt, owned by municipals",E,0000.00000,000000005190.00,000000000000.00,N,,,N,39113-003800-1,39.76616904414885,-84.2491821307363
R72 15701 0126,both,DAYTON CITY OF,2111 N JAMES H MCGEE BLVD,DAYTON,640,"Exempt, owned by municipals",E,0000.00000,000000001430.00,000000000000.00,N,Public Works,Other,N,39113-003800-1,39.76869671479354,-84.24747199913764
R72 15701 0127,both,DAYTON CITY OF,2107 N JAMES H MCGEE BLVD,DAYTON,640,"Exempt, owned by municipals",E,0000.00000,000000001370.00,000000000000.00,N,Public Works,Other,N,39113-003800-1,39.768677001390614,-84.24733497936506
R72 15701 0128,both,DAYTON CITY OF,2101 N JAMES H MCGEE BLVD,DAYTON,640,"Exempt, owned by municipals",E,0000.00000,000000001320.00,000000000000.00,N,Public Works,Other,N,39113-003800-1,39.768629747294916,-84.24719149038927
R72 15701 0140,county_only,DAYTON CITY OF,3615 DANDRIDGE AVE,DAYTON,640,"Exempt, owned by municipals",E,0000.00000,000000005880.00,000000000000.00,N,,,N,39113-003800-1,39.765807550177115,-84.24783168819827
R72 15701 0147,county_only,CITY OF DAYTON,3650 COURTWOOD AVE,DAYTON,640,"Exempt, owned by municipals",E,0000.00000,000000005830.00,000000000000.00,N,,,N,39113-003800-1,39.766381301606,-84.24876050408969
R72 15701 0220,both,CITY OF DAYTON,WOODSIDE AVE,DAYTON,640,"Exempt, owned by municipals",E,0000.00000,000000000650.00,000000000000.00,N,Planning,Surplus,Y,39113-003800-1,39.76761137147245,-84.2480770973085
R72 15701 0222,both,CITY OF DAYTON,WOODSIDE AVE,DAYTON,640,"Exempt, owned by municipals",E,0000.00000,000000001240.00,000000000000.00,N,Planning,Surplus,Y,39113-003800-1,39.767608652821714,-84.24843271566053
R72 15701 0224,both,CITY OF DAYTON,CICILION AVE,DAYTON,640,"Exempt, owned by municipals",E,0000.00000,000000001040.00,000000000000.00,N,Planning,Surplus,Y,39113-003800-1,39.7677019731327,-84.24870096277888
R72 15701 0231,county_only,THE CITY OF DAYTON,JAMES H MCGEE BLVD,DAYTON,640,"Exempt, owned by municipals",E,0000.56300,000000000000.00,000000000000.00,N,,,N,,,
R72 15701 0232,county_only,CITY OF DAYTON,2217 N JAMES H MCGEE BLVD,DAYTON,640,"Exempt, owned by municipals",E,0000.33400,000000000000.00,000000000000.00,N,,,N,,,
R72 15701 0233,county_only,THE CITY OF DAYTON,N JAMES H MCGEE BLVD,DAYTON,640,"Exempt, owned by municipals",E,0000.00000,000000000000.00,000000000000.00,N,,,N,,,
R72 15701 0234,county_only,CITY OF DAYTON,N JAMES H MCGEE BLVD,DAYTON,640,"Exempt, owned by municipals",E,0000.71300,000000000000.00,000000000000.00,N,,,N,,,
R72 15702 0023,county_only,DAYTON CITY OF,DANDRIDGE AVE,DAYTON,640,"Exempt, owned by municipals",E,0000.03900,000000000000.00,000000000000.00,N,,,N,,,
R72 15702 0024,county_only,DAYTON CITY OF,DANDRIDGE AVE,DAYTON,640,"Exempt, owned by municipals",E,0000.31100,000000000000.00,000000000000.00,N,,,N,,,
R72 15702 0025,county_only,DAYTON CITY OF,DANDRIDGE AVE,DAYTON,640,"Exempt, owned by municipals",E,0000.00000,000000000100.00,000000000000.00,N,,,N,,,
R72 15703 0072,both,CITY OF DAYTON,DANDRIDGE AVE,DAYTON,500,"Residential vacant land, lot",R,0000.00000,000000002520.00,000000000000.00,N,,,Y,39113-003800-3,39.765362142874714,-84.24884207064534
R72 15705 0021,county_only,THE CITY OF DAYTON,JAMES H MCGEE BLVD,DAYTON,400,Commercial vacant land,C,0000.13500,000000000000.00,000000000000.00,N,,,Y,,,
R72 15705 0022,county_only,THE CITY OF DAYTON,GETTYSBURG AVE,DAYTON,640,"Exempt, owned by municipals",E,0000.21700,000000000000.00,000000000000.00,N,,,N,,,
R72 15705 0023,county_only,THE CITY OF DAYTON,GETTYSBURG AVE,DAYTON,640,"Exempt, owned by municipals",E,0000.01400,000000000000.00,000000000000.00,N,,,N,,,
R72 15706 0007,both,DAYTON CITY OF,1820 N GETTYSBURG AVE,DAYTON,640,"Exempt, owned by municipals",E,0018.21300,000000036060.00,000000001140.00,Y,Public Works,Other,N,39113-003800-1,39.77458149548227,-84.25327208820728
R72 15706 0015,county_only,THE CITY OF DAYTON,N GETTYSBURG AVE,DAYTON,640,"Exempt, owned by municipals",E,0000.00700,000000000000.00,000000000000.00,N,,,N,,,
R72 15706 0016,county_only,THE CITY OF DAYTON,N GETTYSBURG AVE,DAYTON,400,Commercial vacant land,C,0000.16900,000000000000.00,000000000000.00,N,,,Y,,,
R72 15804 0043,both,DAYTON CITY OF,4064 PRESCOTT AVE,DAYTON,640,"Exempt, owned by municipals",E,0000.00000,000000009250.00,000000026900.00,Y,Planning,Surplus,N,39113-000300-2,39.78676630189794,-84.25078135877244
R72 15805 0003,both,DAYTON CITY OF,4111 KINGS HWY,DAYTON,640,"Exempt, owned by municipals",E,0000.00000,000000034830.00,000000369200.00,Y,Public Works,Other,N,39113-000300-2,39.78399376196336,-84.25141971445055
R72 15807 0009,both,DAYTON CITY OF,4106 KINGS HWY,DAYTON,403,,C,0000.00000,000000004370.00,000000000000.00,N,,,N,39113-000300-2,39.78311999710045,-84.2520119405117
R72 15807 0018,both,DAYTON CITY OF,4335 4339 BLUEBERRY AVE,DAYTON,400,Commercial vacant land,C,0006.78800,000000049890.00,000000000000.00,N,,,Y,39113-000200-3,39.78188549544375,-84.25582972169525
R72 15807 0037,county_only,DAYTON CITY OF,GETTYSBURG AVE,DAYTON,640,"Exempt, owned by municipals",E,0000.00000,000000000000.00,000000000000.00,N,,,N,,,
R72 15815 0022,both,DAYTON CITY OF,3927 PRESCOTT AVE,DAYTON,640,"Exempt, owned by municipals",E,0000.00000,000000004310.00,000000000000.00,N,Planning,Surplus,Y,39113-000300-1,39.78716823517998,-84.24574815493646
R72 15815 0032,both,DAYTON CITY OF,3932 MIDDLEHURST LN,DAYTON,500,"Residential vacant land, lot",R,0000.00000,000000004840.00,000000000000.00,N,,,Y,39113-000300-1,39.78762952110973,-84.2462135685881
R72 15901 0087,both,CITY OF DAYTON,4506 QUEENS AVE,DAYTON,640,"Exempt, owned by municipals",E,0000.00000,000000004110.00,000000000000.00,N,Planning,Surplus,Y,39113-000200-3,39.784023150882625,-84.25756340893321
R72 15905 0006,both,DAYTON CITY OF,4521 PRESCOTT AVE,DAYTON,640,"Exempt, owned by municipals",E,0000.00000,000000006260.00,000000000000.00,N,Planning,Surplus,Y,39113-000200-2,39.78663458993627,-84.2581026829763
R72 15905 0011,both,DAYTON CITY OF,4505 PRESCOTT AVE,DAYTON,640,"Exempt, owned by municipals",E,0000.00000,000000007950.00,000000041160.00,Y,Planning,Surplus,N,39113-000200-2,39.78672783541849,-84.25733491806879
R72 15906 0035,both,DAYTON CITY OF,4441 PRESCOTT AVE,DAYTON,640,"Exempt, owned by municipals",E,0000.00000,000000006000.00,000000024290.00,Y,Planning,Surplus,N,39113-000200-2,39.78663114481191,-84.2565045400711
R72 15909 0060,both,DAYTON CITY OF,4650 GREENWICH VILLAGE AVE,DAYTON,640,"Exempt, owned by municipals",E,0000.00000,000000006330.00,000000032490.00,Y,Planning,Surplus,N,39113-000200-2,39.78792397805744,-84.26091848014124
R72 15909 0061,both,DAYTON CITY OF,GREENWICH VILLAGE AVE,DAYTON,640,"Exempt, owned by municipals",E,0000.00000,000000000320.00,000000000000.00,N,Planning,Surplus,Y,39113-000200-2,39.787777134431884,-84.26096342442624
R72 15910 0057,both,DAYTON CITY OF,4601 ST JAMES AVE,DAYTON,640,"Exempt, owned by municipals",E,0000.00000,000000002640.00,000000000000.00,N,Planning,Surplus,Y,39113-000200-2,39.78911555423743,-84.25928290518604
R72 16002 0026,county_only,DAYTON CITY OF,FREE PIKE,DAYTON,640,"Exempt, owned by municipals",E,0000.00000,000000000000.00,000000000000.00,N,,,N,,,
R72 16002 0027,county_only,DAYTON CITY OF,FREE PIKE,DAYTON,640,"Exempt, owned by municipals",E,0000.00000,000000000000.00,000000000000.00,N,,,N,,,
R72 16006 0004,both,DAYTON CITY OF,4679 FREE PIKE,DAYTON,640,"Exempt, owned by municipals",E,0000.00000,000000017780.00,000000037760.00,Y,Planning,Surplus,N,39113-000100-3,39.798139985633284,-84.2675557877538
R72 16006 0021,county_only,DAYTON CITY OF,3383 BRUMBAUGH BLVD,DAYTON,620,"Exempt, owned by counties",E,0000.00000,000000010890.00,000000000000.00,N,,,N,39113-000100-3,39.79573637471734,-84.26853067094964
R72 16102 0040,both,DAYTON CITY OF,4910 KINGS HWY,DAYTON,500,"Residential vacant land, lot",R,0000.00000,000000002860.00,000000000000.00,N,,,Y,39113-000200-1,39.782366938561736,-84.2635136129289
R72 16103 0014,county_only,DAYTON CITY OF,4939 EICHELBERGER AVE,DAYTON,500,"Residential vacant land, lot",R,0000.00000,000000002800.00,000000000000.00,N,,,Y,39113-000200-1,39.78587737569795,-84.26520527040637
R72 16103 0057,both,CITY OF DAYTON,GENESEE AVE,DAYTON,640,"Exempt, owned by municipals",E,0000.00000,000000002550.00,000000000000.00,N,Planning,Surplus,Y,39113-000200-1,39.784727709531275,-84.2652593458157
R72 16103 0058,both,CITY OF DAYTON,QUEENS AVE,DAYTON,640,"Exempt, owned by municipals",E,0000.00000,000000002610.00,000000000000.00,N,Planning,Surplus,Y,39113-000200-1,39.78427040334997,-84.26521795953724
R72 16103 0082,both,DAYTON CITY OF,1840 DEWITT DR,DAYTON,500,"Residential vacant land, lot",R,0000.00000,000000003120.00,000000000000.00,N,,,Y,39113-000200-1,39.78404878509254,-84.26291642967496
R72 16104 0040,both,DAYTON CITY OF,5001 EICHELBERGER AVE,DAYTON,500,"Residential vacant land, lot",R,0000.00000,000000002800.00,000000000000.00,N,,,Y,39113-000200-1,39.78590990547779,-84.26558378203198
R72 16104 0045,both,DAYTON CITY OF,5018 EICHELBERGER AVE,DAYTON,500,"Residential vacant land, lot",R,0000.00000,000000002800.00,000000000000.00,N,,,Y,39113-000200-1,39.785452035955736,-84.26629641927153
R72 16105 0013,both,CITY OF DAYTON,4913 PRESCOTT AVE,DAYTON,510,,R,0000.00000,000000007230.00,000000003720.00,Y,,,N,39113-000200-1,39.78668167243796,-84.26391589112885
R72 16106 0012,both,DAYTON CITY OF,HICKORYDALE DR,DAYTON,640,"Exempt, owned by municipals",E,0000.00000,000000002880.00,000000000000.00,N,Public Works,Other,N,39113-000200-1,39.78168811440965,-84.2656031573294
R72 16107 0011,county_only,DAYTON CITY OF,4616 FREE PIKE,DAYTON,510,,R,0000.00000,000000015820.00,000000018180.00,Y,,,N,39113-000100-3,39.797649629775734,-84.26639002767547
R72 16107 0022,both,DAYTON CITY OF,5107 5115 PRESCOTT AVE,DAYTON,640,"Exempt, owned by municipals",E,0018.95100,000000097660.00,000000000000.00,N,Public Works,Other,N,39113-000200-1,39.788511143924936,-84.26742469635909
R72 16107 0042,both,DAYTON CITY OF,PRESCOTT AVE,DAYTON,640,"Exempt, owned by municipals",E,0018.01500,000000084660.00,000000000000.00,N,Public Works,Other,N,39113-000200-1,39.78905122440618,-84.2701351014881
R72 16107 0043,both,DAYTON CITY OF,HILLCREST AVE,DAYTON,640,"Exempt, owned by municipals",E,0000.51300,000000001800.00,000000000000.00,N,Public Works,Other,N,39113-000100-3,39.79057126682948,-84.26880429477973
R72 16107 0046,both,DAYTON CITY OF,PRESCOTT AVE,DAYTON,640,"Exempt, owned by municipals",E,0000.00000,000000009740.00,000000000000.00,N,Public Works,Other,N,39113-000200-1,39.78668651822207,-84.26814403558728
R72 16118 0020,both,DAYTON CITY OF,2027 VAL VISTA CT,DAYTON,640,"Exempt, owned by municipals",E,0000.00000,000000007280.00,000000000000.00,N,Planning,Surplus,Y,39113-000200-1,39.787888450360256,-84.26418851189187
R72 16201 0066,city_layer_only,,,,,,,,,,N,Planning,Surplus,Y,,39.77684577371121,-84.24157144231853
R72 16202 0029,both,DAYTON CITY OF,SHAFTESBURY RD,DAYTON,640,"Exempt, owned by municipals",E,0000.00000,000000030160.00,000000029390.00,Y,Public Works,Other,N,39113-000400-2,39.778955636411034,-84.24119114993827
R72 16203 0025,county_only,DAYTON CITY OF,3144 CAMPUS DR,DAYTON,640,"Exempt, owned by municipals",E,0000.00000,000000003560.00,000000000000.00,N,,,N,39113-000400-2,39.77695904834684,-84.23986613485631
R72 16210 0033,county_only,DAYTON CITY OF,1820 KENSINGTON DR,DAYTON,640,"Exempt, owned by municipals",E,0000.00000,000000005080.00,000000000000.00,N,,,N,39113-000400-2,39.78190764615864,-84.24111432659355
R72 16212 0027,county_only,CITY OF DAYTON,2044 VICTORIA AVE,DAYTON,640,"Exempt, owned by municipals",E,0000.00000,000000003310.00,000000000000.00,N,,,N,39113-000400-4,39.78634123931837,-84.236000445055
R72 16212 0055,both,DAYTON CITY OF,TENNYSON AVE,DAYTON,640,"Exempt, owned by municipals",E,0000.00000,000000028000.00,000000000000.00,N,Public Works,Other,N,39113-000400-4,39.78403319724038,-84.23757060800382
R72 16213 0067,city_layer_only,,,,,,,,,,N,,,N,,39.783999223071596,-84.2396786641752
R72 16213 0068,city_layer_only,,,,,,,,,,N,,,N,,39.78408582175825,-84.23958862262987
R72 16214 0053,county_only,CITY OF DAYTON,1914 KIPLING DR,DAYTON,640,"Exempt, owned by municipals",E,0000.00000,000000006180.00,000000000000.00,N,,,N,39113-000400-4,39.78414159169783,-84.24248342887049
R72 16214 0057,city_layer_only,,,,,,,,,,N,,,N,,39.7845079193893,-84.24239516774675
R72 16214 0075,both,CITY OF DAYTON,1925 KENSINGTON DR,DAYTON,640,"Exempt, owned by municipals",E,0000.00000,000000008150.00,000000000000.00,N,Planning,Surplus,Y,39113-000400-4,39.784244332870514,-84.24185251427187
R72 16214 0078,county_only,DAYTON CITY OF,1915 KENSINGTON DR,DAYTON,640,"Exempt, owned by municipals",E,0000.00000,000000004100.00,000000000000.00,N,,,N,39113-000400-4,39.783906737981575,-84.24184407246126
R72 16215 0004,both,CITY OF DAYTON,2051 WESLEYAN RD,DAYTON,613,Exempt land only,E,0000.00000,000000003630.00,000000000000.00,N,Planning,Surplus,Y,39113-000300-1,39.78676215309895,-84.24407828759816
R72 16215 0005,both,CITY OF DAYTON,2051 WESLEYAN RD,DAYTON,640,"Exempt, owned by municipals",E,0000.00000,000000002720.00,000000000000.00,N,Planning,Surplus,Y,39113-000300-1,39.78669989967104,-84.24414082173801
R72 16215 0073,county_only,CITY OF DAYTON,2041 KENSINGTON DR,DAYTON,640,"Exempt, owned by municipals",E,0000.00000,000000004100.00,000000000000.00,N,,,N,39113-000400-4,39.78657392939312,-84.24196062748442
R72 16215 0075,county_only,DAYTON CITY OF,2033 KENSINGTON DR,DAYTON,640,"Exempt, owned by municipals",E,0000.00000,000000004100.00,000000000000.00,N,,,N,39113-000400-4,39.78636789522206,-84.24196614635247
R72 16215 0077,county_only,DAYTON CITY OF,2025 KENSINGTON DR,DAYTON,640,"Exempt, owned by municipals",E,0000.00000,000000004100.00,000000000000.00,N,,,N,39113-000400-4,39.78612097635834,-84.24195285672216
R72 16215 0078,county_only,DAYTON CITY OF,KENSINGTON DR,DAYTON,640,"Exempt, owned by municipals",E,0000.00000,000000003690.00,000000000000.00,N,,,N,39113-000400-4,39.78604820870084,-84.24200420961297
R72 16215 0094,both,CITY OF DAYTON,KENSINGTON DR,DAYTON,640,"Exempt, owned by municipals",E,0000.00000,000000003570.00,000000000000.00,N,Planning,Surplus,Y,39113-000400-4,39.786607716672144,-84.24150407033454
R72 16215 0096,county_only,DAYTON CITY OF,2050 KENSINGTON DR,DAYTON,640,"Exempt, owned by municipals",E,0000.00000,000000003960.00,000000000000.00,N,,,N,39113-000400-4,39.786830475165125,-84.2415114472771
R72 16215 0097,county_only,DAYTON CITY OF,2054 KENSINGTON DR,DAYTON,640,"Exempt, owned by municipals",E,0000.00000,000000003960.00,000000000000.00,N,,,N,39113-000400-4,39.786918514660314,-84.24149942016611
R72 16215 0101,city_layer_only,,,,,,,,,,N,,,N,,39.78562751591218,-84.24079446189326
R72 16301 0036,county_only,CITY OF DAYTON,2106 VICTORIA AVE,DAYTON,640,"Exempt, owned by municipals",E,0000.00000,000000003310.00,000000000000.00,N,,,N,39113-000400-4,39.786654146563386,-84.23600824355167
R72 16301 0085,county_only,DAYTON CITY OF,SALEM AVE,DAYTON,640,"Exempt, owned by municipals",E,0000.00000,000000000000.00,000000000000.00,N,,,N,,,
R72 16302 0003,both,CITY OF DAYTON,2248 BENTON AVE,DAYTON,640,"Exempt, owned by municipals",E,0000.00000,000000003480.00,000000000000.00,N,Planning,Surplus,Y,39113-000500-1,39.79011003152795,-84.23719064635726
R72 16303 0043,both,CITY OF DAYTON,2245 BENTON AVE,DAYTON,640,"Exempt, owned by municipals",E,0000.00000,000000003180.00,000000000000.00,N,Planning,Surplus,Y,39113-000500-1,39.78999661014334,-84.2376184745655
R72 16303 0047,city_layer_only,,,,,,,,,,N,Planning,Surplus,Y,,39.790683558036434,-84.23758575274329
R72 16304 0053,both,DAYTON CITY OF,2130 KIPLING DR,DAYTON,640,"Exempt, owned by municipals",E,0000.00000,000000003570.00,000000000000.00,N,Planning,Surplus,Y,39113-000400-4,39.78814559716196,-84.24262633838465
R72 16304 0084,county_only,CITY OF DAYTON,2136 KENSINGTON DR,DAYTON,640,"Exempt, owned by municipals",E,0000.00000,000000007880.00,000000000000.00,N,,,N,39113-000400-4,39.788372953897195,-84.24155712792759
R72 16304 0088,county_only,DAYTON CITY OF,2154 KENSINGTON DR,DAYTON,640,"Exempt, owned by municipals",E,0000.00000,000000007880.00,000000000000.00,N,,,N,39113-000400-4,39.7888259066742,-84.24156489520078
R72 16305 0025,county_only,CITY OF DAYTON,2248 KIPLING DR,DAYTON,640,"Exempt, owned by municipals",E,0000.00000,000000014820.00,000000000000.00,N,,,N,39113-000400-4,39.79042968065096,-84.24247348973537
R72 16307 0011,both,DAYTON CITY OF,SALEM AVE,DAYTON,640,"Exempt, owned by municipals",E,0000.00000,000000000120.00,000000000000.00,N,Public Works,Other,N,39113-000500-1,39.79067555212338,-84.2410993454292
R72 16307 0019,county_only,DAYTON CITY OF,SALEM AVE,DAYTON,640,"Exempt, owned by municipals",E,0000.04400,000000000000.00,000000000000.00,N,,,N,,,
R72 16308 0017,county_only,DAYTON CITY OF,SIEBENTHALER & PHILA,DAYTON,400,Commercial vacant land,C,0000.03600,000000000000.00,000000000000.00,N,,,Y,,,
R72 16702 0061,both,DAYTON CITY OF,2636 STANLEY AVE,DAYTON,640,"Exempt, owned by municipals",E,0000.00000,000000047740.00,000000491980.00,Y,Public Works,Operations,N,39113-001800-2,39.78421453696546,-84.16620982080758
R72 16702 0094,county_only,DAYTON CITY OF,TROY ST,DAYTON,400,Commercial vacant land,C,0000.00000,000000000000.00,000000000000.00,N,,,Y,,,
R72 16702 0098,both,DAYTON CITY OF,STANLEY AVE,DAYTON,640,"Exempt, owned by municipals",E,0000.38200,000000019970.00,000000000000.00,N,Public Works,Other,N,39113-001800-2,39.78441050811528,-84.17133578328709
R72 16702 0102,county_only,CITY OF DAYTON,TROY ST,DAYTON,400,Commercial vacant land,C,0000.33000,000000000000.00,000000000000.00,N,,,Y,,,
R72 16702 0103,county_only,CITY OF DAYTON,TROY ST,DAYTON,400,Commercial vacant land,C,0000.22100,000000000000.00,000000000000.00,N,,,Y,,,
R72 16702 0104,county_only,CITY OF DAYTON,STANLEY AVE,DAYTON,400,Commercial vacant land,C,0000.12300,000000000000.00,000000000000.00,N,,,Y,,,
R72 16702 0105,county_only,CITY OF DAYTON,TROY ST,DAYTON,400,Commercial vacant land,C,0000.21300,000000000000.00,000000000000.00,N,,,Y,,,
R72 16702 0106,county_only,CITY OF DAYTON,TROY ST,DAYTON,640,"Exempt, owned by municipals",E,0000.15800,000000000000.00,000000000000.00,N,,,N,,,
R72 16702 0107,county_only,CITY OF DAYTON,TROY ST,DAYTON,400,Commercial vacant land,C,0000.20000,000000000000.00,000000000000.00,N,,,Y,,,
R72 16702 0108,county_only,DAYTON CITY OF,TROY ST,DAYTON,640,"Exempt, owned by municipals",E,0000.26900,000000000000.00,000000000000.00,N,,,N,,,
R72 16702 0109,county_only,CITY OF DAYTON,TROY ST,DAYTON,640,"Exempt, owned by municipals",E,0000.25000,000000000000.00,000000000000.00,N,,,N,,,
R72 16702 0110,county_only,CITY OF DAYTON,TROY ST,DAYTON,640,"Exempt, owned by municipals",E,0000.28900,000000000000.00,000000000000.00,N,,,N,,,
R72 16703 0009,both,DAYTON CITY OF,BRANDT PIKE,DAYTON,640,"Exempt, owned by municipals",E,0020.20100,000000144740.00,000000000000.00,N,Public Works,Other,N,39113-001800-1,39.79237571579308,-84.15957733354246
R72 16703 0031,both,DAYTON CITY OF,CANAL LAND,DAYTON,400,Commercial vacant land,C,0001.74000,000000000000.00,000000000000.00,N,,,Y,39113-001800-1,39.792648720097326,-84.16382861080491
R72 16703 0036,both,DAYTON CITY OF,CANAL LAND,DAYTON,400,Commercial vacant land,C,0004.53400,000000000000.00,000000000000.00,N,,,Y,,39.79021712816109,-84.16431946242149
R72 16703 0037,both,DAYTON CITY OF,CANAL LAND,DAYTON,400,Commercial vacant land,C,0000.34300,000000000000.00,000000000000.00,N,,,Y,,39.78818187435365,-84.16483757845192
R72 16703 0038,both,DAYTON CITY OF,CANAL LAND,DAYTON,400,Commercial vacant land,C,0002.30500,000000000000.00,000000000000.00,N,,,Y,,39.7869750433581,-84.16510770629438
R72 16704 0138,county_only,"CITY OF DAYTON, THE",BRANDT PIKE,DAYTON,501,,R,0001.01800,000000000000.00,000000000000.00,N,,,N,,39.79259466463509,-84.15269242865438
R72 16704 0140,county_only,DAYTON CITY OF,VALLEYCREST DR,DAYTON,501,,R,0000.03600,000000000000.00,000000000000.00,N,,,N,,39.791803173049225,-84.15154172759999
R72 16706 0052,city_layer_only,,,,,,,,,,N,,,N,,39.787091759946506,-84.16835355603173
R72 16706 0059,county_only,CITY OF DAYTON,TROY ST,DAYTON,501,,R,0000.00000,000000000000.00,000000000000.00,N,,,N,,,
R72 16706 0061,county_only,CITY OF DAYTON,TROY ST,DAYTON,501,,R,0000.00000,000000000000.00,000000000000.00,N,,,N,,,
R72 16706 0062,county_only,CITY OF DAYTON,TROY ST,DAYTON,400,Commercial vacant land,C,0000.00000,000000000000.00,000000000000.00,N,,,Y,,,
R72 16707 0030,county_only,CITY OF DAYTON,TROY ST,DAYTON,400,Commercial vacant land,C,0000.00000,000000000000.00,000000000000.00,N,,,Y,,,
R72 16707 0031,county_only,CITY OF DAYTON,TROY ST,DAYTON,400,Commercial vacant land,C,0000.00000,000000000000.00,000000000000.00,N,,,Y,,,
R72 16806 0018,both,DAYTON CITY OF,MADDEN HILLS DR,DAYTON,640,"Exempt, owned by municipals",E,0000.00000,000000009410.00,000000000000.00,N,Public Works,Other,N,39113-004100-2,39.73706480995247,-84.23714750910888
R72 16806 0030,city_layer_only,,,,,,,,,,N,Public Works,Other,N,,39.73744228292944,-84.23565758889451
R72 16806 0031,city_layer_only,,,,,,,,,,N,Public Works,Other,N,,39.73766653862642,-84.23577537269958
R72 16806 0032,city_layer_only,,,,,,,,,,N,Public Works,Other,N,,39.73790661308146,-84.23586683663076
R72 16806 0033,city_layer_only,,,,,,,,,,N,Public Works,Other,N,,39.73813935929213,-84.23591323494001
R72 16806 0034,city_layer_only,,,,,,,,,,N,Public Works,Other,N,,39.73836970998448,-84.23591631538835
R72 16806 0035,city_layer_only,,,,,,,,,,N,Public Works,Other,N,,39.738572606009335,-84.23591854041516
R72 16806 0036,city_layer_only,,,,,,,,,,N,Public Works,Other,N,,39.7387562087384,-84.23592222966334
R72 16806 0038,city_layer_only,,,,,,,,,,N,Public Works,Other,N,,39.73800576925683,-84.23528394848175
R72 16810 0010,both,CITY OF DAYTON,CONE CT,DAYTON,400,Commercial vacant land,C,0009.72600,000000025260.00,000000000000.00,N,Water,,Y,39113-004300-1,39.72715883093005,-84.25083459910707
R72 16810 0018,county_only,DAYTON CITY OF,FOR ROAD PURPOSES,DAYTON,640,"Exempt, owned by municipals",E,0000.00000,000000000000.00,000000000000.00,N,,,N,,,
R72 16811 0023,city_layer_only,,,,,,,,,,N,Public Works,Other,N,,39.73379743743078,-84.23608733998712
R72 16811 0027,city_layer_only,,,,,,,,,,N,Public Works,Other,N,,39.733504666130486,-84.23572665486482
R72 16812 0004,city_layer_only,,,,,,,,,,N,Public Works,Other,N,,39.73379356194882,-84.2364757766885
R72 16812 0010,both,DAYTON CITY OF,YOLANDA DR,DAYTON,640,"Exempt, owned by municipals",E,0000.00000,000000005260.00,000000000000.00,N,Public Works,Other,N,39113-004100-2,39.733572703193936,-84.23833525698142
R72 16812 0015,city_layer_only,,,,,,,,,,N,,,N,,39.73310079611919,-84.23726142395165
R72 16813 0004,city_layer_only,,,,,,,,,,N,Public Works,Other,N,,39.735902344811244,-84.2340116109348
R72 16813 0005,city_layer_only,,,,,,,,,,N,Public Works,Other,N,,39.73605304730028,-84.23384824238201
R72 16815 0001,both,DAYTON CITY OF,1921 S GETTYSBURG AVE,DAYTON,640,"Exempt, owned by municipals",E,0093.38400,000001153310.00,000040465510.00,Y,Public Works,Other,N,39113-060300-3,39.72590935693122,-84.25852000226877
R72 16816 0001,city_layer_only,,,,,,,,,,N,,,N,,39.737425634870604,-84.2338136741149
R72 16816 0004,city_layer_only,,,,,,,,,,N,,,N,,39.73749734430091,-84.2328888673871
R72 16816 0006,city_layer_only,,,,,,,,,,N,Public Works,Other,N,,39.73748439947292,-84.23230546488271
R72 16816 0009,city_layer_only,,,,,,,,,,N,Public Works,Other,N,,39.73730638539175,-84.2316389339198
R72 16816 0010,city_layer_only,,,,,,,,,,N,Public Works,Other,N,,39.73710098258148,-84.23163532744346
R72 16816 0011,city_layer_only,,,,,,,,,,N,Public Works,Other,N,,39.73687357080379,-84.2316415810529
R72 16816 0012,city_layer_only,,,,,,,,,,N,Public Works,Other,N,,39.73632327256066,-84.23148105096507
R72 16816 0013,city_layer_only,,,,,,,,,,N,Public Works,Other,N,,39.73632783677395,-84.23179027133038
R72 16816 0015,city_layer_only,,,,,,,,,,N,Public Works,Other,N,,39.73660568616999,-84.23205495941076
R72 16816 0016,city_layer_only,,,,,,,,,,N,Public Works,Other,N,,39.736874625444955,-84.23207279595451
R72 16817 0011,city_layer_only,,,,,,,,,,N,Public Works,Other,N,,39.73509282675263,-84.23888731530303
R72 16817 0012,city_layer_only,,,,,,,,,,N,Public Works,Other,N,,39.73487157124453,-84.23885092692608
R72 16817 0013,city_layer_only,,,,,,,,,,N,Public Works,Other,N,,39.73465201089906,-84.23884393034236
R72 16901 0001,both,DAYTON CITY OF,4118 W THIRD ST,DAYTON,640,"Exempt, owned by municipals",E,0000.00000,000000051320.00,000000062710.00,Y,Public Works,Operations,N,39113-004600-2,39.7490890267197,-84.25327466413636
R72 16901 0008,both,CITY OF DAYTON,HOME AVE,DAYTON,600,"Exempt, owned by USA",E,0000.00000,000000020970.00,000000000000.00,N,Public Works,Other,N,39113-004200-1,39.7425475642572,-84.24952776015675
R72 16901 0010,both,DAYTON CITY OF,LAKEVIEW AVE,DAYTON,640,"Exempt, owned by municipals",E,0002.90000,000000000000.00,000000000000.00,N,,,N,39113-004200-1,39.74061306883431,-84.24953440154336
R72 16901 0011,both,DAYTON CITY OF,LAKESIDE DR,DAYTON,640,"Exempt, owned by municipals",E,0006.00000,000000000000.00,000000000000.00,N,,,N,39113-004200-1,39.741210420869315,-84.24975260477751
R72 16901 0020,both,DAYTON CITY OF,DAYTON LIBERTY RD,DAYTON,640,"Exempt, owned by municipals",E,0035.37400,000000175100.00,000000000000.00,N,Public Works,Other,N,39113-004600-2,39.73474526479391,-84.25945604052984
R72 16901 0030,both,DAYTON CITY OF,LISCUM DR,DAYTON,640,"Exempt, owned by municipals",E,0018.45260,000000054800.00,000000000000.00,N,Public Works,Other,N,39113-004600-2,39.73564089741894,-84.26377843418605
R72 16901 0037,county_only,CITY OF DAYTON,873 S GETTYSBURG AVE,DAYTON,400,Commercial vacant land,C,0000.04000,000000000000.00,000000000000.00,N,,,Y,,,
R72 16901 0058,county_only,DAYTON CITY OF,W 3RD ST,DAYTON,640,"Exempt, owned by municipals",E,0004.22400,000000000000.00,000000000000.00,N,,,N,,,
R72 16901 0062,county_only,DAYTON CITY OF,W 3RD ST,DAYTON,640,"Exempt, owned by municipals",E,0001.20400,000000000000.00,000000000000.00,N,,,N,,,
R72 16901 0065,both,DAYTON CITY OF,DAYTON LIBERTY RD,DAYTON,640,"Exempt, owned by municipals",E,0000.84900,000000008020.00,000000000000.00,N,Public Works,Other,N,39113-004600-2,39.73345951807486,-84.26214583480498
R72 16901 0067,both,CITY OF DAYTON,HOME AVE,DAYTON,640,"Exempt, owned by municipals",E,0000.00000,000000000000.00,000000000000.00,N,,,N,39113-004200-1,39.74253684424431,-84.2494014567303
R72 16901 0068,both,CITY OF DAYTON,HOME AVE,DAYTON,640,"Exempt, owned by municipals",E,0000.00000,000000000000.00,000000000000.00,N,,,N,39113-004200-1,39.742262712875004,-84.24976322011659
R72 16901 0075,both,CITY OF DAYTON,ST RT 35,DAYTON,400,Commercial vacant land,C,0002.64800,000000013110.00,000000000000.00,N,,,Y,39113-004600-2,39.73497244704167,-84.26163515248852
R72 16902 0035,both,DAYTON CITY OF,NICHOLAS RD,DAYTON,640,"Exempt, owned by municipals",E,0004.55000,000000069160.00,000000000000.00,N,Public Works,Other,N,39113-004300-1,39.731913310923375,-84.23626223588846
R72 16903 0001,both,DAYTON CITY OF,GUTHRIE RD,DAYTON,640,"Exempt, owned by municipals",E,0033.21600,000000128520.00,000000000000.00,N,Public Works,Other,N,39113-004300-1,39.72810098529648,-84.22819976356014
R72 16903 0002,both,DAYTON CITY OF,NICHOLAS RD,DAYTON,640,"Exempt, owned by municipals",E,0007.00000,000000019250.00,000000000000.00,N,Public Works,Other,N,39113-004300-1,39.73116537383363,-84.22902870936996
R72 16903 0003,both,DAYTON CITY OF,NICHOLAS RD,DAYTON,640,"Exempt, owned by municipals",E,0018.00000,000000049500.00,000000000000.00,N,Public Works,Other,N,39113-004300-1,39.73106295660304,-84.22788321766741
R72 16903 0021,county_only,DAYTON CITY OF,NICHOLAS RD,DAYTON,640,"Exempt, owned by municipals",E,0000.00000,000000000000.00,000000000000.00,N,,,N,,39.73251802939354,-84.2123050044311
R72 16903 0022,county_only,DAYTON CITY OF,NICHOLAS RD,DAYTON,640,"Exempt, owned by municipals",E,0000.25100,000000000000.00,000000000000.00,N,,,N,,,
R72 16904 0001,both,DAYTON CITY OF,GUTHRIE & NICHOLAS,DAYTON,640,"Exempt, owned by municipals",E,0000.00000,000002862390.00,000035240110.00,Y,Water,,N,39113-004300-1,39.72418563813707,-84.23790554453736
R72 16905 0001,both,DAYTON CITY OF,3955 PALMERSTON AVE,DAYTON,640,"Exempt, owned by municipals",E,0025.45500,000000069740.00,000000060360.00,Y,Public Works,Other,N,39113-004300-1,39.72981334925288,-84.24775427666343
R72 16905 0007,both,DAYTON CITY OF,S GETTYSBURG AVE,DAYTON,640,"Exempt, owned by municipals",E,0026.70000,000000165540.00,000000000000.00,N,Public Works,Other,N,39113-004300-1,39.72581520568231,-84.24919928043138
R72 16905 0011,both,DAYTON CITY OF,GETTYSBURG AVE,DAYTON,640,"Exempt, owned by municipals",E,0000.17600,000000000100.00,000000000000.00,N,Public Works,Other,N,39113-060300-3,39.724254908860836,-84.25271350488121
R72 16905 0012,both,DAYTON CITY OF,GUTHRIE RD,DAYTON,640,"Exempt, owned by municipals",E,0004.87740,000000030240.00,000000000000.00,N,Public Works,Other,N,39113-060300-3,39.72894827943223,-84.25300549964518
R72 16905 0013,both,DAYTON CITY OF,S GETTYSBURG AVE,DAYTON,640,"Exempt, owned by municipals",E,0001.35440,000000000900.00,000000000000.00,N,Public Works,Other,N,39113-060300-3,39.72712713784231,-84.2529217208508
R72 16905 0029,county_only,DAYTON CITY OF,,DAYTON,640,"Exempt, owned by municipals",E,0000.70500,000000000000.00,000000000000.00,N,,,N,,,
R72 16905 0030,county_only,DAYTON CITY OF,S GETTYSBURG AVE,DAYTON,640,"Exempt, owned by municipals",E,0000.86700,000000000000.00,000000000000.00,N,,,N,,,
R72 16905 0031,county_only,DAYTON CITY OF,S GETTYSBURG AVE,DAYTON,640,"Exempt, owned by municipals",E,0000.09100,000000000110.00,000000000000.00,N,,,N,,,
R72 16905 0032,county_only,DAYTON CITY OF,S GETTYSBURG AVE,DAYTON,640,"Exempt, owned by municipals",E,0000.95300,000000000530.00,000000000000.00,N,,,N,,,
R72 16905 0033,county_only,DAYTON CITY OF,S GETTYSBURG AVE,DAYTON,640,"Exempt, owned by municipals",E,0000.44400,000000000420.00,000000000000.00,N,,,N,,,
R72 16905 0035,county_only,DAYTON CITY OF,GUTHRIE RD,DAYTON,400,Commercial vacant land,C,0000.03810,000000000000.00,000000000000.00,N,,,Y,,,
R72 16905 0036,county_only,DAYTON CITY OF,GUTHRIE RD,DAYTON,400,Commercial vacant land,C,0000.03660,000000000000.00,000000000000.00,N,,,Y,,,
R72 16905 0037,county_only,DAYTON CITY OF,GUTHRIE RD,DAYTON,400,Commercial vacant land,C,0000.00080,000000000000.00,000000000000.00,N,,,Y,,,
R72 16905 0038,county_only,DAYTON CITY OF,GUTHRIE RD,DAYTON,400,Commercial vacant land,C,0000.00170,000000000000.00,000000000000.00,N,,,Y,,,
R72 16906 0002,both,DAYTON CITY OF,GUTHRIE RD,DAYTON,640,"Exempt, owned by municipals",E,0006.12000,000000037940.00,000000003490.00,Y,Public Works,Other,N,39113-004300-1,39.721702577822725,-84.24147195994017
R72 16906 0003,both,DAYTON CITY OF,GUTHRIE RD,DAYTON,640,"Exempt, owned by municipals",E,0000.00000,000000308140.00,000000000000.00,N,,,N,39113-004300-1,39.71910422949436,-84.2433025385378
R72 16906 0012,county_only,DAYTON CITY OF,S GETTYSBURG AVE,DAYTON,640,"Exempt, owned by municipals",E,0000.58900,000000000000.00,000000000000.00,N,,,N,,,
R72 16906 0013,county_only,DAYTON CITY OF,S GETTYSBURG AVE,DAYTON,640,"Exempt, owned by municipals",E,0000.43400,000000000000.00,000000000000.00,N,,,N,,,
R72 16906 0014,county_only,DAYTON CITY OF,S GETTYSBURG AVE,DAYTON,640,"Exempt, owned by municipals",E,0000.07500,000000000380.00,000000000000.00,N,,,N,,,
R72 16906 0015,county_only,DAYTON CITY OF,S GETTYSBURG AVE,DAYTON,640,"Exempt, owned by municipals",E,0000.08100,000000000000.00,000000000000.00,N,,,N,,,
R72 16906 0016,county_only,DAYTON CITY OF,S GETTYSBURG AVE,DAYTON,640,"Exempt, owned by municipals",E,0000.31000,000000000000.00,000000000000.00,N,,,N,,,
R72 16906 0017,both,DAYTON CITY OF,GUTHRIE RD,DAYTON,640,"Exempt, owned by municipals",E,0000.05900,000000000000.00,000000000000.00,N,,,N,39113-004300-1,39.7191086572042,-84.2498848461893
R72 16906 0019,county_only,CITY OF DAYTON,S GETTYSBURG AVE,DAYTON,400,Commercial vacant land,C,0000.25300,000000000000.00,000000000000.00,N,,,Y,,,
R72 16906 0020,county_only,CITY OF DAYTON,S GETTYSBURG AVE,DAYTON,400,Commercial vacant land,C,0000.37300,000000000000.00,000000000000.00,N,,,Y,,,
R72 16907 0060,county_only,CITY OF DAYTON,LYLEBURN RD,DAYTON,400,Commercial vacant land,C,0001.10700,000000000000.00,000000000000.00,N,,,Y,,,
R72 16907 0061,county_only,CITY OF DAYTON,S GETTYSBURG AVE,DAYTON,400,Commercial vacant land,C,0000.67600,000000000000.00,000000000000.00,N,,,Y,,,
R72 16908 0002,both,DAYTON CITY OF,VANCE RD,DAYTON,640,"Exempt, owned by municipals",E,0018.91500,000000041010.00,000000000000.00,N,Public Works,Other,N,39113-004300-1,39.71713013282039,-84.23441656482711
R72 16908 0005,both,DAYTON CITY OF,VANCE RD,DAYTON,640,"Exempt, owned by municipals",E,0017.72800,000000038390.00,000000000000.00,N,,,N,39113-004300-1,39.716393368644944,-84.23169868771502
R72 16908 0006,both,DAYTON CITY OF,VANCE RD,DAYTON,640,"Exempt, owned by municipals",E,0017.46500,000000037820.00,000000000000.00,N,,,N,39113-004300-1,39.71490376157206,-84.23476140127299
R72 16908 0009,both,DAYTON CITY OF,2301 W RIVER RD,DAYTON,640,"Exempt, owned by municipals",E,0026.06400,000000238460.00,000010585620.00,Y,,,N,39113-004300-1,39.71374282709441,-84.23181798597014
R72 16910 0029,county_only,CITY OF DAYTON,LISCUM DR,DAYTON,640,"Exempt, owned by municipals",E,0000.00000,000000000000.00,000000000000.00,N,,,N,,,
R72 16910 0030,county_only,CITY OF DAYTON,LISCUM DR,DAYTON,640,"Exempt, owned by municipals",E,0000.00000,000000000000.00,000000000000.00,N,,,N,,,
R72 16910 0031,county_only,CITY OF DAYTON,LISCUM DR,DAYTON,640,"Exempt, owned by municipals",E,0000.00000,000000000000.00,000000000000.00,N,,,N,,,
R72 16910 0032,county_only,CITY OF DAYTON,LISCUM DR,DAYTON,640,"Exempt, owned by municipals",E,0000.00000,000000000000.00,000000000000.00,N,,,N,,,
R72 16910 0033,county_only,CITY OF DAYTON,LISCUM DR,DAYTON,400,Commercial vacant land,C,0000.02200,000000000000.00,000000000000.00,N,,,Y,,,
R72 16910 0034,county_only,CITY OF DAYTON,LISCUM DR,DAYTON,640,"Exempt, owned by municipals",E,0000.00000,000000000000.00,000000000000.00,N,,,N,,,
R72 16910 0035,county_only,CITY OF DAYTON,LISCUM DR,DAYTON,640,"Exempt, owned by municipals",E,0000.00000,000000000000.00,000000000000.00,N,,,N,,,
R72 17002 0029,both,DAYTON CITY OF,HEID AVE,DAYTON,640,"Exempt, owned by municipals",E,0000.00000,000000497470.00,000000000000.00,N,Water,,N,39113-080700-1,39.798590103523836,-84.17432710990968
R72 17002 0066,county_only,THE CITY OF DAYTON,OLD TROY PIKE,DAYTON,640,"Exempt, owned by municipals",E,0000.58200,000000020010.00,000000000000.00,N,,,N,39113-001800-1,39.79513458315043,-84.16156607030808
R72 17002 0069,county_only,CITY OF DAYTON,OLD TROY PIKE,DAYTON,400,Commercial vacant land,C,0000.22900,000000000000.00,000000000000.00,N,,,Y,,,
R72 17003 0001,both,DAYTON CITY OF,3210 CHUCK WAGNER LN,DAYTON,640,"Exempt, owned by municipals",E,0694.56500,000006834170.00,000001933850.00,Y,Water,,N,39113-080700-1,39.817165165604884,-84.16583536105263
R72 17003 0021,both,DAYTON CITY OF,3210 CHUCK WAGNER LN,DAYTON,640,"Exempt, owned by municipals",E,0000.00000,000000375880.00,000029376530.00,Y,Water,,N,39113-080700-1,39.80766921367655,-84.17061597601175
R72 17004 0001,both,DAYTON CITY OF,BEARDSHEAR DR,DAYTON,640,"Exempt, owned by municipals",E,0326.38000,000002904780.00,000002333440.00,Y,Water,,N,39113-080700-1,39.81537888246288,-84.16305963915507
R72 17005 0001,both,DAYTON CITY OF,BEARDSHEAR DR,DAYTON,640,"Exempt, owned by municipals",E,0074.07100,000000659100.00,000000000000.00,N,Water,,N,39113-080700-1,39.8034465245709,-84.16326668000447
R72 17006 0016,both,DAYTON CITY OF,IDYLWILDE BLVD,DAYTON,640,"Exempt, owned by municipals",E,0000.00000,000000000120.00,000000000000.00,N,Water,,N,39113-001600-2,39.798197090458274,-84.19691994482821
R72 17014 0001,both,DAYTON CITY OF,DAYTON PARK DR,DAYTON,640,"Exempt, owned by municipals",E,0004.05300,000000064440.00,000000000000.00,N,,,N,39113-080700-1,39.80631668028158,-84.17355523887154
R72 17014 0003,both,DAYTON CITY OF,3771 DAYTON PARK DR,DAYTON,640,"Exempt, owned by municipals",E,0004.36200,000000158320.00,000001116930.00,Y,Water,,N,39113-080700-1,39.80127276210369,-84.17130262740248
R72 17014 0004,both,DAYTON CITY OF,3800 DAYTON PARK DR,DAYTON,340,,I,0004.28300,000000162300.00,000000424020.00,Y,Water,,N,39113-080700-1,39.802689691489135,-84.17187059724183
R72 17014 0005,both,DAYTON CITY OF,3600 3690 DAYTON PARK DR,DAYTON,499,,C,0015.87700,000000441010.00,000001630550.00,Y,Water,,N,39113-080700-1,39.80306525837808,-84.16845143132922
R72 17014 0006,both,DAYTON CITY OF,DAYTON PARK DR,DAYTON,640,"Exempt, owned by municipals",E,0000.00000,000000063600.00,000000000000.00,N,Water,,N,39113-080700-1,39.801312370170365,-84.17018950118585
R72 17014 0007,both,DAYTON CITY OF,3671 DAYTON PARK DR,DAYTON,640,"Exempt, owned by municipals",E,0000.00000,000000238980.00,000000000000.00,N,Water,,N,39113-080700-1,39.801944808007484,-84.16749904024233
R72 17014 0008,both,DAYTON CITY OF,3599 DAYTON PARK DR,DAYTON,350,,I,0000.00000,000000167160.00,000000000000.00,N,Water,,N,39113-080700-1,39.80170604507173,-84.16415676846357
R72 17014 0010,both,DAYTON CITY OF,3711 INPARK CIR,DAYTON,399,,I,0002.77400,000000044040.00,000000000000.00,N,Water,,N,39113-080700-1,39.800878867024664,-84.1741353927124
R72 17014 0011,county_only,DAYTON CITY OF ETAL,3723 3757 INPARK CIR,DAYTON,370,,I,0003.32000,000000108060.00,000000387700.00,Y,,,N,39113-080700-1,39.80191204515312,-84.17421925330557
R72 17014 0012,both,DAYTON CITY OF,3831 3837 DAYTON PARK DR,DAYTON,447,,C,0000.85600,000000028260.00,000000165530.00,Y,Water,,N,39113-080700-1,39.80287497856521,-84.17312460247017
R72 17014 0013,both,DAYTON CITY OF,3911 DAYTON PARK DR,DAYTON,350,,I,0003.07000,000000097010.00,000000620250.00,Y,,,N,39113-080700-1,39.80385620712692,-84.1738245258628
R72 17014 0014,both,DAYTON CITY OF,3949 DAYTON PARK DR,DAYTON,350,,I,0003.03000,000000086170.00,000000119610.00,Y,Water,,N,39113-080700-1,39.804645742735396,-84.17391116135896
R72 17014 0015,both,DAYTON CITY OF,3975 DAYTON PARK DR,DAYTON,640,"Exempt, owned by municipals",E,0003.39400,000000107120.00,000000281050.00,Y,Water,,N,39113-080700-1,39.80543411650245,-84.17369517033293
R72 17014 0016,both,DAYTON CITY OF,3726 INPARK CIR,DAYTON,350,,I,0003.69000,000000074370.00,000000104120.00,Y,Water,,N,39113-080700-1,39.801282840117075,-84.17348149551005
R72 17014 9004,county_only,DAYTON CITY OF,DAYTON PARK DR,DAYTON,640,"Exempt, owned by municipals",E,0000.59700,000000018960.00,000000000000.00,N,,,N,,,
R72 17014 9005,county_only,DAYTON CITY OF,3690 DAYTON PARK DR,DAYTON,640,"Exempt, owned by municipals",E,0002.11200,000000050050.00,000000000000.00,N,,,N,,,
R72 17014 9010,county_only,DAYTON CITY OF,INPARK CIR,DAYTON,600,"Exempt, owned by USA",E,0001.94300,000000030850.00,000000000000.00,N,,,N,,,
R72 17014 9011,county_only,DAYTON CITY OF ET AL,INPARK CIR,DAYTON,600,"Exempt, owned by USA",E,0003.44600,000000103650.00,000000000000.00,N,,,N,,,
R72 17014 9012,county_only,DAYTON CITY OF,DAYTON PARK DR,DAYTON,600,"Exempt, owned by USA",E,0000.61300,000000019910.00,000000000000.00,N,,,N,,,
R72 17014 9013,county_only,DAYTON CITY OF,DAYTON PARK DR,DAYTON,600,"Exempt, owned by USA",E,0001.55900,000000049300.00,000000000000.00,N,,,N,,,
R72 17014 9014,county_only,DAYTON CITY OF,DAYTON PARK DR,DAYTON,600,"Exempt, owned by USA",E,0000.70000,000000022120.00,000000000000.00,N,,,N,,,
R72 17103 0007,both,CITY OF DAYTON,4621 HOOVER AVE,DAYTON,640,"Exempt, owned by municipals",E,0000.25100,000000002970.00,000000000000.00,N,Planning,Surplus,Y,39113-070300-1,39.761721015440926,-84.26343348731311
R72 17105 0002,both,CITY OF DAYTON,BECKER DR,DAYTON,640,"Exempt, owned by municipals",E,0000.34200,000000001880.00,000000000000.00,N,Planning,Surplus,Y,39113-070202-1,39.75733361912685,-84.27225643205608
R72 17105 0009,both,CITY OF DAYTON,BECKER DR,DAYTON,620,"Exempt, owned by counties",E,0009.93700,000000054620.00,000000009280.00,Y,,,N,39113-070202-1,39.75612931404729,-84.27374509483985
R72 17106 0015,both,DAYTON CITY OF,BECKER DR,DAYTON,620,"Exempt, owned by counties",E,0000.04600,000000000250.00,000000000000.00,N,,,N,39113-070202-1,39.7573416515822,-84.27202243740022
R72 17538 0001,both,DAYTON CITY OF,2805 OAKRIDGE DR,DAYTON,640,"Exempt, owned by municipals",E,0011.88600,000000127480.00,000007988590.00,Y,,,N,39113-003800-3,39.758462103179006,-84.24636270337696
R72 17615 0001,both,DAYTON CITY OF,GATEWAY DR,DAYTON,640,"Exempt, owned by municipals",E,0009.70200,000000109830.00,000000007560.00,Y,Public Works,Other,N,39113-090302-6,39.778045957445116,-84.15825306274405
R72 17615 0009,county_only,CITY OF DAYTON,FINDLAY ST,DAYTON,400,Commercial vacant land,C,0000.05500,000000000000.00,000000000000.00,N,,,Y,,,
R72 50824 0016,city_layer_only,,,,,,,,,,N,,,N,,39.7685919543917,-84.2010809771632
R72 80080 8002,county_only,DAYTON CITY OF,,DAYTON,600,"Exempt, owned by USA",E,0000.00000,000000000000.00,000000000000.00,N,,,N,,,
R72 80080 8003,county_only,DAYTON CITY OF,,DAYTON,600,"Exempt, owned by USA",E,0000.00000,000000000000.00,000000000000.00,N,,,N,,,
R72 80080 8011,county_only,DAYTON CITY OF,,DAYTON,600,"Exempt, owned by USA",E,0000.00000,000000000000.00,000000000000.00,N,,,N,,,
R72 80080 8012,county_only,DAYTON CITY OF,,DAYTON,600,"Exempt, owned by USA",E,0000.00000,000000000000.00,000000000000.00,N,,,N,,,
R72 80080 8013,county_only,DAYTON CITY OF,,DAYTON,600,"Exempt, owned by USA",E,0000.00000,000000000000.00,000000000000.00,N,,,N,,,
R72 80080 8014,county_only,DAYTON CITY OF,DAYTON LO-DAM UNIT ASSMT,DAYTON,600,"Exempt, owned by USA",E,0000.00000,000000000000.00,000000000000.00,N,,,N,,,
R72 80080 8021,county_only,DAYTON CITY OF,DAYTON                     AVE,DAYTON,600,"Exempt, owned by USA",E,0000.00000,000000000000.00,000000000000.00,N,,,N,,,
R72117010 0007,both,DAYTON CITY OF,2670 WAGNER FORD RD,DAYTON,640,"Exempt, owned by municipals",E,0061.79700,000000367070.00,000000000820.00,Y,,,N,39113-080600-2,39.79973346242243,-84.18471432006903
R72117011 0018,both,CITY OF DAYTON,3540 NEEDMORE RD,DAYTON,400,Commercial vacant land,C,0000.91800,000000095290.00,000000000000.00,N,,,Y,39113-080700-1,39.81974996727265,-84.16061885635148
R72117011 0019,both,DAYTON CITY OF,NEEDMORE RD,DAYTON,640,"Exempt, owned by municipals",E,0000.90600,000000029960.00,000000000000.00,N,Public Works,Other,N,39113-080700-1,39.819071592590085,-84.15858069527137
R72117201 0053,county_only,DAYTON CITY OF,BARTLEY RD,DAYTON,640,"Exempt, owned by municipals",E,0000.09700,000000000000.00,000000000000.00,N,,,N,,,
R72117202 0020,both,CITY OF DAYTON,FREDERICK PIKE,DAYTON,610,,E,0018.34300,000000154080.00,000000000000.00,N,,,N,39113-080500-6,39.8256936752451,-84.21976871038756
R72117204 0008,both,DAYTON CITY OF,FREDERICK PIKE,DAYTON,640,"Exempt, owned by municipals",E,0003.30000,000000027720.00,000000000000.00,N,Public Works,Other,N,39113-001600-1,39.815993573127635,-84.20635522591046
R72117204 0011,city_layer_only,,,,,,,,,,N,Public Works,Other,N,,39.81473625153993,-84.20983352667474
R72117204 0013,both,DAYTON CITY OF,FREDERICK PIKE,DAYTON,640,"Exempt, owned by municipals",E,0003.29900,000000027720.00,000000000000.00,N,Public Works,Other,N,39113-001600-1,39.812796380670356,-84.20316808816517
R72117204 0014,both,DAYTON CITY OF,FREDERICK PIKE,DAYTON,640,"Exempt, owned by municipals",E,0064.39900,000000429360.00,000000000000.00,N,Public Works,Other,N,39113-001600-1,39.81050231044311,-84.20245117177927
R72117204 0019,both,DAYTON CITY OF,CEDAR RIDGE RD,DAYTON,640,"Exempt, owned by municipals",E,0014.80000,000000124320.00,000000000000.00,N,Public Works,Other,N,39113-001600-1,39.808100617785335,-84.20318352694669
R72117204 0020,both,DAYTON CITY OF,CEDAR RIDGE RD,DAYTON,640,"Exempt, owned by municipals",E,0018.67100,000000156830.00,000000000000.00,N,Public Works,Other,N,39113-001600-1,39.80676349250446,-84.20275059797336
R72117204 0054,county_only,DAYTON CITY OF,FREDERICK PIKE,DAYTON,640,"Exempt, owned by municipals",E,0000.11300,000000001210.00,000000000000.00,N,,,N,,,
R72117204 0056,county_only,DAYTON CITY OF,SHOUP MILL RD,DAYTON,400,Commercial vacant land,C,0000.06600,000000000000.00,000000000000.00,N,,,Y,,,
R72117204 0057,county_only,DAYTON CITY OF,FREDERICK PIKE,DAYTON,400,Commercial vacant land,C,0000.03400,000000000000.00,000000000000.00,N,,,Y,,,
R72217303 0020,county_only,THE CITY OF DAYTON,INTERPOINT BLVD,DAYTON,400,Commercial vacant land,C,0001.44000,000000000000.00,000000000000.00,N,,,Y,,,
R72217304 0031,county_only,THE CITY OF DAYTON,NEEDMORE RD,DAYTON,640,"Exempt, owned by municipals",E,0001.00000,000000004500.00,000000000000.00,N,,,N,39113-090302-1,39.81415793116736,-84.15405404231407
R72217607 0001,both,DAYTON CITY OF,4236 BRANDT PIKE,DAYTON,640,"Exempt, owned by municipals",E,0000.00000,000000137640.00,000000513650.00,Y,Public Works,Operations,N,39113-090302-2,39.813597048957206,-84.13248373941154
R72316107 0050,both,DAYTON CITY OF,WOLF CREEK PIKE,DAYTON,640,"Exempt, owned by municipals",E,0000.63000,000000002210.00,000000000000.00,N,Public Works,Other,N,39113-070300-3,39.78682271868097,-84.27068557880102
R72317110 0028,county_only,DAYTON CITY OF,MILLER AVE,DAYTON,400,Commercial vacant land,C,0000.32900,000000000000.00,000000000000.00,N,,,Y,,,
R72317114 0018,both,CITY OF DAYTON,LITTLE RICHMOND RD,DAYTON,640,"Exempt, owned by municipals",E,0000.61500,000000005190.00,000000000000.00,N,,,N,39113-070300-3,39.77521377036027,-84.28511033462495
R72317114 0019,both,CITY OF DAYTON,INVENTION DR,DAYTON,640,"Exempt, owned by municipals",E,0003.45800,000000016700.00,000000000000.00,N,,,N,39113-070300-3,39.77241604405973,-84.28522336104969
R72317115 0021,county_only,CITY OF DAYTON,LITTLE RICHMOND RD,DAYTON,630,,E,0000.66300,000000000000.00,000000000000.00,N,,,N,,,
R72317117 0009,both,CITY OF DAYTON,1964 LARKSWOOD DR,DAYTON,640,"Exempt, owned by municipals",E,0000.00000,000000004000.00,000000022030.00,Y,Planning,Surplus,N,39113-070300-3,39.77538951432913,-84.2727220849555
R72405013 0008,both,DAYTON CITY OF,ST RT 440,DAYTON,640,"Exempt, owned by municipals",E,0016.53800,000000074430.00,000000000000.00,N,Public Works,Other,N,39113-090302-6,39.80057722538095,-84.09753775478573
R72410801 0004,county_only,DAYTON CITY OF,UNION SCHOOLHOUSE RD,DAYTON,500,"Residential vacant land, lot",R,0000.34000,000000000000.00,000000000000.00,N,,,Y,,,
R72516815 0013,county_only,DAYTON CITY OF,GERMANTOWN PIKE,DAYTON,640,"Exempt, owned by municipals",E,0000.52900,000000000000.00,000000000000.00,N,,,N,,,
R72516815 0014,county_only,DAYTON CITY OF,3 GERMANTOWN PIKE,DAYTON,640,"Exempt, owned by municipals",E,0000.76400,000000000000.00,000000000000.00,N,,,N,,,
R72516815 0022,both,DAYTON CITY OF,3800 GERMANTOWN PIKE,DAYTON,640,"Exempt, owned by municipals",E,0000.83000,000000013770.00,000000028050.00,Y,Planning,Surplus,N,39113-060300-3,39.73297032898027,-84.25550453177307
R72617224 0001,both,CITY OF DAYTON,6900 CHAMBERSBURG RD,DAYTON,640,"Exempt, owned by municipals",E,0084.49000,000000380210.00,000000000000.00,N,,,N,39113-100101-1,39.83374199037586,-84.17368189014826
R72617224 0002,both,DAYTON CITY OF,RIP RAP RD,DAYTON,640,"Exempt, owned by municipals",E,0007.81000,000000064900.00,000000000000.00,N,,,N,39113-100101-1,39.84191301860557,-84.17007356400518
R72617224 0003,both,DAYTON CITY OF,RIP RAP RD,DAYTON,640,"Exempt, owned by municipals",E,0017.56800,000000144410.00,000000000000.00,N,,,N,39113-100101-1,39.84064936448165,-84.17018738964038
R72617224 0004,both,DAYTON CITY OF,RIP RAP RD,DAYTON,640,"Exempt, owned by municipals",E,0017.58400,000000149760.00,000000000000.00,N,,,N,39113-100101-1,39.83850598442771,-84.17004492289807
R72617224 0005,both,DAYTON CITY OF,RIP RAP RD,DAYTON,640,"Exempt, owned by municipals",E,0000.00000,000000000120.00,000000000000.00,N,,,N,39113-100101-1,39.83973761568573,-84.16834586020495
R72617225 0002,both,DAYTON CITY OF,RIP RAP RD,DAYTON,640,"Exempt, owned by municipals",E,0009.73700,000000020200.00,000000000000.00,N,,,N,39113-100101-1,39.843218242423134,-84.16911429209856
R72617301 0001,both,DAYTON CITY OF,RIP RAP RD,DAYTON,640,"Exempt, owned by municipals",E,0016.22200,000000133960.00,000000000000.00,N,,,N,39113-100101-1,39.827518162672824,-84.1708257393932
R72617301 0002,both,DAYTON CITY OF,RIP RAP RD,DAYTON,640,"Exempt, owned by municipals",E,0017.60000,000000153450.00,000000000000.00,N,,,N,39113-100101-1,39.836313031631036,-84.17018099200311
R72617301 0003,both,DAYTON CITY OF,RIP RAP RD,DAYTON,640,"Exempt, owned by municipals",E,0017.53600,000000152910.00,000000000000.00,N,,,N,39113-100101-1,39.83412088329191,-84.1703605145845
R72617301 0004,both,DAYTON CITY OF,RIP RAP RD,DAYTON,640,"Exempt, owned by municipals",E,0017.51600,000000152730.00,000000000000.00,N,,,N,39113-100101-1,39.83192603406111,-84.1705388817001
R72617301 0005,both,DAYTON CITY OF,5515 RIP RAP RD,DAYTON,640,"Exempt, owned by municipals",E,0004.63000,000000027090.00,000000088020.00,Y,,,N,39113-100101-1,39.827794206390045,-84.16897648899429
R72617301 0006,both,DAYTON CITY OF,RIP RAP RD,DAYTON,640,"Exempt, owned by municipals",E,0017.51700,000000152730.00,000000000000.00,N,,,N,39113-100101-1,39.82972545220947,-84.1707260635462
R72617509 0001,both,DAYTON CITY OF,RIP RAP RD,DAYTON,640,"Exempt, owned by municipals",E,0029.57400,000000174380.00,000000000000.00,N,,,N,39113-100101-1,39.8297446172328,-84.16688206801636
R72617509 0002,both,DAYTON CITY OF,POWELL RD,DAYTON,640,"Exempt, owned by municipals",E,0030.03900,000000245480.00,000000019600.00,Y,,,N,39113-100101-1,39.84074728595743,-84.16541735219012
R72617509 0003,both,DAYTON CITY OF,RIP RAP RD,DAYTON,640,"Exempt, owned by municipals",E,0030.08500,000000113720.00,000000000000.00,N,,,N,39113-100101-1,39.83693532638468,-84.16816637568144
R72617509 0005,both,DAYTON CITY OF,POWELL RD,DAYTON,640,"Exempt, owned by municipals",E,0030.10200,000000167420.00,000000015120.00,Y,,,N,39113-100101-1,39.8366934337305,-84.16818549444767
R72617509 0006,both,DAYTON CITY OF,POWELL RD,DAYTON,640,"Exempt, owned by municipals",E,0030.02500,000000146390.00,000000025200.00,Y,,,N,39113-100101-1,39.83282742289932,-84.1664069792244
R72617518 0009,county_only,THE CITY OF DAYTON,KITRIDGE RD,DAYTON,640,"Exempt, owned by municipals",E,0003.75300,000000016880.00,000000003850.00,Y,,,N,39113-090303-1,39.82550780745538,-84.10432167413
R72717413 0001,both,DAYTON CITY OF,AIRPORT & LIGHTNER RD,DAYTON,499,,C,0858.38810,000012167650.00,000017819360.00,Y,,,N,39113-110100-1,39.89466261407451,-84.22850949042437
R72717413 0003,both,DAYTON CITY OF,OLD SPRINGFIELD RD,DAYTON,640,"Exempt, owned by municipals",E,0022.64100,000000101880.00,000000000000.00,N,,,N,39113-110100-1,39.909707451982555,-84.23382872159826
R72717413 0004,both,DAYTON CITY OF,5351 OLD SPRINGFIELD RD,DAYTON,640,"Exempt, owned by municipals",E,0026.81000,000000067730.00,000000002470.00,Y,,,N,39113-110100-1,39.91385390027617,-84.22464128690055
R72717413 0005,both,DAYTON CITY OF,DIXIE DR,DAYTON,640,"Exempt, owned by municipals",E,0027.72700,000000066680.00,000000000000.00,N,,,N,39113-110100-1,39.91000433148903,-84.20199434326739
R72717413 0006,both,DAYTON CITY OF,OLD SPRINGFIELD RD,DAYTON,640,"Exempt, owned by municipals",E,0038.46400,000000173080.00,000000000000.00,N,,,N,39113-110100-1,39.91036457545638,-84.20605161736373
R72717413 0007,both,DAYTON CITY OF,11008 DOG LEG RD,DAYTON,640,"Exempt, owned by municipals",E,0000.68500,000000003110.00,000000000000.00,N,,,N,39113-110100-1,39.9078984365288,-84.24582723738574
R72717413 0011,both,DAYTON CITY OF,3250 OLD SPRINGFIELD RD,DAYTON,480,,C,0005.51500,000000109280.00,000002000660.00,Y,,,N,39113-110100-1,39.91379992533198,-84.22082938663927
R72717413 0016,both,DAYTON CITY OF,CONCORDE DR,DAYTON,300,"Industrial, vacant land",I,0005.76610,000000461290.00,000000000000.00,N,,,Y,39113-110100-1,39.888079116721954,-84.24456215148179
R72717413 0017,city_layer_only,,,,,,,,,,N,,,N,,39.919678020060125,-84.22352938745686
R72717413 0019,city_layer_only,,,,,,,,,,N,,,N,,39.916090157373404,-84.21972360229502
R72717413 0020,both,DAYTON CITY OF,11534 PETERS PIKE,DAYTON,500,"Residential vacant land, lot",R,0009.71900,000000132660.00,000000000000.00,N,,,Y,39113-110100-1,39.91574136500922,-84.22513501444908
R72717413 0021,both,DAYTON CITY OF,JACKSON RD,DAYTON,400,Commercial vacant land,C,0000.95500,000000002110.00,000000000000.00,N,,,Y,39113-110100-1,,
R72717413 0023,city_layer_only,,,,,,,,,,N,,,N,,39.90203862056993,-84.25266336957338
R72717413 9001,county_only,DAYTON CITY OF,NATIONAL RD,DAYTON,640,"Exempt, owned by municipals",E,0923.52400,000019257000.00,000093556880.00,Y,,,N,,,
