parcel,source,owner_name,address,jurisdiction,luc,luc_desc,parcel_class,acres,assessed_land,assessed_bldg,has_building,city_department,city_intended_use,development_candidate,census_tract,lat,lon
I39100701 0020,county_only,DAYTON CITY OF,VALLEY CREST DR,,400,Commercial vacant land,C,0000.13600,000000000000.00,000000000000.00,N,,,Y,,,
K45 02602 0011,both,DAYTON CITY OF,AUSTIN BLVD,,300,"Industrial, vacant land",I,0115.85380,000000855950.00,000000000000.00,N,,,Y,39113-050103-1,,
K45 02602 0058,both,DAYTON CITY OF,AUSTIN BLVD,,300,"Industrial, vacant land",I,0023.74400,000000175910.00,000000000000.00,N,,,Y,39113-050103-4,,
K45 02602 0059,both,DAYTON CITY OF,AUSTIN BLVD,,300,"Industrial, vacant land",I,0001.54000,000000011130.00,000000000000.00,N,,,Y,39113-050103-1,,
K45 02602 0083,county_only,DAYTON CITY OF,AUSTIN BLVD,,300,"Industrial, vacant land",I,0006.81100,000000049220.00,000000000000.00,N,,,Y,,,
M58100502 0021,county_only,DAYTON CITY OF,11534 PETERS PIKE,,500,"Residential vacant land, lot",R,0000.28400,000000000000.00,000000000000.00,N,,,Y,,,
R72 00104 0048,county_only,DAYTON CITY OF,GIBBS LN,DAYTON,400,Commercial vacant land,C,0000.00000,000000000000.00,000000000000.00,N,,,Y,,,
R72 00111 0004,county_only,THE CITY OF DAYTON OHIO,UPPER AVE,DAYTON,300,"Industrial, vacant land",I,0000.51500,000000006040.00,000000000000.00,N,,,Y,39113-004600-1,39.749526053804225,-84.24340271725528
R72 00111 0005,county_only,THE CITY OF DAYTON OHIO,UPPER AVE,DAYTON,300,"Industrial, vacant land",I,0000.43000,000000005050.00,000000000000.00,N,,,Y,39113-004600-1,39.74945716216234,-84.24284543563378
R72 00111 0010,county_only,THE CITY OF DAYTON OHIO,THIRD ST,DAYTON,300,"Industrial, vacant land",I,0001.05100,000000005390.00,000000000000.00,N,,,Y,,39.75162493055707,-84.23764572919033
R72 00111 0013,county_only,THE CITY OF DAYTON OHIO,THIRD ST,DAYTON,300,"Industrial, vacant land",I,0000.53800,000000002760.00,000000000000.00,N,,,Y,,39.75146599467492,-84.2385383915845
R72 00604 0003,city_layer_only,,,,,,,,,,N,Economic Development,Development,Y,,,
R72 00609 0020,city_layer_only,,,,,,,,,,N,Economic Development,Development,Y,,,
R72 00612 0118,county_only,DAYTON CITY OF,E 3RD ST,DAYTON,500,"Residential vacant land, lot",R,0000.00800,000000000000.00,000000000000.00,N,,,Y,,,
R72 00702 0011,county_only,DAYTON CITY OF,PATTERSON BLVD,DAYTON,400,Commercial vacant land,C,0000.41600,000000000000.00,000000000000.00,N,,,Y,,,
R72 01005 0030,county_only,DAYTON CITY OF,1ST ST,DAYTON,400,Commercial vacant land,C,0001.88790,000000103010.00,000000000000.00,N,,,Y,,39.7655851597438,-84.1738516156098
R72 01012 0001,county_only,CITY OF DAYTON,FINDLAY ST,DAYTON,400,Commercial vacant land,C,0000.23860,000000000000.00,000000000000.00,N,,,Y,,,
R72 01012 0002,county_only,CITY OF DAYTON,FINDLAY ST,DAYTON,400,Commercial vacant land,C,0000.06710,000000000000.00,000000000000.00,N,,,Y,,,
R72 01012 0003,county_only,CITY OF DAYTON,FINDLAY ST,DAYTON,400,Commercial vacant land,C,0000.15140,000000000000.00,000000000000.00,N,,,Y,,,
R72 01104 0035,county_only,DAYTON CITY OF,E 1ST ST,DAYTON,400,Commercial vacant land,C,0000.00000,000000000000.00,000000000000.00,N,,,Y,,,
R72 01204 0084,both,DAYTON CITY OF,ROADWAY,DAYTON,400,Commercial vacant land,C,0000.00000,000000000000.00,000000000000.00,N,,,Y,39113-001900-2,39.75915625631233,-84.17305774438427
R72 01204 0085,both,DAYTON CITY OF,E 5TH ST,DAYTON,400,Commercial vacant land,C,0000.00000,000000000000.00,000000000000.00,N,,,Y,39113-001900-2,39.759167597182206,-84.17298813848248
R72 01206 0071,county_only,DAYTON CITY OF,3RD & BECKEL,DAYTON,400,Commercial vacant land,C,0000.00000,000000000000.00,000000000000.00,N,,,Y,,,
R72 01207 0088,county_only,DAYTON CITY OF,1717 E 5TH ST,DAYTON,400,Commercial vacant land,C,0000.00000,000000000000.00,000000000000.00,N,,,Y,,,
R72 01309 0004,both,DAYTON CITY OF,58 60 DRUMMER AVE,DAYTON,640,"Exempt, owned by municipals",E,0000.00000,000000002260.00,000000000000.00,N,Planning,Surplus,Y,39113-001900-6,39.75774263352843,-84.16919764779138
R72 01309 0013,city_layer_only,,,,,,,,,,N,Planning,Surplus,Y,,39.75856547424488,-84.16953126099702
R72 01310 0049,both,CITY OF DAYTON,118 SAMUEL ST,DAYTON,640,"Exempt, owned by municipals",E,0000.00000,000000002510.00,000000000000.00,N,Planning,Surplus,Y,39113-001900-6,39.75703100113953,-84.16796120855314
R72 01404 0055,county_only,DAYTON CITY OF,JONES ST,DAYTON,400,Commercial vacant land,C,0000.00100,000000000000.00,000000000000.00,N,,,Y,,,
R72 01610 0054,county_only,DAYTON CITY OF,S PATTERSON BLVD,DAYTON,400,Commercial vacant land,C,0000.00000,000000000000.00,000000000000.00,N,,,Y,,,
R72 01704 0069,county_only,DAYTON CITY OF,WASHINGTON & LONGWORTH ST,DAYTON,400,Commercial vacant land,C,0000.00000,000000000000.00,000000000000.00,N,,,Y,,,
R72 01707 0012,both,DAYTON CITY OF,STOUT ST,DAYTON,400,Commercial vacant land,C,0000.00000,000000000000.00,000000000000.00,N,Water,,Y,39113-003404-1,39.74631801393885,-84.19347803693354
R72 01710 0008,both,DAYTON CITY OF,S MAIN ST,DAYTON,400,Commercial vacant land,C,0000.03830,000000000000.00,000000000000.00,N,,,Y,39113-003404-1,39.750499064858296,-84.18952305072305
R72 01711 0071,county_only,DAYTON CITY OF,PATTERSON BLVD,DAYTON,400,Commercial vacant land,C,0000.00000,000000000000.00,000000000000.00,N,,,Y,,,
R72 01801 0043,county_only,DAYTON CITY OF,S PATTERSON BLVD,DAYTON,400,Commercial vacant land,C,0000.00000,000000000000.00,000000000000.00,N,,,Y,,,
R72 01803 0080,county_only,DAYTON CITY OF,S MAIN ST,DAYTON,400,Commercial vacant land,C,0000.02670,000000000000.00,000000000000.00,N,,,Y,,,
R72 01804 0111,county_only,DAYTON CITY OF,BRADY ST,DAYTON,500,"Residential vacant land, lot",R,0000.00000,000000000000.00,000000000000.00,N,,,Y,,,
R72 01910 0050,city_layer_only,,,,,,,,,,N,Planning,Surplus,Y,,39.752453055410506,-84.17856619864675
R72 01910 0059,both,CITY OF DAYTON,ROADWAY,DAYTON,400,Commercial vacant land,C,0000.00000,000000000000.00,000000000000.00,N,,,Y,39113-003404-2,39.75182098803142,-84.17741118952283
R72 01910 0060,both,CITY OF DAYTON,ROADWAY,DAYTON,400,Commercial vacant land,C,0000.00000,000000000000.00,000000000000.00,N,,,Y,39113-003404-2,39.75266225299239,-84.17834002826967
R72 02004 0039,both,CITY OF DAYTON,539 CORWIN ST,DAYTON,640,"Exempt, owned by municipals",E,0000.00000,000000002840.00,000000000000.00,N,Planning,Surplus,Y,39113-002200-1,39.753713582725815,-84.17280161413392
R72 02103 0050,both,DAYTON CITY OF,45 SHERMAN ST,DAYTON,500,"Residential vacant land, lot",R,0000.00000,000000003160.00,000000000000.00,N,,,Y,39113-001900-6,39.756654349496834,-84.16355862648626
R72 02103 0051,both,DAYTON CITY OF,SHERMAN ST,DAYTON,500,"Residential vacant land, lot",R,0000.00000,000000003220.00,000000000000.00,N,,,Y,39113-001900-6,39.75678565869308,-84.1634153726719
R72 02103 0052,both,DAYTON CITY OF,53 SHERMAN ST,DAYTON,500,"Residential vacant land, lot",R,0000.00000,000000003220.00,000000000000.00,N,,,Y,39113-001900-6,39.75663284506661,-84.16333400307742
R72 02103 0063,both,CITY OF DAYTON,1526 MCLAIN ST,DAYTON,640,"Exempt, owned by municipals",E,0000.00000,000000002020.00,000000000000.00,N,Planning,Surplus,Y,39113-001900-6,39.757356451338865,-84.16400228075972
R72 02104 0001,both,DAYTON CITY OF,100 102 MCREYNOLDS ST,DAYTON,640,"Exempt, owned by municipals",E,0000.00000,000000002520.00,000000000000.00,N,Planning,Surplus,Y,39113-001900-6,39.75759140239705,-84.1669768040174
R72 02104 0007,both,CITY OF DAYTON,124 MCREYNOLDS ST,DAYTON,640,"Exempt, owned by municipals",E,0000.00000,000000001990.00,000000000000.00,N,Planning,Surplus,Y,39113-001900-6,39.75710992369649,-84.16704175942547
R72 02104 0044,county_only,"DAYTON CITY OF, OHIO",125 127 BOLTIN ST,DAYTON,500,"Residential vacant land, lot",R,0000.00000,000000003520.00,000000000000.00,N,,,Y,39113-001900-6,39.75699848589419,-84.16619586043724
R72 02104 0055,city_layer_only,,,,,,,,,,N,Planning,Surplus,Y,,39.75724921344693,-84.16586635648187
R72 02204 0040,both,CITY OF DAYTON,52 VAN LEAR ST,DAYTON,640,"Exempt, owned by municipals",E,0000.00000,000000001860.00,000000000000.00,N,Planning,Surplus,Y,39113-001900-4,39.76289496809577,-84.1618611149792
R72 02204 0103,both,DAYTON CITY OF,68 GARFIELD ST,DAYTON,500,"Residential vacant land, lot",R,0000.00000,000000003150.00,000000000000.00,N,Public Works,Other,Y,39113-001900-4,39.762934436825184,-84.16004755796425
R72 02301 0049,both,DAYTON CITY OF,109 SHERMAN ST,DAYTON,640,"Exempt, owned by municipals",E,0000.00000,000000002570.00,000000000000.00,N,Planning,Surplus,Y,39113-001900-6,39.75662972345645,-84.16270554325733
R72 02401B0008,both,CITY OF DAYTON,CLOVER ST,DAYTON,640,"Exempt, owned by municipals",E,0000.00000,000000001340.00,000000000000.00,N,Planning,Surplus,Y,39113-002200-4,39.752475386189175,-84.16005293754586
R72 02407B0016,both,DAYTON CITY OF,1159 BEAUMONT AVE,DAYTON,640,"Exempt, owned by municipals",E,0000.00000,000000006810.00,000000000000.00,N,Planning,Surplus,Y,39113-002200-3,39.74884349785206,-84.16291335044667
R72 02412 0035,both,CITY OF DAYTON,1032 CLOVER ST,DAYTON,640,"Exempt, owned by municipals",E,0000.00000,000000002850.00,000000000000.00,N,Planning,Surplus,Y,39113-002200-4,39.75215923002464,-84.16104838992108
R72 02412 0052,both,CITY OF DAYTON,541 PARROT ST,DAYTON,640,"Exempt, owned by municipals",E,0000.00000,000000004580.00,000000000000.00,N,Planning,Surplus,Y,39113-002200-4,39.7512553361119,-84.16110331773106
R72 02412 0056,both,CITY OF DAYTON,626 HULBERT ST,DAYTON,640,"Exempt, owned by municipals",E,0000.00000,000000004580.00,000000000000.00,N,Planning,Surplus,Y,39113-002200-4,39.751547695767314,-84.16197827964767
R72 02502 0049,both,DAYTON CITY OF,525 STEELE AVE,DAYTON,640,"Exempt, owned by municipals",E,0000.00000,000000004490.00,000000000000.00,N,Planning,Surplus,Y,39113-002200-3,39.75204178689789,-84.16790571178544
R72 02504 0037,both,DAYTON CITY OF,211 FILLMORE ST,DAYTON,640,"Exempt, owned by municipals",E,0000.00000,000000003480.00,000000000000.00,N,Planning,Surplus,Y,39113-002200-2,39.74935128111819,-84.16948123635751
R72 02505 0003,both,DAYTON CITY OF,146 FILLMORE ST,DAYTON,640,"Exempt, owned by municipals",E,0000.00000,000000004340.00,000000000000.00,N,Planning,Surplus,Y,39113-002200-3,39.75019080541215,-84.16895356429127
R72 02509 0053,both,CITY OF DAYTON,95 DOVER ST,DAYTON,640,"Exempt, owned by municipals",E,0000.00000,000000003970.00,000000000000.00,N,Planning,Surplus,Y,39113-002200-3,39.75040730530652,-84.16686354074386
R72 02604 0021,both,DAYTON CITY OF,362 QUITMAN ST,DAYTON,640,"Exempt, owned by municipals",E,0000.00000,000000004710.00,000000000000.00,N,Planning,Surplus,Y,39113-002200-2,39.74996019465039,-84.17240916334289
R72 02605 0024,both,CITY OF DAYTON,101 HAWKER ST,DAYTON,640,"Exempt, owned by municipals",E,0000.00000,000000005490.00,000000000000.00,N,Planning,Surplus,Y,39113-002200-2,39.7505577050456,-84.17082647784983
R72 02605 0033,both,CITY OF DAYTON,135 HAWKER ST,DAYTON,640,"Exempt, owned by municipals",E,0000.00000,000000004140.00,000000000000.00,N,Planning,Surplus,Y,39113-002200-2,39.74977941072904,-84.17084325301606
R72 02607 0019,both,DAYTON CITY OF,432 QUITMAN ST,DAYTON,500,"Residential vacant land, lot",R,0000.00000,000000004000.00,000000000000.00,N,Economic Development,Surplus,Y,39113-002200-2,39.749001088036245,-84.17131548583305
R72 02607 0025,both,CITY OF DAYTON,424 QUITMAN ST,DAYTON,500,"Residential vacant land, lot",R,0000.00000,000000004490.00,000000000000.00,N,Economic Development,Surplus,Y,39113-002200-2,39.749130263978195,-84.17149995163064
R72 02607 0033,both,CITY OF DAYTON,205 HAWKER ST,DAYTON,500,"Residential vacant land, lot",R,0000.06700,000000003110.00,000000000000.00,N,Economic Development,,Y,39113-002200-2,39.7493787682117,-84.17082653840305
R72 02607 0040,both,DAYTON CITY OF,HAWKER ST,DAYTON,640,"Exempt, owned by municipals",E,0000.00000,000000001900.00,000000000000.00,N,Planning,Surplus,Y,39113-002200-2,39.74877264292325,-84.17072342161704
R72 02607 0041,both,DAYTON CITY OF,462 QUITMAN ST,DAYTON,500,"Residential vacant land, lot",R,0000.00000,000000004880.00,000000000000.00,N,Economic Development,Surplus,Y,39113-002200-2,39.74838867069277,-84.17074586327006
R72 02607 0042,both,DAYTON CITY OF,QUITMAN ST,DAYTON,500,"Residential vacant land, lot",R,0000.00000,000000001340.00,000000000000.00,N,Economic Development,Surplus,Y,39113-002200-2,39.748304663265166,-84.17070427413196
R72 02607 0043,both,CITY OF DAYTON,460 QUITMAN ST,DAYTON,500,"Residential vacant land, lot",R,0000.00000,000000002840.00,000000000000.00,N,Economic Development,Surplus,Y,39113-002200-2,39.74845623160874,-84.17082219700931
R72 02608 0001,city_layer_only,,,,,,,,,,N,Economic Development,Development,Y,,39.74820416194895,-84.17251289855461
R72 02608 0030,city_layer_only,,,,,,,,,,N,Economic Development,Development,Y,,39.74815413254176,-84.17217018211554
R72 02608 0033,city_layer_only,,,,,,,,,,N,Economic Development,Development,Y,,39.74812080792799,-84.1720057919893
R72 02608 0037,both,DAYTON CITY OF,25 LATHROP AVE,DAYTON,640,"Exempt, owned by municipals",E,0000.00000,000000002550.00,000000000000.00,N,Planning,Surplus,Y,39113-002200-2,39.74809932765435,-84.17158549142817
R72 02608 0039,city_layer_only,,,,,,,,,,N,Economic Development,Development,Y,,39.74837784961868,-84.17212874317397
R72 02608 0047,city_layer_only,,,,,,,,,,N,Economic Development,Development,Y,,39.74822551814539,-84.17197130292705
R72 02609 0001,city_layer_only,,,,,,,,,,N,Economic Development,Development,Y,,39.74788144437475,-84.17223141762184
R72 02609 0005,city_layer_only,,,,,,,,,,N,Economic Development,Development,Y,,39.74780714670673,-84.17196109730523
R72 02609 0007,city_layer_only,,,,,,,,,,N,Economic Development,Development,Y,,39.74780200722811,-84.17185102364708
R72 02609 0009,city_layer_only,,,,,,,,,,N,Economic Development,Development,Y,,39.747674877865045,-84.17165439519628
R72 02609 0010,city_layer_only,,,,,,,,,,N,Economic Development,Development,Y,,39.747715480092594,-84.17147330560552
R72 02609 0011,city_layer_only,,,,,,,,,,N,Economic Development,Development,Y,,39.74771595787082,-84.1713202189054
R72 02609 0013,both,CITY OF DAYTON,633 WYOMING ST,DAYTON,500,"Residential vacant land, lot",R,0000.00000,000000002870.00,000000000000.00,N,Economic Development,Development,Y,39113-002200-2,39.74770483304369,-84.17113852942298
R72 02609 0020,both,DAYTON CITY OF,309 HAWKER ST,DAYTON,500,"Residential vacant land, lot",R,0000.05280,000000002750.00,000000000000.00,N,Economic Development,Development,Y,39113-002200-2,39.74763341173971,-84.17075619829897
R72 02609 0021,both,DAYTON CITY OF,305 HAWKER ST,DAYTON,640,"Exempt, owned by municipals",E,0000.00000,000000002830.00,000000000000.00,N,Economic Development,Development,Y,39113-002200-2,39.747743436240775,-84.1707446157617
R72 02809 0091,county_only,DAYTON CITY OF,E STEWART ST,DAYTON,400,Commercial vacant land,C,0000.00300,000000000000.00,000000000000.00,N,,,Y,,,
R72 02809 0102,county_only,DAYTON CITY OF,E STEWART ST,DAYTON,400,Commercial vacant land,C,0000.00200,000000000000.00,000000000000.00,N,,,Y,,,
R72 02811 0089,county_only,DAYTON CITY OF,WAYNE AVE,DAYTON,500,"Residential vacant land, lot",R,0000.00440,000000000000.00,000000000000.00,N,,,Y,,,
R72 02811 0090,county_only,DAYTON CITY OF,WAYNE AVE,DAYTON,500,"Residential vacant land, lot",R,0000.00890,000000000000.00,000000000000.00,N,,,Y,,,
R72 02811 0091,county_only,DAYTON CITY OF,WAYNE AVE,DAYTON,500,"Residential vacant land, lot",R,0000.00440,000000000000.00,000000000000.00,N,,,Y,,,
R72 02811 0092,county_only,DAYTON CITY OF,WAYNE AVE,DAYTON,500,"Residential vacant land, lot",R,0000.00920,000000000000.00,000000000000.00,N,,,Y,,,
R72 02811 0093,county_only,DAYTON CITY OF,WAYNE AVE,DAYTON,500,"Residential vacant land, lot",R,0000.00200,000000000000.00,000000000000.00,N,,,Y,,,
R72 02811 0094,county_only,DAYTON CITY OF,WAYNE AVE,DAYTON,400,Commercial vacant land,C,0000.00110,000000000000.00,000000000000.00,N,,,Y,,,
R72 02811 0095,county_only,DAYTON CITY OF,WAYNE AVE,DAYTON,400,Commercial vacant land,C,0000.00480,000000000000.00,000000000000.00,N,,,Y,,,
R72 02906 0031,county_only,DAYTON CITY OF,BROWN ST,DAYTON,400,Commercial vacant land,C,0000.00400,000000000000.00,000000000000.00,N,,,Y,,,
R72 03007 0015,county_only,DAYTON CITY OF,RIVER PARK & OLD RIVER,DAYTON,400,Commercial vacant land,C,0002.88600,000000000000.00,000000000000.00,N,,,Y,,,
R72 03101 0040,county_only,DAYTON CITY OF,STEWART ST,DAYTON,400,Commercial vacant land,C,0000.00100,000000000000.00,000000000000.00,N,,,Y,,,
R72 03102 0046,county_only,DAYTON CITY OF,BROWN ST,DAYTON,400,Commercial vacant land,C,0000.00300,000000000000.00,000000000000.00,N,,,Y,,,
R72 03401 0047,county_only,DAYTON CITY OF,WAYNE AVE,DAYTON,400,Commercial vacant land,C,0000.08970,000000000000.00,000000000000.00,N,,,Y,,,
R72 03401 0049,county_only,DAYTON CITY OF,WAYNE AVE,DAYTON,400,Commercial vacant land,C,0000.00110,000000000000.00,000000000000.00,N,,,Y,,,
R72 03405 0047,county_only,CITY OF DAYTON,WAYNE AVE,DAYTON,500,"Residential vacant land, lot",R,0000.00030,000000000000.00,000000000000.00,N,,,Y,,,
R72 03501 0021,both,DAYTON CITY OF,1600 WYOMING ST,DAYTON,400,Commercial vacant land,C,0000.00000,000000005130.00,000000000000.00,N,,,Y,39113-003300-3,39.74667964944674,-84.15884928601216
R72 03509 0023,county_only,DAYTON CITY OF,26 WOODROW TER,DAYTON,500,"Residential vacant land, lot",R,0000.09480,000000006360.00,000000000000.00,N,,,Y,39113-003300-5,39.740885198854095,-84.1635592996265
R72 04301 0052,county_only,DAYTON CITY OF,SMITHVILLE & BURKHARDT,DAYTON,400,Commercial vacant land,C,0000.01000,000000000000.00,000000000000.00,N,,,Y,,,
R72 04404 0001,both,DAYTON CITY OF,29 BURKHARDT AVE,DAYTON,640,"Exempt, owned by municipals",E,0000.00000,000000002320.00,000000000000.00,N,Planning,Surplus,Y,39113-002300-2,39.76146899150584,-84.15495409939906
R72 04405 0058,city_layer_only,,,,,,,,,,N,Planning,Surplus,Y,,39.76056758770522,-84.15345563623616
R72 04405 0063,both,CITY OF DAYTON,142 144 MARTZ AVE,DAYTON,640,"Exempt, owned by municipals",E,0000.00000,000000004120.00,000000000000.00,N,Planning,Surplus,Y,39113-002300-2,39.76006744083653,-84.15348293810717
R72 04409 0036,both,CITY OF DAYTON,213 S HARBINE AVE,DAYTON,640,"Exempt, owned by municipals",E,0000.00000,000000000360.00,000000000000.00,N,Planning,Surplus,Y,39113-002300-2,39.762204041562065,-84.14898322462128
R72 04409 0037,both,CITY OF DAYTON,217 S HARBINE AVE,DAYTON,640,"Exempt, owned by municipals",E,0000.00000,000000000730.00,000000000000.00,N,Planning,Surplus,Y,39113-002300-2,39.762115209328044,-84.14905223709609
R72 04503 0039,both,CITY OF DAYTON,2135 E 3RD ST,DAYTON,640,"Exempt, owned by municipals",E,0000.00000,000000003220.00,000000000000.00,N,Planning,Surplus,Y,39113-001900-1,39.76426794275654,-84.16359455002751
R72 04504 0036,both,CITY OF DAYTON,2245 E THIRD ST,DAYTON,640,"Exempt, owned by municipals",E,0000.00000,000000000610.00,000000000000.00,N,Planning,Surplus,Y,39113-001900-1,39.764823882642936,-84.16100541530074
R72 04504 0038,both,CITY OF DAYTON,THIRD ST,DAYTON,640,"Exempt, owned by municipals",E,0000.00000,000000000510.00,000000000000.00,N,Planning,Surplus,Y,39113-001900-1,39.76483966819607,-84.16091026053587
R72 04506 0033,both,DAYTON CITY OF,E 1ST ST,DAYTON,500,"Residential vacant land, lot",R,0000.00000,000000001310.00,000000000000.00,N,Public Works,Other,Y,39113-001900-1,39.767172202983375,-84.16229757220711
R72 04506 0037,county_only,CITY OF DAYTON,GARFIELD ST,DAYTON,500,"Residential vacant land, lot",R,0000.00000,000000001750.00,000000000000.00,N,,,Y,39113-001900-1,39.76683538456322,-84.1618448054978
R72 04510 0077,both,DAYTON CITY OF,70 TORRENCE ST,DAYTON,640,"Exempt, owned by municipals",E,0000.00000,000000002570.00,000000000000.00,N,Planning,Surplus,Y,39113-001900-4,39.76308522601806,-84.15877594554115
R72 04511 0016,both,DAYTON CITY OF,TORRENCE ST,DAYTON,640,"Exempt, owned by municipals",E,0000.00000,000000002450.00,000000000000.00,N,Planning,Surplus,Y,39113-001900-4,39.76157489371258,-84.15852445091741
R72 04511 0037,county_only,CITY OF DAYTON OHIO,2515 E 5TH ST,DAYTON,500,"Residential vacant land, lot",R,0000.00000,000000003300.00,000000000000.00,N,,,Y,39113-001900-4,39.76125587595367,-84.15797965570079
R72 04604 0018,both,CITY OF DAYTON,2805 2807 3RD ST,DAYTON,640,"Exempt, owned by municipals",E,0000.00000,000000004630.00,000000000000.00,N,Planning,Surplus,Y,39113-002000-1,39.7658080404228,-84.15432009102565
R72 04607 0044,both,DAYTON CITY OF,140 S PHILADELPHIA ST,DAYTON,640,"Exempt, owned by municipals",E,0000.00000,000000004330.00,000000000000.00,N,Planning,Surplus,Y,39113-002300-1,39.76216532177671,-84.1548348779979
R72 04608 0063,both,CITY OF DAYTON,3029 3031 E 5TH ST,DAYTON,640,"Exempt, owned by municipals",E,0000.00000,000000000860.00,000000000000.00,N,Planning,Surplus,Y,39113-002300-1,39.76240058487603,-84.15137522123248
R72 04608 0074,both,DAYTON CITY OF,MCGEE ST,DAYTON,640,"Exempt, owned by municipals",E,0000.00000,000000004270.00,000000000000.00,N,Planning,Surplus,Y,39113-002300-1,39.763032785418034,-84.15115886374853
R72 04609 0056,both,DAYTON CITY OF,52 MONMOUTH ST,DAYTON,640,"Exempt, owned by municipals",E,0000.00000,000000000590.00,000000000000.00,N,Planning,Surplus,Y,39113-002300-1,39.764038719385454,-84.15400410981078
R72 04706 0059,county_only,CITY OF DAYTON OHIO,65 HARBINE AVE,DAYTON,500,"Residential vacant land, lot",R,0000.00000,000000000660.00,000000000000.00,N,,,Y,39113-002300-1,39.764701725391596,-84.14963651250194
R72 04709 0037,both,DAYTON CITY OF,48 S HEDGES ST,DAYTON,640,"Exempt, owned by municipals",E,0000.00000,000000004160.00,000000000000.00,N,Planning,Surplus,Y,39113-002300-1,39.76540468905039,-84.14835356152118
R72 04807A0013,both,CITY OF DAYTON,S SMITHVILLE RD,DAYTON,500,"Residential vacant land, lot",R,0000.00000,000000006640.00,000000000000.00,N,,,Y,39113-002500-1,39.76159056009526,-84.13776390396708
R72 04811 0024,both,DAYTON CITY OF,436 BLACKWOOD AVE,DAYTON,500,"Residential vacant land, lot",R,0000.00000,000000006050.00,000000000000.00,N,Public Works,Other,Y,39113-002000-2,39.774740345917785,-84.13714502160559
R72 04909 0066,county_only,CITY OF DAYTON,SPRINGFIELD ST,DAYTON,500,"Residential vacant land, lot",R,0000.00200,000000000000.00,000000000000.00,N,,,Y,,,
R72 04912 0022,both,CITY OF DAYTON,SPRINGFIELD ST,DAYTON,500,"Residential vacant land, lot",R,0001.24000,000000031740.00,000000000000.00,N,Public Works,Other,Y,,39.779328478677144,-84.14084831629812
R72 05101 0044,county_only,DAYTON CITY OF,RITA ST,DAYTON,400,Commercial vacant land,C,0000.00000,000000000000.00,000000000000.00,N,,,Y,,,
R72 05106 0073,city_layer_only,,,,,,,,,,N,Planning,Surplus,Y,,39.78365713102639,-84.16176920846083
R72 05202 0065,both,DAYTON CITY OF,1311 RAY ST,DAYTON,640,"Exempt, owned by municipals",E,0000.00000,000000002560.00,000000000000.00,N,Planning,Surplus,Y,39113-001800-2,39.77732924169179,-84.17631872266283
R72 05207 0020,city_layer_only,,,,,,,,,,N,Planning,Surplus,Y,,39.779730148571936,-84.17086765344898
R72 05207 0051,both,CITY OF DAYTON,116 BALTIMORE ST,DAYTON,640,"Exempt, owned by municipals",E,0000.00000,000000003160.00,000000000000.00,N,Planning,Surplus,Y,39113-001800-2,39.778522337147926,-84.1706536253826
R72 05208 0067,both,DAYTON CITY OF,94 BALTIMORE ST,DAYTON,640,"Exempt, owned by municipals",E,0000.00000,000000002150.00,000000000000.00,N,Planning,Surplus,Y,39113-001800-3,39.77789356741123,-84.17065277289909
R72 05306 0001,county_only,DAYTON CITY OF,1516 CHAPEL ST,DAYTON,500,"Residential vacant land, lot",R,0000.00000,000000008050.00,000000000000.00,N,,,Y,39113-001800-3,39.77444187589115,-84.17259119036152
R72 05307 0069,both,CITY OF DAYTON,616 618 HART ST,DAYTON,640,"Exempt, owned by municipals",E,0000.00000,000000003350.00,000000000000.00,N,Planning,Surplus,Y,39113-001800-3,39.775254087014005,-84.17147555077618
R72 05310 0040,county_only,DAYTON CITY OF,ST RT 4,DAYTON,400,Commercial vacant land,C,0000.00000,000000000000.00,000000000000.00,N,,,Y,,,
R72 05409 0075,county_only,DAYTON CITY OF,VALLEY ST,DAYTON,400,Commercial vacant land,C,0000.00270,000000000000.00,000000000000.00,N,,,Y,,,
R72 05507 0032,both,CITY OF DAYTON,DETRICK ST,DAYTON,400,Commercial vacant land,C,0000.00000,000000000950.00,000000000000.00,N,,,Y,39113-001700-1,39.76902722697446,-84.18048972117451
R72 05608 0015,both,DAYTON CITY OF,727 KEOWEE ST,DAYTON,640,"Exempt, owned by municipals",E,0000.00000,000000000780.00,000000000000.00,N,Planning,Surplus,Y,39113-001700-1,39.77460691324547,-84.18195744043626
R72 05608 0016,both,DAYTON CITY OF,731 KEOWEE ST,DAYTON,640,"Exempt, owned by municipals",E,0000.00000,000000000980.00,000000000000.00,N,Planning,Surplus,Y,39113-001700-1,39.774691231993565,-84.18201282236924
R72 05608 0044,both,DAYTON CITY OF,708 KEOWEE ST,DAYTON,640,"Exempt, owned by municipals",E,0000.00000,000000001000.00,000000000000.00,N,Planning,Surplus,Y,39113-001700-1,39.7743889257371,-84.18124550674369
R72 05706 0189,county_only,DAYTON CITY OF,1401 KEOWEE ST,DAYTON,400,Commercial vacant land,C,0000.00090,000000000000.00,000000000000.00,N,,,Y,39113-001700-1,,
R72 05711 0051,county_only,DAYTON CITY OF,CANAL LAND,DAYTON,400,Commercial vacant land,C,0000.00000,000000000000.00,000000000000.00,N,,,Y,,,
R72 05714 0033,county_only,CITY OF DAYTON,KEOWEE ST,DAYTON,400,Commercial vacant land,C,0000.03400,000000000000.00,000000000000.00,N,,,Y,,,
R72 05804 0007,county_only,DAYTON CITY OF,WEBSTER ST,DAYTON,400,Commercial vacant land,C,0002.67800,000000028400.00,000000000000.00,N,,,Y,,39.76882153392707,-84.18622362498441
R72 05901 0013,both,DAYTON CITY OF,625 GRUNER AVE,DAYTON,640,"Exempt, owned by municipals",E,0000.00000,000000002430.00,000000000000.00,N,Planning,Surplus,Y,39113-001200-1,39.771977536504075,-84.19387123131347
R72 05901 0020,both,DAYTON CITY OF,N MAIN ST,DAYTON,400,Commercial vacant land,C,0000.11000,000000015090.00,000000000000.00,N,Public Works,Other,Y,39113-001200-1,39.771571606820636,-84.19516726343554
R72 05902 0041,both,DAYTON CITY OF,150 ALDEN ST,DAYTON,500,"Residential vacant land, lot",R,0000.00000,000000000000.00,000000000000.00,N,,,Y,39113-001200-1,39.7714017929369,-84.19362240452172
R72 05902 0073,both,DAYTON CITY OF,147 ALDEN ST,DAYTON,500,"Residential vacant land, lot",R,0000.00000,000000002580.00,000000000000.00,N,Public Works,Other,Y,39113-001200-1,39.771273673952024,-84.19393597084063
R72 05907 0094,both,"CITY OF DAYTON, OHIO",19 EMMET ST,DAYTON,400,Commercial vacant land,C,0000.00000,000000034550.00,000000000000.00,N,,,Y,39113-165200-2,39.766119040051585,-84.19262715671202
R72 05908 0045,both,DAYTON CITY OF,130 RIVERSIDE DR,DAYTON,685,"Churches etc, public worship",E,0009.05000,000000271500.00,000000000000.00,N,Public Works,Development,Y,39113-165200-2,39.76680150982055,-84.19025395936
R72 06002 0028,both,DAYTON CITY OF,810 GRUNER AVE,DAYTON,640,"Exempt, owned by municipals",E,0000.00000,000000002220.00,000000000000.00,N,Planning,Surplus,Y,39113-001200-1,39.77321326126855,-84.19500082397455
R72 06006 0028,both,DAYTON CITY OF,E HELENA ST,DAYTON,640,"Exempt, owned by municipals",E,0000.00000,000000008630.00,000000000000.00,N,Planning,Surplus,Y,39113-001200-1,39.77637872779779,-84.1993872060374
R72 06009 0047,both,CITY OF DAYTON,20 BURTON AVE,DAYTON,500,"Residential vacant land, lot",R,0000.00000,000000004030.00,000000000000.00,N,Public Works,Other,Y,39113-001200-1,39.779009624188966,-84.204095242151
R72 06111 0024,both,CITY OF DAYTON,TRIANGLE AVE,DAYTON,400,Commercial vacant land,C,0000.44280,000000000000.00,000000000000.00,N,,,Y,39113-001100-5,39.78294212876119,-84.20342023020292
R72 06204 0052,county_only,CITY OF DAYTON OHIO,152 154 E HILLCREST AVE,DAYTON,500,"Residential vacant land, lot",R,0000.00000,000000006080.00,000000000000.00,N,,,Y,39113-001100-3,39.79095945263129,-84.2093807013606
R72 06206 0031,both,CITY OF DAYTON,2604 2606 N MAIN ST,DAYTON,640,"Exempt, owned by municipals",E,0000.00000,000000006410.00,000000000000.00,N,Planning,Surplus,Y,39113-001100-4,39.787835518887256,-84.21210591643093
R72 06209 0047,both,DAYTON CITY OF,22 24 LAURA AVE,DAYTON,640,"Exempt, owned by municipals",E,0000.00000,000000007870.00,000000000000.00,N,Planning,Surplus,Y,39113-001100-4,39.78767177190959,-84.21147193774496
R72 06301 0004,both,DAYTON CITY OF,2809 N MAIN ST,DAYTON,640,"Exempt, owned by municipals",E,0000.00000,000000006080.00,000000000000.00,N,Planning,Surplus,Y,39113-000801-2,39.790646830308226,-84.2143817913148
R72 06305 0011,both,CITY OF DAYTON,341 E MAPLEWOOD AVE,DAYTON,640,"Exempt, owned by municipals",E,0000.00000,000000004170.00,000000000000.00,N,Planning,Surplus,Y,39113-001100-3,39.79225635917925,-84.20683283498812
R72 06305 0012,both,CITY OF DAYTON,337 E MAPLEWOOD AVE,DAYTON,640,"Exempt, owned by municipals",E,0000.00000,000000004170.00,000000000000.00,N,Planning,Surplus,Y,39113-001100-3,39.79225154001124,-84.20697512621526
R72 06308 0034,both,CITY OF DAYTON,43 E MAPLEWOOD AVE,DAYTON,640,"Exempt, owned by municipals",E,0000.00000,000000004150.00,000000000000.00,N,Planning,Surplus,Y,39113-001100-3,39.792202567419075,-84.21314108330176
R72 06308 0052,both,CITY OF DAYTON,54 E MAPLEWOOD AVE,DAYTON,640,"Exempt, owned by municipals",E,0000.00000,000000004170.00,000000000000.00,N,Planning,Surplus,Y,39113-001100-3,39.79190476641326,-84.2128573382782
R72 06401 0014,county_only,DAYTON CITY OF,GREAT MIAMI BLVD,DAYTON,400,Commercial vacant land,C,0000.05670,000000000000.00,000000000000.00,N,,,Y,,,
R72 06402 0042,both,DAYTON CITY OF,205 W GRAND AVE,DAYTON,400,Commercial vacant land,C,0000.00000,000000019700.00,000000000000.00,N,,,Y,39113-001200-1,39.769502143483976,-84.19870504508368
R72 06403 0001,both,DAYTON CITY OF,128 SHAW AVE,DAYTON,400,Commercial vacant land,C,0000.00000,000000000110.00,000000000000.00,N,,,Y,39113-001200-1,39.77000899300136,-84.1977708486121
R72 06403 0005,both,DAYTON CITY OF,112 120 SHAW AVE,DAYTON,400,Commercial vacant land,C,0000.00000,000000000000.00,000000000000.00,N,,,Y,39113-001200-1,39.77035620551841,-84.19737226108997
R72 06403 0009,both,DAYTON CITY OF,106 SHAW AVE,DAYTON,400,Commercial vacant land,C,0000.00000,000000000000.00,000000000000.00,N,,,Y,39113-001200-1,39.770377767792795,-84.19690930406169
R72 06403 0010,both,CITY OF DAYTON,102 SHAW AVE,DAYTON,400,Commercial vacant land,C,0000.00000,000000000000.00,000000000000.00,N,,,Y,39113-001200-1,39.7705152743568,-84.19681746354848
R72 06404 0023,both,DAYTON CITY OF,17 PALMER ST,DAYTON,500,"Residential vacant land, lot",R,0000.00000,000000000000.00,000000000000.00,N,,,Y,39113-165200-2,39.76869116547189,-84.19912648372463
R72 06404 0063,both,DAYTON CITY OF,PALMER ST,DAYTON,500,"Residential vacant land, lot",R,0000.00700,000000000000.00,000000000000.00,N,Public Works,Other,Y,,39.76876793103297,-84.19904851285837
R72 06405 0001,both,CITY OF DAYTON,SHAW AVE,DAYTON,400,Commercial vacant land,C,0000.00000,000000013020.00,000000000000.00,N,,,Y,39113-001200-1,39.77055729063813,-84.19656943676804
R72 06405 0005,both,DAYTON CITY OF,SHAW AVE,DAYTON,400,Commercial vacant land,C,0000.13890,000000010160.00,000000000000.00,N,Public Works,Other,Y,39113-001200-1,39.770594255802344,-84.19591564585053
R72 06407 0086,both,DAYTON CITY OF,HERMAN AVE,DAYTON,400,Commercial vacant land,C,0000.15000,000000000000.00,000000000000.00,N,,,Y,39113-165200-2,39.76959483446211,-84.19534862732485
R72 06408 0065,county_only,DAYTON CITY OF,GREAT MIAMI BLVD,DAYTON,400,Commercial vacant land,C,0000.01700,000000000000.00,000000000000.00,N,,,Y,39113-165200-2,,
R72 06410 0010,both,DAYTON CITY OF,W MCPHERSON ST,DAYTON,500,"Residential vacant land, lot",R,0000.00000,000000012430.00,000000000000.00,N,,,Y,39113-165200-2,39.766956296203944,-84.19827789315126
R72 06501 0006,county_only,DAYTON CITY OF,SABLE AVE,DAYTON,400,Commercial vacant land,C,0000.00000,000000000000.00,000000000000.00,N,,,Y,,,
R72 06501 0007,county_only,DAYTON CITY OF,SABLE AVE,DAYTON,400,Commercial vacant land,C,0000.03110,000000000000.00,000000000000.00,N,,,Y,,,
R72 06501 0017,county_only,DAYTON CITY OF,SABLE AVE,DAYTON,400,Commercial vacant land,C,0000.00000,000000000000.00,000000000000.00,N,,,Y,,,
R72 06501 0064,county_only,CITY OF DAYTON,SABLE AVE,DAYTON,400,Commercial vacant land,C,0000.02200,000000000000.00,000000000000.00,N,,,Y,,,
R72 06501 0067,county_only,CITY OF DAYTON,SABLE AVE,DAYTON,400,Commercial vacant land,C,0000.00000,000000000000.00,000000000000.00,N,,,Y,,,
R72 06501 0073,county_only,DAYTON CITY OF,SABLE AVE,DAYTON,400,Commercial vacant land,C,0000.18990,000000000000.00,000000000000.00,N,,,Y,,,
R72 06501 0074,county_only,DAYTON CITY OF,323 SALEM AVE,DAYTON,400,Commercial vacant land,C,0000.00120,000000000000.00,000000000000.00,N,,,Y,,,
R72 06501 0075,county_only,DAYTON CITY OF,333 SALEM AVE & FEDERAL,DAYTON,400,Commercial vacant land,C,0000.00340,000000000000.00,000000000000.00,N,,,Y,,,
R72 06504 0059,county_only,DAYTON CITY OF,215 SALEM AVE,DAYTON,400,Commercial vacant land,C,0000.01230,000000000000.00,000000000000.00,N,,,Y,,,
R72 06504 0060,county_only,DAYTON CITY OF,SALEM AVE,DAYTON,400,Commercial vacant land,C,0000.00360,000000000000.00,000000000000.00,N,,,Y,,,
R72 06509 0092,county_only,CITY OF DAYTON,161 SALEM AVE,DAYTON,400,Commercial vacant land,C,0000.00400,000000000000.00,000000000000.00,N,,,Y,,,
R72 06606 0050,county_only,DAYTON CITY OF,729 W GRAND AVE,DAYTON,400,Commercial vacant land,C,0000.00010,000000000000.00,000000000000.00,N,,,Y,,,
R72 06607 0020,county_only,CITY OF DAYTON OHIO,17 ROCKWOOD AVE,DAYTON,500,"Residential vacant land, lot",R,0000.00000,000000006320.00,000000000000.00,N,,,Y,39113-000900-4,39.76977716634943,-84.20622168643963
R72 06608 0001,both,DAYTON CITY OF,50 52 WROE AVE,DAYTON,500,"Residential vacant land, lot",R,0000.00000,000000003060.00,000000000000.00,N,Public Works,Other,Y,39113-000900-4,39.77080387507292,-84.20868423949027
R72 06608 0036,both,DAYTON CITY OF,2 10 RICHMOND AVE,DAYTON,400,Commercial vacant land,C,0000.00000,000000003980.00,000000000000.00,N,,,Y,39113-000900-4,39.769632590560775,-84.20991865229834
R72 06608 0056,both,CITY OF DAYTON,29 WROE AVE,DAYTON,500,"Residential vacant land, lot",R,0000.00000,000000002860.00,000000000000.00,N,,,Y,39113-000900-4,39.77012373795516,-84.2091906108718
R72 06612 0029,both,CITY OF DAYTON,836 838 NEAL AVE,DAYTON,500,"Residential vacant land, lot",R,0000.00000,000000003390.00,000000000000.00,N,,,Y,39113-000900-4,39.77051606956721,-84.21143743941077
R72 06703 0080,both,DAYTON CITY OF,NEAL AVE,DAYTON,640,"Exempt, owned by municipals",E,0000.00000,000000003090.00,000000000000.00,N,Planning,Surplus,Y,39113-001200-1,39.77230703219004,-84.19824030070882
R72 06710 0019,both,DAYTON CITY OF,926 OLD ORCHARD AVE,DAYTON,400,Commercial vacant land,C,0000.00000,000000005800.00,000000000000.00,N,,,Y,39113-000900-3,39.773009397908524,-84.20506248374122
R72 06711 0021,both,DAYTON CITY OF,520 522 FOREST AVE,DAYTON,640,"Exempt, owned by municipals",E,0000.00000,000000013430.00,000000000000.00,N,Planning,Surplus,Y,39113-001200-1,39.77353918231035,-84.20168076162693
R72 06808 0014,both,CITY OF DAYTON,300 RICHMOND AVE,DAYTON,640,"Exempt, owned by municipals",E,0000.00000,000000010480.00,000000000000.00,N,Planning,Surplus,Y,39113-000900-3,39.772915659385625,-84.20998144689347
R72 06901 0037,county_only,DAYTON CITY OF,1131 1133 SALEM AVE,DAYTON,400,Commercial vacant land,C,0000.00110,000000000000.00,000000000000.00,N,,,Y,,,
R72 06908 0007,both,DAYTON CITY OF,801 803 HARVARD BLVD,DAYTON,640,"Exempt, owned by municipals",E,0000.00000,000000002970.00,000000000000.00,N,Planning,Surplus,Y,39113-000900-1,39.77316141332276,-84.21045003720997
R72 06908 0019,city_layer_only,,,,,,,,,,N,Planning,Surplus,Y,,39.77405348106686,-84.21084914858695
R72 06911 0007,both,CITY OF DAYTON,1217 SALEM AVE,DAYTON,640,"Exempt, owned by municipals",E,0000.59300,000000023250.00,000000000000.00,N,Planning,Surplus,Y,39113-000900-1,39.776400342391334,-84.21765027547842
R72 06911 0061,county_only,DAYTON CITY OF,1301 SALEM AVE,DAYTON,500,"Residential vacant land, lot",R,0000.00050,000000005020.00,000000000000.00,N,,,Y,,,
R72 07001 0007,both,DAYTON CITY OF,95 FOUNTAIN AVE,DAYTON,640,"Exempt, owned by municipals",E,0000.00000,000000004130.00,000000000000.00,N,Planning,Surplus,Y,39113-000802-3,39.7788060410738,-84.20969708163024
R72 07005 0034,both,DAYTON CITY OF,132 134 NIAGARA AVE,DAYTON,500,"Residential vacant land, lot",R,0000.00000,000000010200.00,000000000000.00,N,,,Y,39113-000802-3,39.779750109802755,-84.21185029339266
R72 07006 0003,both,DAYTON CITY OF,157 159 VICTOR AVE,DAYTON,500,"Residential vacant land, lot",R,0000.00000,000000010630.00,000000000000.00,N,,,Y,39113-000802-3,39.77918580755839,-84.21269760254162
R72 07006 0004,both,DAYTON CITY OF,153 VICTOR AVE,DAYTON,500,"Residential vacant land, lot",R,0000.00000,000000004620.00,000000000000.00,N,,,Y,39113-000802-3,39.77910865542286,-84.21252848465382
R72 07102 0014,both,CITY OF DAYTON,2301 N MAIN ST,DAYTON,400,Commercial vacant land,C,0000.13700,000000018800.00,000000000000.00,N,Public Works,Other,Y,39113-000801-2,39.78494445493153,-84.21077144220344
R72 07102 0033,both,DAYTON CITY OF,2309 N MAIN ST,DAYTON,400,Commercial vacant land,C,0000.09190,000000002840.00,000000000000.00,N,Public Works,Other,Y,39113-000801-2,39.78509396667697,-84.21087476720628
R72 07103 0004,both,CITY OF DAYTON,2613 2615 N MAIN ST,DAYTON,640,"Exempt, owned by municipals",E,0000.00000,000000010000.00,000000000000.00,N,Planning,Surplus,Y,39113-000801-2,39.787932710449276,-84.21278100519588
R72 07103 0009,both,CITY OF DAYTON,2521 2523 N MAIN ST,DAYTON,640,"Exempt, owned by municipals",E,0000.00000,000000006950.00,000000000000.00,N,Planning,Surplus,Y,39113-000801-2,39.7873835223081,-84.21240800365607
R72 07108 0027,both,CITY OF DAYTON,16 18 W NORMAN AVE,DAYTON,400,Commercial vacant land,C,0000.00000,000000006560.00,000000000000.00,N,Public Works,Other,Y,39113-000802-2,39.78369107986364,-84.21048438964958
R72 07108 0028,both,CITY OF DAYTON,18 W NORMAN AVE,DAYTON,400,Commercial vacant land,C,0000.00000,000000002630.00,000000000000.00,N,,,Y,39113-000802-2,39.78340547414859,-84.21029062830246
R72 07108 0070,both,CITY OF DAYTON,2109 N MAIN ST,DAYTON,640,"Exempt, owned by municipals",E,0000.00000,000000017460.00,000000000000.00,N,Planning,Surplus,Y,39113-000802-2,39.78301619617714,-84.20946741196734
R72 07201 0018,both,DAYTON CITY OF,1612 14 SALEM AVE,DAYTON,500,"Residential vacant land, lot",R,0000.00000,000000005130.00,000000000000.00,N,,,Y,39113-000500-5,39.77910699140917,-84.22103971170353
R72 07203 0024,both,CITY OF DAYTON,1202 KENYON PL,DAYTON,640,"Exempt, owned by municipals",E,0000.10800,000000004490.00,000000000000.00,N,Planning,Surplus,Y,39113-000600-2,39.77570339594085,-84.21855118915683
R72 07304 0018,county_only,DAYTON CITY OF,SALEM AVE,DAYTON,500,"Residential vacant land, lot",R,0000.00140,000000000000.00,000000000000.00,N,,,Y,,,
R72 07304 0019,county_only,DAYTON CITY OF,SALEM AVE,DAYTON,500,"Residential vacant land, lot",R,0000.00110,000000000000.00,000000000000.00,N,,,Y,,,
R72 07307 0020,city_layer_only,,,,,,,,,,N,Planning,Surplus,Y,,39.770658374471246,-84.21318896094569
R72 07401 0037,county_only,DAYTON CITY OF,SALEM & LEXINGTON,DAYTON,400,Commercial vacant land,C,0000.00020,000000000000.00,000000000000.00,N,,,Y,,,
R72 07402 0036,both,DAYTON CITY OF,1021 BROADWAY ST,DAYTON,500,"Residential vacant land, lot",R,0000.00000,000000001860.00,000000000000.00,N,,,Y,39113-000700-4,39.767671737169366,-84.21538207858326
R72 07405 0053,both,CITY OF DAYTON,GEORGEANA CT,DAYTON,400,Commercial vacant land,C,0000.00000,000000000950.00,000000000000.00,N,,,Y,39113-001000-1,39.76638240173614,-84.2099905481432
R72 07405 0093,county_only,DAYTON CITY OF,SALEM AVE,DAYTON,400,Commercial vacant land,C,0000.01560,000000000000.00,000000000000.00,N,,,Y,,,
R72 07405 0094,county_only,DAYTON CITY OF,SALEM AVE,DAYTON,400,Commercial vacant land,C,0000.00180,000000000000.00,000000000000.00,N,,,Y,,,
R72 07405 0095,county_only,DAYTON CITY OF,438 SALEM & GRAND,DAYTON,400,Commercial vacant land,C,0000.00390,000000000000.00,000000000000.00,N,,,Y,,,
R72 07405 0096,county_only,DAYTON CITY OF,402 404 SALEM AVE,DAYTON,400,Commercial vacant land,C,0000.00150,000000000000.00,000000000000.00,N,,,Y,,,
R72 07405 0097,county_only,DAYTON CITY OF,418 SALEM AVE,DAYTON,400,Commercial vacant land,C,0000.01940,000000000000.00,000000000000.00,N,,,Y,,,
R72 07406 0048,both,CITY OF DAYTON,200 AUDUBON PARK,DAYTON,640,"Exempt, owned by municipals",E,0000.00000,000000010260.00,000000000000.00,N,Planning,Surplus,Y,39113-001000-2,39.76448887167628,-84.21260321747395
R72 07408 0037,county_only,DAYTON CITY OF,SUPERIOR & SALEM,DAYTON,400,Commercial vacant land,C,0000.03100,000000000000.00,000000000000.00,N,,,Y,,,
R72 07408 0038,county_only,DAYTON CITY OF,250 SALEM AVE,DAYTON,400,Commercial vacant land,C,0000.04500,000000000000.00,000000000000.00,N,,,Y,,,
R72 07408 0039,county_only,DAYTON CITY OF,184 SALEM AVE,DAYTON,400,Commercial vacant land,C,0000.00340,000000000000.00,000000000000.00,N,,,Y,,,
R72 07409 0057,county_only,CITY OF DAYTON,164 SALEM AVE,DAYTON,400,Commercial vacant land,C,0000.00300,000000000000.00,000000000000.00,N,,,Y,,,
R72 07506 0007,both,DAYTON CITY OF,1008 RIVERVIEW AVE,DAYTON,500,"Residential vacant land, lot",R,0000.00000,000000000000.00,000000000000.00,N,,,Y,39113-001000-2,39.76071903798769,-84.21029227249007
R72 07506 0008,both,DAYTON CITY OF,1000 1002 RIVERVIEW AVE,DAYTON,500,"Residential vacant land, lot",R,0000.00000,000000000000.00,000000000000.00,N,,,Y,39113-001000-2,39.760699940204,-84.21016998865333
R72 07506 0024,both,DAYTON CITY OF,401 403 NEGLEY PL,DAYTON,640,"Exempt, owned by municipals",E,0000.00000,000000005710.00,000000000000.00,N,Planning,Surplus,Y,39113-001000-2,39.76015773914706,-84.2102574728473
R72 07603 0016,both,CITY OF DAYTON,1928 RIVERVIEW AVE,DAYTON,640,"Exempt, owned by municipals",E,0000.00000,000000000000.00,000000000000.00,N,Planning,Surplus,Y,39113-000700-2,39.76294380313418,-84.22416244734896
R72 07609 0001,both,CITY OF DAYTON,RIVERVIEW AVE,DAYTON,500,"Residential vacant land, lot",R,0000.00000,000000003460.00,000000000000.00,N,Public Works,Other,Y,39113-000700-2,39.762573030635,-84.21780455621294
R72 07609 0010,both,CITY OF DAYTON,743 745 FERGUSON AVE,DAYTON,640,"Exempt, owned by municipals",E,0000.00000,000000004110.00,000000000000.00,N,Planning,Surplus,Y,39113-000700-2,39.76350927673878,-84.21723998918944
R72 07609 0011,both,DAYTON CITY OF,FERGUSON AVE,DAYTON,640,"Exempt, owned by municipals",E,0000.00000,000000004350.00,000000000000.00,N,Planning,Surplus,Y,39113-000700-2,39.76366019690974,-84.21722861086998
R72 07609 0026,both,CITY OF DAYTON,FERGUSON AVE,DAYTON,640,"Exempt, owned by municipals",E,0000.00000,000000001070.00,000000000000.00,N,Planning,Surplus,Y,39113-000700-2,39.76238325439479,-84.21669635684118
R72 07611 0009,both,DAYTON CITY OF,625 627 FERGUSON AVE,DAYTON,500,"Residential vacant land, lot",R,0000.00000,000000002400.00,000000000000.00,N,Public Works,Other,Y,39113-000700-2,39.76142785048337,-84.21764921989659
R72 07611 0010,both,DAYTON CITY OF,FERGUSON AVE,DAYTON,500,"Residential vacant land, lot",R,0000.00000,000000002400.00,000000000000.00,N,Public Works,Other,Y,39113-000700-2,39.761345490767596,-84.21764939290446
R72 07701 0016,both,CITY OF DAYTON,LEXINGTON AVE,DAYTON,640,"Exempt, owned by municipals",E,0000.00000,000000002870.00,000000000000.00,N,Planning,Surplus,Y,39113-000700-3,39.76813796045906,-84.2240149254824
R72 07702 0032,both,CITY OF DAYTON,408 OXFORD AVE,DAYTON,640,"Exempt, owned by municipals",E,0000.00000,000000001040.00,000000000000.00,N,Planning,Surplus,Y,39113-000700-3,39.7685953664606,-84.22143262369494
R72 07702 0045,both,DAYTON CITY OF,425 427 OXFORD AVE,DAYTON,500,"Residential vacant land, lot",R,0000.00000,000000002870.00,000000000000.00,N,,,Y,39113-000600-2,39.76902448557189,-84.22201909078589
R72 07703 0034,both,DAYTON CITY OF,704 LEXINGTON AVE,DAYTON,640,"Exempt, owned by municipals",E,0000.00000,000000003680.00,000000000000.00,N,Planning,Surplus,Y,39113-000700-4,39.76767078063705,-84.2247861089524
R72 07703 0040,both,CITY OF DAYTON,LEXINGTON AVE,DAYTON,640,"Exempt, owned by municipals",E,0000.00000,000000002370.00,000000000000.00,N,Planning,Surplus,Y,39113-000700-4,39.76771372835586,-84.22373399168548
R72 07706 0008,county_only,CITY OF DAYTON OHIO,260 LEXINGTON AVE,DAYTON,500,"Residential vacant land, lot",R,0000.00000,000000006870.00,000000000000.00,N,,,Y,39113-000700-4,39.767792544657006,-84.21744162933736
R72 07706 0012,both,CITY OF DAYTON,240 LEXINGTON AVE,DAYTON,500,"Residential vacant land, lot",R,0000.00000,000000002980.00,000000000000.00,N,Public Works,Other,Y,39113-000700-4,39.767887914190844,-84.2167430245798
R72 07708 0018,both,CITY OF DAYTON,831 ST AGNES AVE,DAYTON,640,"Exempt, owned by municipals",E,0000.00000,000000002960.00,000000000000.00,N,Planning,Surplus,Y,39113-000700-2,39.763717886259464,-84.22098094770512
R72 07708 0077,city_layer_only,,,,,,,,,,N,Planning,Surplus,Y,,39.76474997604939,-84.2210064394
R72 07708 0095,both,DAYTON CITY OF,RIVERVIEW AVE,DAYTON,500,"Residential vacant land, lot",R,0000.00000,000000002730.00,000000000000.00,N,Public Works,Other,Y,39113-000700-2,39.76336247093498,-84.2232818303559
R72 07709 0042,both,DAYTON CITY OF,740 N PAUL LAURENCE DUNBAR ST,DAYTON,640,"Exempt, owned by municipals",E,0000.00000,000000002140.00,000000000000.00,N,Planning,Surplus,Y,39113-000700-2,39.763622160838,-84.21946291122131
R72 07710 0068,both,CITY OF DAYTON,1301 SUPERIOR AVE,DAYTON,500,"Residential vacant land, lot",R,0000.00000,000000003030.00,000000000000.00,N,,,Y,39113-000700-4,39.76564414554584,-84.22310328605
R72 07801 0001,both,DAYTON CITY OF,ROSEDALE DR,DAYTON,640,"Exempt, owned by municipals",E,0000.00000,000000002940.00,000000000000.00,N,Planning,Surplus,Y,39113-000700-1,39.76929483617395,-84.22693278196721
R72 07801 0002,both,DAYTON CITY OF,ROSEDALE DR,DAYTON,640,"Exempt, owned by municipals",E,0000.00000,000000002940.00,000000000000.00,N,Planning,Surplus,Y,39113-000700-1,39.76934943329481,-84.22693396128234
R72 07803 0014,city_layer_only,,,,,,,,,,N,Planning,Surplus,Y,,39.77042481750017,-84.2247867201159
R72 07806 0003,both,DAYTON CITY OF,333 CAMBRIDGE AVE,DAYTON,400,Commercial vacant land,C,0000.00000,000000002200.00,000000000000.00,N,,,Y,39113-000700-3,39.770374580482304,-84.22089346702533
R72 07806 0012,both,DAYTON CITY OF,1230 EUCLID AVE,DAYTON,400,Commercial vacant land,C,0000.00000,000000004480.00,000000000000.00,N,,,Y,39113-000700-3,39.76972556259172,-84.2208925901071
R72 07808 0029,both,DAYTON CITY OF,1215 GLENDALE AVE,DAYTON,640,"Exempt, owned by municipals",E,0000.00000,000000002620.00,000000000000.00,N,Planning,Surplus,Y,39113-000700-3,39.76942127708972,-84.21989613179234
R72 07809 0026,both,DAYTON CITY OF,200 OXFORD AVE,DAYTON,640,"Exempt, owned by municipals",E,0000.00000,000000003030.00,000000000000.00,N,Planning,Surplus,Y,39113-000700-3,39.76881271226584,-84.21808904007158
R72 07809 0039,both,DAYTON CITY OF,213 215 OXFORD AVE,DAYTON,640,"Exempt, owned by municipals",E,0000.00000,000000000890.00,000000000000.00,N,Planning,Surplus,Y,39113-000700-3,39.76922384446242,-84.21851233217052
R72 07908 0024,both,DAYTON CITY OF,2514 RIVERVIEW AVE,DAYTON,500,"Residential vacant land, lot",R,0000.00000,000000002870.00,000000000000.00,N,,,Y,39113-000700-2,39.76538020896269,-84.23148846901763
R72 08003 0020,city_layer_only,,,,,,,,,,N,Planning,Surplus,Y,,39.76873903327881,-84.23146992077285
R72 08004 0015,both,DAYTON CITY OF,GRAND AVE,DAYTON,500,"Residential vacant land, lot",R,0000.00000,000000002950.00,000000000000.00,N,Public Works,Other,Y,39113-000700-2,39.766957704181074,-84.23179215985529
R72 08004 0018,both,DAYTON CITY OF,2021 2023 W GRAND AVE,DAYTON,500,"Residential vacant land, lot",R,0000.00000,000000003140.00,000000000000.00,N,,,Y,39113-000700-2,39.766972725251506,-84.23133351227672
R72 08005 0032,county_only,CITY OF DAYTON,RIVERVIEW AVE,DAYTON,400,Commercial vacant land,C,0000.03000,000000000430.00,000000000000.00,N,,,Y,,39.76654373354178,-84.23416078995601
R72 08105 0015,both,DAYTON CITY OF,441 N WOODWARD AVE,DAYTON,640,"Exempt, owned by municipals",E,0000.00000,000000001880.00,000000000000.00,N,Planning,Surplus,Y,39113-165100-1,39.75929615036491,-84.23072653657098
R72 08105 0036,both,DAYTON CITY OF,100 102 KAMMER AVE,DAYTON,640,"Exempt, owned by municipals",E,0000.00000,000000001850.00,000000000000.00,N,Planning,Surplus,Y,39113-165100-1,39.759671684172666,-84.2296543581982
R72 08106 0002,both,CITY OF DAYTON,KILMER ST,DAYTON,640,"Exempt, owned by municipals",E,0000.00000,000000001710.00,000000000000.00,N,Planning,Surplus,Y,39113-003800-2,39.75964992383584,-84.2329953378235
R72 08106 0034,both,CITY OF DAYTON,WINTERS ST,DAYTON,640,"Exempt, owned by municipals",E,0000.00000,000000001690.00,000000000000.00,N,Planning,Surplus,Y,39113-165100-1,39.759199922891845,-84.23181468051503
R72 08106 0040,both,DAYTON CITY OF,1629 OAKRIDGE DR,DAYTON,640,"Exempt, owned by municipals",E,0000.00000,000000001890.00,000000000000.00,N,Planning,Surplus,Y,39113-165100-1,39.75839914703134,-84.23252222137545
R72 08108 0027,both,CITY OF DAYTON,JAMES H MCGEE BLVD,DAYTON,400,Commercial vacant land,C,0000.00000,000000000000.00,000000000000.00,N,,,Y,39113-165100-1,39.76135805418744,-84.23040116428542
R72 08109 0006,both,DAYTON CITY OF,1219 EDISON ST,DAYTON,640,"Exempt, owned by municipals",E,0000.00000,000000001830.00,000000000000.00,N,Planning,Surplus,Y,39113-165100-1,39.75661354772805,-84.23109036262909
R72 08109 0084,both,CITY OF DAYTON,1420 OAKRIDGE DR,DAYTON,640,"Exempt, owned by municipals",E,0000.00000,000000001860.00,000000000000.00,N,Planning,Surplus,Y,39113-165100-1,39.758145087356276,-84.23020698536341
R72 08109 0087,both,DAYTON CITY OF,N ORCHARD AVE,DAYTON,640,"Exempt, owned by municipals",E,0000.00000,000000001410.00,000000000000.00,N,Planning,Surplus,Y,39113-165100-1,39.75795706627792,-84.22984179464169
R72 08110 0056,both,CITY OF DAYTON,1712 OAKRIDGE DR,DAYTON,640,"Exempt, owned by municipals",E,0000.00000,000000001780.00,000000000000.00,N,Planning,Surplus,Y,39113-003900-3,39.75800732279676,-84.23304622681115
R72 08110 0057,both,CITY OF DAYTON,OAKRIDGE DR,DAYTON,640,"Exempt, owned by municipals",E,0000.00000,000000001390.00,000000000000.00,N,Planning,Surplus,Y,39113-003900-3,39.758008384208566,-84.23295925818327
R72 08201 0016,both,CITY OF DAYTON,139 N MARION ST,DAYTON,640,"Exempt, owned by municipals",E,0000.00000,000000002250.00,000000000000.00,N,Planning,Surplus,Y,39113-003900-3,39.75528025233498,-84.23342301300723
R72 08201 0024,both,CITY OF DAYTON,171 N MARION ST,DAYTON,640,"Exempt, owned by municipals",E,0000.00000,000000004500.00,000000000000.00,N,Planning,Surplus,Y,39113-003900-3,39.75595897943287,-84.23357506207698
R72 08201A0033,both,DAYTON CITY OF,2421 2423 W 3RD ST,DAYTON,400,Commercial vacant land,C,0000.00000,000000001790.00,000000000000.00,N,Public Works,Other,Y,39113-003900-3,39.75278739813906,-84.23351038850444
R72 08201A0034,both,DAYTON CITY OF,2417 2419 W 3RD ST,DAYTON,640,"Exempt, owned by municipals",E,0000.00000,000000001700.00,000000000000.00,N,Planning,Surplus,Y,39113-003900-3,39.75296246419933,-84.23336926784202
R72 08202 0011,both,DAYTON CITY OF,121 N WOODWARD AVE,DAYTON,640,"Exempt, owned by municipals",E,0000.00000,000000001850.00,000000000000.00,N,Planning,Surplus,Y,39113-165100-1,39.75543034791776,-84.230331695037
R72 08202 0032,both,CITY OF DAYTON,67 HALLWOOD AVE,DAYTON,640,"Exempt, owned by municipals",E,0000.00000,000000003310.00,000000000000.00,N,Planning,Surplus,Y,39113-165100-1,39.75632559783562,-84.23153654797882
R72 08202 0042,both,DAYTON CITY OF,25 27 HALLWOOD AVE,DAYTON,640,"Exempt, owned by municipals",E,0000.00000,000000003700.00,000000000000.00,N,Planning,Surplus,Y,39113-165100-1,39.75533659325451,-84.23128636460113
R72 08202 0046,both,DAYTON CITY OF,2219 W 2ND ST,DAYTON,640,"Exempt, owned by municipals",E,0000.00000,000000002240.00,000000000000.00,N,Planning,Surplus,Y,39113-165100-1,39.754749013807654,-84.23128598879443
R72 08202 0073,both,DAYTON CITY OF,145 N KILMER ST,DAYTON,640,"Exempt, owned by municipals",E,0000.00000,000000002000.00,000000000000.00,N,Planning,Surplus,Y,39113-003900-3,39.75569109894637,-84.23238017236899
R72 08202 0078,both,DAYTON CITY OF,127 N KILMER ST,DAYTON,640,"Exempt, owned by municipals",E,0000.00000,000000002000.00,000000000000.00,N,Planning,Surplus,Y,39113-003900-3,39.75519341767088,-84.23224528310662
R72 08203 0029,both,DAYTON CITY OF,2218 W 2ND ST,DAYTON,640,"Exempt, owned by municipals",E,0000.00000,000000004640.00,000000000000.00,N,Planning,Surplus,Y,39113-165100-1,39.754457991496665,-84.23109731745211
R72 08203 0033,both,CITY OF DAYTON,2202 W 2ND ST,DAYTON,640,"Exempt, owned by municipals",E,0000.00000,000000004210.00,000000000000.00,N,Planning,Surplus,Y,39113-165100-1,39.75457051794118,-84.23058568520439
R72 08203 0071,both,DAYTON CITY OF,2220 W 2ND ST,DAYTON,640,"Exempt, owned by municipals",E,0000.00000,000000002390.00,000000000000.00,N,Planning,Surplus,Y,39113-165100-1,39.75443426838843,-84.23121685375605
R72 08204 0010,both,DAYTON CITY OF,2104 W 2ND ST,DAYTON,640,"Exempt, owned by municipals",E,0000.00000,000000001100.00,000000000000.00,N,Planning,Surplus,Y,39113-165100-1,39.75478111990324,-84.22922190427951
R72 08205 0031,both,CITY OF DAYTON,1024 EDISON ST,DAYTON,640,"Exempt, owned by municipals",E,0000.00000,000000001520.00,000000000000.00,N,Planning,Surplus,Y,39113-165100-1,39.756356129523596,-84.22881783170908
R72 08208 0015,both,CITY OF DAYTON,208 N ORCHARD AVE,DAYTON,640,"Exempt, owned by municipals",E,0000.00000,000000001760.00,000000000000.00,N,Planning,Surplus,Y,39113-165100-1,39.75679311190119,-84.22915628030192
R72 08208 0025,both,CITY OF DAYTON,MATHISON ST,DAYTON,500,"Residential vacant land, lot",R,0000.00000,000000001730.00,000000000000.00,N,,,Y,39113-165100-1,39.75763155962877,-84.22858797103038
R72 08208 0030,both,DAYTON CITY OF,329 N MATHISON ST,DAYTON,640,"Exempt, owned by municipals",E,0000.00000,000000001930.00,000000000000.00,N,Planning,Surplus,Y,39113-165100-1,39.75719061001621,-84.22846141408293
R72 08208 0033,both,CITY OF DAYTON,319 N MATHISON ST,DAYTON,640,"Exempt, owned by municipals",E,0000.00000,000000001730.00,000000000000.00,N,Planning,Surplus,Y,39113-165100-1,39.75693431222032,-84.22857542940419
R72 08208 0034,both,CITY OF DAYTON,315 N MATHISON ST,DAYTON,640,"Exempt, owned by municipals",E,0000.00000,000000001930.00,000000000000.00,N,Planning,Surplus,Y,39113-165100-1,39.756863931979474,-84.22845686651311
R72 08208 0037,both,DAYTON CITY OF,1015 EDISON ST,DAYTON,640,"Exempt, owned by municipals",E,0000.00000,000000001340.00,000000000000.00,N,Planning,Surplus,Y,39113-165100-1,39.756609957140114,-84.22873518299113
R72 08208 0057,both,DAYTON CITY OF,42 MASON ST,DAYTON,640,"Exempt, owned by municipals",E,0000.00000,000000001870.00,000000000000.00,N,Planning,Surplus,Y,39113-165100-1,39.75724773220352,-84.22756992367395
R72 08208 0080,both,CITY OF DAYTON,218 N ORCHARD AVE,DAYTON,640,"Exempt, owned by municipals",E,0000.00000,000000001990.00,000000000000.00,N,Planning,Surplus,Y,39113-165100-1,39.75693623740995,-84.22910183486054
R72 08209 0003,both,DAYTON CITY OF,341 JAMES H MCGEE BLVD,DAYTON,400,Commercial vacant land,C,0000.00000,000000001940.00,000000000000.00,N,Public Works,Other,Y,39113-165100-1,39.75779353064061,-84.22702841834032
R72 08209 0022,county_only,DAYTON CITY OF,JAMES H MCGEE BLVD,DAYTON,400,Commercial vacant land,C,0000.00000,000000000000.00,000000000000.00,N,,,Y,,,
R72 08210 0002,both,DAYTON CITY OF,ROSEDALE DR,DAYTON,300,"Industrial, vacant land",I,0010.32070,000000102170.00,000000000000.00,N,,,Y,39113-165100-2,39.75945700539073,-84.22559227885971
R72 08210 0031,county_only,THE CITY OF DAYTON,JAMES H MCGEE BLVD,DAYTON,400,Commercial vacant land,C,0000.00000,000000000000.00,000000000000.00,N,,,Y,,,
R72 08211 0033,both,CITY OF DAYTON,3 FARLEY ST,DAYTON,640,"Exempt, owned by municipals",E,0000.00000,000000004420.00,000000000000.00,N,Planning,Surplus,Y,39113-165100-2,39.75727286821114,-84.22512287550641
R72 08211 0037,both,DAYTON CITY OF,1012 OAKRIDGE DR,DAYTON,640,"Exempt, owned by municipals",E,0000.00000,000000001950.00,000000000000.00,N,Planning,Surplus,Y,39113-165100-2,39.7581928736716,-84.22455692134847
R72 08211 0038,both,CITY OF DAYTON,1008 OAKRIDGE DR,DAYTON,640,"Exempt, owned by municipals",E,0000.00000,000000001930.00,000000000000.00,N,Planning,Surplus,Y,39113-165100-2,39.7581936261034,-84.224476628728
R72 08211 0070,both,DAYTON CITY OF,304 JAMES H MCGEE BLVD,DAYTON,400,Commercial vacant land,C,0000.00000,000000001070.00,000000000000.00,N,Public Works,Other,Y,39113-165100-2,39.75736730981301,-84.22573259740786
R72 08211 0079,county_only,DAYTON CITY OF,JAMES H MCGEE BLVD,DAYTON,400,Commercial vacant land,C,0000.00000,000000000000.00,000000000000.00,N,,,Y,,,
R72 08212 0017,both,DAYTON CITY OF,624 EDISON ST,DAYTON,500,"Residential vacant land, lot",R,0000.00000,000000002610.00,000000000000.00,N,Public Works,Other,Y,39113-165100-2,39.75692808021845,-84.2245021519296
R72 08212 0028,city_layer_only,,,,,,,,,,N,Planning,Surplus,Y,,,
R72 08301 0079,city_layer_only,,,,,,,,,,N,Planning,Surplus,Y,,39.75751425322796,-84.21564065186966
R72 08301 0082,city_layer_only,,,,,,,,,,N,Planning,Surplus,Y,,39.7575776617895,-84.2152175848645
R72 08303 0039,both,CITY OF DAYTON,W 1ST ST,DAYTON,500,"Residential vacant land, lot",R,0000.00000,000000002610.00,000000000000.00,N,,,Y,39113-165100-2,39.75776732476367,-84.21558853568928
R72 08303 0043,city_layer_only,,,,,,,,,,N,Planning,Surplus,Y,,39.75796252682234,-84.21527321599503
R72 08305 0038,both,DAYTON CITY OF,411 N BROADWAY ST,DAYTON,640,"Exempt, owned by municipals",E,0000.00000,000000002370.00,000000000000.00,N,Planning,Surplus,Y,39113-165100-2,39.7598877558657,-84.21516551189767
R72 08305 0100,both,CITY OF DAYTON,536 DAKOTA ST,DAYTON,640,"Exempt, owned by municipals",E,0000.00000,000000000770.00,000000000000.00,N,Planning,Surplus,Y,39113-165100-2,39.759263970222385,-84.21632421804367
R72 08307 0048,city_layer_only,,,,,,,,,,N,Planning,Surplus,Y,,39.75617778482438,-84.21981378574294
R72 08307 0049,city_layer_only,,,,,,,,,,N,Planning,Surplus,Y,,39.75628866482008,-84.21969141683671
R72 08307 0072,city_layer_only,,,,,,,,,,N,Planning,Surplus,Y,,39.756817003385535,-84.21971833630927
R72 08307 0083,both,DAYTON CITY OF,N PAUL LAURENCE DUNBAR ST,DAYTON,500,"Residential vacant land, lot",R,0000.00000,000000002240.00,000000000000.00,N,Public Works,Other,Y,39113-165100-2,39.75688885067387,-84.21883531390476
R72 08402 0036,both,DAYTON CITY OF,EDWIN C MOSES BLVD,DAYTON,400,Commercial vacant land,C,0000.61890,000000040430.00,000000000000.00,N,Public Works,Other,Y,39113-165100-2,39.75745709936881,-84.20600536659828
R72 08405 0045,city_layer_only,,,,,,,,,,N,Planning,Surplus,Y,,39.7577322591569,-84.21048050105829
R72 08405 0053,both,DAYTON CITY OF,113 SWEETMAN ST,DAYTON,500,"Residential vacant land, lot",R,0000.00000,000000001620.00,000000000000.00,N,Public Works,Other,Y,39113-165100-2,39.758231725069294,-84.20975783415739
R72 08406 0026,city_layer_only,,,,,,,,,,N,Economic Development,Development,Y,,39.75649663280379,-84.21085573098269
R72 08406 0035,city_layer_only,,,,,,,,,,N,Economic Development,Development,Y,,39.75662941925359,-84.21047540569595
R72 08409 0004,both,DAYTON CITY OF,112 PAISLEY ST,DAYTON,500,"Residential vacant land, lot",R,0000.00000,000000001900.00,000000000000.00,N,Public Works,Other,Y,39113-165100-2,39.75932896923324,-84.2126337269642
R72 08501 0055,county_only,DAYTON CITY OF,W 3RD ST,DAYTON,400,Commercial vacant land,C,0000.01100,000000000000.00,000000000000.00,N,,,Y,,,
R72 08502 0065,both,CITY OF DAYTON,21 23 S SPRAGUE ST,DAYTON,500,"Residential vacant land, lot",R,0000.00000,000000002440.00,000000000000.00,N,,,Y,39113-165100-2,39.75634370505986,-84.20731105341787
R72 08502 0071,both,DAYTON CITY OF,45 47 SPRAGUE ST,DAYTON,500,"Residential vacant land, lot",R,0000.00000,000000002440.00,000000000000.00,N,Public Works,Other,Y,39113-165100-2,39.75577915443296,-84.2071525095884
R72 08503 0021,both,CITY OF DAYTON,W 5TH ST,DAYTON,400,Commercial vacant land,C,0000.00000,000000000260.00,000000000000.00,N,,,Y,39113-165100-2,39.753572567562294,-84.20839691321626
R72 08506 0114,county_only,DAYTON CITY OF,CLEVES ST,DAYTON,400,Commercial vacant land,C,0000.00000,000000000000.00,000000000000.00,N,,,Y,,,
R72 08506 0115,both,DAYTON CITY OF,CLEVES ST,DAYTON,400,Commercial vacant land,C,0000.00000,000000000000.00,000000000000.00,N,,,Y,39113-165100-2,39.75160662644005,-84.20383209746628
R72 08506 0116,county_only,DAYTON CITY OF,CLEVES ST,DAYTON,400,Commercial vacant land,C,0000.00000,000000000000.00,000000000000.00,N,,,Y,,,
R72 08506 0117,county_only,THE CITY OF DAYTON,THRESHER ST,DAYTON,400,Commercial vacant land,C,0000.00100,000000000000.00,000000000000.00,N,,,Y,,,
R72 08506 0118,county_only,THE CITY OF DAYTON,ROADWAY,DAYTON,400,Commercial vacant land,C,0000.00700,000000000000.00,000000000000.00,N,,,Y,,,
R72 08507 0035,county_only,DAYTON CITY OF,MIAMI BLVD,DAYTON,400,Commercial vacant land,C,0000.05500,000000000000.00,000000000000.00,N,,,Y,,,
R72 08509 0001,city_layer_only,,,,,,,,,,N,Public Works,Surplus,Y,,39.75256640754825,-84.20697420293438
R72 08509 0062,both,DAYTON CITY OF,GERMANTOWN ST,DAYTON,300,"Industrial, vacant land",I,0000.07810,000000002620.00,000000000000.00,N,Public Works,Other,Y,39113-165100-2,39.751140285489896,-84.20686559725081
R72 08509 0067,county_only,DAYTON CITY OF,GERMANTOWN ST,DAYTON,400,Commercial vacant land,C,0000.17800,000000000000.00,000000000000.00,N,,,Y,,,
R72 08509 0068,county_only,DAYTON CITY OF,GERMANTOWN ST,DAYTON,400,Commercial vacant land,C,0000.03300,000000000000.00,000000000000.00,N,,,Y,,,
R72 08509 0069,county_only,DAYTON CITY OF,GERMANTOWN ST,DAYTON,400,Commercial vacant land,C,0000.05200,000000000000.00,000000000000.00,N,,,Y,,,
R72 08604 0053,county_only,DAYTON CITY OF,THIRD ST,DAYTON,400,Commercial vacant land,C,0000.00080,000000000130.00,000000000000.00,N,,,Y,,,
R72 08610 0053,county_only,DAYTON CITY OF,GERMANTOWN ST,DAYTON,500,"Residential vacant land, lot",R,0000.00000,000000000000.00,000000000000.00,N,,,Y,,,
R72 08702 0011,both,CITY OF DAYTON,207 MERCER AVE,DAYTON,640,"Exempt, owned by municipals",E,0000.00000,000000002430.00,000000000000.00,N,Planning,Surplus,Y,39113-165100-3,39.75443839563199,-84.21658958672245
R72 08702 0050,both,DAYTON CITY OF,154 MERCER AVE,DAYTON,300,"Industrial, vacant land",I,0000.00000,000000015450.00,000000000000.00,N,Public Works,Other,Y,39113-165100-3,39.754118238940144,-84.21614054233213
R72 08703 0005,both,CITY OF DAYTON,W 4TH ST,DAYTON,400,Commercial vacant land,C,0000.00000,000000000930.00,000000000000.00,N,,,Y,39113-165100-3,39.755026654386526,-84.21449406317241
R72 08703 0019,both,CITY OF DAYTON,1226 W 3RD ST,DAYTON,400,Commercial vacant land,C,0000.00000,000000005210.00,000000000000.00,N,Public Works,Other,Y,39113-165100-3,39.75556570417383,-84.21461662898909
R72 08704 0004,both,DAYTON CITY OF,W 5TH ST,DAYTON,400,Commercial vacant land,C,0000.00000,000000010980.00,000000000000.00,N,Public Works,Other,Y,39113-165100-3,39.753524589911926,-84.21492046401474
R72 08707 0003,both,CITY OF DAYTON,1425 HOME AVE,DAYTON,500,"Residential vacant land, lot",R,0000.00000,000000002590.00,000000000000.00,N,Public Works,Other,Y,39113-165100-3,39.751098244995646,-84.21723298845427
R72 08709 0054,both,CITY OF DAYTON,WILLIAMS ST,DAYTON,400,Commercial vacant land,C,0000.00000,000000002400.00,000000000000.00,N,,,Y,39113-165100-2,39.75292252499082,-84.21283568149349
R72 08709 0055,both,CITY OF DAYTON,1200 W 5TH ST,DAYTON,400,Commercial vacant land,C,0000.00000,000000003620.00,000000000000.00,N,,,Y,39113-165100-2,39.75304611044154,-84.21261758566209
R72 08709 0059,both,DAYTON CITY OF,1210 W 5TH ST,DAYTON,400,Commercial vacant land,C,0000.00000,000000001070.00,000000000000.00,N,Public Works,Other,Y,39113-165100-2,39.753160429400886,-84.21292246742156
R72 08709 0061,both,CITY OF DAYTON,1218 W 5TH ST,DAYTON,400,Commercial vacant land,C,0000.00000,000000001500.00,000000000000.00,N,Public Works,Other,Y,39113-165100-2,39.753089460187645,-84.21308077165924
R72 08710 0019,both,DAYTON CITY OF,485 BROADWAY ST,DAYTON,640,"Exempt, owned by municipals",E,0000.00000,000000003480.00,000000000000.00,N,Planning,Surplus,Y,39113-165100-3,39.748573175354295,-84.21508623639727
R72 08713 0024,both,DAYTON CITY OF,GREENCASTLE ST,DAYTON,500,"Residential vacant land, lot",R,0000.00000,000000020890.00,000000000000.00,N,Public Works,Other,Y,39113-165100-3,39.74822010723268,-84.21678089410608
R72 08713 0033,both,DAYTON CITY OF,1309 1311 GERMANTOWN ST,DAYTON,640,"Exempt, owned by municipals",E,0000.00000,000000001870.00,000000000000.00,N,Planning,Surplus,Y,39113-165100-3,39.74816225883219,-84.21530195432324
R72 08713 0036,both,CITY OF DAYTON,493 BROADWAY ST,DAYTON,640,"Exempt, owned by municipals",E,0000.00000,000000000490.00,000000000000.00,N,Planning,Surplus,Y,39113-165100-3,39.74815612995886,-84.21489102048615
R72 08801 0024,both,CITY OF DAYTON,1713 W 5TH ST,DAYTON,500,"Residential vacant land, lot",R,0000.00000,000000002500.00,000000000000.00,N,Public Works,Other,Y,39113-165100-3,39.75344231671911,-84.2228407067824
R72 08801 0097,county_only,DAYTON CITY OF,W 3RD ST,DAYTON,400,Commercial vacant land,C,0000.00000,000000000000.00,000000000000.00,N,,,Y,,,
R72 08802 0011,both,DAYTON CITY OF,1557 1559 W 5TH ST,DAYTON,500,"Residential vacant land, lot",R,0000.00000,000000002600.00,000000000000.00,N,Public Works,Other,Y,39113-165100-3,39.753543368039914,-84.22010475644498
R72 08802 0079,both,CITY OF DAYTON,1547 1549 W 5TH ST,DAYTON,500,"Residential vacant land, lot",R,0000.00000,000000002470.00,000000000000.00,N,Public Works,Other,Y,39113-165100-3,39.75347716726117,-84.21984678430015
R72 08803 0004,city_layer_only,,,,,,,,,,N,Planning,Surplus,Y,,39.75302114698523,-84.21885980695947
R72 08803 0026,both,DAYTON CITY OF,308 310 S EUCLID AVE,DAYTON,640,"Exempt, owned by municipals",E,0000.00000,000000002270.00,000000000000.00,N,Planning,Surplus,Y,39113-165100-3,39.751696164871056,-84.22010655405366
R72 08804 0004,both,DAYTON CITY OF,JAMES H MCGEE BLVD,DAYTON,640,"Exempt, owned by municipals",E,0000.00000,000000000550.00,000000000000.00,N,Planning,Surplus,Y,39113-165100-3,39.752893836950584,-84.22350472029873
R72 08804 0074,both,DAYTON CITY OF,111 CAMBRIA CT,DAYTON,640,"Exempt, owned by municipals",E,0000.00000,000000000150.00,000000000000.00,N,Planning,Surplus,Y,39113-165100-3,39.752852611308064,-84.22336700301007
R72 08805 0034,both,CITY OF DAYTON,1609 1611 HOME AVE,DAYTON,640,"Exempt, owned by municipals",E,0000.00000,000000002410.00,000000000000.00,N,Planning,Surplus,Y,39113-165100-3,39.75112924028736,-84.22091550774923
R72 08808 0028,both,DAYTON CITY OF,712 S EUCLID AVE,DAYTON,500,"Residential vacant land, lot",R,0000.00000,000000002190.00,000000000000.00,N,Public Works,Other,Y,39113-003500-1,39.74717710225742,-84.22004779706124
R72 08808 0051,both,CITY OF DAYTON,731 S EUCLID AVE,DAYTON,500,"Residential vacant land, lot",R,0000.00000,000000002160.00,000000000000.00,N,Public Works,Other,Y,39113-004100-1,39.74672198467737,-84.22054763614491
R72 08809 0011,both,DAYTON CITY OF,26 GOLD ST,DAYTON,400,Commercial vacant land,C,0000.00000,000000000790.00,000000000000.00,N,Public Works,Other,Y,39113-003500-1,39.74741981603625,-84.21889055802785
R72 08901 0008,both,CITY OF DAYTON,1859 W 5TH ST,DAYTON,640,"Exempt, owned by municipals",E,0000.00000,000000002030.00,000000000000.00,N,Planning,Surplus,Y,39113-165100-3,39.753294006171544,-84.22606318086436
R72 08901 0063,both,DAYTON CITY OF,1811 HOWELL AVE,DAYTON,640,"Exempt, owned by municipals",E,0000.00000,000000000460.00,000000000000.00,N,Planning,Surplus,Y,39113-165100-3,39.752420065899315,-84.22432097639967
R72 08901 0065,both,DAYTON CITY OF,W 5TH ST,DAYTON,640,"Exempt, owned by municipals",E,0000.00000,000000001600.00,000000000000.00,N,Planning,Surplus,Y,39113-165100-3,39.75292406786301,-84.22452641491158
R72 08901 0080,both,CITY OF DAYTON,44 46 GROSVENOR AVE,DAYTON,640,"Exempt, owned by municipals",E,0000.00000,000000002210.00,000000000000.00,N,Planning,Surplus,Y,39113-165100-3,39.752452884820464,-84.22630911256503
R72 08901 0082,both,DAYTON CITY OF,1851 HOWELL AVE,DAYTON,640,"Exempt, owned by municipals",E,0000.00000,000000002450.00,000000000000.00,N,Planning,Surplus,Y,39113-165100-3,39.752505428339305,-84.22586876127681
R72 08901 0091,both,DAYTON CITY OF,HOWELL AVE,DAYTON,640,"Exempt, owned by municipals",E,0000.00000,000000001670.00,000000000000.00,N,Planning,Surplus,Y,39113-165100-3,39.75248372404612,-84.22452795092457
R72 08902 0035,both,DAYTON CITY OF,GROSVENOR AVE,DAYTON,300,"Industrial, vacant land",I,0000.00000,000000000440.00,000000000000.00,N,Public Works,Other,Y,39113-165100-3,39.750737954862885,-84.22641251286026
R72 08903 0087,both,CITY OF DAYTON,KINNARD AVE,DAYTON,400,Commercial vacant land,C,0000.00000,000000000000.00,000000000000.00,N,,,Y,39113-165100-3,39.749122435423615,-84.22544430388908
R72 08903 0093,both,CITY OF DAYTON,KINNARD AVE,DAYTON,400,Commercial vacant land,C,0000.00000,000000000000.00,000000000000.00,N,,,Y,39113-165100-3,39.74919512683511,-84.22483525027833
R72 08903 0094,both,CITY OF DAYTON,KINNARD AVE,DAYTON,400,Commercial vacant land,C,0000.00000,000000000000.00,000000000000.00,N,,,Y,39113-165100-3,39.74913946561033,-84.22507101431181
R72 08903 0096,both,CITY OF DAYTON,KINNARD AVE,DAYTON,400,Commercial vacant land,C,0000.00000,000000000000.00,000000000000.00,N,,,Y,39113-165100-3,39.749218166455115,-84.22474976844258
R72 08905 0018,both,DAYTON CITY OF,PARKER AVE,DAYTON,300,"Industrial, vacant land",I,0000.00000,000000000000.00,000000000000.00,N,,,Y,39113-004100-1,39.74760641827572,-84.22551096436473
R72 08905 0019,both,DAYTON CITY OF,PARKER AVE,DAYTON,300,"Industrial, vacant land",I,0000.00000,000000000000.00,000000000000.00,N,,,Y,39113-004100-1,39.74755897910114,-84.22549182512326
R72 08905 0021,both,DAYTON CITY OF,PARKER AVE,DAYTON,300,"Industrial, vacant land",I,0000.00000,000000000000.00,000000000000.00,N,,,Y,39113-004100-1,39.747473499426135,-84.22545596108479
R72 08905 0023,both,CITY OF DAYTON,PARKER AVE,DAYTON,300,"Industrial, vacant land",I,0000.00000,000000000000.00,000000000000.00,N,,,Y,39113-004100-1,39.74737104888751,-84.22539515577284
R72 08905 0025,county_only,CITY OF DAYTON,REDDER AVE,DAYTON,300,"Industrial, vacant land",I,0000.00000,000000000000.00,000000000000.00,N,,,Y,,,
R72 08905 0028,both,DAYTON CITY OF,REDDER AVE,DAYTON,300,"Industrial, vacant land",I,0000.00000,000000000000.00,000000000000.00,N,,,Y,39113-004100-1,39.747269991764426,-84.22502629275195
R72 08905 0029,both,DAYTON CITY OF,REDDER AVE,DAYTON,300,"Industrial, vacant land",I,0000.00000,000000000000.00,000000000000.00,N,,,Y,39113-004100-1,39.747192979057075,-84.22490559149043
R72 08905 0038,both,DAYTON CITY OF,REDDER AVE,DAYTON,300,"Industrial, vacant land",I,0000.00000,000000000000.00,000000000000.00,N,,,Y,39113-004100-1,39.74714739051668,-84.22474156674637
R72 08905 0040,both,DAYTON CITY OF,REDDER AVE,DAYTON,300,"Industrial, vacant land",I,0000.00000,000000000000.00,000000000000.00,N,,,Y,39113-004100-1,39.747041078590726,-84.22443739300896
R72 08905 0050,both,DAYTON CITY OF,JAMES H MCGEE BLVD,DAYTON,300,"Industrial, vacant land",I,0000.00000,000000000000.00,000000000000.00,N,,,Y,39113-004100-1,39.747004831493385,-84.22425246436269
R72 08905 0076,county_only,DAYTON CITY OF,MCCALL ST,DAYTON,300,"Industrial, vacant land",I,0000.00000,000000000000.00,000000000000.00,N,,,Y,,,
R72 08907 0035,both,CITY OF DAYTON,121 LEROY ST,DAYTON,500,"Residential vacant land, lot",R,0000.00000,000000003120.00,000000000000.00,N,Public Works,Other,Y,39113-165100-3,39.74857789712049,-84.2213220734827
R72 08909 0058,both,DAYTON CITY OF,118 GOLD ST,DAYTON,500,"Residential vacant land, lot",R,0000.00000,000000002190.00,000000000000.00,N,Public Works,Other,Y,39113-004100-1,39.74728545533586,-84.22107673467167
R72 08909 0061,both,CITY OF DAYTON,735 DELOR ST,DAYTON,500,"Residential vacant land, lot",R,0000.00000,000000001660.00,000000000000.00,N,Public Works,Other,Y,39113-004100-1,39.746459916481754,-84.22186400116684
R72 09001 0011,both,DAYTON CITY OF,43 KILMER ST,DAYTON,500,"Residential vacant land, lot",R,0000.00000,000000001560.00,000000000000.00,N,,,Y,39113-004600-1,39.751825370460615,-84.23174338516012
R72 09001 0024,both,CITY OF DAYTON,42 S KILMER ST,DAYTON,640,"Exempt, owned by municipals",E,0000.00000,000000004890.00,000000000000.00,N,Planning,Surplus,Y,39113-165100-3,39.75170453261144,-84.23142734545617
R72 09001 0067,both,DAYTON CITY OF,WOODWARD AVE,DAYTON,400,Commercial vacant land,C,0000.00000,000000002230.00,000000000000.00,N,Public Works,Other,Y,39113-165100-3,39.751914079046436,-84.23017518941988
R72 09004 0010,both,CITY OF DAYTON,2024 2026 W 3RD ST,DAYTON,640,"Exempt, owned by municipals",E,0000.00000,000000008140.00,000000000000.00,N,Planning,Surplus,Y,39113-165100-3,39.75335048860092,-84.2281883449929
R72 09004 0024,both,DAYTON CITY OF,31 31 MATHISON ST,DAYTON,640,"Exempt, owned by municipals",E,0000.00000,000000001980.00,000000000000.00,N,Planning,Surplus,Y,39113-165100-3,39.75272043406916,-84.22791802117871
R72 09004 0039,both,DAYTON CITY OF,28 30 MATHISON ST,DAYTON,640,"Exempt, owned by municipals",E,0000.00000,000000002220.00,000000000000.00,N,Planning,Surplus,Y,39113-165100-3,39.75276913773791,-84.22746478790876
R72 09004 0047,both,CITY OF DAYTON,GROSVENOR AVE,DAYTON,640,"Exempt, owned by municipals",E,0000.00000,000000002390.00,000000000000.00,N,Planning,Surplus,Y,39113-165100-3,39.75261812750493,-84.2266472300605
R72 09004 0050,both,CITY OF DAYTON,37 GROSVENOR AVE,DAYTON,640,"Exempt, owned by municipals",E,0000.00000,000000002390.00,000000000000.00,N,Planning,Surplus,Y,39113-165100-3,39.75275548022109,-84.22664387204964
R72 09007 0035,both,DAYTON CITY OF,220 WOODWARD AVE,DAYTON,400,Commercial vacant land,C,0000.00000,000000002060.00,000000000000.00,N,Public Works,Other,Y,39113-165100-3,39.75107986995049,-84.23034251684813
R72 09009 0016,both,DAYTON CITY OF,1977 1979 HOME AVE,DAYTON,400,Commercial vacant land,C,0000.00000,000000000620.00,000000000000.00,N,,,Y,39113-165100-3,39.750154938236996,-84.22840865066247
R72 09009 0017,both,DAYTON CITY OF,HOME AVE,DAYTON,400,Commercial vacant land,C,0000.00000,000000000620.00,000000000000.00,N,,,Y,39113-165100-3,39.75015097676899,-84.22853858500328
R72 09009 0018,both,DAYTON CITY OF,1985 HOME AVE,DAYTON,400,Commercial vacant land,C,0000.00000,000000000620.00,000000000000.00,N,,,Y,39113-165100-3,39.750055680307206,-84.22869324659447
R72 09009 0019,both,DAYTON CITY OF,1989 HOME AVE,DAYTON,400,Commercial vacant land,C,0000.00000,000000000620.00,000000000000.00,N,,,Y,39113-165100-3,39.75005363091704,-84.22883190628633
R72 09010 0016,both,DAYTON CITY OF,WOODWARD AVE,DAYTON,500,"Residential vacant land, lot",R,0000.00000,000000001550.00,000000000000.00,N,Public Works,Other,Y,39113-165100-3,39.75044323253802,-84.23081531290094
R72 09010 0046,both,DAYTON CITY OF,KILMER ST,DAYTON,500,"Residential vacant land, lot",R,0000.00000,000000001330.00,000000000000.00,N,Public Works,Other,Y,39113-004600-1,39.75027419889376,-84.23191425215387
R72 09010 0057,both,CITY OF DAYTON,240 KILMER ST,DAYTON,400,Commercial vacant land,C,0000.06500,000000001230.00,000000000000.00,N,Public Works,Other,Y,,39.74925607367676,-84.23146919700258
R72 09010 0058,county_only,CITY OF DAYTON,HOME AVE,DAYTON,400,Commercial vacant land,C,0000.00000,000000000000.00,000000000000.00,N,,,Y,,39.74929020288612,-84.23125749713819
R72 09012 0027,both,CITY OF DAYTON,HOME AVE,DAYTON,400,Commercial vacant land,C,0000.00000,000000000000.00,000000000000.00,N,,,Y,39113-165100-3,39.749205509492505,-84.22732827913441
R72 09101 0023,county_only,DAYTON CITY OF,3RD ST,DAYTON,400,Commercial vacant land,C,0000.00600,000000000000.00,000000000000.00,N,,,Y,,,
R72 09102 0022,both,DAYTON CITY OF,130 S ARDMORE AVE,DAYTON,500,"Residential vacant land, lot",R,0000.00000,000000001970.00,000000000000.00,N,,,Y,39113-004600-1,39.74920616712304,-84.23455254463907
R72 09102 0028,both,DAYTON CITY OF,106 S ARDMORE AVE,DAYTON,500,"Residential vacant land, lot",R,0000.00000,000000001970.00,000000000000.00,N,,,Y,39113-004600-1,39.74968567528869,-84.23456284729882
R72 09103 0014,both,CITY OF DAYTON,258 ARDMORE AVE,DAYTON,640,"Exempt, owned by municipals",E,0000.00000,000000001050.00,000000000000.00,N,Planning,Surplus,Y,39113-004200-3,39.746620053230664,-84.23435129715865
R72 09104 0009,both,DAYTON CITY OF,347 ADELITE AVE,DAYTON,640,"Exempt, owned by municipals",E,0000.00000,000000000830.00,000000000000.00,N,Economic Development,Development,Y,39113-004200-3,39.74708712324804,-84.23248470259404
R72 09104 0011,both,DAYTON CITY OF,349 ADELITE AVE,DAYTON,640,"Exempt, owned by municipals",E,0000.00000,000000001450.00,000000000000.00,N,Economic Development,Development,Y,39113-004200-3,39.74700611791555,-84.23248524449016
R72 09104 0013,both,DAYTON CITY OF,353 ADELITE AVE,DAYTON,640,"Exempt, owned by municipals",E,0000.00000,000000001450.00,000000000000.00,N,Economic Development,Development,Y,39113-004200-3,39.74692413526023,-84.23234723585806
R72 09104 0014,both,DAYTON CITY OF,ADELITE AVE,DAYTON,640,"Exempt, owned by municipals",E,0000.00000,000000000000.00,000000000000.00,N,Economic Development,Development,Y,39113-004200-3,39.746890788912744,-84.23248605894612
R72 09104 0024,both,CITY OF DAYTON,339 345 ROYAL ST,DAYTON,640,"Exempt, owned by municipals",E,0000.00000,000000006480.00,000000000000.00,N,Planning,Surplus,Y,39113-004200-3,39.747114747013185,-84.23356493872575
R72 09104 0058,both,CITY OF DAYTON,339 ADELITE AVE,DAYTON,640,"Exempt, owned by municipals",E,0000.00000,000000001620.00,000000000000.00,N,Economic Development,Development,Y,39113-004200-3,39.74725493374145,-84.23235009686279
R72 09104 0059,both,CITY OF DAYTON,341 ADELITE AVE,DAYTON,640,"Exempt, owned by municipals",E,0000.00000,000000002090.00,000000000000.00,N,Economic Development,Development,Y,39113-004200-3,39.74721096547576,-84.23248387357597
R72 09108 0029,both,CITY OF DAYTON,HOME AVE,DAYTON,400,Commercial vacant land,C,0000.00000,000000000000.00,000000000000.00,N,,,Y,39113-004600-1,39.749017450994266,-84.23227833639137
R72 09201 0024,both,DAYTON CITY OF,3201 W 3RD ST,DAYTON,500,"Residential vacant land, lot",R,0000.00000,000000003000.00,000000000000.00,N,,,Y,39113-003900-1,39.751375165235956,-84.24232585486345
R72 09204 0045,both,DAYTON CITY OF,31 GRAMONT AVE,DAYTON,640,"Exempt, owned by municipals",E,0000.00000,000000004810.00,000000000000.00,N,Planning,Surplus,Y,39113-003900-1,39.75290629926076,-84.23796718112068
R72 09204 0060,both,DAYTON CITY OF,SHOOP AVE,DAYTON,400,Commercial vacant land,C,0000.00000,000000002170.00,000000000000.00,N,,,Y,39113-003900-1,39.7530833755805,-84.23880238095403
R72 09204 0061,both,DAYTON CITY OF,SHOOP AVE,DAYTON,400,Commercial vacant land,C,0000.00000,000000002170.00,000000000000.00,N,,,Y,39113-003900-1,39.752989962036786,-84.2388036052677
R72 09204 0062,both,DAYTON CITY OF,SHOOP AVE,DAYTON,400,Commercial vacant land,C,0000.00000,000000002170.00,000000000000.00,N,,,Y,39113-003900-1,39.75289385140111,-84.23880476228399
R72 09204 0063,both,DAYTON CITY OF,SHOOP AVE,DAYTON,400,Commercial vacant land,C,0000.00000,000000002170.00,000000000000.00,N,,,Y,39113-003900-1,39.752800535705816,-84.2388024340003
R72 09204 0064,both,DAYTON CITY OF,SHOOP AVE,DAYTON,400,Commercial vacant land,C,0000.00000,000000002170.00,000000000000.00,N,,,Y,39113-003900-1,39.752704424147105,-84.23880359215933
R72 09204 0065,both,DAYTON CITY OF,SHOOP AVE,DAYTON,400,Commercial vacant land,C,0000.00000,000000002170.00,000000000000.00,N,,,Y,39113-003900-1,39.75261105652038,-84.23880481761064
R72 09204 0066,both,DAYTON CITY OF,SHOOP AVE,DAYTON,400,Commercial vacant land,C,0000.00000,000000002170.00,000000000000.00,N,,,Y,39113-003900-1,39.752523174057686,-84.23880623827199
R72 09204 0100,both,DAYTON CITY OF,2900 W 2ND ST,DAYTON,400,Commercial vacant land,C,0000.00000,000000009320.00,000000000000.00,N,,,Y,39113-003900-1,39.75396161842592,-84.2391994740487
R72 09205 0020,both,DAYTON CITY OF,24 ANNA ST,DAYTON,500,"Residential vacant land, lot",R,0000.00000,000000002660.00,000000000000.00,N,Public Works,Other,Y,39113-003900-3,39.7529475593922,-84.23622463925955
R72 09205 0023,both,CITY OF DAYTON,36 ANNA ST,DAYTON,640,"Exempt, owned by municipals",E,0000.00000,000000004810.00,000000000000.00,N,Planning,Surplus,Y,39113-003900-3,39.75324007199575,-84.23638539116702
R72 09205 0027,both,CITY OF DAYTON,25 LORENZ AVE,DAYTON,640,"Exempt, owned by municipals",E,0000.00000,000000002410.00,000000000000.00,N,Planning,Surplus,Y,39113-003900-3,39.75305476583706,-84.235551856126
R72 09302 0004,both,DAYTON CITY OF,18 ARDMORE AVE,DAYTON,500,"Residential vacant land, lot",R,0000.00000,000000001570.00,000000000000.00,N,Public Works,Other,Y,39113-004600-1,39.75193009707699,-84.23454917733667
R72 09302 0010,both,DAYTON CITY OF,40 ARDMORE AVE,DAYTON,500,"Residential vacant land, lot",R,0000.00000,000000002100.00,000000000000.00,N,,,Y,39113-004600-1,39.75135343735419,-84.23455260079265
R72 09302 0011,both,DAYTON CITY OF,S ARDMORE AVE,DAYTON,500,"Residential vacant land, lot",R,0000.00000,000000002100.00,000000000000.00,N,,,Y,39113-004600-1,39.75126819338391,-84.23456114517356
R72 09302 0015,both,DAYTON CITY OF,62 ARDMORE AVE,DAYTON,500,"Residential vacant land, lot",R,0000.00000,000000002100.00,000000000000.00,N,,,Y,39113-004600-1,39.7508853429739,-84.23443124676659
R72 09302 0017,both,DAYTON CITY OF,68 70 ARDMORE AVE,DAYTON,500,"Residential vacant land, lot",R,0000.00000,000000002100.00,000000000000.00,N,,,Y,39113-004600-1,39.750693457281514,-84.23443117584789
R72 09302 0018,both,DAYTON CITY OF,72 ARDMORE AVE,DAYTON,500,"Residential vacant land, lot",R,0000.00000,000000002100.00,000000000000.00,N,,,Y,39113-004600-1,39.750597514543806,-84.23443114059307
R72 09304 0070,both,CITY OF DAYTON,HOME AVE,DAYTON,400,Commercial vacant land,C,0000.00000,000000000000.00,000000000000.00,N,,,Y,39113-004200-3,39.74724153084823,-84.23902946505932
R72 09309 0051,both,DAYTON CITY OF,MAYWOOD AVE,DAYTON,300,"Industrial, vacant land",I,0000.00630,000000000000.00,000000000000.00,N,,,Y,39113-004600-1,39.749143556992784,-84.24241036271623
R72 09403 0006,both,CITY OF DAYTON,MCCALL & HOME,DAYTON,400,Commercial vacant land,C,0000.23600,000000000000.00,000000000000.00,N,,,Y,39113-004600-1,39.7484896306996,-84.24015877228268
R72 09502 0018,both,DAYTON CITY OF,ARLINGTON AVE,DAYTON,500,"Residential vacant land, lot",R,0000.00000,000000002180.00,000000000000.00,N,Public Works,Other,Y,39113-004600-3,39.745953092941164,-84.24374169333178
R72 09502 0019,both,DAYTON CITY OF,45 ARLINGTON AVE,DAYTON,500,"Residential vacant land, lot",R,0000.00000,000000002090.00,000000000000.00,N,Public Works,Other,Y,39113-004600-3,39.745858237087695,-84.2436186704829
R72 09502 0084,county_only,CITY OF DAYTON,ARLINGTON AVE,DAYTON,400,Commercial vacant land,C,0000.00000,000000000000.00,000000000000.00,N,,,Y,,,
R72 09502 0088,both,CITY OF DAYTON,KINNARD AVE,DAYTON,400,Commercial vacant land,C,0000.00000,000000000000.00,000000000000.00,N,,,Y,39113-004600-3,39.74610648917425,-84.24332277962488
R72 09503 0049,both,DAYTON CITY OF,419 GROVELAND AVE,DAYTON,640,"Exempt, owned by municipals",E,0000.00000,000000001620.00,000000000000.00,N,Planning,Surplus,Y,39113-004200-1,39.74597959639899,-84.24037886581304
R72 09503 0055,both,CITY OF DAYTON,MULFORD AVE,DAYTON,400,Commercial vacant land,C,0000.00000,000000000900.00,000000000000.00,N,,,Y,39113-004200-1,39.74468640648832,-84.24176756003041
R72 09503 0056,both,CITY OF DAYTON,MULFORD AVE,DAYTON,400,Commercial vacant land,C,0000.00000,000000000900.00,000000000000.00,N,,,Y,39113-004200-1,39.744684063441106,-84.2414919506001
R72 09504 0018,both,CITY OF DAYTON,469 DEARBORN AVE,DAYTON,640,"Exempt, owned by municipals",E,0000.00000,000000002090.00,000000000000.00,N,Planning,Surplus,Y,39113-004200-1,39.74482540486581,-84.23925250831853
R72 09504 0048,county_only,CITY OF DAYTON,DEARBORN AVE,DAYTON,400,Commercial vacant land,C,0000.00000,000000000000.00,000000000000.00,N,,,Y,,,
R72 09505 0034,both,DAYTON CITY OF,437 RUTH AVE,DAYTON,640,"Exempt, owned by municipals",E,0000.00000,000000001760.00,000000000000.00,N,Planning,Surplus,Y,39113-004200-3,39.74558065588141,-84.23798183835083
R72 09505 0035,both,DAYTON CITY OF,RUTH AVE,DAYTON,640,"Exempt, owned by municipals",E,0000.00000,000000001760.00,000000000000.00,N,Planning,Surplus,Y,39113-004200-3,39.74549482623053,-84.23810629126555
R72 09505 0057,county_only,CITY OF DAYTON,DEARBORN AVE,DAYTON,400,Commercial vacant land,C,0000.00000,000000000000.00,000000000000.00,N,,,Y,,,
R72 09509 0016,both,DAYTON CITY OF,2604 GERMANTOWN ST,DAYTON,500,"Residential vacant land, lot",R,0000.00000,000000002320.00,000000000000.00,N,Public Works,Other,Y,39113-004100-2,39.73948774754459,-84.2369930337404
R72 09509 0017,both,DAYTON CITY OF,2604 GERMANTOWN ST,DAYTON,500,"Residential vacant land, lot",R,0000.00000,000000003240.00,000000000000.00,N,Public Works,Other,Y,39113-004100-2,39.73953250224965,-84.2368724840198
R72 09601 0035,both,DAYTON CITY OF,HILARY AVE,DAYTON,640,"Exempt, owned by municipals",E,0000.00000,000000001470.00,000000000000.00,N,Planning,Surplus,Y,39113-004200-3,39.745157720050976,-84.23673311220332
R72 09604 0026,both,CITY OF DAYTON,20 EDDIE ST,DAYTON,640,"Exempt, owned by municipals",E,0000.00000,000000001260.00,000000000000.00,N,Planning,Surplus,Y,39113-004200-3,39.74428018976502,-84.2328713777358
R72 09607 0010,both,CITY OF DAYTON,537 MARTHA AVE,DAYTON,640,"Exempt, owned by municipals",E,0000.00000,000000000800.00,000000000000.00,N,Planning,Surplus,Y,39113-004200-3,39.743779627868044,-84.23315672731907
R72 09608 0004,both,DAYTON CITY OF,2501 LAKEVIEW AVE,DAYTON,500,"Residential vacant land, lot",R,0000.00000,000000002010.00,000000000000.00,N,,,Y,39113-004200-3,39.74150634732329,-84.23639106904143
R72 09609 0038,both,DAYTON CITY OF,823 CLIFTON DR,DAYTON,640,"Exempt, owned by municipals",E,0000.00000,000000001560.00,000000000000.00,N,Planning,Surplus,Y,39113-004200-3,39.741171492891894,-84.23420454782013
R72 09610 0017,both,CITY OF DAYTON,2327 GERMANTOWN ST,DAYTON,500,"Residential vacant land, lot",R,0000.00000,000000002010.00,000000000000.00,N,,,Y,39113-004200-3,39.74137442186797,-84.23311273209943
R72 09611 0017,both,DAYTON CITY OF,GERMANTOWN ST,DAYTON,500,"Residential vacant land, lot",R,0000.00000,000000000000.00,000000000000.00,N,,,Y,39113-004100-2,39.73984189344925,-84.23652260354608
R72 09611A0004,both,DAYTON CITY OF,2400 GERMANTOWN ST,DAYTON,400,Commercial vacant land,C,0000.00000,000000000000.00,000000000000.00,N,Economic Development,Development,Y,39113-004100-2,39.740843404517165,-84.23381963081043
R72 09703 0004,city_layer_only,,,,,,,,,,N,Economic Development,Development,Y,,39.74580455319725,-84.22709775396068
R72 09703 0005,city_layer_only,,,,,,,,,,N,Economic Development,Development,Y,,39.74555783206004,-84.22434598109204
R72 09703 0006,city_layer_only,,,,,,,,,,N,Economic Development,Development,Y,,39.745365241389315,-84.2222564681553
R72 09705 0001,both,DAYTON CITY OF,LAKEVIEW AVE,DAYTON,500,"Residential vacant land, lot",R,0000.00000,000000002680.00,000000000000.00,N,Public Works,Other,Y,39113-004100-1,39.74247860425537,-84.23194070410099
R72 09708 0006,county_only,"DAYTON CITY OF, OHIO",721 CLEMENT AVE,DAYTON,500,"Residential vacant land, lot",R,0000.00000,000000002140.00,000000000000.00,N,,,Y,39113-004100-1,39.74381875634752,-84.22732238765137
R72 09709 0023,both,DAYTON CITY OF,1868 LAKEVIEW AVE,DAYTON,500,"Residential vacant land, lot",R,0000.00000,000000002450.00,000000000000.00,N,Economic Development,Development,Y,39113-004100-1,39.744684920252425,-84.22603413238559
R72 09709 0024,both,DAYTON CITY OF,LAKEVIEW AVE,DAYTON,500,"Residential vacant land, lot",R,0000.00000,000000002430.00,000000000000.00,N,Economic Development,Development,Y,39113-004100-1,39.74476927510036,-84.22594700075636
R72 09709 0027,both,DAYTON CITY OF,LAKEVIEW AVE,DAYTON,500,"Residential vacant land, lot",R,0000.00000,000000002210.00,000000000000.00,N,Economic Development,Development,Y,39113-004100-1,39.74480890744169,-84.225437940455
R72 09709 0033,both,DAYTON CITY OF,1869 GERMANTOWN ST,DAYTON,500,"Residential vacant land, lot",R,0000.00000,000000002460.00,000000000000.00,N,Economic Development,Development,Y,39113-004100-1,39.74410068607388,-84.22580841372425
R72 09709 0034,both,DAYTON CITY OF,GERMANTOWN ST,DAYTON,500,"Residential vacant land, lot",R,0000.00000,000000002450.00,000000000000.00,N,Economic Development,Development,Y,39113-004100-1,39.74427234480307,-84.22577795938246
R72 09802 0007,both,CITY OF DAYTON,1621 1645 TAMPA AVE,DAYTON,400,Commercial vacant land,C,0001.21900,000000020610.00,000000000000.00,N,Public Works,Other,Y,39113-004100-1,39.74062046852473,-84.22374332921494
R72 09804 0011,both,CITY OF DAYTON,1320 TRIESCHMAN AVE,DAYTON,500,"Residential vacant land, lot",R,0000.00000,000000004950.00,000000000000.00,N,,,Y,39113-004100-2,39.738934144892006,-84.22420893315879
R72 09804 0032,city_layer_only,,,,,,,,,,N,Planning,Surplus,Y,,39.739249836008774,-84.22340356220151
R72 09804 0036,city_layer_only,,,,,,,,,,N,Planning,Surplus,Y,,39.739253169861016,-84.22299107516551
R72 09805 0001,both,CITY OF DAYTON,TRIESCHMAN AVE,DAYTON,400,Commercial vacant land,C,0000.00000,000000005000.00,000000000000.00,N,,,Y,39113-004100-2,39.73869134965213,-84.22422199491625
R72 09805 0013,both,CITY OF DAYTON,ROOSEVELT AVE,DAYTON,500,"Residential vacant land, lot",R,0000.00000,000000004950.00,000000000000.00,N,,,Y,39113-004100-2,39.73858591423381,-84.22373567116111
R72 09807 0019,both,CITY OF DAYTON,838 S EUCLID AVE,DAYTON,500,"Residential vacant land, lot",R,0000.00000,000000001730.00,000000000000.00,N,Public Works,Other,Y,39113-003500-1,39.74497256863044,-84.22012869375641
R72 09807 0048,both,CITY OF DAYTON,CONNERS ST,DAYTON,500,"Residential vacant land, lot",R,0000.00000,000000001970.00,000000000000.00,N,,,Y,39113-003500-1,39.74502500096424,-84.21933536040125
R72 09807 0049,both,CITY OF DAYTON,CONNERS ST,DAYTON,500,"Residential vacant land, lot",R,0000.00000,000000001960.00,000000000000.00,N,,,Y,39113-003500-1,39.744931663896125,-84.21933419142924
R72 09807 0050,both,CITY OF DAYTON,846 CONNERS ST,DAYTON,500,"Residential vacant land, lot",R,0000.00000,000000001960.00,000000000000.00,N,,,Y,39113-003500-1,39.74483318365434,-84.21941198570579
R72 09807 0077,both,DAYTON CITY OF,913 915 REIST AVE,DAYTON,640,"Exempt, owned by municipals",E,0000.00000,000000001970.00,000000000000.00,N,Planning,Surplus,Y,39113-003500-1,39.74376867967153,-84.21886675153026
R72 09807 0078,both,DAYTON CITY OF,917 919 REIST AVE,DAYTON,640,"Exempt, owned by municipals",E,0000.00000,000000001970.00,000000000000.00,N,Planning,Surplus,Y,39113-003500-1,39.743698021061306,-84.21874376020429
R72 09807 0098,both,DAYTON CITY OF,REIST AVE,DAYTON,500,"Residential vacant land, lot",R,0000.00000,000000001970.00,000000000000.00,N,Public Works,Other,Y,39113-003500-1,39.74339828239727,-84.21828916500476
R72 09807 0106,both,DAYTON CITY OF,859 S PAUL LAURENCE DUNBAR ST,DAYTON,500,"Residential vacant land, lot",R,0000.00000,000000001970.00,000000000000.00,N,Public Works,Other,Y,39113-003500-1,39.74436594198892,-84.21780152057254
R72 09807 0107,both,DAYTON CITY OF,PAUL LAURENCE DUNBAR ST,DAYTON,500,"Residential vacant land, lot",R,0000.00000,000000001970.00,000000000000.00,N,Public Works,Other,Y,39113-003500-1,39.74428400832316,-84.21779000211507
R72 09808 0034,county_only,DAYTON CITY OF,825 FRIZELL AVE,DAYTON,500,"Residential vacant land, lot",R,0000.00000,000000001960.00,000000000000.00,N,,,Y,39113-003500-1,39.74469793002506,-84.22151437229083
R72 09901 0008,both,DAYTON CITY OF,1130 GERMANTOWN ST,DAYTON,400,Commercial vacant land,C,0000.00000,000000002940.00,000000000000.00,N,,,Y,39113-165100-2,39.749067524778305,-84.21171914626849
R72 09902 0045,both,CITY OF DAYTON,708 WARD ST,DAYTON,500,"Residential vacant land, lot",R,0000.00000,000000002610.00,000000000000.00,N,,,Y,39113-003500-2,39.7465961261527,-84.21260395011015
R72 09902 0046,both,DAYTON CITY OF,712 WILLIAMS ST,DAYTON,500,"Residential vacant land, lot",R,0000.00000,000000002720.00,000000000000.00,N,Public Works,Other,Y,39113-003500-2,39.746500383642015,-84.21260394802556
R72 09902 0053,both,DAYTON CITY OF,209 ORLEANS ST,DAYTON,640,"Exempt, owned by municipals",E,0000.00000,000000002090.00,000000000000.00,N,Planning,Surplus,Y,39113-003500-2,39.74659941355449,-84.21210961102427
R72 09904 0025,both,DAYTON CITY OF,CALM ST,DAYTON,500,"Residential vacant land, lot",R,0000.00000,000000002300.00,000000000000.00,N,,,Y,39113-165100-2,39.747943725364884,-84.21345839331151
R72 09904 0067,both,DAYTON CITY OF,122 BELTON ST,DAYTON,640,"Exempt, owned by municipals",E,0000.00000,000000001690.00,000000000000.00,N,Planning,Surplus,Y,39113-003500-2,39.74634731447167,-84.21353397105555
R72 09904 0071,both,DAYTON CITY OF,101 BELTON ST,DAYTON,640,"Exempt, owned by municipals",E,0000.00000,000000001940.00,000000000000.00,N,Planning,Surplus,Y,39113-003500-2,39.746798856652916,-84.21382253695508
R72 09904 0072,both,DAYTON CITY OF,105 BELTON ST,DAYTON,600,"Exempt, owned by USA",E,0000.00000,000000001940.00,000000000000.00,N,Planning,Surplus,Y,39113-003500-2,39.746698959837175,-84.2138947934427
R72 09904 0073,both,CITY OF DAYTON,109 BELTON ST,DAYTON,600,"Exempt, owned by USA",E,0000.00000,000000001940.00,000000000000.00,N,Planning,Surplus,Y,39113-003500-2,39.74658364621012,-84.21389551364636
R72 09904 0096,both,CITY OF DAYTON,ALBANY ST,DAYTON,400,Commercial vacant land,C,0000.00700,000000000000.00,000000000000.00,N,,,Y,39113-003500-2,39.74606005408014,-84.21452475427752
R72 09905 0041,county_only,CITY OF DAYTON,ALBANY ST,DAYTON,400,Commercial vacant land,C,0000.00700,000000000000.00,000000000000.00,N,,,Y,,,
R72 10008 0096,county_only,THE CITY OF DAYTON,ROADWAY,DAYTON,400,Commercial vacant land,C,0000.00500,000000000000.00,000000000000.00,N,,,Y,,,
R72 10103 0029,county_only,DAYTON CITY OF,HOPELAND ST,DAYTON,400,Commercial vacant land,C,0000.00000,000000000000.00,000000000000.00,N,,,Y,,,
R72 10103 0051,county_only,DAYTON CITY OF,ST FRANCIS ST,DAYTON,400,Commercial vacant land,C,0000.00000,000000000000.00,000000000000.00,N,,,Y,,,
R72 10106 0019,county_only,CITY OF DAYTON,MIAMI BLVD,DAYTON,300,"Industrial, vacant land",I,0000.16800,000000000000.00,000000000000.00,N,,,Y,,,
R72 10109 0001,both,DAYTON CITY OF,720 CINCINNATI ST,DAYTON,640,"Exempt, owned by municipals",E,0000.00000,000000002330.00,000000000000.00,N,Planning,Surplus,Y,39113-003500-3,39.74223314007019,-84.20174873170177
R72 10109 0050,both,DAYTON CITY OF,726 742 CINCINNATI ST,DAYTON,640,"Exempt, owned by municipals",E,0000.00000,000000004750.00,000000000000.00,N,Planning,Surplus,Y,39113-003500-3,39.7419303739626,-84.20198673330582
R72 10111 0008,county_only,THE CITY OF DAYTON,EDWIN C MOSES BLVD,DAYTON,400,Commercial vacant land,C,0000.50400,000000000000.00,000000000000.00,N,,,Y,,,
R72 10111 0009,county_only,CITY OF DAYTON,EDWIN C MOSES BLVD,DAYTON,300,"Industrial, vacant land",I,0000.28000,000000000000.00,000000000000.00,N,,,Y,,,
R72 10205 0033,both,DAYTON CITY OF,121 WESTBORO ST,DAYTON,500,"Residential vacant land, lot",R,0000.00000,000000002990.00,000000000000.00,N,Public Works,Other,Y,39113-003500-3,39.7429749980684,-84.20341364749748
R72 10205 0034,both,DAYTON CITY OF,WESTBORO ST,DAYTON,500,"Residential vacant land, lot",R,0000.00000,000000002990.00,000000000000.00,N,,,Y,39113-003500-3,39.74307644690794,-84.20354312168672
R72 10205 0035,both,DAYTON CITY OF,WESTBORO ST,DAYTON,500,"Residential vacant land, lot",R,0000.00000,000000002990.00,000000000000.00,N,,,Y,39113-003500-3,39.74307535642591,-84.20366335263026
R72 10205 0082,both,DAYTON CITY OF,416 KIRKHAM ST,DAYTON,500,"Residential vacant land, lot",R,0000.00000,000000002280.00,000000000000.00,N,,,Y,39113-003500-3,39.743119488867855,-84.20378401865521
R72 10209 0022,both,DAYTON CITY OF,530 BOLANDER AVE,DAYTON,500,"Residential vacant land, lot",R,0000.00000,000000003210.00,000000000000.00,N,Public Works,Other,Y,39113-003500-3,39.74170710091061,-84.20336488838433
R72 10209 0100,both,DAYTON CITY OF,515 SMITH ST,DAYTON,640,"Exempt, owned by municipals",E,0000.00000,000000000630.00,000000000000.00,N,Planning,Surplus,Y,39113-003500-3,39.74099013280695,-84.20338646924851
R72 10302 0026,both,CITY OF DAYTON,552 PONTIAC AVE,DAYTON,640,"Exempt, owned by municipals",E,0000.00000,000000002510.00,000000000000.00,N,Planning,Surplus,Y,39113-003500-2,39.74265363909205,-84.21244374472421
R72 10305 0021,both,DAYTON CITY OF,WILDWOOD AVE,DAYTON,640,"Exempt, owned by municipals",E,0000.00000,000000001150.00,000000000000.00,N,Planning,Surplus,Y,39113-003500-2,39.74018207140873,-84.21022906842403
R72 10305 0025,both,DAYTON CITY OF,1177 WILDWOOD AVE,DAYTON,500,"Residential vacant land, lot",R,0000.00000,000000002780.00,000000000000.00,N,Public Works,Other,Y,39113-003500-2,39.73982539653391,-84.21000547173479
R72 10305 0046,both,CITY OF DAYTON,WILDWOOD AVE,DAYTON,640,"Exempt, owned by municipals",E,0000.00000,000000002100.00,000000000000.00,N,Planning,Surplus,Y,39113-003500-2,39.74090347818859,-84.20970115886287
R72 10306 0014,both,DAYTON CITY OF,819 LATHAM ST,DAYTON,500,"Residential vacant land, lot",R,0000.00000,000000002510.00,000000000000.00,N,Public Works,Other,Y,39113-003500-2,39.739162553250274,-84.21038881526201
R72 10306 0023,both,DAYTON CITY OF,844 LATHAM ST,DAYTON,640,"Exempt, owned by municipals",E,0000.00000,000000002000.00,000000000000.00,N,Planning,Surplus,Y,39113-003500-2,39.73879563663432,-84.21113970486037
R72 10306 0025,both,DAYTON CITY OF,LATHAM ST,DAYTON,500,"Residential vacant land, lot",R,0000.00000,000000002510.00,000000000000.00,N,Public Works,Other,Y,39113-003500-2,39.73873422400314,-84.21087379412141
R72 10306 0026,both,DAYTON CITY OF,832 LATHAM ST,DAYTON,500,"Residential vacant land, lot",R,0000.00000,000000002510.00,000000000000.00,N,Public Works,Other,Y,39113-003500-2,39.73880953645557,-84.2107523627253
R72 10403A0061,both,CITY OF DAYTON,1331 STEINER AVE,DAYTON,640,"Exempt, owned by municipals",E,0000.00000,000000000920.00,000000000000.00,N,Planning,Surplus,Y,39113-003500-2,39.742673484238836,-84.21670887330498
R72 10404 0007,both,DAYTON CITY OF,1420 WEAVER ST,DAYTON,500,"Residential vacant land, lot",R,0000.00000,000000002200.00,000000000000.00,N,Public Works,Other,Y,39113-003500-1,39.73914735464668,-84.2182086075727
R72 10406 0006,both,CITY OF DAYTON,1347 HOCHWALT AVE,DAYTON,640,"Exempt, owned by municipals",E,0000.00000,000000002070.00,000000000000.00,N,Planning,Surplus,Y,39113-003500-2,39.74114832590781,-84.21735422198621
R72 10406 0063,both,DAYTON CITY OF,1207 S BROADWAY ST,DAYTON,400,Commercial vacant land,C,0000.00000,000000000250.00,000000000000.00,N,Public Works,Other,Y,39113-003500-2,39.739952669524826,-84.21581397349642
R72 10407 0006,both,DAYTON CITY OF,922 DONA AVE,DAYTON,500,"Residential vacant land, lot",R,0000.00000,000000000390.00,000000000000.00,N,Public Works,Other,Y,39113-003500-2,39.74307404229355,-84.21555537463534
R72 10407 0019,both,DAYTON CITY OF,929 931 BROADWAY ST,DAYTON,640,"Exempt, owned by municipals",E,0000.00000,000000002130.00,000000000000.00,N,Planning,Surplus,Y,39113-003500-2,39.74290546553218,-84.21474761477737
R72 10410 0010,both,DAYTON CITY OF,W STEWART ST,DAYTON,300,"Industrial, vacant land",I,0000.00000,000000001380.00,000000000000.00,N,Public Works,Other,Y,39113-003500-2,39.74152562218843,-84.21489375855944
R72 10410 0011,both,DAYTON CITY OF,W STEWART ST,DAYTON,300,"Industrial, vacant land",I,0000.00000,000000000770.00,000000000000.00,N,Public Works,Other,Y,39113-003500-2,39.74161859784782,-84.21471198949139
R72 10410 0014,both,DAYTON CITY OF,W STEWART ST,DAYTON,300,"Industrial, vacant land",I,0000.00000,000000016930.00,000000000000.00,N,Public Works,Other,Y,39113-003500-2,39.74045800025959,-84.21366494116288
R72 10410 0017,both,DAYTON CITY OF,S BROADWAY ST,DAYTON,640,"Exempt, owned by municipals",E,0000.00000,000000001330.00,000000000000.00,N,Planning,Surplus,Y,39113-003500-2,39.741656416663176,-84.2153993267153
R72 10410 0018,both,DAYTON CITY OF,BROADWAY ST,DAYTON,300,"Industrial, vacant land",I,0000.00000,000000008560.00,000000000000.00,N,Public Works,Other,Y,39113-003500-2,39.74037987359763,-84.21508968586654
R72 10411 0001,both,DAYTON CITY OF,1218 S BROADWAY ST,DAYTON,300,"Industrial, vacant land",I,0000.22000,000000000000.00,000000000000.00,N,,,Y,39113-003500-2,39.73965122381973,-84.21447395989352
R72 10412 0017,both,CITY OF DAYTON,1235 DIETZEN AVE,DAYTON,640,"Exempt, owned by municipals",E,0000.00000,000000002140.00,000000000000.00,N,Planning,Surplus,Y,39113-003500-2,39.739255590695926,-84.21460450781659
R72 10412 0034,both,CITY OF DAYTON,1244 DIETZEN AVE,DAYTON,640,"Exempt, owned by municipals",E,0000.00000,000000002050.00,000000000000.00,N,Planning,Surplus,Y,39113-003500-2,39.73904493771796,-84.21407274774401
R72 10412 0037,both,CITY OF DAYTON,1254 DIETZEN AVE,DAYTON,640,"Exempt, owned by municipals",E,0000.00000,000000002050.00,000000000000.00,N,Planning,Surplus,Y,39113-003500-2,39.738772909110246,-84.2141907329132
R72 10412 0038,both,CITY OF DAYTON,1260 DIETZEN AVE,DAYTON,640,"Exempt, owned by municipals",E,0000.00000,000000002050.00,000000000000.00,N,Planning,Surplus,Y,39113-003500-2,39.7386602932559,-84.21419151772923
R72 10508 0006,both,DAYTON CITY OF,DELLA DR,DAYTON,500,"Residential vacant land, lot",R,0000.00000,000000001650.00,000000000000.00,N,,,Y,39113-004100-2,39.73787666579289,-84.22843335049913
R72 10602 0031,both,DAYTON CITY OF,440 SMITH ST,DAYTON,640,"Exempt, owned by municipals",E,0000.00000,000000004430.00,000000000000.00,N,Planning,Surplus,Y,39113-003500-3,39.74070869219356,-84.20215963677359
R72 10608 0072,county_only,THE CITY OF DAYTON,EDWIN C MOSES BLVD,DAYTON,400,Commercial vacant land,C,0000.01500,000000000000.00,000000000000.00,N,,,Y,,,
R72 10702 0009,county_only,DAYTON CITY OF,CANAL LAND,DAYTON,400,Commercial vacant land,C,0000.00000,000000000000.00,000000000000.00,N,,,Y,,,
R72 10702 0012,county_only,THE CITY OF DAYTON,ROADWAY,DAYTON,400,Commercial vacant land,C,0000.00130,000000000000.00,000000000000.00,N,,,Y,,,
R72 10906 0050,both,CITY OF DAYTON,THEODORE AVE,DAYTON,640,"Exempt, owned by municipals",E,0000.00000,000000000540.00,000000000000.00,N,Planning,Surplus,Y,39113-001100-2,39.79721976752468,-84.20792533779796
R72 11201 0054,both,DAYTON CITY OF,2304 2306 CATALPA DR,DAYTON,640,"Exempt, owned by municipals",E,0000.00000,000000005840.00,000000000000.00,N,Planning,Surplus,Y,39113-000801-2,39.78969499481337,-84.22552725084853
R72 11211 0013,both,DAYTON CITY OF,2631 N MAIN ST,DAYTON,640,"Exempt, owned by municipals",E,0000.00000,000000008080.00,000000000000.00,N,Planning,Surplus,Y,39113-000801-2,39.788587849507664,-84.2132488126178
R72 11307 0053,county_only,DAYTON CITY OF,HILLCREST AVE,DAYTON,400,Commercial vacant land,C,0000.02100,000000000110.00,000000000000.00,N,,,Y,,,
R72 11307 0054,county_only,DAYTON CITY OF,HLLCREST AVE,DAYTON,400,Commercial vacant land,C,0000.02100,000000000110.00,000000000000.00,N,,,Y,,,
R72 11307 0055,county_only,CITY OF DAYTON,1112 W HILLCREST AVE,DAYTON,400,Commercial vacant land,C,0000.01400,000000000000.00,000000000000.00,N,,,Y,,,
R72 11409 0017,both,CITY OF DAYTON,223 W FAIRVIEW AVE,DAYTON,640,"Exempt, owned by municipals",E,0000.00000,000000002560.00,000000000000.00,N,Planning,Surplus,Y,39113-000801-2,39.784928331545736,-84.21730888702182
R72 11409 0019,both,CITY OF DAYTON,213 W FAIRVIEW AVE,DAYTON,640,"Exempt, owned by municipals",E,0000.00000,000000004370.00,000000000000.00,N,Planning,Surplus,Y,39113-000801-2,39.784897448511174,-84.21716934607707
R72 11409 0020,both,CITY OF DAYTON,213 W FAIRVIEW AVE,DAYTON,640,"Exempt, owned by municipals",E,0000.00000,000000003930.00,000000000000.00,N,Planning,Surplus,Y,39113-000801-2,39.78500734743706,-84.21705316055916
R72 11501 0019,city_layer_only,,,,,,,,,,N,Planning,Surplus,Y,,39.78530858013181,-84.22655040883595
R72 11501 0053,city_layer_only,,,,,,,,,,N,Planning,Surplus,Y,,39.78609346894586,-84.2271497841076
R72 11502 0039,city_layer_only,,,,,,,,,,N,Planning,Surplus,Y,,39.7859012124504,-84.23011347469739
R72 11502 0083,city_layer_only,,,,,,,,,,N,Planning,Surplus,Y,,39.78552854810033,-84.22820367874863
R72 11508 0052,city_layer_only,,,,,,,,,,N,Planning,Surplus,Y,,39.783513390654896,-84.22929964168459
R72 11508 0065,city_layer_only,,,,,,,,,,N,Planning,Surplus,Y,,39.78331227341439,-84.22885971838501
R72 11508 0081,county_only,DAYTON CITY OF,SALEM AVE,DAYTON,400,Commercial vacant land,C,0000.00000,000000000000.00,000000000000.00,N,,,Y,,,
R72 11508 0084,county_only,DAYTON CITY OF,ROADWAY,DAYTON,400,Commercial vacant land,C,0000.00800,000000000000.00,000000000000.00,N,,,Y,,,
R72 11508 0085,county_only,DAYTON CITY OF,SALEM AVE,DAYTON,400,Commercial vacant land,C,0000.00600,000000000000.00,000000000000.00,N,,,Y,,,
R72 11509 0003,city_layer_only,,,,,,,,,,N,Planning,Surplus,Y,,39.784851933590964,-84.22586286157858
R72 11509 0033,city_layer_only,,,,,,,,,,N,Planning,Surplus,Y,,39.78488574169488,-84.22655059935505
R72 11509 0041,city_layer_only,,,,,,,,,,N,Planning,Surplus,Y,,39.784544124754284,-84.22699765316516
R72 11602 0038,city_layer_only,,,,,,,,,,N,Planning,Surplus,Y,,39.78156581838307,-84.22879579193722
R72 11701 0041,both,DAYTON CITY OF,1814 WABASH AVE,DAYTON,400,Commercial vacant land,C,0000.00000,000000004780.00,000000000000.00,N,Public Works,Other,Y,39113-000802-2,39.784343116611716,-84.21901699922039
R72 11701 0042,both,DAYTON CITY OF,WABASH AVE,DAYTON,400,Commercial vacant land,C,0000.00000,000000004740.00,000000000000.00,N,Public Works,Other,Y,39113-000802-2,39.78444385362467,-84.21899013319099
R72 11701 0043,both,DAYTON CITY OF,1822 WABASH AVE,DAYTON,400,Commercial vacant land,C,0000.00000,000000004550.00,000000000000.00,N,Public Works,Other,Y,39113-000802-2,39.78454340264959,-84.21902905633497
R72 11705 0044,city_layer_only,,,,,,,,,,N,Planning,Surplus,Y,,39.78552576180967,-84.22541685754456
R72 11706 0001,city_layer_only,,,,,,,,,,N,Planning,Surplus,Y,,39.78542691570855,-84.22541440909822
R72 11707 0004,city_layer_only,,,,,,,,,,N,Planning,Surplus,Y,,39.78290756294556,-84.2253271081312
R72 11707 0025,city_layer_only,,,,,,,,,,N,Planning,Surplus,Y,,39.78266548750641,-84.22405417767429
R72 11801 0026,city_layer_only,,,,,,,,,,N,Planning,Surplus,Y,,39.782338063786895,-84.22335208636495
R72 11913 0067,both,DAYTON CITY OF,1431 NEWTON AVE,DAYTON,640,"Exempt, owned by municipals",E,0000.00000,000000003790.00,000000000000.00,N,Planning,Surplus,Y,39113-000400-3,39.77370540895811,-84.23726549738657
R72 12102 0025,both,DAYTON CITY OF,SHAKESPEARE AVE,DAYTON,500,"Residential vacant land, lot",R,0000.04000,000000001380.00,000000000000.00,N,Public Works,Other,Y,39113-000400-1,39.76697794779223,-84.23509118222549
R72 12103 0023,county_only,CITY OF DAYTON,2722 RIVERVIEW AVE,DAYTON,400,Commercial vacant land,C,0000.02800,000000000380.00,000000000000.00,N,,,Y,,,
R72 12103 0024,county_only,CITY OF DAYTON,RIVERVIEW AVE,DAYTON,400,Commercial vacant land,C,0000.00900,000000000120.00,000000000000.00,N,,,Y,,,
R72 12103 0025,county_only,CITY OF DAYTON,RIVERVIEW AVE,DAYTON,400,Commercial vacant land,C,0000.00500,000000000070.00,000000000000.00,N,,,Y,,,
R72 12103 0026,county_only,DAYTON CITY OF,PHILADELPHIA DR,DAYTON,400,Commercial vacant land,C,0000.20800,000000000000.00,000000000000.00,N,,,Y,,,
R72 12105 0029,both,DAYTON CITY OF,TENNYSON AVE,DAYTON,400,Commercial vacant land,C,0000.00000,000000001290.00,000000000000.00,N,Public Works,Other,Y,39113-000400-1,39.76811442583501,-84.23842555499702
R72 12107 0015,both,DAYTON CITY OF,1202 SHAFTESBURY RD,DAYTON,640,"Exempt, owned by municipals",E,0000.00000,000000003140.00,000000000000.00,N,Planning,Surplus,Y,39113-000400-1,39.76930383925304,-84.23995055270227
R72 12108 0006,both,CITY OF DAYTON,1312 KINGSLEY AVE,DAYTON,640,"Exempt, owned by municipals",E,0000.00000,000000004020.00,000000000000.00,N,Planning,Surplus,Y,39113-000400-1,39.770374677324405,-84.2422565332727
R72 12110 0021,county_only,DAYTON CITY OF,JAMES H MCGEE BLVD,DAYTON,400,Commercial vacant land,C,0000.06400,000000000000.00,000000000000.00,N,,,Y,,39.7680682886862,-84.24065667010268
R72 12111 0040,city_layer_only,,,,,,,,,,N,Planning,Surplus,Y,,39.77169313935868,-84.23650009867477
R72 12112 0042,county_only,DAYTON CITY OF,1541 KIPLING DR,DAYTON,500,"Residential vacant land, lot",R,0000.00000,000000007370.00,000000000000.00,N,,,Y,39113-000400-3,39.77578754121984,-84.2429363956047
R72 12112 0274,both,CITY OF DAYTON,1426 KIPLING DR,DAYTON,640,"Exempt, owned by municipals",E,0000.00000,000000001420.00,000000000000.00,N,Planning,Surplus,Y,39113-000400-3,39.7735627141228,-84.24133701743021
R72 12114 0001,both,DAYTON CITY OF,1553 WESLEYAN RD,DAYTON,500,"Residential vacant land, lot",R,0000.00000,000000006920.00,000000000000.00,N,Public Works,Other,Y,39113-000400-1,39.77597563336502,-84.24401336708632
R72 12114 0003,both,DAYTON CITY OF,WESLEYAN RD,DAYTON,500,"Residential vacant land, lot",R,0000.00000,000000006120.00,000000000000.00,N,Public Works,Other,Y,39113-000400-1,39.77567453872245,-84.24460564894945
R72 12203 0020,county_only,CITY OF DAYTON OHIO,1016 WALTON AVE,DAYTON,500,"Residential vacant land, lot",R,0000.00000,000000004480.00,000000000000.00,N,,,Y,39113-003800-1,39.76601706062469,-84.24354769651741
R72 12210 0008,both,DAYTON CITY OF,3017 HOOVER AVE,DAYTON,640,"Exempt, owned by municipals",E,0000.00000,000000004050.00,000000000000.00,N,Planning,Surplus,Y,39113-003800-4,39.76173881102911,-84.24079538325871
R72 12211 0026,county_only,CITY OF DAYTON OHIO,3121 3123 HOOVER AVE,DAYTON,500,"Residential vacant land, lot",R,0000.00000,000000002800.00,000000000000.00,N,,,Y,39113-003800-4,39.761702340046526,-84.24213931521625
R72 12303 0026,county_only,CITY OF DAYTON OHIO,915 LELAND AVE,DAYTON,500,"Residential vacant land, lot",R,0000.00000,000000002820.00,000000000000.00,N,,,Y,39113-003800-3,39.76410981316588,-84.24512770851561
R72 12304 0019,both,DAYTON CITY OF,WALTON AVE,DAYTON,640,"Exempt, owned by municipals",E,0000.00000,000000002210.00,000000000000.00,N,Planning,Surplus,Y,39113-003800-3,39.7633924386329,-84.24425586621949
R72 12305 0034,both,DAYTON CITY OF,866 UPLAND AVE,DAYTON,640,"Exempt, owned by municipals",E,0000.00000,000000002210.00,000000000000.00,N,Planning,Surplus,Y,39113-003800-3,39.76350072056892,-84.24675270411187
R72 12409 0033,county_only,DAYTON CITY OF,KAMMER AVE,DAYTON,500,"Residential vacant land, lot",R,0000.10900,000000002580.00,000000000000.00,N,,,Y,39113-070202-2,39.75926328227419,-84.25442936609231
R72 12411 0029,both,DAYTON CITY OF,SAYRE AVE,DAYTON,640,"Exempt, owned by municipals",E,0000.00000,000000002230.00,000000000000.00,N,Planning,Surplus,Y,39113-070202-2,39.7584977132642,-84.26405367034093
R72 12411 0030,both,DAYTON CITY OF,SAYRE AVE,DAYTON,640,"Exempt, owned by municipals",E,0000.00000,000000002230.00,000000000000.00,N,Planning,Surplus,Y,39113-070202-2,39.758610646983854,-84.26388328271533
R72 12411 0086,both,DAYTON CITY OF,828 MIA AVE,DAYTON,640,"Exempt, owned by municipals",E,0000.00000,000000002520.00,000000000000.00,N,Planning,Surplus,Y,39113-070202-2,39.76038461197718,-84.26574423390451
R72 12411 0087,both,DAYTON CITY OF,MIA AVE,DAYTON,640,"Exempt, owned by municipals",E,0000.00000,000000002260.00,000000000000.00,N,Planning,Surplus,Y,39113-070202-2,39.76028964300747,-84.2656359567927
R72 12411 0124,both,DAYTON CITY OF,MIA AVE,DAYTON,640,"Exempt, owned by municipals",E,0000.00000,000000002260.00,000000000000.00,N,Planning,Surplus,Y,39113-070202-2,39.76005412914293,-84.26617344615937
R72 12414 0060,both,DAYTON CITY OF,773 SUNLIGHT AVE,DAYTON,500,"Residential vacant land, lot",R,0000.00000,000000002610.00,000000000000.00,N,Public Works,Other,Y,39113-070202-1,39.759123528866255,-84.27140043266519
R72 12414 0082,both,DAYTON CITY OF,STRAWBERRY ROW,DAYTON,640,"Exempt, owned by municipals",E,0000.00000,000000002210.00,000000000000.00,N,Planning,Surplus,Y,39113-070202-1,39.759449667986814,-84.27041747910225
R72 12414 0086,both,DAYTON CITY OF,STRAWBERRY ROW,DAYTON,640,"Exempt, owned by municipals",E,0000.00000,000000002210.00,000000000000.00,N,Planning,Surplus,Y,39113-070202-1,39.75966843725098,-84.27042238926836
R72 12414 0096,both,DAYTON CITY OF,STRAWBERRY ROW,DAYTON,640,"Exempt, owned by municipals",E,0000.00000,000000002210.00,000000000000.00,N,Planning,Surplus,Y,39113-070202-1,39.759777821871566,-84.27042484410119
R72 12414 0134,both,DAYTON CITY OF,785 GOODLOW AVE,DAYTON,640,"Exempt, owned by municipals",E,0000.00000,000000002210.00,000000000000.00,N,Planning,Surplus,Y,39113-070202-1,39.759471744610686,-84.26924682791326
R72 12414 0136,both,DAYTON CITY OF,781 GOODLOW AVE,DAYTON,640,"Exempt, owned by municipals",E,0000.00000,000000002210.00,000000000000.00,N,Planning,Surplus,Y,39113-070202-1,39.75935985731267,-84.26924398709684
R72 12414 0208,county_only,DAYTON CITY OF,HOOVER AVE,DAYTON,500,"Residential vacant land, lot",R,0000.01220,000000001530.00,000000000000.00,N,,,Y,,,
R72 12414 0209,county_only,DAYTON CITY OF,HOOVER AVE,DAYTON,400,Commercial vacant land,C,0000.00410,000000000000.00,000000000000.00,N,,,Y,,,
R72 12414 0210,county_only,DAYTON CITY OF,HOOVER AVE,DAYTON,400,Commercial vacant land,C,0000.00800,000000000000.00,000000000000.00,N,,,Y,,,
R72 12504 0028,both,DAYTON CITY OF,ANNA ST,DAYTON,500,"Residential vacant land, lot",R,0000.00000,000000001700.00,000000000000.00,N,Public Works,Other,Y,39113-003800-5,39.761104687281595,-84.23659137067507
R72 12601 0043,both,DAYTON CITY OF,248 LORENZ AVE,DAYTON,500,"Residential vacant land, lot",R,0000.00000,000000002220.00,000000000000.00,N,,,Y,39113-003900-3,39.757816981235635,-84.23511905716789
R72 12601 0058,both,CITY OF DAYTON,221 ARDMORE AVE,DAYTON,640,"Exempt, owned by municipals",E,0000.00000,000000002390.00,000000000000.00,N,Planning,Surplus,Y,39113-003900-3,39.75707168516633,-84.23445659742166
R72 12601 0062,both,CITY OF DAYTON,205 ARDMORE AVE,DAYTON,640,"Exempt, owned by municipals",E,0000.00000,000000002390.00,000000000000.00,N,Planning,Surplus,Y,39113-003900-3,39.756648790555275,-84.23446029381
R72 12602 0026,both,CITY OF DAYTON,245 SHOOP AVE,DAYTON,640,"Exempt, owned by municipals",E,0000.00000,000000002270.00,000000000000.00,N,Planning,Surplus,Y,39113-003900-2,39.75769269119952,-84.23905069859968
R72 12606 0036,both,CITY OF DAYTON,434 BURLEIGH AVE,DAYTON,640,"Exempt, owned by municipals",E,0000.00000,000000002590.00,000000000000.00,N,Planning,Surplus,Y,39113-003900-2,39.75734464661095,-84.24582637020254
R72 12702 0024,both,CITY OF DAYTON,2925 PRESTON ST,DAYTON,613,Exempt land only,E,0000.00000,000000002550.00,000000000000.00,N,Planning,Surplus,Y,39113-003900-1,39.75554027317447,-84.25191074088261
R72 12708 0031,city_layer_only,,,,,,,,,,N,Planning,Surplus,Y,,39.75497512260722,-84.24102486864484
R72 12709 0045,both,DAYTON CITY OF,2ND ST,DAYTON,500,"Residential vacant land, lot",R,0000.00000,000000002370.00,000000000000.00,N,Public Works,Other,Y,39113-003900-2,39.754289426811155,-84.23923198555138
R72 12709 0046,both,DAYTON CITY OF,2ND ST,DAYTON,500,"Residential vacant land, lot",R,0000.00000,000000002780.00,000000000000.00,N,Public Works,Other,Y,39113-003900-2,39.75435176903238,-84.23908488485569
R72 12711 0019,both,DAYTON CITY OF,175 ARDMORE AVE,DAYTON,640,"Exempt, owned by municipals",E,0000.00000,000000002390.00,000000000000.00,N,Planning,Surplus,Y,39113-003900-3,39.75600594026244,-84.23447984789551
R72 12803 0022,both,CITY OF DAYTON,128 UPLAND AVE,DAYTON,500,"Residential vacant land, lot",R,0000.00000,000000002990.00,000000000000.00,N,Public Works,Other,Y,39113-003900-1,39.75310929176487,-84.24646018730209
R72 12805 0037,both,DAYTON CITY OF,68 ALDER ST,DAYTON,640,"Exempt, owned by municipals",E,0000.00000,000000003120.00,000000000000.00,N,Planning,Surplus,Y,39113-003900-1,39.75170385476302,-84.25083962902269
R72 12807 0002,both,DAYTON CITY OF,N ALDER ST,DAYTON,640,"Exempt, owned by municipals",E,0000.00000,000000002790.00,000000000000.00,N,Planning,Surplus,Y,39113-003900-1,39.751898565731324,-84.25030738149869
R72 12807 0015,both,DAYTON CITY OF,CALHOUN ST,DAYTON,640,"Exempt, owned by municipals",E,0000.00000,000000001810.00,000000000000.00,N,Planning,Surplus,Y,39113-003900-1,39.752065137063205,-84.24979099599592
R72 12807 0016,both,DAYTON CITY OF,CALHOUN ST,DAYTON,640,"Exempt, owned by municipals",E,0000.00000,000000000500.00,000000000000.00,N,Planning,Surplus,Y,39113-003900-1,39.751979399870756,-84.24978927701818
R72 12904 0003,both,DAYTON CITY OF,618 CIRCLE RD,DAYTON,640,"Exempt, owned by municipals",E,0000.00000,000000002030.00,000000000000.00,N,Planning,Surplus,Y,39113-004400-1,39.75657499712897,-84.26345265490322
R72 13004 0014,county_only,CITY OF DAYTON OHIO,312 GENEVA RD,DAYTON,500,"Residential vacant land, lot",R,0000.00000,000000003130.00,000000000000.00,N,,,Y,39113-004400-2,39.751740906794296,-84.26008248960206
R72 13101 0021,both,DAYTON CITY OF,40 S HATFIELD ST,DAYTON,640,"Exempt, owned by municipals",E,0000.00000,000000000660.00,000000000000.00,N,Planning,Surplus,Y,39113-004600-1,39.74839557261817,-84.2515426648053
R72 13101 0032,both,CITY OF DAYTON,S HATFIELD ST,DAYTON,640,"Exempt, owned by municipals",E,0000.00000,000000001770.00,000000000000.00,N,Planning,Surplus,Y,39113-004600-1,39.74848642512971,-84.25154381250098
R72 13102 0048,both,CITY OF DAYTON,25 DECKER AVE,DAYTON,500,"Residential vacant land, lot",R,0000.00000,000000002300.00,000000000000.00,N,Public Works,Other,Y,39113-004600-1,39.749524589010925,-84.24834104458985
R72 13104 0015,both,DAYTON CITY OF,3809 MCCALL ST,DAYTON,500,"Residential vacant land, lot",R,0000.00000,000000005750.00,000000000000.00,N,Public Works,Other,Y,39113-004600-1,39.746931828664025,-84.25228839514588
R72 13107 0016,both,CITY OF DAYTON,LOOKOUT AVE,DAYTON,500,"Residential vacant land, lot",R,0000.00000,000000002480.00,000000000000.00,N,Public Works,Other,Y,39113-004600-3,39.7460454529714,-84.25170413066225
R72 13107 0022,both,CITY OF DAYTON,200 LOOKOUT AVE,DAYTON,640,"Exempt, owned by municipals",E,0000.00000,000000002490.00,000000000000.00,N,Planning,Surplus,Y,39113-004600-3,39.746561122672105,-84.25137557632547
R72 13107 0023,both,CITY OF DAYTON,200 LOOKOUT AVE,DAYTON,640,"Exempt, owned by municipals",E,0000.00000,000000002480.00,000000000000.00,N,Planning,Surplus,Y,39113-004600-3,39.74644849900551,-84.25123337839972
R72 13107 0026,both,CITY OF DAYTON,LOOKOUT AVE,DAYTON,640,"Exempt, owned by municipals",E,0000.00000,000000002490.00,000000000000.00,N,Planning,Surplus,Y,39113-004600-3,39.7461223272359,-84.25136536575465
R72 13107 0028,both,DAYTON CITY OF,213 ANTIETAM AVE,DAYTON,500,"Residential vacant land, lot",R,0000.00000,000000002490.00,000000000000.00,N,,,Y,39113-004600-3,39.74622090546578,-84.25063351489695
R72 13108 0005,both,DAYTON CITY OF,3416 CHICAMAUGA AVE,DAYTON,500,"Residential vacant land, lot",R,0000.00000,000000002610.00,000000000000.00,N,Public Works,Other,Y,39113-004600-3,39.74531999754788,-84.24974909010231
R72 13201 0033,both,DAYTON CITY OF,329 LOOKOUT AVE,DAYTON,640,"Exempt, owned by municipals",E,0000.00000,000000002480.00,000000000000.00,N,Planning,Surplus,Y,39113-004600-3,39.74429231545724,-84.25200578004771
R72 13202 0005,both,DAYTON CITY OF,359 357 ANTIETAM AVE,DAYTON,500,"Residential vacant land, lot",R,0000.00000,000000002490.00,000000000000.00,N,Public Works,Other,Y,39113-004600-3,39.74398558033619,-84.25053548607853
R72 13202 0049,both,CITY OF DAYTON,HOME AVE,DAYTON,400,Commercial vacant land,C,0000.00000,000000000000.00,000000000000.00,N,,,Y,39113-004200-1,39.74279236085706,-84.24903413484314
R72 13203 0018,county_only,CITY OF DAYTON,HOME AVE,DAYTON,400,Commercial vacant land,C,0000.00000,000000000000.00,000000000000.00,N,,,Y,,,
R72 13205 0054,both,DAYTON CITY OF,524 GROVELAND AVE,DAYTON,500,"Residential vacant land, lot",R,0000.00000,000000001720.00,000000000000.00,N,,,Y,39113-004200-1,39.74352996384433,-84.23995801729416
R72 13205 0055,both,CITY OF DAYTON,520 GROVELAND AVE,DAYTON,640,"Exempt, owned by municipals",E,0000.00000,000000001610.00,000000000000.00,N,Planning,Surplus,Y,39113-004200-1,39.74362598819695,-84.23995668481844
R72 13211 0072,county_only,DAYTON CITY OF,674 S GETTYSBURG AVE,DAYTON,500,"Residential vacant land, lot",R,0000.00000,000000006360.00,000000000000.00,N,,,Y,39113-004200-2,39.73804985269633,-84.25259865021164
R72 13211 0073,county_only,"CITY OF DAYTON, THE",700 S GETTYSBURG AVE,DAYTON,500,"Residential vacant land, lot",R,0000.00000,000000006290.00,000000000000.00,N,,,Y,39113-004200-2,39.737807300259135,-84.2526600888187
R72 13211 0086,both,DAYTON CITY OF,GETTYSBURG AVE,DAYTON,500,"Residential vacant land, lot",R,0000.00000,000000003850.00,000000000000.00,N,,,Y,39113-004200-2,39.73569367992588,-84.25261405400278
R72 13211 0087,both,DAYTON CITY OF,838 GETTYSBURG AVE,DAYTON,500,"Residential vacant land, lot",R,0000.00000,000000003850.00,000000000000.00,N,,,Y,39113-004200-2,39.73560026576268,-84.25261526067094
R72 13211 0104,county_only,DAYTON CITY OF,726 S GETTYSBURG AVE,DAYTON,500,"Residential vacant land, lot",R,0000.00000,000000017580.00,000000000000.00,N,,,Y,39113-004200-2,39.73684516850564,-84.25254697627966
R72 13211 0193,county_only,CITY OF DAYTON,GETTYSBURG AVE,DAYTON,500,"Residential vacant land, lot",R,0000.01000,000000000000.00,000000000000.00,N,,,Y,,,
R72 13211 0194,county_only,CITY OF DAYTON,GETTYSBURG AVE,DAYTON,500,"Residential vacant land, lot",R,0000.07200,000000000000.00,000000000000.00,N,,,Y,,,
R72 13211 0195,county_only,CITY OF DAYTON,GETTYSBURG AVE,DAYTON,500,"Residential vacant land, lot",R,0000.00000,000000000000.00,000000000000.00,N,,,Y,,,
R72 13211 0196,county_only,CITY OF DAYTON,GETTYSBURG AVE,DAYTON,500,"Residential vacant land, lot",R,0000.00400,000000000000.00,000000000000.00,N,,,Y,,,
R72 13211 0197,county_only,CITY OF DAYTON,GETTYSBURG AVE,DAYTON,500,"Residential vacant land, lot",R,0000.00300,000000000000.00,000000000000.00,N,,,Y,,,
R72 13211 0199,county_only,CITY OF DAYTON,GETTYSBURG AVE,DAYTON,500,"Residential vacant land, lot",R,0000.00100,000000000000.00,000000000000.00,N,,,Y,,,
R72 13211 0200,county_only,CITY OF DAYTON,GETTYSBURG AVE,DAYTON,400,Commercial vacant land,C,0000.14400,000000000000.00,000000000000.00,N,,,Y,,,
R72 13211 0201,county_only,CITY OF DAYTON,GETTYSBURG AVE,DAYTON,500,"Residential vacant land, lot",R,0000.00200,000000000000.00,000000000000.00,N,,,Y,,,
R72 13211 0202,county_only,CITY OF DAYTON,GETTYSBURG AVE,DAYTON,500,"Residential vacant land, lot",R,0000.00230,000000000000.00,000000000000.00,N,,,Y,,,
R72 13215 0020,county_only,CITY OF DAYTON,GERMANTOWN ST,DAYTON,400,Commercial vacant land,C,0000.00800,000000000000.00,000000000000.00,N,,,Y,,,
R72 13216 0044,county_only,DAYTON CITY OF,679 LA SALLE DR,DAYTON,500,"Residential vacant land, lot",R,0000.00000,000000004600.00,000000000000.00,N,,,Y,39113-004200-2,39.73805019090434,-84.24890684670365
R72 13307 0022,both,DAYTON CITY OF,821 BLANCHE ST,DAYTON,640,"Exempt, owned by municipals",E,0000.00000,000000003390.00,000000000000.00,N,Planning,Surplus,Y,39113-004200-2,39.739454186173525,-84.24167379396567
R72 13314 0026,county_only,CITY OF DAYTON,LAKESIDE DR,DAYTON,400,Commercial vacant land,C,0000.00000,000000000000.00,000000000000.00,N,,,Y,,,
R72 13314 0027,county_only,CITY OF DAYTON,LAKESIDE DR,DAYTON,400,Commercial vacant land,C,0000.00000,000000000000.00,000000000000.00,N,,,Y,,,
R72 13404 0006,city_layer_only,,,,,,,,,,N,Planning,Surplus,Y,,39.740219494718296,-84.23318232250432
R72 13406 0045,both,DAYTON CITY OF,1217 RANDOLPH ST,DAYTON,640,"Exempt, owned by municipals",E,0000.00000,000000003570.00,000000000000.00,N,Planning,Surplus,Y,39113-004100-2,39.7371199913558,-84.22947883099381
R72 13804 0011,county_only,THE CITY OF DAYTON,725 WILMINGTON AVE,DAYTON,500,"Residential vacant land, lot",R,0000.00000,000000000000.00,000000000000.00,N,,,Y,,,
R72 13808 0007,county_only,DAYTON CITY OF,FIRWOOD DR,DAYTON,400,Commercial vacant land,C,0000.20400,000000000000.00,000000000000.00,N,,,Y,,,
R72 14611 0075,both,DAYTON CITY OF,2315 S SMITHVILLE RD,DAYTON,640,"Exempt, owned by municipals",E,0000.00000,000000006930.00,000000000000.00,N,Planning,Surplus,Y,39113-003000-1,39.733423429223905,-84.14111866704444
R72 15206 0056,both,CITY OF DAYTON,LINDEN AVE,DAYTON,400,Commercial vacant land,C,0000.06100,000000000000.00,000000000000.00,N,,,Y,39113-002700-2,39.74809614296611,-84.13481971125012
R72 15304 0017,both,DAYTON CITY OF,SMITHVILLE & KEYSTONE,DAYTON,400,Commercial vacant land,C,0000.00000,000000013300.00,000000000000.00,N,Public Works,Other,Y,39113-002400-2,39.75101699407573,-84.13963715836937
R72 15503 0043,both,CITY OF DAYTON,PATTON AVE,DAYTON,640,"Exempt, owned by municipals",E,0000.00000,000000002300.00,000000000000.00,N,Planning,Surplus,Y,39113-004400-3,39.748985853762676,-84.27087663652951
R72 15504 0058,both,CITY OF DAYTON,STRAND AVE,DAYTON,640,"Exempt, owned by municipals",E,0000.00000,000000001420.00,000000000000.00,N,Planning,Surplus,Y,39113-060300-1,39.745863239976174,-84.2696447776381
R72 15504 0140,both,CITY OF DAYTON,164 BLUECREST AVE,DAYTON,640,"Exempt, owned by municipals",E,0000.00000,000000002310.00,000000000000.00,N,Planning,Surplus,Y,39113-060300-1,39.7430592675777,-84.27076160569558
R72 15701 0220,both,CITY OF DAYTON,WOODSIDE AVE,DAYTON,640,"Exempt, owned by municipals",E,0000.00000,000000000650.00,000000000000.00,N,Planning,Surplus,Y,39113-003800-1,39.76761137147245,-84.2480770973085
R72 15701 0222,both,CITY OF DAYTON,WOODSIDE AVE,DAYTON,640,"Exempt, owned by municipals",E,0000.00000,000000001240.00,000000000000.00,N,Planning,Surplus,Y,39113-003800-1,39.767608652821714,-84.24843271566053
R72 15701 0224,both,CITY OF DAYTON,CICILION AVE,DAYTON,640,"Exempt, owned by municipals",E,0000.00000,000000001040.00,000000000000.00,N,Planning,Surplus,Y,39113-003800-1,39.7677019731327,-84.24870096277888
R72 15703 0072,both,CITY OF DAYTON,DANDRIDGE AVE,DAYTON,500,"Residential vacant land, lot",R,0000.00000,000000002520.00,000000000000.00,N,,,Y,39113-003800-3,39.765362142874714,-84.24884207064534
R72 15705 0021,county_only,THE CITY OF DAYTON,JAMES H MCGEE BLVD,DAYTON,400,Commercial vacant land,C,0000.13500,000000000000.00,000000000000.00,N,,,Y,,,
R72 15706 0016,county_only,THE CITY OF DAYTON,N GETTYSBURG AVE,DAYTON,400,Commercial vacant land,C,0000.16900,000000000000.00,000000000000.00,N,,,Y,,,
R72 15807 0018,both,DAYTON CITY OF,4335 4339 BLUEBERRY AVE,DAYTON,400,Commercial vacant land,C,0006.78800,000000049890.00,000000000000.00,N,,,Y,39113-000200-3,39.78188549544375,-84.25582972169525
R72 15815 0022,both,DAYTON CITY OF,3927 PRESCOTT AVE,DAYTON,640,"Exempt, owned by municipals",E,0000.00000,000000004310.00,000000000000.00,N,Planning,Surplus,Y,39113-000300-1,39.78716823517998,-84.24574815493646
R72 15815 0032,both,DAYTON CITY OF,3932 MIDDLEHURST LN,DAYTON,500,"Residential vacant land, lot",R,0000.00000,000000004840.00,000000000000.00,N,,,Y,39113-000300-1,39.78762952110973,-84.2462135685881
R72 15901 0087,both,CITY OF DAYTON,4506 QUEENS AVE,DAYTON,640,"Exempt, owned by municipals",E,0000.00000,000000004110.00,000000000000.00,N,Planning,Surplus,Y,39113-000200-3,39.784023150882625,-84.25756340893321
R72 15905 0006,both,DAYTON CITY OF,4521 PRESCOTT AVE,DAYTON,640,"Exempt, owned by municipals",E,0000.00000,000000006260.00,000000000000.00,N,Planning,Surplus,Y,39113-000200-2,39.78663458993627,-84.2581026829763
R72 15909 0061,both,DAYTON CITY OF,GREENWICH VILLAGE AVE,DAYTON,640,"Exempt, owned by municipals",E,0000.00000,000000000320.00,000000000000.00,N,Planning,Surplus,Y,39113-000200-2,39.787777134431884,-84.26096342442624
R72 15910 0057,both,DAYTON CITY OF,4601 ST JAMES AVE,DAYTON,640,"Exempt, owned by municipals",E,0000.00000,000000002640.00,000000000000.00,N,Planning,Surplus,Y,39113-000200-2,39.78911555423743,-84.25928290518604
R72 16102 0040,both,DAYTON CITY OF,4910 KINGS HWY,DAYTON,500,"Residential vacant land, lot",R,0000.00000,000000002860.00,000000000000.00,N,,,Y,39113-000200-1,39.782366938561736,-84.2635136129289
R72 16103 0014,county_only,DAYTON CITY OF,4939 EICHELBERGER AVE,DAYTON,500,"Residential vacant land, lot",R,0000.00000,000000002800.00,000000000000.00,N,,,Y,39113-000200-1,39.78587737569795,-84.26520527040637
R72 16103 0057,both,CITY OF DAYTON,GENESEE AVE,DAYTON,640,"Exempt, owned by municipals",E,0000.00000,000000002550.00,000000000000.00,N,Planning,Surplus,Y,39113-000200-1,39.784727709531275,-84.2652593458157
R72 16103 0058,both,CITY OF DAYTON,QUEENS AVE,DAYTON,640,"Exempt, owned by municipals",E,0000.00000,000000002610.00,000000000000.00,N,Planning,Surplus,Y,39113-000200-1,39.78427040334997,-84.26521795953724
R72 16103 0082,both,DAYTON CITY OF,1840 DEWITT DR,DAYTON,500,"Residential vacant land, lot",R,0000.00000,000000003120.00,000000000000.00,N,,,Y,39113-000200-1,39.78404878509254,-84.26291642967496
R72 16104 0040,both,DAYTON CITY OF,5001 EICHELBERGER AVE,DAYTON,500,"Residential vacant land, lot",R,0000.00000,000000002800.00,000000000000.00,N,,,Y,39113-000200-1,39.78590990547779,-84.26558378203198
R72 16104 0045,both,DAYTON CITY OF,5018 EICHELBERGER AVE,DAYTON,500,"Residential vacant land, lot",R,0000.00000,000000002800.00,000000000000.00,N,,,Y,39113-000200-1,39.785452035955736,-84.26629641927153
R72 16118 0020,both,DAYTON CITY OF,2027 VAL VISTA CT,DAYTON,640,"Exempt, owned by municipals",E,0000.00000,000000007280.00,000000000000.00,N,Planning,Surplus,Y,39113-000200-1,39.787888450360256,-84.26418851189187
R72 16201 0066,city_layer_only,,,,,,,,,,N,Planning,Surplus,Y,,39.77684577371121,-84.24157144231853
R72 16214 0075,both,CITY OF DAYTON,1925 KENSINGTON DR,DAYTON,640,"Exempt, owned by municipals",E,0000.00000,000000008150.00,000000000000.00,N,Planning,Surplus,Y,39113-000400-4,39.784244332870514,-84.24185251427187
R72 16215 0004,both,CITY OF DAYTON,2051 WESLEYAN RD,DAYTON,613,Exempt land only,E,0000.00000,000000003630.00,000000000000.00,N,Planning,Surplus,Y,39113-000300-1,39.78676215309895,-84.24407828759816
R72 16215 0005,both,CITY OF DAYTON,2051 WESLEYAN RD,DAYTON,640,"Exempt, owned by municipals",E,0000.00000,000000002720.00,000000000000.00,N,Planning,Surplus,Y,39113-000300-1,39.78669989967104,-84.24414082173801
R72 16215 0094,both,CITY OF DAYTON,KENSINGTON DR,DAYTON,640,"Exempt, owned by municipals",E,0000.00000,000000003570.00,000000000000.00,N,Planning,Surplus,Y,39113-000400-4,39.786607716672144,-84.24150407033454
R72 16302 0003,both,CITY OF DAYTON,2248 BENTON AVE,DAYTON,640,"Exempt, owned by municipals",E,0000.00000,000000003480.00,000000000000.00,N,Planning,Surplus,Y,39113-000500-1,39.79011003152795,-84.23719064635726
R72 16303 0043,both,CITY OF DAYTON,2245 BENTON AVE,DAYTON,640,"Exempt, owned by municipals",E,0000.00000,000000003180.00,000000000000.00,N,Planning,Surplus,Y,39113-000500-1,39.78999661014334,-84.2376184745655
R72 16303 0047,city_layer_only,,,,,,,,,,N,Planning,Surplus,Y,,39.790683558036434,-84.23758575274329
R72 16304 0053,both,DAYTON CITY OF,2130 KIPLING DR,DAYTON,640,"Exempt, owned by municipals",E,0000.00000,000000003570.00,000000000000.00,N,Planning,Surplus,Y,39113-000400-4,39.78814559716196,-84.24262633838465
R72 16308 0017,county_only,DAYTON CITY OF,SIEBENTHALER & PHILA,DAYTON,400,Commercial vacant land,C,0000.03600,000000000000.00,000000000000.00,N,,,Y,,,
R72 16702 0094,county_only,DAYTON CITY OF,TROY ST,DAYTON,400,Commercial vacant land,C,0000.00000,000000000000.00,000000000000.00,N,,,Y,,,
R72 16702 0102,county_only,CITY OF DAYTON,TROY ST,DAYTON,400,Commercial vacant land,C,0000.33000,000000000000.00,000000000000.00,N,,,Y,,,
R72 16702 0103,county_only,CITY OF DAYTON,TROY ST,DAYTON,400,Commercial vacant land,C,0000.22100,000000000000.00,000000000000.00,N,,,Y,,,
R72 16702 0104,county_only,CITY OF DAYTON,STANLEY AVE,DAYTON,400,Commercial vacant land,C,0000.12300,000000000000.00,000000000000.00,N,,,Y,,,
R72 16702 0105,county_only,CITY OF DAYTON,TROY ST,DAYTON,400,Commercial vacant land,C,0000.21300,000000000000.00,000000000000.00,N,,,Y,,,
R72 16702 0107,county_only,CITY OF DAYTON,TROY ST,DAYTON,400,Commercial vacant land,C,0000.20000,000000000000.00,000000000000.00,N,,,Y,,,
R72 16703 0031,both,DAYTON CITY OF,CANAL LAND,DAYTON,400,Commercial vacant land,C,0001.74000,000000000000.00,000000000000.00,N,,,Y,39113-001800-1,39.792648720097326,-84.16382861080491
R72 16703 0036,both,DAYTON CITY OF,CANAL LAND,DAYTON,400,Commercial vacant land,C,0004.53400,000000000000.00,000000000000.00,N,,,Y,,39.79021712816109,-84.16431946242149
R72 16703 0037,both,DAYTON CITY OF,CANAL LAND,DAYTON,400,Commercial vacant land,C,0000.34300,000000000000.00,000000000000.00,N,,,Y,,39.78818187435365,-84.16483757845192
R72 16703 0038,both,DAYTON CITY OF,CANAL LAND,DAYTON,400,Commercial vacant land,C,0002.30500,000000000000.00,000000000000.00,N,,,Y,,39.7869750433581,-84.16510770629438
R72 16706 0062,county_only,CITY OF DAYTON,TROY ST,DAYTON,400,Commercial vacant land,C,0000.00000,000000000000.00,000000000000.00,N,,,Y,,,
R72 16707 0030,county_only,CITY OF DAYTON,TROY ST,DAYTON,400,Commercial vacant land,C,0000.00000,000000000000.00,000000000000.00,N,,,Y,,,
R72 16707 0031,county_only,CITY OF DAYTON,TROY ST,DAYTON,400,Commercial vacant land,C,0000.00000,000000000000.00,000000000000.00,N,,,Y,,,
R72 16810 0010,both,CITY OF DAYTON,CONE CT,DAYTON,400,Commercial vacant land,C,0009.72600,000000025260.00,000000000000.00,N,Water,,Y,39113-004300-1,39.72715883093005,-84.25083459910707
R72 16901 0037,county_only,CITY OF DAYTON,873 S GETTYSBURG AVE,DAYTON,400,Commercial vacant land,C,0000.04000,000000000000.00,000000000000.00,N,,,Y,,,
R72 16901 0075,both,CITY OF DAYTON,ST RT 35,DAYTON,400,Commercial vacant land,C,0002.64800,000000013110.00,000000000000.00,N,,,Y,39113-004600-2,39.73497244704167,-84.26163515248852
R72 16905 0035,county_only,DAYTON CITY OF,GUTHRIE RD,DAYTON,400,Commercial vacant land,C,0000.03810,000000000000.00,000000000000.00,N,,,Y,,,
R72 16905 0036,county_only,DAYTON CITY OF,GUTHRIE RD,DAYTON,400,Commercial vacant land,C,0000.03660,000000000000.00,000000000000.00,N,,,Y,,,
R72 16905 0037,county_only,DAYTON CITY OF,GUTHRIE RD,DAYTON,400,Commercial vacant land,C,0000.00080,000000000000.00,000000000000.00,N,,,Y,,,
R72 16905 0038,county_only,DAYTON CITY OF,GUTHRIE RD,DAYTON,400,Commercial vacant land,C,0000.00170,000000000000.00,000000000000.00,N,,,Y,,,
R72 16906 0019,county_only,CITY OF DAYTON,S GETTYSBURG AVE,DAYTON,400,Commercial vacant land,C,0000.25300,000000000000.00,000000000000.00,N,,,Y,,,
R72 16906 0020,county_only,CITY OF DAYTON,S GETTYSBURG AVE,DAYTON,400,Commercial vacant land,C,0000.37300,000000000000.00,000000000000.00,N,,,Y,,,
R72 16907 0060,county_only,CITY OF DAYTON,LYLEBURN RD,DAYTON,400,Commercial vacant land,C,0001.10700,000000000000.00,000000000000.00,N,,,Y,,,
R72 16907 0061,county_only,CITY OF DAYTON,S GETTYSBURG AVE,DAYTON,400,Commercial vacant land,C,0000.67600,000000000000.00,000000000000.00,N,,,Y,,,
R72 16910 0033,county_only,CITY OF DAYTON,LISCUM DR,DAYTON,400,Commercial vacant land,C,0000.02200,000000000000.00,000000000000.00,N,,,Y,,,
R72 17002 0069,county_only,CITY OF DAYTON,OLD TROY PIKE,DAYTON,400,Commercial vacant land,C,0000.22900,000000000000.00,000000000000.00,N,,,Y,,,
R72 17103 0007,both,CITY OF DAYTON,4621 HOOVER AVE,DAYTON,640,"Exempt, owned by municipals",E,0000.25100,000000002970.00,000000000000.00,N,Planning,Surplus,Y,39113-070300-1,39.761721015440926,-84.26343348731311
R72 17105 0002,both,CITY OF DAYTON,BECKER DR,DAYTON,640,"Exempt, owned by municipals",E,0000.34200,000000001880.00,000000000000.00,N,Planning,Surplus,Y,39113-070202-1,39.75733361912685,-84.27225643205608
R72 17615 0009,county_only,CITY OF DAYTON,FINDLAY ST,DAYTON,400,Commercial vacant land,C,0000.05500,000000000000.00,000000000000.00,N,,,Y,,,
R72117011 0018,both,CITY OF DAYTON,3540 NEEDMORE RD,DAYTON,400,Commercial vacant land,C,0000.91800,000000095290.00,000000000000.00,N,,,Y,39113-080700-1,39.81974996727265,-84.16061885635148
R72117204 0056,county_only,DAYTON CITY OF,SHOUP MILL RD,DAYTON,400,Commercial vacant land,C,0000.06600,000000000000.00,000000000000.00,N,,,Y,,,
R72117204 0057,county_only,DAYTON CITY OF,FREDERICK PIKE,DAYTON,400,Commercial vacant land,C,0000.03400,000000000000.00,000000000000.00,N,,,Y,,,
R72217303 0020,county_only,THE CITY OF DAYTON,INTERPOINT BLVD,DAYTON,400,Commercial vacant land,C,0001.44000,000000000000.00,000000000000.00,N,,,Y,,,
R72317110 0028,county_only,DAYTON CITY OF,MILLER AVE,DAYTON,400,Commercial vacant land,C,0000.32900,000000000000.00,000000000000.00,N,,,Y,,,
R72410801 0004,county_only,DAYTON CITY OF,UNION SCHOOLHOUSE RD,DAYTON,500,"Residential vacant land, lot",R,0000.34000,000000000000.00,000000000000.00,N,,,Y,,,
R72717413 0016,both,DAYTON CITY OF,CONCORDE DR,DAYTON,300,"Industrial, vacant land",I,0005.76610,000000461290.00,000000000000.00,N,,,Y,39113-110100-1,39.888079116721954,-84.24456215148179
R72717413 0020,both,DAYTON CITY OF,11534 PETERS PIKE,DAYTON,500,"Residential vacant land, lot",R,0009.71900,000000132660.00,000000000000.00,N,,,Y,39113-110100-1,39.91574136500922,-84.22513501444908
R72717413 0021,both,DAYTON CITY OF,JACKSON RD,DAYTON,400,Commercial vacant land,C,0000.95500,000000002110.00,000000000000.00,N,,,Y,39113-110100-1,,
