parcel,permit_count,distinct_types,top_type,total_valuation,first_permit,last_permit,address,lat,lon
A01 00101 0026,1,1,Residential Electrical Permit,0,2026-04-23,2026-04-23,"2041 LITCHFIELD AVE, DAYTON OH 45406 United States",39.78663055589985,-84.23965392456718
A01 00101 0036,1,1,Residential Building Permit,17000,2026-06-24,2026-06-24,"2120 ELSMERE AVE, DAYTON OH 45406-2919 United States",39.7859012124504,-84.23011347469739
A01 00101 0043,1,1,Residential Mechanical Permit,0,2026-02-25,2026-02-25,"903 WESTWOOD AVE, DAYTON OH 45402-5344 United States",39.76565735197568,-84.2417009575398
A01 00104 0075,1,1,Residential Mechanical Permit,0,2026-06-16,2026-06-16,"1415 ARBOR AVE, DAYTON OH 45420-1910 United States",39.73977830955854,-84.1521551296109
A01 00105 0042,1,1,Residential Electrical Permit,0,2026-05-18,2026-05-18,"4354 FREE PIKE, DAYTON OH 45416-1218 United States",39.7976385721816,-84.26184046735693
A01 00106 0057,1,1,Commercial Mechanical Permit,0,2026-06-02,2026-06-02,"40 S Main ST, DAYTON OH 45402",39.75858596717528,-84.19123324009236
A01 00109 0053,1,1,Residential Electrical Permit,0,2026-04-07,2026-04-07,"135 S WILLIAMS ST, DAYTON OH 45402 United States",,
A01 00109 0088,2,2,Residential Electrical Permit,0,2026-02-20,2026-03-18,"1625 E Fifth ST, DAYTON OH 45403-2303",39.759020121237995,-84.17153439212657
A01 00201 0005,1,1,Residential Building Permit,85000,2026-04-20,2026-04-20,"6654 Chickadee DR, DAYTON OH 45458",,
A01 00205 0036,1,1,Residential Building Permit,200000,2026-06-24,2026-06-24,"3609 WAYNE AVE, DAYTON OH 45420-2438 United States",39.73881352571029,-84.14463141639197
A01 00301 0052,2,2,Residential Gas Permit,0,2026-01-21,2026-05-26,"4356 WEEPING WILLOW DR, DAYTON OH",,
A01 00308 0084,1,1,Residential Electrical Permit,0,2026-05-06,2026-05-06,"314 S JERSEY ST, DAYTON OH 45403-2724 United States",39.760682018016894,-84.15235189928616
A01 00308 0183,2,2,Commercial Building Permit,0,2026-02-02,2026-02-20,"220 E MONUMENT AVE, DAYTON OH 45402-1223 United States",39.7643043947213,-84.18845808544255
A01 00309 0173,1,1,Residential Mechanical Permit,0,2026-06-15,2026-06-15,"1730 AUBURN AVE, DAYTON OH 45406-4512 United States",39.780377522527914,-84.22763817884022
A01 00310 0195,1,1,Residential Building Permit,1000000,2026-06-24,2026-06-24,"2718 WENTWORTH AVE, DAYTON OH 45406-1640 United States",39.795362583899006,-84.25322573538135
A01 20116 0008,1,1,Residential Mechanical Permit,0,2026-06-16,2026-06-16,"4484 CARDINAL FLOWER DR, DAYTON OH 45404",,
A01 20116 0015,1,1,Residential Mechanical Permit,0,2026-06-01,2026-06-01,"978 IRVING AVE, APT/UNIT 46, DAYTON OH 45419-4108 United States",39.73229984561359,-84.1656268531789
A01 20116 0021,1,1,Residential Building Permit,40000,2026-04-22,2026-04-22,"716 MOUNT CLAIR AVE, DAYTON OH 45417-3563 United States",39.73965060707513,-84.24654620845462
A01 20116 0022,1,1,Residential Electrical Permit,0,2026-01-09,2026-01-09,"2901 GRACE AVE, DAYTON OH 45420-2617 United States",39.72494854772629,-84.1386683198666
A01 20125 0027,1,1,Residential Electrical Permit,0,2026-03-24,2026-03-24,"404 OXFORD AVE, DAYTON OH 45402-5801 United States",39.768650079130126,-84.2213091464334
A01 20126 0010,1,1,Residential Mechanical Permit,0,2026-04-28,2026-04-28,"1222 EVERETT DR, DAYTON OH 45402-5603 United States",39.769920572945516,-84.23030014713483
A01 20309 0012,1,1,Residential Electrical Permit,0,2026-06-30,2026-06-30,"2 E HUDSON AVE, DAYTON OH 45405-3502 United States",39.78318182993335,-84.2085038377682
A01 20320 0033,1,1,Residential Electrical Permit,0,2026-01-14,2026-01-14,"319 ILLINOIS AVE, DAYTON OH 45410-2037 United States",39.7411343994622,-84.16341583363833
A01 20321 0022,1,1,Residential Electrical Permit,0,2026-04-07,2026-04-07,"2122 DELLA DR, DAYTON OH",,
A01 20322 0078,1,1,Commercial Electrical Permit,0,2026-05-08,2026-05-08,"1828 W Stewart ST, DAYTON OH 45417-3741",39.74159504551482,-84.22822408841644
A01 20324 0058,1,1,Commercial Building Permit,0,2026-05-11,2026-05-11,"131 Ludlow ST N, 315, DAYTON OH",,
A01 20327 0014,1,1,Residential Mechanical Permit,0,2026-06-09,2026-06-09,"231 N CHERRYWOOD AVE, DAYTON OH 45403-1605 United States",39.77113039154547,-84.13981139537056
A01 21309 0018,3,2,Residential Electrical Permit,17600,2026-03-09,2026-04-29,"4817 Avocet Ct, DAYTON OH 45424",39.823106614125905,-84.11278714121327
A01 21315 0004,1,1,Residential Electrical Permit,0,2026-06-25,2026-06-25,"1718 DARST AVE, DAYTON OH 45403-3104 United States",39.75818051328376,-84.1351628612106
A01 25901 0007,1,1,Residential Mechanical Permit,0,2026-03-16,2026-03-16,"1612 W First St, Dayton OH 45402",39.75651740175978,-84.2216796901008
A01 25902 0011,2,2,Residential Electrical Permit,0,2026-02-23,2026-06-24,"15 VALLEY VIEW DR, DAYTON OH 45405-3242 United States",39.785360941585225,-84.21883709583246
A01 25911 0003,1,1,Residential Electrical Permit,0,2026-04-08,2026-04-08,"1238 EVERETT DR, DAYTON OH 45402-5603 United States",39.770357024024094,-84.2303074304434
A01 25917 0002,1,1,Residential Mechanical Permit,0,2026-06-30,2026-06-30,"901 DEVONSHIRE RD, DAYTON OH 45419-3607 United States",39.72171737199846,-84.15964579717657
A01 25918 0019,1,1,Residential Electrical Permit,0,2026-04-24,2026-04-24,"27 DAVIS AVE, DAYTON OH 45403-2901 United States",39.757809251279035,-84.15673732943002
A01 25923 0034,2,2,Residential Building Permit,10164,2026-01-29,2026-02-12,"500 NIAGARA AVE, DAYTON OH 45405-3742 United States",39.77978329669574,-84.21839202478887
A01 25925 0002,1,1,Commercial Electrical Permit,0,2026-03-04,2026-03-04,"444 W THIRD ST, DAYTON OH 45402-1421 United States",39.757621145508864,-84.20058764501195
A01 26002 0001,1,1,Residential Electrical Permit,0,2026-03-09,2026-03-09,"1425 CANFIELD AVE, DAYTON OH 45406-4206 United States",39.77324421133426,-84.23947800905741
A01 26002 0029,1,1,Residential Mechanical Permit,0,2026-01-23,2026-01-23,"4382 WEEPING WILLOW DR, DAYTON OH 45404 United States",,
A01 26003 0002,1,1,Residential Mechanical Permit,0,2026-03-30,2026-03-30,"1329 W First ST, DAYTON OH 45402",39.75776732476367,-84.21558853568928
A01 26003 0019,1,1,Residential Mechanical Permit,0,2026-02-11,2026-02-11,"2811 Argella AVE, DAYTON OH 45410-3106",39.74649447273503,-84.14104227771853
A01 26009 0014,1,1,Residential Mechanical Permit,0,2026-03-24,2026-03-24,"203 KLEE AVE, DAYTON OH 45403-2935 United States",39.755940372624465,-84.14999471793884
A01 26010 0024,1,1,Residential Mechanical Permit,0,2026-06-10,2026-06-10,"1100 N MAIN ST, DAYTON OH 45405-4214 United States",39.774641631264394,-84.1993163823494
A01 26011 0008,1,1,Residential Mechanical Permit,0,2026-05-12,2026-05-12,"1724 BARTLEY RD, DAYTON OH 45414",39.82822717939078,-84.20392569485801
A01 26011 0009,1,1,Residential Electrical Permit,0,2026-05-08,2026-05-08,"525 IRVING AVE, DAYTON OH 45409-2442 United States",39.73467286911134,-84.17308440757411
A01 26018 0005,1,1,Residential Mechanical Permit,0,2026-05-28,2026-05-28,"431 W FAIRVIEW AVE, DAYTON OH 45405-3308 United States",39.78566927360241,-84.21976870458946
A01 26102 0006,1,1,Residential Electrical Permit,0,2026-01-08,2026-01-08,"43 CLOVER ST, DAYTON OH 45410-1419 United States",39.749868976159085,-84.17648709515525
A01 26116 0014,1,1,Residential Building Permit,22766,2026-05-18,2026-05-18,"1830 MALVERN AVE, DAYTON OH 45406-4447 United States",39.78192171011745,-84.22880818080236
A01 26118 0004,1,1,Residential Mechanical Permit,0,2026-02-24,2026-02-24,"155 BELLAIRE AVE, DAYTON OH 45420-1705 United States",39.72984504614438,-84.15363378328401
A01 27608 0011,1,1,Commercial Electrical Permit,0,2026-02-26,2026-02-26,"126 XENIA AVE, DAYTON OH 45410-1538 United States",39.752322654027125,-84.17441868103231
A01 27612 0009,2,1,Residential Gas Permit,0,2026-01-20,2026-02-23,"1813 KIPLING DR, DAYTON OH 45406-3917 United States",39.7814817039959,-84.2427977038937
A01 27613 0007,1,1,Residential Mechanical Permit,0,2026-04-15,2026-04-15,"52 BISH AVE, DAYTON OH 45417-2123 United States",39.750863288256554,-84.23575698731072
A01 27616 0015,2,2,Residential Electrical Permit,0,2026-01-21,2026-03-04,"1119 WINDSOR AVE, DAYTON OH 45402-5717 United States",39.7684608534492,-84.22837099293574
A01 27617 0002,1,1,Commercial Mechanical Permit,0,2026-06-02,2026-06-02,"40 S Main ST, DAYTON OH 45402",39.75858596717528,-84.19123324009236
A01 27621 0006,1,1,Residential Mechanical Permit,0,2026-03-25,2026-03-25,"400 BURLEIGH AVE, DAYTON OH 45417-1634 United States",39.75645276840241,-84.24578980415247
A01 27622 0013,1,1,Residential Mechanical Permit,0,2026-04-23,2026-04-23,"329 KLING DR, DAYTON OH 45419-4002 United States",39.73136074543662,-84.16157520423602
A01 50515 0009,1,1,Residential Building Permit,34155,2026-04-20,2026-04-20,"112 S DUTOIT ST, DAYTON OH 45402",39.76109495834675,-84.17409950014863
C04 00601 0128,1,1,Commercial Building Permit,0,2026-04-28,2026-04-28,"1 SPRINGFIELD ST, DAYTON OH 45403 United States",39.76404953302457,-84.16582013220543
C04 00607 0023,1,1,Residential Mechanical Permit,0,2026-02-18,2026-02-18,"730 GREENLAWN AVE, DAYTON OH 45403-3332 United States",39.753458113317635,-84.14219520777483
C05 00102 0041,1,1,Commercial Electrical Permit,0,2026-02-03,2026-02-03,"1431 ROSEMONT BLVD, APT/UNIT D, DAYTON OH 45410-3120 United States",39.74723092136431,-84.14178523862037
C05 00103 0006,1,1,Commercial Electrical Permit,0,2026-01-20,2026-01-20,"617 N IRWIN ST, DAYTON OH 45403",39.772772352057665,-84.1534713361225
C05 00104 0005,1,1,Residential Electrical Permit,0,2026-01-20,2026-01-20,"113 LAURA AVE, DAYTON OH 45405-3103 United States",39.7886414530958,-84.20994042288041
C05 00109 0041,1,1,Residential Building Permit,10000,2026-04-27,2026-04-27,"59 BALTIMORE ST, DAYTON OH 45404-1950 United States",39.77703819234722,-84.17113757595492
C05 00109 0047,1,1,Residential Electrical Permit,0,2026-03-23,2026-03-23,"404 KNECHT DR, DAYTON OH 45405-2634 United States",39.794654508605035,-84.20807693149587
C05 00109 0075,1,1,Residential Building Permit,25915,2026-03-02,2026-03-02,"4214 WEEPING WILLOW DR, DAYTON OH 45404 United States",,
C05 00109 0105,1,1,Residential Electrical Permit,0,2026-02-27,2026-02-27,"265 AIR ST, DAYTON OH 45404-1805 United States",39.77404712910622,-84.17254614921002
C05 00109 0123,3,3,Residential Building Permit,161048,2026-02-10,2026-04-22,"1928 WARD HILL AVE, DAYTON OH 45420-3159 United States",39.73803065351642,-84.13368367972768
C05 00112 0007,2,2,Residential Building Permit,40000,2026-03-19,2026-06-26,"309 ASHWOOD AVE, DAYTON OH 45405-2522 United States",39.79782701110228,-84.20988116786751
C05 00204 0019,1,1,Residential Electrical Permit,0,2026-04-13,2026-04-13,"2928 HOOVER AVE, DAYTON OH 45402-5539 United States",39.76139741431494,-84.23974798770641
C05 00205 0065,1,1,Residential Mechanical Permit,0,2026-03-27,2026-03-27,"1604 W FIRST ST, DAYTON OH",39.75657025509236,-84.22140846664067
C05 00208 0008,1,1,Residential Mechanical Permit,0,2026-03-17,2026-03-17,"514 OSTRANDER DR, DAYTON OH 45403-3221 United States",39.75746814654103,-84.12895249241056
C05 00214 0025,1,1,Residential Electrical Permit,0,2026-04-06,2026-04-06,"2419 FAUVER AVE, DAYTON OH 45420-2315 United States",39.73133766012459,-84.14339177134538
C05 00314 0079,4,4,Residential Building Permit,611000,2026-01-16,2026-03-09,"2024 RUSTIC RD, DAYTON OH 45405-3233 United States",39.78460313471141,-84.2216891338089
C05 00314 0083,3,3,Residential Electrical Permit,0,2026-01-16,2026-02-24,"4256 WEEPING WILLOW DR, DAYTON OH 45404 United States",39.78694241862034,-84.24303043274895
C05 00315 0015,1,1,Residential Electrical Permit,0,2026-03-25,2026-03-25,"3909 NECCO AVE, DAYTON OH 45406-3557 United States",39.77927369306273,-84.2518314780414
C05 00317 0042,1,1,Residential Electrical Permit,0,2026-06-04,2026-06-04,"2650 FERNCLIFF AVE, APT/UNIT A, DAYTON OH 45420-3371 United States",39.72761585027152,-84.13033882377046
C05 00409 0023,1,1,Residential Electrical Permit,0,2026-02-25,2026-02-25,"4322 WEEPING WILLOW DR, DAYTON OH 45404",,
C05 00412 0004,1,1,Commercial Building Permit,0,2026-01-30,2026-01-30,"1043 S MAIN ST, DAYTON OH 45409-2710 United States",39.74346322337277,-84.1877291441674
C05 00415 0011,1,1,Commercial Electrical Permit,0,2026-02-03,2026-02-03,"1592 Woodman DR, UNIT 12, DAYTON OH 45432-3332",39.73442797690803,-84.12126580716134
C05 00416 0001,1,1,Residential Mechanical Permit,0,2026-05-22,2026-05-22,"747 HECK AVE, DAYTON OH 45417-4640 United States",39.73735414013277,-84.20793893599702
C05 00422 0002,1,1,Commercial Building Permit,0,2026-04-08,2026-04-08,"23 W FIRST ST, DAYTON OH 45402 United States",39.76226631666903,-84.19363516034633
C05 00423 0002,2,2,Residential Electrical Permit,0,2026-04-29,2026-05-22,"1320 W FIRST ST, DAYTON OH 45402 United States",39.7575776617895,-84.2152175848645
C05 00513 0018,1,1,Commercial Electrical Permit,0,2026-01-21,2026-01-21,"721 Springfield ST, DAYTON OH 45403-1250",39.770494450848574,-84.15494730139511
C05 00605 0030,1,1,Residential Mechanical Permit,0,2026-02-10,2026-02-10,DAYTON OH,,
C05 00626 0045,1,1,Residential Electrical Permit,0,2026-03-03,2026-03-03,"937 W THIRD ST, DAYTON OH 45402 United States",,
C06 00401 0051,1,1,Residential Electrical Permit,0,2026-05-04,2026-05-04,"4529 BULRUSH CT, DAYTON OH 45404 United States",39.81866451108163,-84.14497449475047
C06 00410 0046,1,1,Residential Electrical Permit,0,2026-02-25,2026-02-25,"2061 BELLEFONTAINE AVE, DAYTON OH 45404-2110 United States",39.78334582217091,-84.16358037028563
C06 00501 0001,1,1,Residential Building Permit,300000,2026-06-11,2026-06-11,"537 W FAIRVIEW AVE, DAYTON OH 45405-3205 United States",39.7862550397136,-84.22138825672475
C06 00501 0132,1,1,Residential Building Permit,65000,2026-05-04,2026-05-04,"941 W THIRD ST, DAYTON OH 45402 United States",39.75662941925359,-84.21047540569595
C08 00103 0019,1,1,Residential Electrical Permit,0,2026-04-14,2026-04-14,"3 BELL ST, DAYTON OH 45403 United States",39.76374398298748,-84.16471699045928
C08 00108 0059,2,2,Commercial Electrical Permit,0,2026-04-16,2026-06-02,"2323 RIVERSIDE DR, APT/UNIT 3, DAYTON OH 45405-3430 United States",39.78783696970685,-84.20561053050018
C09 00406 0007,1,1,Residential Gas Permit,0,2026-02-23,2026-02-23,"1846 KIPLING DR, DAYTON OH 45406 United States",39.782629250675754,-84.24238647294172
C09 00507 0065,1,1,Residential Electrical Permit,0,2026-03-16,2026-03-16,"38 E SIEBENTHALER AVE, DAYTON OH 45405-2424 United States",39.798378575847096,-84.21646944605197
D14 00701 0035,1,1,Commercial Building Permit,0,2026-05-01,2026-05-01,"945 W THIRD ST, DAYTON OH 45402 United States",,
D14 00706 0048,4,3,Commercial Electrical Permit,0,2026-02-06,2026-04-20,"1 CHILDRENS PLZ, DAYTON OH 45404 United States",39.774028226896995,-84.16886982183259
D14 00804 0100,1,1,Residential Building Permit,6790,2026-06-01,2026-06-01,"867 OSMOND AVE, DAYTON OH 45402-5240 United States",39.76343000540198,-84.24946202272668
D14 00904 0028,2,2,Residential Building Permit,350000,2026-03-09,2026-05-12,"3609 WAYNE AVE, DAYTON OH 45420-2438 United States",39.73881352571029,-84.14463141639197
D14 00904 0053,1,1,Residential Electrical Permit,0,2026-03-10,2026-03-10,"1927 RICHARD ST, DAYTON OH 45403-2546 United States",39.75539329457533,-84.15819589091326
D14 00906 0019,2,2,Residential Electrical Permit,0,2026-02-11,2026-06-09,"101 WROE AVE, DAYTON OH 45406-5249 United States",39.77100465193756,-84.20922644646474
D14 00909 0018,3,3,Residential Building Permit,80000,2026-03-04,2026-04-16,"5121 Yalecrest RD, DAYTON OH 45449",39.78997105547659,-84.21402704844427
D14 00911 0042,1,1,Residential Electrical Permit,0,2026-04-17,2026-04-17,"740 LELAND AVE, DAYTON OH 45402-5306 United States",39.76275783310038,-84.24464557984827
D14 20516 0002,2,1,Residential Electrical Permit,0,2026-04-09,2026-05-18,"1647 ALWILDY AVE, DAYTON OH 45417-4611 United States",39.73389053088586,-84.21345897588489
D15 00711 0075,1,1,Residential Building Permit,12367,2026-05-04,2026-05-04,"1136 HALLER AVE, DAYTON OH 45417-4510 United States",39.73669247496013,-84.23109000650166
D15 00808 0003,2,2,Residential Electrical Permit,0,2026-01-16,2026-04-22,"603 ANNA ST, DAYTON OH 45402-5436 United States",39.764088131416955,-84.23662010649389
E20 01006 0208,1,1,Residential Mechanical Permit,0,2026-03-30,2026-03-30,"1707 W Second ST, DAYTON OH 45402",39.75555541827927,-84.2235328627552
E20 01006 0210,1,1,Commercial Mechanical Permit,0,2026-06-02,2026-06-02,"17 E Fourth ST, DAYTON OH 45402-2101",39.75845352805611,-84.19070706511039
E20 01007 0051,2,2,Commercial Electrical Permit,0,2026-04-17,2026-06-02,"320 GRAFTON AVE, APT/UNIT 1, DAYTON OH 45406-5459 United States",39.76859285094247,-84.20636827437573
E20 01008 0037,5,1,Commercial Electrical Permit,0,2026-04-28,2026-04-30,"444 W THIRD ST, DAYTON OH 45402-1421 United States",39.757621145508864,-84.20058764501195
E20 01008 0128,1,1,Commercial Electrical Permit,0,2026-03-06,2026-03-06,"1000 W THIRD ST, APT/UNIT 4, DAYTON OH 45402-6833 United States",39.75631073381917,-84.21044112147031
E20 01008 0183,1,1,Commercial Electrical Permit,0,2026-02-03,2026-02-03,"1431 ROSEMONT BLVD, APT/UNIT A, DAYTON OH 45410-3120 United States",39.74723092136431,-84.14178523862037
E20 01008 0199,2,2,Commercial Electrical Permit,0,2026-01-13,2026-01-21,"1141 BROWN ST, DAYTON OH 45409-2603 United States",39.74238388773345,-84.18259902372532
E20 01008 0220,2,2,Commercial Electrical Permit,0,2026-02-02,2026-03-17,"1610 WOODMAN DR, APT/UNIT B2, DAYTON OH 45432-3353 United States",39.7339784751937,-84.12140474877486
E20 01106 0012,1,1,Residential Mechanical Permit,0,2026-04-21,2026-04-21,"214 Fountain AVE, DAYTON OH 45405-3930",39.777792282420926,-84.21110468612883
E20 01106 0133,1,1,Commercial Electrical Permit,0,2026-03-12,2026-03-12,"601 S Edwin C Moses Blvd, Dayton OH 45417-3424",39.74810467277138,-84.19865868698791
E20 01106 0226,4,2,Commercial Electrical Permit,0,2026-02-06,2026-05-13,"704 ROCKFORD AVE, APT/UNIT 4, DAYTON OH 45405-4030 United States",39.77850485028296,-84.20611867446175
E20 01107 0028,1,1,Commercial Electrical Permit,0,2026-01-23,2026-01-23,"3361 SUCCESSFUL WAY, DAYTON OH 45414-4317 United States",39.818458223093316,-84.16438019475648
E20 01107 0064,4,3,Commercial Electrical Permit,0,2026-01-06,2026-04-22,"2801 Wayne AVE, DAYTON OH 45420-1836",39.73883031166576,-84.15375802175969
E20 01107 0166,1,1,Commercial Electrical Permit,0,2026-02-26,2026-02-26,"1570 WOODMAN DR, APT/UNIT 15, DAYTON OH 45432-3335 United States",39.73526582562707,-84.12123908622343
E20 01107 0190,2,2,Commercial Electrical Permit,0,2026-04-16,2026-06-02,"2323 RIVERSIDE DR, APT/UNIT 1, DAYTON OH 45405-3430 United States",39.78783696970685,-84.20561053050018
E20 01107 0194,2,2,Commercial Building Permit,0,2026-03-06,2026-03-13,"1101 N KEOWEE ST, DAYTON OHIO 45404",39.75037322593374,-84.21143462979518
E20 17001 0008,3,3,Commercial Electrical Permit,0,2026-03-30,2026-05-13,"704 ROCKFORD AVE, DAYTON OH 45405-4030 United States",39.77850485028296,-84.20611867446175
E20 17001 0009,2,1,Commercial Building Permit,0,2026-04-06,2026-05-20,"426 S James H McGee BLVD, DAYTON OH 45402",39.74939139138331,-84.22369700722017
E20 17001 0119,1,1,Residential Electrical Permit,0,2026-03-19,2026-03-19,"2109 RAVENWOOD AVE, DAYTON OH 45406-2907 United States",,
E20 17002 0030,1,1,Residential Electrical Permit,0,2026-03-04,2026-03-04,"768 Heck AVE, DAYTON OH 45417-4641",39.73701929565643,-84.20868119625882
E20 17002 0083,1,1,Residential Electrical Permit,0,2026-06-16,2026-06-16,"1648 PENCE, DAYTON OH",,
E20 17002 0104,1,1,Residential Mechanical Permit,0,2026-06-23,2026-06-23,"36 BURLINGTON AVE, DAYTON OH 45403-1120 United States",39.766472883458626,-84.16243035500285
E20 17002A0064,1,1,Commercial Gas Permit,0,2026-04-27,2026-04-27,"1309 SALEM AVE, APT/UNIT 1, DAYTON OH 45406-4937 United States",39.77683436040845,-84.2180132488343
E20 17003 0042,1,1,Residential Electrical Permit,0,2026-06-17,2026-06-17,"623 ROCKFORD AVE, DAYTON OH 45405-4020 United States",39.77740018049949,-84.20655426538347
E20 17003 0050,1,1,Residential Mechanical Permit,0,2026-03-24,2026-03-24,"978 IRVING AVE, UNIT 32, DAYTON OH 45419",39.73229984561359,-84.1656268531789
E20 17004 0084,1,1,Residential Electrical Permit,0,2026-01-13,2026-01-13,"11 PINEHURST AVE, DAYTON OH 45405-3026 United States",39.78813406794639,-84.21459401742631
E20 17004 0092,1,1,Residential Electrical Permit,0,2026-04-24,2026-04-24,"222 BURNS AVE, DAYTON OH 45402 United States",,
E20 17009 0004,1,1,Commercial Gas Permit,0,2026-03-31,2026-03-31,"2801 Wayne AVE, DAYTON OH 45420-1836",39.73883031166576,-84.15375802175969
E20 17101 0134,1,1,Residential Gas Permit,0,2026-03-09,2026-03-09,"1435 KINGSLEY AVE, DAYTON OH 45406-4222 United States",39.77340317966603,-84.24281978449658
E20 17101 0135,1,1,Residential Electrical Permit,0,2026-01-07,2026-01-07,"1405 KINGSLEY AVE, DAYTON OH 45406-4222 United States",39.772639848980056,-84.24281847079985
E20 17101A0100,1,1,Residential Gas Permit,0,2026-01-20,2026-01-20,"542 W HUDSON AVE, DAYTON OH 45406-4843 United States",39.78102449300587,-84.22267896577155
E20 17101A0135,1,1,Residential Electrical Permit,0,2026-05-07,2026-05-07,"4108 MERRYFIELD AVE, DAYTON OH 45416-1220 United States",39.799186443218495,-84.25640828023694
E20 17102 0180,1,1,Residential Mechanical Permit,0,2026-04-20,2026-04-20,"4513 CARDINAL FLOWER, DAYTON OHIO 45404",,
E20 17102B0022,1,1,Residential Electrical Permit,0,2026-02-18,2026-02-18,"2210 Rustic RD, DAYTON OH 45405-3238",39.78762688544399,-84.22146134611253
E20 17105A0090,1,1,Residential Mechanical Permit,0,2026-05-22,2026-05-22,"808 OLYMPIAN CIR, DAYTON OH 45417-8836 United States",39.73462928691914,-84.27294809720493
E20 17309 0002,1,1,Commercial Electrical Permit,0,2026-02-02,2026-02-02,"1917 W GRAND AVE, DAYTON OH 45402-5728 United States",39.767021450694095,-84.22859499457502
E20 17310 0046,1,1,Commercial Building Permit,0,2026-04-27,2026-04-27,"520 E THIRD ST, DAYTON OH 45402-5101 United States",39.76054871151604,-84.1840466050636
E20 17312 0095,1,1,Residential Mechanical Permit,0,2026-03-24,2026-03-24,"1728 SALEM AVE, DAYTON OH 45406 United States",39.780044390167696,-84.22248394870216
E20 17416 0002,1,1,Residential Building Permit,5,2026-06-24,2026-06-24,"2654 N GETTYSBURG AVE, DAYTON OH 45406-1710 United States",39.79412457157825,-84.25356827765926
E20 17506 0025,1,1,Residential Mechanical Permit,0,2026-04-21,2026-04-21,"212 Fountain AVE, 214, DAYTON OH 45405-3930",39.777852730218626,-84.21110261456062
E20 17506 0041,1,1,Residential Gas Permit,0,2026-01-14,2026-01-14,"1027 SUPERIOR AVE, DAYTON OH 45402-6253 United States",39.765715610622934,-84.21863927977515
E20 17507 0048,1,1,Residential Mechanical Permit,0,2026-06-02,2026-06-02,"5303 KITRIDGE RD, DAYTON OH 45424",39.825054391956805,-84.10785531903572
E20 17507 0102,1,1,Residential Mechanical Permit,0,2026-02-09,2026-02-09,"1145 PURSELL AVE, DAYTON OH 45420-1942 United States",39.74388760811067,-84.15068399310438
E20 17516 0011,1,1,Residential Mechanical Permit,0,2026-03-16,2026-03-16,"1720 W First St, Dayton OH 45402",39.7560866060584,-84.22414572899646
E20 17612 0007,1,1,Residential Mechanical Permit,0,2026-01-02,2026-01-02,"421 S SMITHVILLE RD, DAYTON OH 45403-3151 United States",39.75886739286687,-84.1386625521967
E20 17702 0024,2,1,Residential Mechanical Permit,0,2026-06-18,2026-06-22,"2323 LAKEVIEW AVE, DAYTON OH 45417-3635 United States",39.742716629666695,-84.23277623161613
E20 18003 0057,1,1,Residential Mechanical Permit,0,2026-03-12,2026-03-12,"136 ASHWOOD AVE, DAYTON OH 45405-2642 United States",39.797553471586696,-84.21281471120817
E20 18010 0003,1,1,Residential Mechanical Permit,0,2026-02-05,2026-02-05,"4418 WATER WILLOW DR, DAYTON OHIO 45404",,
E20 18016 0009,1,1,Residential Mechanical Permit,0,2026-04-24,2026-04-24,"1769 KING AVE, DAYTON OH 45420-2444 United States",39.74148626742534,-84.1472838005829
E20 18108 0010,1,1,Residential Electrical Permit,0,2026-05-15,2026-05-15,"115 VICTOR AVE, DAYTON OH 45405-3746 United States",39.77918143055458,-84.21112102415002
E20 19009 0008,1,1,Residential Mechanical Permit,0,2026-03-27,2026-03-27,"1320 W First ST, DAYTON OH 45402-6633",39.7575776617895,-84.2152175848645
E20 19201 0007,1,1,Residential Mechanical Permit,0,2026-04-28,2026-04-28,"1720 LEO, DAYTON OH",,
E20 24108 0001,3,3,Commercial Building Permit,0,2026-02-27,2026-04-10,"4909 HOOVER AVE, DAYTON OH 45417 United States",39.761561157789686,-84.2706749233242
E20 24114 0007,1,1,Residential Electrical Permit,0,2026-01-21,2026-01-21,"203 ALASKA ST, DAYTON OH 45404-1942 United States",39.77804386132942,-84.1687774633834
E20 24114 0013,1,1,Residential Mechanical Permit,0,2026-02-09,2026-02-09,"2520 BRIDGEPORT DR, DAYTON OH 45406-1432 United States",39.79411232998774,-84.25987188237902
E20 24122 0005,1,1,Commercial Mechanical Permit,0,2026-01-14,2026-01-14,"424 GUNCKEL AVE, DAYTON OH 45410-2012 United States",39.74305598460502,-84.16452585207739
E20 24218 0012,2,2,Residential Electrical Permit,0,2026-02-24,2026-06-08,"1818 MALVERN AVE, DAYTON OH 45406-4447 United States",39.78156581838307,-84.22879579193722
E20 24401 0011,1,1,Residential Mechanical Permit,0,2026-04-29,2026-04-29,"506 BURKHARDT AVE, DAYTON OH 45403-2708 United States",39.76071776703882,-84.14748224649992
E20 24402 0003,1,1,Residential Building Permit,33719,2026-05-13,2026-05-13,"911 BURLEIGH AVE, DAYTON OH 45402-5208 United States",39.7639885255024,-84.24644822327815
E20 24424 0001,1,1,Commercial Electrical Permit,0,2026-01-22,2026-01-22,"445 SALEM AVE, DAYTON OH 45406 United States",39.76753992988016,-84.20934169887232
E21 01003 0037,2,1,Commercial Electrical Permit,0,2026-01-20,2026-02-03,"1431 ROSEMONT BLVD, APT/UNIT E, DAYTON OH 45410-3120 United States",39.74723092136431,-84.14178523862037
E21 01004 0043,2,2,Commercial Electrical Permit,0,2026-04-22,2026-06-02,"149 EDISON ST, APT/UNIT 3, DAYTON OH 45402-6600 United States",39.75861360088416,-84.21648254159624
E21 01005B0055,1,1,Residential Electrical Permit,0,2026-01-08,2026-01-08,"4356 WEEPING WILLOW DR, DAYTON OH",,
E21 01010 0032,3,3,Commercial Building Permit,0,2026-02-05,2026-02-18,"1 CHILDRENS PLZ, DAYTON OH 45404 United States",39.774028226896995,-84.16886982183259
E21 01010 0033,1,1,Commercial Building Permit,0,2026-01-23,2026-01-23,"3600 TERMINAL DR, DAYTON OH 45377 United States",39.898604457430565,-84.22130315387628
E21 01010 0044,2,1,Commercial Electrical Permit,0,2026-01-02,2026-02-17,"4630 MIDWAY AVE, DAYTON OH 45417-1354 United States",39.75056679694319,-84.26383425987117
E21 01010 0241,5,4,Commercial Electrical Permit,0,2026-03-06,2026-05-18,"1944 TROY ST, DAYTON OH 45404",39.791173015197515,-84.16558255402462
E21 01103 0002,1,1,Commercial Gas Permit,0,2026-05-21,2026-05-21,"704 ROCKFORD AVE, APT/UNIT 1, DAYTON OH 45405-4030 United States",39.77850485028296,-84.20611867446175
E21 01103 0041,1,1,Commercial Building Permit,0,2026-05-01,2026-05-01,"949 W THIRD ST, DAYTON OH 45402 United States",,
E21 01103 0086,1,1,Commercial Mechanical Permit,0,2026-06-02,2026-06-02,"17 E Fourth ST, DAYTON OH 45402-2101",39.75845352805611,-84.19070706511039
E21 01103 0089,1,1,Commercial Electrical Permit,0,2026-02-19,2026-02-19,"3558 STANFORD PL, DAYTON OH 45406-3634 United States",39.77703459035414,-84.24548710141988
E21 17205 0055,1,1,Residential Mechanical Permit,0,2026-02-02,2026-02-02,"4315 WILLOW HILLS, DAYTON OH",,
E21 17205 0066,1,1,Residential Building Permit,100,2026-04-30,2026-04-30,"2654 N GETTYSBURG AVE, DAYTON OH 45406-1710 United States",39.79412457157825,-84.25356827765926
E21 17206 0107,1,1,Commercial Plumbing Permit,0,2026-01-07,2026-01-07,"4428 N DIXIE DR, DAYTON OH 45414",39.806692503359386,-84.19592100281427
E21 17207 0164,1,1,Residential Electrical Permit,0,2026-03-05,2026-03-05,"25 MARATHON AVE, DAYTON OH 45405-3613 United States",39.782055590016014,-84.2094762569973
E21 17207 0218,1,1,Residential Electrical Permit,0,2026-06-22,2026-06-22,"37 ROCKWOOD AVE, DAYTON OH 45405-4421 United States",39.77031194744131,-84.20626678943059
E21 17207A0061,1,1,Residential Electrical Permit,0,2026-04-10,2026-04-10,"2323 NILL AVE, DAYTON OH 45420-2370 United States",39.73367966153011,-84.14788884465665
E21 17207A0091,1,1,Residential Electrical Permit,0,2026-04-21,2026-04-21,"4647 GREENWICH VILLAGE AVE, DAYTON OH 45406-2411 United States",39.7883128012532,-84.26062577713951
E21 17209 0104,1,1,Residential Electrical Permit,0,2026-03-19,2026-03-19,"2105 RAVENWOOD AVE, DAYTON OH 45406-2907 United States",,
E21 17303 0195,1,1,Residential Electrical Permit,0,2026-01-06,2026-01-06,"1930 WESLEYAN RD, DAYTON OH 45406 United States",39.7844474669959,-84.24351606240094
E21 17303A0059,1,1,Commercial Building Permit,0,2026-01-05,2026-01-05,"1529 Brown ST, DAYTON OH",39.73837258576606,-84.18200426742256
E21 17304 0013,1,1,Residential Building Permit,17100,2026-05-18,2026-05-18,"1903 AUBURN AVE, DAYTON OH 45406",,
E21 17304 0086,1,1,Residential Electrical Permit,0,2026-04-09,2026-04-09,"2026 REVERE AVE, DAYTON OH 45420-1960 United States",39.737984115809326,-84.14929720385005
E21 17306 0122,1,1,Residential Electrical Permit,0,2026-02-12,2026-02-12,"5540 SIGNET DR, DAYTON OH 45424-4544 United States",39.820933045555336,-84.11171485721624
E21 17306 0143,1,1,Residential Mechanical Permit,0,2026-06-12,2026-06-12,"708 SAINT NICHOLAS AVE, DAYTON OH 45410-2520 United States",39.74988678554091,-84.15537213879982
E21 17307 0045,3,3,Residential Electrical Permit,0,2026-01-02,2026-05-06,"2717 E FOURTH ST, APT/UNIT 2, DAYTON OH 45403-2113 United States",39.76384721810373,-84.15337338990709
E21 17307 0127,1,1,Residential Electrical Permit,0,2026-06-23,2026-06-23,"3117 CORNELL DR, DAYTON OH 45406-4109 United States",39.776525606136104,-84.24002258289603
E21 17307 0172,1,1,Residential Electrical Permit,0,2026-06-15,2026-06-15,"224 RAVELLE CT, DAYTON OH 45420-1894 United States",39.737002836507884,-84.16316078712114
E21 17307 0243,1,1,Commercial Mechanical Permit,0,2026-03-04,2026-03-04,"5067 NORRIS DR, DAYTON OH 45414-3709 United States",39.820214423998,-84.20547792290847
E21 17404 0030,3,3,Residential Electrical Permit,0,2026-01-16,2026-05-29,"1344 W FIRST ST, DAYTON OH 45402 United States",39.75743607078305,-84.21609577761123
E21 17407 0066,1,1,Residential Mechanical Permit,0,2026-05-07,2026-05-07,"1839 SPEICE AVE, DAYTON OH 45403-3134 United States",39.759275981774564,-84.13202229567428
E21 17408 0011,1,1,Residential Gas Permit,0,2026-02-12,2026-02-12,"11 S IRWIN ST, DAYTON OH 45403",39.76581935077774,-84.15111192386857
E21 17408 0141,1,1,Residential Gas Permit,0,2026-02-23,2026-02-23,"1830 KIPLING DR, DAYTON OH 45406 United States",39.782068253815794,-84.24231413178883
E21 17410 0044,1,1,Residential Building Permit,9500,2026-01-23,2026-01-23,"4382 WEEPING WILLOW DR, DAYTON OH 45404 United States",,
E21 17410 0047,1,1,Commercial Gas Permit,0,2026-06-08,2026-06-08,"40 S MAIN ST, DAYTON OH 45402 United States",39.75858596717528,-84.19123324009236
E21 17411 0053,1,1,Commercial Electrical Permit,0,2026-01-23,2026-01-23,"2616 NEWPORT AVE, APT/UNIT 6, DAYTON OH 45405-3157 United States",39.788887562921246,-84.21038778297823
E21 17602A0084,1,1,Residential Gas Permit,0,2026-03-06,2026-03-06,"1861 Emerson AVE, DAYTON OH 45406-4802",39.782477796849825,-84.22337332714355
E21 17604 0051,1,1,Residential Building Permit,30000,2026-04-20,2026-04-20,"628 HICKORY ST, DAYTON OH 45410-1235 United States",39.752453055410506,-84.17856619864675
E21 17604A0036,1,1,Residential Electrical Permit,0,2026-04-29,2026-04-29,"1701 W SECOND ST, DAYTON OH 45402 United States",39.75558863670253,-84.2233423311234
E21 17608 0005,1,1,Commercial Electrical Permit,0,2026-03-18,2026-03-18,"451 W THIRD ST, DAYTON OH 45402-1447 United States",39.75866421736068,-84.20042098208506
E21 19004 0018,1,1,Residential Electrical Permit,0,2026-05-05,2026-05-05,"2360 FAUVER AVE, DAYTON OH 45420-2525 United States",39.732215841807324,-84.14186190870404
E21 19005 0012,2,2,Residential Electrical Permit,0,2026-02-24,2026-05-15,"2110 WAYNE AVE, DAYTON OH 45410-2137 United States",39.74140885189476,-84.16496605078117
E21 24101 0003,1,1,Residential Electrical Permit,0,2026-03-03,2026-03-03,"4382 WEEPING WILLOW DR, DAYTON OH 45404 United States",,
E21 24107 0024,2,2,Residential Electrical Permit,0,2026-01-22,2026-03-03,"931 W THIRD ST, DAYTON OH 45402 United States",39.83199964335536,-84.09859476009999
E21 24118 0009,1,1,Commercial Electrical Permit,0,2026-04-27,2026-04-27,"4115 FREE PIKE, APT/UNIT 19, DAYTON OH 45416-1240 United States",39.798233213697486,-84.25643766210801
E21 24408 0001,1,1,Commercial Electrical Permit,0,2026-03-30,2026-03-30,"1501 Riverside DR, DAYTON OH 45405-4110",39.77864754212861,-84.20159914369935
E21 24411 0007,1,1,Commercial Electrical Permit,0,2026-04-15,2026-04-15,"3498 OLD SPRINGFIELD RD, DAYTON OH",,
F22 01307 0024,1,1,Residential Electrical Permit,0,2026-04-10,2026-04-10,"822 SUNLIGHT AVE, DAYTON OH 45417-9255 United States",39.760076097155306,-84.2708951806215
F22 01401 0037,1,1,Residential Electrical Permit,0,2026-06-25,2026-06-25,"153 N Garland AVE, DAYTON OH 45403-1717",39.76983778535539,-84.14543847349351
F22 01408 0038,1,1,Residential Building Permit,10000,2026-06-23,2026-06-23,"4625 BLUE IRIS DR, DAYTON OH 45404",,
F22 01409 0003,2,2,Residential Electrical Permit,0,2026-01-02,2026-04-13,"400 BURLEIGH AVE, DAYTON OH 45417-1634 United States",39.75645276840241,-84.24578980415247
F22 01411 0046,1,1,Residential Electrical Permit,0,2026-06-12,2026-06-12,"2035 WESLEYAN RD, DAYTON OH 45406-3836 United States",39.78633748006558,-84.24400829195882
F22 01411 0075,1,1,Residential Electrical Permit,0,2026-06-23,2026-06-23,"1257 ALWILDY AVE, DAYTON OH 45417-3950 United States",39.73866331763545,-84.21342333514099
F22 01501 0019,1,1,Residential Building Permit,40000,2026-06-22,2026-06-22,"1121 W FAIRVIEW AVE, DAYTON OH 45406-2811 United States",39.787528034307776,-84.22891169955837
F22 01501 0040,1,1,Residential Electrical Permit,0,2026-06-12,2026-06-12,"21 LIVINGSTON AVE, DAYTON OH 45403-2937 United States",39.75757879737608,-84.14888444374286
F22 01511 0012,2,2,Residential Electrical Permit,0,2026-04-10,2026-04-30,"412 N BROADWAY ST, DAYTON OH 45402-6614 United States",39.760028730438954,-84.21472784586639
F23 00102 0018,1,1,Residential Electrical Permit,0,2026-03-10,2026-03-10,"500 NIAGARA AVE, DAYTON OH 45405-3742 United States",39.77978329669574,-84.21839202478887
F23 00104 0060,5,4,Permit Revision,0,2026-03-02,2026-05-08,"40 N Main ST, DAYTON OH 45423-1021",39.76070865238252,-84.19178995969571
F23 00107 0017,1,1,Residential Electrical Permit,0,2026-01-20,2026-01-20,"1567 EARLHAM DR, DAYTON OH 45406-4734 United States",39.77583171535888,-84.23071031777262
F24 00101 0016,1,1,Commercial Building Permit,0,2026-04-24,2026-04-24,"1 WYOMING ST, DAYTON OH 45409 United States",39.745718250758195,-84.1865388265835
F24 00101 0091,2,2,Residential Electrical Permit,0,2026-02-19,2026-02-20,"19 ANDREWS ST, DAYTON OH 45410-1913 United States",39.75091434881289,-84.16422910393351
F24 00102 0166,1,1,Residential Electrical Permit,0,2026-04-15,2026-04-15,"30 BRENNER AVE, DAYTON OH 45403-1122 United States",39.76603400121489,-84.16413839562972
F24 00205 0035,1,1,Residential Building Permit,11486,2026-05-22,2026-05-22,"1715 SHAFTESBURY RD, DAYTON OH 45406-3942 United States",39.78013249904605,-84.24083509925508
F24 00210 0025,1,1,Commercial Electrical Permit,0,2026-02-26,2026-02-26,"130 XENIA AVE, DAYTON OH 45410-1538 United States",39.75225986432249,-84.17442090244775
F24 00210 0064,1,1,Commercial Building Permit,0,2026-04-16,2026-04-16,"371 W Second ST, DAYTON OH",39.760209025680545,-84.19898220027287
F24 00310 0019,1,1,Residential Mechanical Permit,0,2026-06-16,2026-06-16,"4236 COACH LIGHT TRL, DAYTON OH 45424-8039 United States",39.8050886009236,-84.10743930060434
F25 01301 0010,1,1,Residential Mechanical Permit,0,2026-03-02,2026-03-02,"109 E Foraker AVE, DAYTON OH 45409-2920",39.747266288384374,-84.18676837303352
F25 01302 0138,1,1,Residential Mechanical Permit,0,2026-01-22,2026-01-22,"4682 HEDGEWOOD AVE, DAYTON OH 45406-1339 United States",39.79202826627332,-84.26206163347285
F25 01302 0144,1,1,Residential Electrical Permit,0,2026-01-09,2026-01-09,"4413 CORINTH DR, DAYTON OH 45410-3474 United States",39.74243358958057,-84.13220415278538
F25 01306 0022,2,2,Residential Electrical Permit,0,2026-02-11,2026-03-04,"130 DRUMMER AVE, DAYTON OH 45403-2427 United States",39.756573390061206,-84.16904947734444
F25 01309 0052,1,1,Residential Electrical Permit,0,2026-06-22,2026-06-22,"6950 BLUEBIRD DR, DAYTON OH 45424",,
F25 01312 0009,1,1,Residential Mechanical Permit,0,2026-06-26,2026-06-26,"2206 DELLA DR, DAYTON OH 45417",,
G27 01602 0163,2,2,Commercial Building Permit,0,2026-04-14,2026-05-04,"314 VERMONT AVE, 316, DAYTON OH 45404",39.7765542939437,-84.18515731867454
G27 01604 0065,1,1,Residential Building Permit,116511,2026-04-08,2026-04-08,"369 GENEVA RD, DAYTON OH 45417-1367 United States",39.75301656046059,-84.2605238067652
G27 01608 0045,1,1,Residential Electrical Permit,0,2026-03-19,2026-03-19,"2103 RAVENWOOD AVE, DAYTON OH 45406 United States",39.78588042227781,-84.22702277633012
G27 01610 0069,1,1,Residential Electrical Permit,0,2026-06-03,2026-06-03,"2536 LYNN AVE, DAYTON OH 45406",39.79398649665653,-84.23130380749672
G27 01610 0131,1,1,Residential Building Permit,150000,2026-05-19,2026-05-19,"10 S JERSEY ST, DAYTON OH 45403-2136 United States",39.76543756052813,-84.15302248289004
G27 01703 0003,1,1,Residential Mechanical Permit,0,2026-04-30,2026-04-30,"4504 Cardinal Flower DR, Miamisburg OH 45342",,
G27 01706 0003,1,1,Residential Electrical Permit,0,2026-04-24,2026-04-24,"1318 LAMAR ST, DAYTON OH 45404-1739 United States",39.78074629434977,-84.17584581161701
G27 01707 0031,1,1,Residential Electrical Permit,0,2026-04-14,2026-04-14,"1710 FAUVER AVE, DAYTON OH 45420-2503 United States",39.74237733258666,-84.14093112532102
G27 01707 0034,2,1,Residential Building Permit,44144,2026-03-04,2026-03-04,"4428 ACCLIVIS LN, DAYTON OH 45424-5189 United States",39.805111432033584,-84.10357373380381
G27 01709 0028,1,1,Residential Mechanical Permit,0,2026-03-17,2026-03-17,"41 POINTVIEW AVE, DAYTON OH 45405-2802 United States",39.79310183579748,-84.21361288798981
G27 01711 0048,1,1,Commercial Electrical Permit,0,2026-03-30,2026-03-30,"1501 Riverside DR, DAYTON OH 45405-4110",39.77864754212861,-84.20159914369935
G27 01810 0034,1,1,Residential Electrical Permit,0,2026-06-16,2026-06-16,"2107 RIVERSIDE DR, DAYTON OH 45405-3521 United States",39.785108633610776,-84.20497787818677
G27 01810 0050,1,1,Residential Mechanical Permit,0,2026-04-21,2026-04-21,"545 WESTWOOD AVE, DAYTON OH 45417-1530 United States",39.76067608882504,-84.24153733834522
G27 01811 0036,1,1,Commercial Electrical Permit,0,2026-02-20,2026-02-20,"241 DEEDS AVE, APT/UNIT 2, DAYTON OH 45404-1785 United States",39.77464719427049,-84.17723633675331
G27 18216 0002,1,1,Residential Mechanical Permit,0,2026-04-23,2026-04-23,"4848 SPARROW DR, DAYTON OH 45424-4519 United States",39.822534487237235,-84.1078706323956
G27 18216 0041,1,1,Residential Building Permit,5121,2026-05-18,2026-05-18,"1830 MALVERN AVE, DAYTON OH 45406-4447 United States",39.78192171011745,-84.22880818080236
G27 18217 0007,1,1,Residential Mechanical Permit,0,2026-05-05,2026-05-05,"2117 AUBURN AVE, DAYTON OH 45406-2913 United States",39.78629578526342,-84.22822347219675
G27 18218 0010,1,1,Residential Mechanical Permit,0,2026-03-03,2026-03-03,"1488 BENSON DR, DAYTON OH 45406-4609 United States",39.77616242375428,-84.231558335833
G27 18219 0024,1,1,Residential Building Permit,2585,2026-06-23,2026-06-23,"145 RITA ST, DAYTON OH 45404-2057 United States",39.77899709035313,-84.16739817731823
G27 18303 0002,1,1,Commercial Electrical Permit,0,2026-04-15,2026-04-15,"3240 Valerie Arms DR, UNIT 615, DAYTON OH 45405-2111",39.801154980393,-84.2406166185807
G27 18306 0001,1,1,Residential Building Permit,1500,2026-05-04,2026-05-04,"949 W THIRD ST, DAYTON OH 45402 United States",,
G27 18312 0003,1,1,Residential Electrical Permit,0,2026-04-13,2026-04-13,"49 CAMBRIDGE AVE, DAYTON OH 45406-5002 United States",39.7702746257707,-84.21464199648666
G27 18316 0007,1,1,Residential Mechanical Permit,0,2026-04-09,2026-04-09,"1215 Windsor AVE, DAYTON OH 45402-5719",39.76972879043612,-84.2284131154791
G27 18316 0013,1,1,Residential Electrical Permit,0,2026-01-06,2026-01-06,"148 S DUTOIT ST, DAYTON OH 45402-2214 United States",39.76023369132917,-84.17384401806564
G27 24507 0004,1,1,Residential Mechanical Permit,0,2026-01-08,2026-01-08,"4527 PRESCOTT AVE, DAYTON OH 45406-2439 United States",39.78663476701883,-84.25827354336609
G27 24507 0010,2,2,Residential Electrical Permit,0,2026-01-28,2026-04-29,"1329 W First ST, DAYTON OH 45402",39.75776732476367,-84.21558853568928
G27 24514 0064,1,1,Residential Electrical Permit,0,2026-06-11,2026-06-11,"3911 CAIN CT, DAYTON OH 45417-4311 United States",39.72900273508397,-84.24999921073655
G27 24515 0024,1,1,Residential Electrical Permit,0,2026-06-09,2026-06-09,"4632 PRESCOTT AVE, DAYTON OH 45406-2440 United States",39.78629725122449,-84.26045027624727
G28 18206 0018,1,1,Residential Electrical Permit,0,2026-01-21,2026-01-21,"708 CLEVERLY RD, DAYTON OH 45417-1211 United States",39.755947367710355,-84.26100696559419
G28 18207 0003,1,1,Commercial Electrical Permit,0,2026-03-25,2026-03-25,"1610 WOODMAN DR, APT/UNIT C7, DAYTON OH 45432-3353 United States",39.7339784751937,-84.12140474877486
G28 18308 0067,1,1,Residential Electrical Permit,0,2026-01-06,2026-01-06,"50 THORPE DR, DAYTON OH 45420-1824 United States",39.7317968380882,-84.15735371714398
G29 18204A0049,1,1,Commercial Electrical Permit,0,2026-03-18,2026-03-18,"3604 N MAIN ST, DAYTON OH 45405",39.798890512373106,-84.21760826731605
G31 01606 0004,1,1,Commercial Building Permit,0,2026-02-13,2026-02-13,"300 COLLEGE PARK AVE, DAYTON OH 45469 United States",39.74010674659607,-84.1799867581776
H33 00104 0004,1,1,Residential Mechanical Permit,0,2026-04-08,2026-04-08,"39 E MAPLEWOOD AVE, DAYTON OH 45405-2834 United States",39.79220509941575,-84.21327544951431
H33 00110 0014,1,1,Residential Mechanical Permit,0,2026-05-14,2026-05-14,"912 ANGIER DR, DAYTON OH",,
H33 00112 0002,1,1,Residential Mechanical Permit,0,2026-06-24,2026-06-24,"2228 WAYNE AVE, DAYTON OH 45410-2139 United States",39.74024407155221,-84.16346218323724
H33 00114 0016,1,1,Residential Mechanical Permit,0,2026-05-07,2026-05-07,"3479 SEABOARD DR, DAYTON OH 45414",39.820553258304116,-84.16109026705392
H33 00209 0026,3,2,Residential Electrical Permit,200000,2026-03-11,2026-05-08,"6665 Chickadee DR, DAYTON OH 45458",39.76285054005131,-84.16286336843591
H33 00210 0002,1,1,Residential Electrical Permit,0,2026-04-24,2026-04-24,"220 BURNS AVE, DAYTON OH 45402 United States",,
H33 00213 0015,1,1,Residential Electrical Permit,0,2026-02-20,2026-02-20,"1921 Tuttle AVE, DAYTON OH 45403-3431",39.75389446215779,-84.13122035393424
H33 00214 0014,3,2,Commercial Electrical Permit,0,2026-03-20,2026-05-06,"13 KNECHT DR, DAYTON OH 45405-2704 United States",39.79447646166527,-84.21536949838999
H33 00303 0041,1,1,Residential Electrical Permit,0,2026-05-06,2026-05-06,"1035 N GETTYSBURG AVE, DAYTON OH 45417-1566 United States",39.75968042378134,-84.25359804305347
H33 00305 0058,1,1,Residential Electrical Permit,0,2026-06-09,2026-06-09,"1029 CUMBERLAND AVE, DAYTON OH 45406-4956 United States",39.77856587614224,-84.22145095348101
H33 00305 0074,1,1,Residential Electrical Permit,0,2026-06-02,2026-06-02,"2217 NILL AVE, DAYTON OH 45420-2368 United States",39.735259634373755,-84.1474211829501
H33 00306 0096,1,1,Commercial Mechanical Permit,0,2026-01-21,2026-01-21,"521 Wayne AVE, DAYTON OH 45410",39.75506108211943,-84.18032237673896
H33 00308 0007,1,1,Residential Electrical Permit,0,2026-04-23,2026-04-23,"325 OAK ST, DAYTON OH 45410-1335 United States",39.7476250533546,-84.18034940537298
H33 00309 0012,1,1,Residential Mechanical Permit,0,2026-04-09,2026-04-09,"6698 LEXINGTON PL N, DAYTON OH 45424-4275 United States",39.83026966027825,-84.09760064680114
H33 00401 0040,1,1,Residential Mechanical Permit,0,2026-03-02,2026-03-02,"3738 KINGS HWY, DAYTON OH 45406-3504 United States",39.783153343582036,-84.24523114808377
H33 00415 0006,1,1,Residential Electrical Permit,0,2026-02-05,2026-02-05,"930 FIVE OAKS AVE, DAYTON OH 45406-5224 United States",39.77162960318473,-84.21267911211157
H33 00415 0013,1,1,Residential Electrical Permit,0,2026-03-23,2026-03-23,"1328 WAKEFIELD AVE, DAYTON OH 45406-2925 United States",39.786292610053,-84.23149696604105
H33 00416 0043,1,1,Commercial Electrical Permit,0,2026-02-09,2026-02-09,"4115 FREE PIKE, APT/UNIT 5, DAYTON OH 45416-1240 United States",39.798233213697486,-84.25643766210801
H33 00418 0004,1,1,Residential Mechanical Permit,0,2026-04-13,2026-04-13,"1501 Riverside DR, DAYTON OH 45405-4110",39.77864754212861,-84.20159914369935
H33 00419 0008,1,1,Residential Mechanical Permit,0,2026-01-06,2026-01-06,"1545 TAMPA AVE, DAYTON OH 45417-3851 United States",39.74033793290099,-84.22167340574396
H33 00501 0039,1,1,Residential Mechanical Permit,0,2026-06-01,2026-06-01,"220 FOUNTAIN AVE, DAYTON OH 45405-3930 United States",39.77783729110262,-84.21140471956667
H33 00509 0006,1,1,Residential Electrical Permit,0,2026-04-21,2026-04-21,"174 BALTIMORE ST, DAYTON OH 45404-1902 United States",39.77981320097248,-84.17043549983521
H33 00510 0032,2,1,Residential Mechanical Permit,0,2026-04-21,2026-04-30,"2025 PHILADELPHIA DR, DAYTON OH 45406-2721 United States",39.78451117481315,-84.2351647291541
H33 00514 0077,1,1,Commercial Mechanical Permit,0,2026-01-13,2026-01-13,"438 E FIFTH ST, DAYTON OH 45402-2912 United States",39.757046504348274,-84.184507686317
H33 00514 0078,2,1,Commercial Building Permit,0,2026-03-30,2026-04-24,"5 W MONUMENT AVE, DAYTON OH 45402-1201 United States",39.76388819636548,-84.19331520753897
H33 00518 0001,1,1,Residential Electrical Permit,0,2026-06-24,2026-06-24,"4504 Cardinal Flower DR, Miamisburg OH 45342",,
H33 00603 0032,1,1,Residential Electrical Permit,0,2026-03-11,2026-03-11,"1120 YORKSHIRE PL, DAYTON OH 45419-2847 United States",39.71732924427368,-84.15501873285885
H33 00620 0005,1,1,Residential Mechanical Permit,0,2026-04-09,2026-04-09,"1322 SCHAEFFER ST, DAYTON OH 45404-1763 United States",39.781487838524725,-84.17564301688296
H33 00715 0028,1,1,Residential Mechanical Permit,0,2026-03-04,2026-03-04,"104 SANDHURST DR, DAYTON OH 45405-2410 United States",39.79933077599731,-84.21538583419168
H33 00804 0004,1,1,Commercial Building Permit,0,2026-02-24,2026-02-24,"13 N WILLIAMS ST, DAYTON OH 45402-6813 United States",39.75661702785248,-84.21201131015555
H33 00819 0007,1,1,Residential Electrical Permit,0,2026-03-03,2026-03-03,"935 W THIRD ST, DAYTON OH 45402 United States",,
H33 00919 0009,4,3,Residential Electrical Permit,10000,2026-02-05,2026-06-08,"4062 MIDDLEHURST LN, DAYTON OH 45406-3425 United States",39.78758027171316,-84.25033554477183
H33 01021 0001,1,1,Commercial Electrical Permit,0,2026-03-12,2026-03-12,"3546 DELPHOS AVE, DAYTON OH 45417-1644 United States",39.7557749408321,-84.24833778336728
H33 01106 0015,1,1,Residential Building Permit,13000,2026-05-08,2026-05-08,"563 GREENLAWN AVE, DAYTON OH 45403-3010 United States",39.756155365392715,-84.14408375084349
H33 01202 0014,1,1,Residential Electrical Permit,0,2026-06-08,2026-06-08,"1916 MALVERN AVE, DAYTON OH 45406-4449 United States",39.782562351077466,-84.22880985285065
H33 01208 0024,2,2,Residential Electrical Permit,0,2026-01-13,2026-02-10,"1520 KUMLER AVE, DAYTON OH 45406-5933 United States",39.77590204432221,-84.22334230762583
H33 01211 0021,1,1,Residential Electrical Permit,0,2026-01-23,2026-01-23,"65 George ST, DAYTON OH 45410-1513",39.7533900118263,-84.17161995543013
H33 01211 0022,1,1,Residential Electrical Permit,0,2026-05-06,2026-05-06,"109 E FORAKER AVE, DAYTON OH 45409-2920 United States",39.747266288384374,-84.18676837303352
H33 01212 0003,1,1,Residential Electrical Permit,0,2026-03-11,2026-03-11,"715 GONDERT AVE, DAYTON OH 45403-3325 United States",39.754921557655344,-84.14121938744462
H33 01213 0022,1,1,Residential Electrical Permit,0,2026-04-29,2026-04-29,"1622 W FIRST ST, DAYTON OH 45402 United States",39.756471592184816,-84.22195803539347
H33 01213 0040,1,1,Residential Mechanical Permit,0,2026-03-10,2026-03-10,"2302 W SECOND ST, DAYTON OH 45417-2427 United States",39.75431507157108,-84.2320329158116
H33 01220 0024,1,1,Residential Mechanical Permit,0,2026-03-16,2026-03-16,"1628 W First St, Dayton OH 45402",39.756438226493074,-84.22216025679641
H33 01223 0063,1,1,Residential Mechanical Permit,0,2026-05-21,2026-05-21,"110 OTTERBEIN AVE, DAYTON OH 45406-4551 United States",39.78082555965857,-84.22593039206018
H33 01308 0004,1,1,Residential Mechanical Permit,0,2026-04-13,2026-04-13,"1919 PATTERSON RD, DAYTON OH 45420-3026 United States",39.72347644004889,-84.13575348973323
H33 01316 0004,1,1,Residential Mechanical Permit,0,2026-01-12,2026-01-12,"1219 HARVARD BLVD, DAYTON OH 45406-5928 United States",39.77344379923261,-84.21910038208999
H33 01316 0018,1,1,Residential Electrical Permit,0,2026-06-12,2026-06-12,"129 KASTNER AVE, DAYTON OH 45410-1517 United States",39.753738831382,-84.17468409483986
H33 01321 0049,2,2,Residential Building Permit,89000,2026-04-29,2026-05-04,"945 W THIRD ST, DAYTON OH 45402 United States",39.75733492544659,-84.21665379255218
H33 01402 0023,1,1,Residential Mechanical Permit,0,2026-02-19,2026-02-19,"4913 W THIRD ST, DAYTON OH 45417-9047 United States",39.747386980346356,-84.26638960663546
H33 01404 0003,1,1,Residential Electrical Permit,0,2026-04-17,2026-04-17,"2317 RUSTIC RD, DAYTON OH 45406-2137 United States",39.78902551552506,-84.22232519807487
H33 01405 0008,1,1,Residential Mechanical Permit,0,2026-02-11,2026-02-11,"67 BURLINGTON AVE, DAYTON OH 45403-1119 United States",39.767067247318955,-84.16292127246908
H33 01407 0009,1,1,Residential Mechanical Permit,0,2026-04-30,2026-04-30,"3919 WHITE SPRUCE CIR, DAYTON OH 45424-4889 United States",39.819322426660484,-84.1202801849316
H33 01414 0007,1,1,Residential Mechanical Permit,0,2026-03-20,2026-03-20,"2053 LITCHFIELD AVE, DAYTON OH 45406-3813 United States",39.78694291723038,-84.2396742049524
H33 01414 0014,1,1,Residential Mechanical Permit,0,2026-03-26,2026-03-26,"409 COLLEGE PARK AVE, DAYTON OH 45409-2627 United States",39.739739641126526,-84.18050078777306
H33 01509 0013,1,1,Residential Electrical Permit,0,2026-04-24,2026-04-24,"216 BURNS AVE, DAYTON OH 45402 United States",,
H33 01511 0018,1,1,Residential Electrical Permit,0,2026-04-07,2026-04-07,"2206 DELLA DR, DAYTON OH",,
H33 01512 0010,1,1,Residential Electrical Permit,0,2026-01-23,2026-01-23,"49 WOODCREST AVE, DAYTON OH 45405-3247 United States",39.78633394828178,-84.21545371443665
H33 01603 0029,1,1,Residential Electrical Permit,0,2026-02-26,2026-02-26,"749 LA SALLE DR, DAYTON OH 45417-3522 United States",39.736962957973155,-84.24853105045774
H33 01604 0001,1,1,Commercial Electrical Permit,0,2026-02-18,2026-02-18,"1141 BROWN ST, DAYTON OH 45409-2603 United States",39.74238388773345,-84.18259902372532
H33 01608 0011,1,1,Residential Mechanical Permit,0,2026-02-25,2026-02-25,"3470 BERRYWOOD DR, DAYTON OH 45424 United States",39.812193651871986,-84.12401644030993
H33 01613 0005,1,1,Residential Electrical Permit,0,2026-04-29,2026-04-29,"223 N BROADWAY ST, DAYTON OH 45402 United States",39.75839569483788,-84.21485941204628
H33 01613 0009,1,1,Residential Electrical Permit,0,2026-06-29,2026-06-29,"1211 DONALD AVE, DAYTON OH 45420-2221 United States",39.72783190484466,-84.14549250056405
H33 01615 0001,1,1,Commercial Electrical Permit,0,2026-05-08,2026-05-08,"607 W FAIRVIEW AVE, APT/UNIT 4, DAYTON OH 45405-3200 United States",39.78660643023204,-84.22214082801135
H33 01619 0004,1,1,Commercial Building Permit,0,2026-04-02,2026-04-02,"10 ABBEY AVE, DAYTON OH 45417 United States",39.75133907964575,-84.23968819163089
H33 01620 0002,2,1,Commercial Electrical Permit,0,2026-02-05,2026-02-26,"124 XENIA AVE, DAYTON OH 45410-1538 United States",39.75235525150715,-84.174423077547
H33 01622 0001,13,3,Commercial Electrical Permit,0,2026-01-08,2026-04-21,"544 BRANDT ST, APT/UNIT A, DAYTON OH 45404-2293 United States",39.78431813321521,-84.16085255117169
H33 02103 0096,2,2,Commercial Electrical Permit,0,2026-04-10,2026-06-04,"2327 N MAIN ST, DAYTON OH 45405-3470 United States",39.78541467488929,-84.21109973576904
H33 02111 0055,1,1,Commercial Electrical Permit,0,2026-03-06,2026-03-06,"20 Kosmo DR, DAYTON OH 45402-8359",39.750612180797624,-84.2114298331064
H33 02208 0030,1,1,Residential Mechanical Permit,0,2026-02-19,2026-02-19,"570 GRAMONT AVE, DAYTON OH 45402-5521 United States",39.7634033250312,-84.23725061529845
H33 02209 0003,1,1,Residential Mechanical Permit,0,2026-02-24,2026-02-24,"4704 AMESBOROUGH RD, DAYTON OH 45420-3352 United States",39.72927314654167,-84.12766071878247
H33 02210 0103,1,1,Residential Mechanical Permit,0,2026-03-30,2026-03-30,"2109 CATALPA DR, DAYTON OH 45406-3040 United States",39.786013463720394,-84.2258596279023
H33 02301 0018,1,1,Residential Mechanical Permit,0,2026-04-06,2026-04-06,"1047 PATTERSON RD, DAYTON OH 45420-1563 United States",39.724307840158936,-84.15043545585993
H33 02301 0110,1,1,Commercial Electrical Permit,0,2026-04-23,2026-04-23,"1038 S SMITHVILLE RD, DAYTON OH 45403 United States",39.75274623908877,-84.13704739261387
H33 02301 0112,1,1,Residential Electrical Permit,0,2026-03-12,2026-03-12,"1257 ROSEDALE DR, DAYTON OH 45402-5711 United States",39.770499843608334,-84.22695909411617
H33 02304 0087,1,1,Residential Electrical Permit,0,2026-04-10,2026-04-10,"1633 XENIA AVE, DAYTON OH 45410-2418 United States",39.75321741708653,-84.15343424051763
H33 02305 0024,1,1,Residential Building Permit,30884,2026-06-24,2026-06-24,"945 TROY ST, DAYTON OH 45404-1854 United States",39.78200063857998,-84.17415352130793
H33 50012 0008,1,1,Residential Mechanical Permit,0,2026-02-25,2026-02-25,"1106 XENIA AVE, DAYTON OH 45410-2237 United States",39.75268162834414,-84.1604365194438
H33 50203 0007,2,2,Commercial Electrical Permit,0,2026-04-07,2026-04-10,"2327 N MAIN ST, DAYTON OH 45405-3470 United States",39.78541467488929,-84.21109973576904
H33201706 0009,1,1,Residential Building Permit,87990,2026-04-20,2026-04-20,"1648 PENCE PL, DAYTON OH 45432-3316 United States",39.7343582808844,-84.12272943094048
H33300814 0057,1,1,Residential Electrical Permit,0,2026-01-12,2026-01-12,"1100 OAKDALE AVE, DAYTON OH 45420-1516 United States",39.722658957521205,-84.14859905561718
H33300909 0046,1,1,Residential Electrical Permit,0,2026-03-12,2026-03-12,"669 CLEGG ST, DAYTON OH 45417-4630 United States",39.74000958001841,-84.2058557708901
H33300912 0128,1,1,Residential Building Permit,12250,2026-05-07,2026-05-07,"809 WAYNE AVE, DAYTON OH 45410 United States",39.752677635624025,-84.17783537436323
H33300914 0004,1,1,Commercial Electrical Permit,0,2026-04-06,2026-04-06,"1 CHILDRENS PLZ, DAYTON OH 45404 United States",39.774028226896995,-84.16886982183259
H33301005 0013,1,1,Residential Mechanical Permit,0,2026-01-29,2026-01-29,"1927 BENSON DR, DAYTON OH 45406-4405 United States",39.78278451743595,-84.23291163214056
H33301009 0135,1,1,Residential Electrical Permit,0,2026-06-16,2026-06-16,"2427 MAYFAIR RD, DAYTON OH 45405-2857 United States",39.792021237660045,-84.22101466519213
H33301011 0003,1,1,Residential Mechanical Permit,0,2026-05-21,2026-05-21,"35 VIRGINIA AVE, DAYTON OH 45410-2313 United States",39.745970132789644,-84.16049004011731
H33301011 0067,4,4,Residential Building Permit,10000,2026-01-12,2026-04-23,"1809 W GRAND AVE, 1811, DAYTON OH 45402-5721 United States",39.76702525539729,-84.22703666899116
H33301011 0096,1,1,Residential Mechanical Permit,0,2026-01-13,2026-01-13,"2618 N MAIN ST, DAYTON OH 45405-3001 United States",39.788134494642534,-84.21231258007748
H33301015 0035,1,1,Residential Mechanical Permit,0,2026-04-16,2026-04-16,"687 GREENLAWN AVE, DAYTON OH 45403-3353 United States",39.75347519181976,-84.14379141016502
H33301015 0093,1,1,Residential Electrical Permit,0,2026-05-29,2026-05-29,"127 N HARBINE AVE, DAYTON OH 45403-1318 United States",39.76862784171084,-84.15063323390562
H33301015 0103,1,1,Residential Mechanical Permit,0,2026-02-02,2026-02-02,"4419 WATER WILLOW CT, DAYTON OHIO 45404",,
H33301101 0017,1,1,Residential Electrical Permit,0,2026-03-06,2026-03-06,"4026 LARKSPUR DR, DAYTON OH 45406-3419 United States",39.78597955698038,-84.24904254902155
H33301101 0071,1,1,Residential Gas Permit,0,2026-02-24,2026-02-24,"2045 KIPLING DR, DAYTON OH 45406-3823 United States",39.78673933924477,-84.24302179418535
H33301122 0013,1,1,Residential Electrical Permit,0,2026-06-29,2026-06-29,"2933 HOOVER AVE, DAYTON OH 45402-5540 United States",39.76171353195123,-84.23992416837535
H33301314 0014,1,1,Residential Mechanical Permit,0,2026-03-16,2026-03-16,"1622 W First St, Dayton OH 45402",39.756471592184816,-84.22195803539347
H33301314 0028,2,2,Residential Electrical Permit,0,2026-04-20,2026-04-28,"115 GRAMONT AVE, DAYTON OH 45417-2217 United States",39.75458298549535,-84.23803749806456
H33301314 0037,1,1,Residential Electrical Permit,0,2026-06-25,2026-06-25,"1636 DEWITT DR, DAYTON OH 45406-3107 United States",39.780447838669716,-84.26287550157555
H33302112 0018,1,1,Commercial Electrical Permit,0,2026-05-08,2026-05-08,"1721 RADIO RD, DAYTON OH 45403 United States",39.77347289898905,-84.13684547816834
H33302112 0057,1,1,Commercial Electrical Permit,0,2026-02-02,2026-02-02,"4131 FREE PIKE, APT/UNIT 15, DAYTON OH 45416-1240 United States",39.79822944166529,-84.25687183524197
H33302201 0177,1,1,Commercial Electrical Permit,0,2026-02-03,2026-02-03,"1431 ROSEMONT BLVD, APT/UNIT C, DAYTON OH 45410-3120 United States",39.74723092136431,-84.14178523862037
H33402307 0063,1,1,Residential Mechanical Permit,0,2026-02-03,2026-02-03,"1376 BARTLEY RD, DAYTON OH 45414-2935 United States",39.82826342047437,-84.21010527411252
I39 00104 0014,1,1,Commercial Electrical Permit,0,2026-02-19,2026-02-19,"619 SANDALWOOD DR, DAYTON OH 45405 United States",39.79300044903113,-84.21759865098619
I39 00105 0002,3,3,Commercial Electrical Permit,0,2026-03-30,2026-04-27,"1501 Riverside DR, DAYTON OH 45405-4110",39.77864754212861,-84.20159914369935
I39 00108 0001,1,1,Residential Mechanical Permit,0,2026-06-17,2026-06-17,"809 WAYNE AVE, DAYTON OH 45410 United States",39.752677635624025,-84.17783537436323
I39 00109 0007,1,1,Commercial Electrical Permit,0,2026-03-16,2026-03-16,"3535 MCCAULEY DR, DAYTON OH 45377 United States",39.907202253469805,-84.20790387003704
I39 00114 0018,1,1,Commercial Building Permit,0,2026-05-11,2026-05-11,"1438 N KEOWEE ST, DAYTON OH 45404",39.78422312688959,-84.18868508950544
I39 00114 0046,4,4,Commercial Building Permit,0,2026-03-27,2026-05-01,"2723 JEROME AVE, DAYTON OH 45417-3271 United States",39.74436513544802,-84.23862899751919
I39 00116 0032,1,1,Residential Electrical Permit,0,2026-04-13,2026-04-13,"1210 ARBOR AVE, DAYTON OH 45420-1907 United States",39.74336690067509,-84.15139013443182
I39 00203 0025,1,1,Commercial Electrical Permit,0,2026-05-12,2026-05-12,"544 BRANDT ST, DAYTON OH 45404-2293 United States",39.78431813321521,-84.16085255117169
I39 00203 0055,1,1,Commercial Electrical Permit,0,2026-02-26,2026-02-26,"945 S EDWIN C MOSES BLVD, DAYTON OH 45417-3464 United States",39.74379614473926,-84.19622392564548
I39 00203 0079,1,1,Commercial Electrical Permit,0,2026-03-17,2026-03-17,"6140 RIP RAP RD, DAYTON",,
I39 00309 0010,1,1,Residential Electrical Permit,0,2026-04-24,2026-04-24,"214 BURNS AVE, DAYTON OH 45402 United States",,
I39 00311 0011,1,1,Residential Mechanical Permit,0,2026-06-02,2026-06-02,"1700 XENIA AVE, DAYTON OH 45410-2708 United States",39.75286593950488,-84.15282261484806
I39 00313 0002,1,1,Commercial Electrical Permit,0,2026-02-19,2026-02-19,"1000 LAMAR ST, DAYTON OH 45404 United States",39.7811480540499,-84.18108007541372
I39 00315 0009,1,1,Residential Mechanical Permit,0,2026-05-04,2026-05-04,"41 CONSTANTIA AVE, DAYTON OH 45419-4102 United States",39.733457265576284,-84.16205198103621
I39 00320 0017,1,1,Residential Mechanical Permit,0,2026-04-22,2026-04-22,"2053 CATALPA DR, DAYTON OH 45406-3037 United States",39.78543011174718,-84.22585911740522
I39 00513 0028,1,1,Residential Mechanical Permit,0,2026-02-27,2026-02-27,"411 W HUDSON AVE, DAYTON OH 45406-4833 United States",39.783287401874254,-84.21985578952692
I39 00606 0033,1,1,Residential Electrical Permit,0,2026-04-28,2026-04-28,"4535 VARNEY AVE, DAYTON OH 45420-3136 United States",39.737700572327945,-84.13136419307538
I39 00608 0020,1,1,Residential Building Permit,100,2026-06-16,2026-06-16,"4484 CARDINAL FLOWER DR, DAYTON OH 45404",,
I39 00610 0028,1,1,Residential Building Permit,60000,2026-05-27,2026-05-27,"27 Gebhart ST, DAYTON OH 45410-1718",39.74441862288399,-84.1674459169637
I39 00616 0008,1,1,Residential Electrical Permit,0,2026-04-07,2026-04-07,"2304 DELLA DR, DAYTON OH",,
I39 00704 0028,2,2,Residential Gas Permit,0,2026-01-30,2026-06-30,"74 FOUNTAIN AVE, DAYTON OH 45405-3702 United States",39.77889294574839,-84.20887553260617
I39 00708 0047,1,1,Residential Electrical Permit,0,2026-02-19,2026-02-19,"1944 E Fourth ST, DAYTON OH 45403-1910",39.7615559155273,-84.16546521953332
I39 00711 0033,2,2,Residential Building Permit,8316,2026-02-20,2026-03-12,"4321 WILLOW HILLS DR, DAYTON OH 45404 United States",39.736673342207155,-84.1151653390364
I39 00802 0004,1,1,Permit Revision,0,2026-04-10,2026-04-10,"4710 OLD TROY PIKE, DAYTON OH 45424",39.82265624949803,-84.14435934428226
I39 00810 0003,2,2,Residential Electrical Permit,0,2026-01-30,2026-06-02,"2061 LITCHFIELD AVE, DAYTON OH 45406-3813 United States",39.78717596098794,-84.2396978104772
I39 00814 0026,1,1,Residential Mechanical Permit,0,2026-01-20,2026-01-20,"409 KENILWORTH AVE, DAYTON OH 45405-4039 United States",39.776394293066986,-84.21094225674463
I39 00814 0053,1,1,Residential Mechanical Permit,0,2026-03-30,2026-03-30,"1535 W SECOND ST, DAYTON OH 45402-6727",,
I39 00902 0013,13,1,Commercial Electrical Permit,0,2026-04-02,2026-05-13,"617 W RIVERVIEW AVE, APT/UNIT 402, DAYTON OH 45406-5578 United States",39.76360067336581,-84.20385386724902
I39 00905 0029,1,1,Residential Mechanical Permit,0,2026-06-26,2026-06-26,"1040 BUNCHE AVE, DAYTON OHIO 45417",,
I39 00906 0033,2,1,Residential Electrical Permit,0,2026-06-17,2026-06-17,"1616 Wyoming ST, DAYTON OH 45410-2526",39.74659615642503,-84.15836365079001
I39 00906 0041,1,1,Residential Mechanical Permit,0,2026-06-08,2026-06-08,"221 WATERVLIET AVE, DAYTON OH 45420-2454 United States",39.736640846795645,-84.14877683327596
I39 00909 0043,1,1,Residential Mechanical Permit,0,2026-05-12,2026-05-12,"3516 VIEWEL AVE, DAYTON OH 45414-5336 United States",39.798198414470924,-84.19434876050148
I39 00918 0002,1,1,Commercial Electrical Permit,0,2026-03-17,2026-03-17,"4389 W Third ST, DAYTON OH 45402",39.74883602212424,-84.25842266317747
I39 01003 0024,1,1,Residential Electrical Permit,0,2026-04-08,2026-04-08,"806 GONDERT AVE, DAYTON OH 45403-3328 United States",39.75515236856041,-84.13958130842917
I39 01009 0005,1,1,Residential Building Permit,193000,2026-04-20,2026-04-20,"3822 HOOVER AVE, DAYTON OH 45402-5233 United States",39.761251222843164,-84.2501011022826
I39 01009 0011,1,1,Residential Electrical Permit,0,2026-04-29,2026-04-29,"227 N BROADWAY ST, DAYTON OH 45402 United States",39.758492976542755,-84.21488960068896
I39 01009 0023,1,1,Residential Mechanical Permit,0,2026-04-10,2026-04-10,"1210 SUPERIOR AVE, DAYTON OH 45402-5933 United States",39.76520906201254,-84.22246230859669
I39 01009 0052,1,1,Residential Mechanical Permit,0,2026-02-02,2026-02-02,"1449 ROSEDALE DR, DAYTON OH 45406-4745 United States",39.77510425008896,-84.22679571170406
I39 01013 0028,2,1,Residential Electrical Permit,0,2026-04-06,2026-04-06,"1730 FAUVER AVE, DAYTON OH 45420-2503 United States",39.741833040747025,-84.14097874103135
I39 01013 0029,1,1,Residential Electrical Permit,0,2026-02-12,2026-02-12,"1528 DIETZEN ST, DAYTON OH 45417-4635 United States",39.73556350745149,-84.21415801731483
I39 01022 0001,1,1,Residential Mechanical Permit,0,2026-03-27,2026-03-27,"1356 W First ST, DAYTON OH 45402-6633",39.75735818099574,-84.21653083748943
I39 01108 0015,1,1,Residential Electrical Permit,0,2026-04-29,2026-04-29,"1535 W Second ST, DAYTON OH 45402-6727",,
I39 01109 0030,1,1,Residential Mechanical Permit,0,2026-06-01,2026-06-01,"4720 BURKHARDT AVE, DAYTON OH 45403-3204 United States",39.759714210192215,-84.13052766674464
I39 01112 0016,1,1,Commercial Electrical Permit,0,2026-05-13,2026-05-13,"704 ROCKFORD AVE, APT/UNIT 1, DAYTON OH 45405-4030 United States",39.77850485028296,-84.20611867446175
I39 01113 0014,1,1,Residential Electrical Permit,0,2026-06-29,2026-06-29,"59 ALBERTA ST, DAYTON OH 45410 United States",39.748916203536815,-84.18336144414069
I39 01116 0039,1,1,Residential Electrical Permit,0,2026-03-24,2026-03-24,"2922 E SECOND ST, DAYTON OH 45403-1237 United States",39.76729682078399,-84.15279021643748
I39 01203 0002,1,1,Residential Electrical Permit,0,2026-05-04,2026-05-04,"26 S HALLOWAY ST, DAYTON OH 45417-1802 United States",39.74990924983487,-84.24524880686911
I39 01208 0001,1,1,Commercial Electrical Permit,0,2026-02-19,2026-02-19,"3558 STANFORD PL, DAYTON OH 45406-3634 United States",39.77703459035414,-84.24548710141988
I39 01209 0016,1,1,Residential Mechanical Permit,0,2026-05-01,2026-05-01,"627 S SMITHVILLE RD, DAYTON OH 45403-3126 United States",39.756843132354135,-84.13890241993188
I39 01213 0018,1,1,Residential Mechanical Permit,0,2026-02-04,2026-02-04,"224 Pritz AVE, DAYTON OH 45403-2522",39.75571265032883,-84.15639279438888
I39 01213 0025,3,2,Residential Building Permit,124986,2026-04-09,2026-06-08,"4640 Blue Iris DR, DAYTON OH 45404",39.776371004040676,-84.19878206345713
I39 01306 0024,1,1,Residential Mechanical Permit,0,2026-06-23,2026-06-23,"4625 BLUE IRIS DR, DAYTON OH 45404",,
I39100701 0016,1,1,Commercial Mechanical Permit,0,2026-06-02,2026-06-02,"17 E Fourth ST, DAYTON OH 45402-2101",39.75845352805611,-84.19070706511039
I39101404 0047,1,1,Residential Mechanical Permit,0,2026-06-10,2026-06-10,"3941 ALVIN AVE, DAYTON OH 45417-4309 United States",39.7306630962524,-84.25115755228839
I39101407 0046,1,1,Residential Mechanical Permit,0,2026-05-29,2026-05-29,"6452 HERITAGE PARK BLVD, DAYTON OH 45424-1770 United States",39.82816896857152,-84.0941942512673
I39101502 0058,1,1,Commercial Building Permit,0,2026-02-04,2026-02-04,"3622 MODENA ST, DAYTON OH 45417-4104 United States",39.73218131069457,-84.2520918933856
I39101509 0009,1,1,Residential Mechanical Permit,0,2026-05-11,2026-05-11,"38 POINTVIEW AVE, DAYTON OH 45405-2801 United States",39.792776652257636,-84.21369387909276
I39101601 0005,1,1,Commercial Electrical Permit,0,2026-04-22,2026-04-22,"111 HARRIES ST, DAYTON OH 45402 United States",39.762032900373896,-84.18831764767742
I39101610 0007,1,1,Residential Mechanical Permit,0,2026-05-04,2026-05-04,"3111 BROOKS ST, DAYTON OH 45420-1957 United States",39.74315648584019,-84.15015094564234
I39300208 0003,1,1,Residential Mechanical Permit,0,2026-03-04,2026-03-04,"840 SAINT AGNES ST, DAYTON OH 45402-5925 United States",39.763963268440236,-84.22054223181992
I39300208 0022,1,1,Residential Electrical Permit,0,2026-06-25,2026-06-25,"161 LEXINGTON AVE, DAYTON OH 45402-6133 United States",39.768300555801424,-84.21444394359831
I39300210 0027,1,1,Residential Electrical Permit,0,2026-03-05,2026-03-05,"4419 WATER WILLOW CT, DAYTON OHIO 45404",,
I39300220 0025,1,1,Residential Mechanical Permit,0,2026-02-12,2026-02-12,"821 CLEMENT AVE, DAYTON OH 45417-3724 United States",39.742808167305874,-84.227144427758
I39401307 0013,1,1,Residential Electrical Permit,0,2026-04-17,2026-04-17,"25 S MOSS AVE, DAYTON OH 45417-1803 United States",39.75038943143291,-84.24232609797026
I39401314 0030,1,1,Residential Electrical Permit,0,2026-06-04,2026-06-04,"1010 FERGUSON AVE, DAYTON OH 45402-6116 United States",39.767410938738465,-84.21631498091512
I39401315 0019,1,1,Residential Mechanical Permit,0,2026-03-03,2026-03-03,"146 CENTRAL AVE, DAYTON OH 45406-5467 United States",39.766329764935364,-84.20631868125346
I39401318 0045,1,1,Residential Mechanical Permit,0,2026-03-03,2026-03-03,"230 N WILLIAMS ST, DAYTON OH 45402 United States",39.75909338108216,-84.21122019834485
I39401319 0001,1,1,Residential Mechanical Permit,0,2026-03-20,2026-03-20,"715 GREENLAWN AVE, DAYTON OH 45403-3331 United States",39.75323436419844,-84.14295332776355
I39401319 0039,1,1,Residential Mechanical Permit,0,2026-01-29,2026-01-29,"325 RITCHIE ST, DAYTON OH 45404-2117 United States",39.78422520402074,-84.16507479199359
I39401319 0054,1,1,Residential Electrical Permit,0,2026-02-12,2026-02-12,"4385 CONEFLOWER DR, DAYTON OH 45404 United States",39.81717467275231,-84.14137034098
I39401505 0032,1,1,Commercial Electrical Permit,0,2026-04-17,2026-04-17,"725 S LUDLOW ST, DAYTON OH 45402",39.75074114622736,-84.19190590461398
J44120913 0003,1,1,Residential Electrical Permit,0,2026-04-07,2026-04-07,"2526 YOLANDA DR, DAYTON OH 45431 United States",39.73310079611919,-84.23726142395165
J44120913 0137,1,1,Residential Gas Permit,0,2026-03-09,2026-03-09,"1910 WESLEYAN RD, DAYTON OH 45406 United States",39.7839033688661,-84.2435445441557
J44128203 0026,1,1,Residential Electrical Permit,0,2026-03-09,2026-03-09,"220 ALBERTA ST, DAYTON OH 45410-1302 United States",39.747792080345505,-84.18159600205763
J44128204 0032,1,1,Residential Mechanical Permit,0,2026-03-02,2026-03-02,"4369 WEEPING WILLOW DR, DAYTON OH 45404 United States",,
K45 02401 0012,1,1,Commercial Building Permit,0,2026-04-01,2026-04-01,"39 S SAINT CLAIR ST, DAYTON OH 45402-2112 United States",39.759013913883955,-84.18821961355538
K45 02401 0020,1,1,Commercial Building Permit,0,2026-05-14,2026-05-14,"436 CINCINNATI ST, DAYTON OH 45417",,
K45 02401 0046,1,1,Commercial Electrical Permit,0,2026-02-12,2026-02-12,"4131 FREE PIKE, APT/UNIT 20, DAYTON OH 45416-1240 United States",39.79822944166529,-84.25687183524197
K45 02401 0170,2,2,Commercial Electrical Permit,0,2026-03-19,2026-03-31,"711 E SECOND ST, DAYTON OH 45402-1319 United States",39.76315876015173,-84.17991992504842
K45 02502 0063,1,1,Residential Electrical Permit,0,2026-06-24,2026-06-24,"1831 PINECREST DR, DAYTON OH 45414-5319 United States",39.79979786012385,-84.19652712915287
K45 02502 0079,1,1,Residential Electrical Permit,0,2026-01-14,2026-01-14,"787 Ernroe DR, DAYTON OH 45417-3507",39.73581354023498,-84.25066100367076
K45 02511 0117,2,2,Commercial Building Permit,0,2026-05-08,2026-05-11,"1821 EMERSON AVE, DAYTON OH 45406 United States",39.781638521987894,-84.22349489358821
K45 02602 0024,2,1,Commercial Building Permit,0,2026-03-13,2026-05-20,"330 W Second ST, DAYTON OH 45422-4999",39.759828634862885,-84.19775974825204
K45 02602 0081,2,2,Commercial Gas Permit,0,2026-03-04,2026-03-06,"5067 NORRIS DR, DAYTON OH 45414-3709 United States",39.820214423998,-84.20547792290847
K45 02602 0085,2,2,Commercial Building Permit,0,2026-01-21,2026-02-17,"1137 Brown ST, DAYTON OH 45409-2603",39.742548165720606,-84.18263142751792
K45 02602 0086,4,2,Commercial Electrical Permit,0,2026-03-30,2026-05-13,"704 ROCKFORD AVE, APT/UNIT 3, DAYTON OH 45405-4030 United States",39.77850485028296,-84.20611867446175
K45 02603 0005,2,2,Commercial Building Permit,0,2026-04-27,2026-04-30,"2917 BERKLEY ST, DAYTON OH 45409",39.7682976801775,-84.24247742588419
K45 02603 0028,1,1,Residential Electrical Permit,0,2026-05-08,2026-05-08,"2313 FAUVER AVE, DAYTON OH 45420-2524 United States",39.73349140060176,-84.14214447974645
K45 02603 0041,1,1,Commercial Gas Permit,0,2026-04-27,2026-04-27,"1309 SALEM AVE, APT/UNIT 4, DAYTON OH 45406-4937 United States",39.77683436040845,-84.2180132488343
K45 02603 0179,2,2,Commercial Electrical Permit,0,2026-03-06,2026-04-06,"1000 W THIRD ST, APT/UNIT 3, DAYTON OH 45402-6833 United States",39.75631073381917,-84.21044112147031
K45 02604 0018,1,1,Commercial Mechanical Permit,0,2026-03-09,2026-03-09,"37 S SAINT CLAIR ST, DAYTON OH 45402-2112 United States",39.75904951854671,-84.18822758793605
K45 02604 0158,1,1,Commercial Building Permit,0,2026-05-01,2026-05-01,"951 W THIRD ST, DAYTON OH 45402 United States",,
K45 02604 0211,1,1,Commercial Electrical Permit,0,2026-02-12,2026-02-12,"1803 Webster ST, DAYTON OH 45404-1153",39.78678996722427,-84.18214840907886
K45 02605 0011,3,1,Residential Mechanical Permit,0,2026-03-02,2026-05-22,"117 NEAL AVE, DAYTON OH 45405-4528 United States",39.7712678016843,-84.20020908521549
K45 02605 0093,3,3,Commercial Building Permit,0,2026-03-20,2026-05-28,"3600 TERMINAL DR, DAYTON OH 45377 United States",39.898604457430565,-84.22130315387628
K45 02605 0097,2,2,Commercial Building Permit,0,2026-01-23,2026-02-19,"125 N WILKINSON ST, DAYTON OH 45402 United States",39.76119158363699,-84.19617416988275
K45 02605 0103,1,1,Commercial Building Permit,0,2026-05-21,2026-05-21,"135 N MAIN ST, DAYTON OH 45402 United States",39.76194893898221,-84.19279848837233
K45 02605 0110,1,1,Commercial Mechanical Permit,0,2026-06-02,2026-06-02,"40 S Main ST, DAYTON OH 45402",39.75858596717528,-84.19123324009236
K45 02605 0127,1,1,Commercial Electrical Permit,0,2026-01-21,2026-01-21,"325 Homewood AVE, DAYTON OH 45405",39.77483486705055,-84.204681264325
K45 02606 0017,1,1,Commercial Building Permit,0,2026-03-27,2026-03-27,"220 YALE AVE, APT/UNIT 14, DAYTON OH 45402-6011 United States",39.770501238213555,-84.21727485885125
K45 02606 0046,3,3,Commercial Building Permit,0,2026-02-11,2026-05-12,"1976 N MAIN ST, DAYTON OH 45405-3801 United States",39.781874465332244,-84.20815504444198
K45 02606 0056,1,1,Commercial Building Permit,0,2026-05-12,2026-05-12,"300 Abbey Ave., DAYTON OH 45417",39.74873536236311,-84.23894337569445
K45 02606 0058,2,2,Commercial Building Permit,0,2026-04-22,2026-05-01,"947 W THIRD ST, DAYTON OH 45402 United States",39.75861360088416,-84.21648254159624
K45 02606 0072,1,1,Commercial Electrical Permit,0,2026-04-21,2026-04-21,"544 BRANDT ST, APT/UNIT C, DAYTON OH 45404-2293 United States",39.78431813321521,-84.16085255117169
K45 02607 0003,6,1,Commercial Mechanical Permit,0,2026-03-04,2026-06-02,"17 E Fourth ST, DAYTON OH 45402-2101",39.75845352805611,-84.19070706511039
K45 02607 0004,6,3,Commercial Electrical Permit,0,2026-02-17,2026-05-18,"4628 MIDWAY AVE, DAYTON OH 45417-1354 United States",39.75051978713043,-84.26385795697946
K45 02607 0077,1,1,Commercial Electrical Permit,0,2026-04-10,2026-04-10,"1400 ALBRITTON DR, DAYTON OH 45417 United States",39.73393872495715,-84.2332941977309
K45 02607 0188,2,2,Commercial Building Permit,0,2026-03-03,2026-03-06,"1023 E FOURTH ST, DAYTON OH 45402-2231 United States",39.7594908074135,-84.1787392819018
K45 02608 0008,1,1,Commercial Mechanical Permit,0,2026-03-16,2026-03-16,"1520 S MAIN ST, DAYTON OH 45409-2698 United States",39.73780336991269,-84.18549371482919
K45 02608 0052,1,1,Residential Mechanical Permit,0,2026-04-09,2026-04-09,"206 LAWNVIEW AVE, DAYTON OH 45409 United States",39.73462725403379,-84.17686589944039
K45 02608 0060,1,1,Residential Mechanical Permit,0,2026-06-23,2026-06-23,"4619 OZARK AVE, DAYTON OH 45432-3203 United States",39.736737096787145,-84.12779584402708
K45 02611 0033,2,2,Residential Electrical Permit,0,2026-03-02,2026-04-13,"1658 RUSKIN RD, DAYTON OH 45406-4116 United States",39.778649335516235,-84.23568772225848
K45 02612 0006,1,1,Residential Electrical Permit,0,2026-01-14,2026-01-14,"311 ILLINOIS AVE, DAYTON OH 45410-2037 United States",39.74134617778408,-84.16338889577544
K45 02612 0075,1,1,Residential Building Permit,420000,2026-02-25,2026-02-25,"20 N TORRENCE ST, DAYTON OH 45403-1114 United States",39.7653562733071,-84.15965697904709
K45 02612 0076,2,1,Residential Electrical Permit,0,2026-03-06,2026-03-16,"4418 WATER WILLOW DR, DAYTON OHIO 45404",39.72761585027152,-84.13033882377046
K45 02615 0020,2,1,Residential Electrical Permit,0,2026-03-24,2026-04-24,"1842 HIGH KNOLL DR, DAYTON OH 45414-3737 United States",39.82466935245341,-84.20746012891682
K45 18718 0004,1,1,Residential Electrical Permit,0,2026-04-07,2026-04-07,"4236 LARCHMONT DR, DAYTON OH 45417-1217 United States",39.75634747868263,-84.25795402386795
K45 18718 0008,1,1,Residential Gas Permit,0,2026-01-02,2026-01-02,"68 MCREYNOLDS ST, DAYTON OH 45403-2417 United States",39.75794791975382,-84.1670119115526
K45 18721 0066,1,1,Residential Mechanical Permit,0,2026-04-14,2026-04-14,"445 DAKOTA ST, DAYTON OH 45402-6624 United States",39.7598546549143,-84.21442826665464
K45 18722 0002,1,1,Commercial Mechanical Permit,0,2026-06-11,2026-06-11,"173 AVONDALE DR, DAYTON OH 45404",39.79539127451572,-84.15624011745231
K45 18807 0010,1,1,Residential Mechanical Permit,0,2026-04-01,2026-04-01,"1317 W First ST, DAYTON OH 45402-6634",39.7578331958782,-84.2151837289312
K45 18810 0002,1,1,Residential Mechanical Permit,0,2026-02-18,2026-02-18,"607 MARYLAND AVE, DAYTON OH 45404-1756 United States",39.77878740215991,-84.17573461157801
K45 18811 0013,1,1,Residential Mechanical Permit,0,2026-03-24,2026-03-24,"28 WOODLAND AVE, DAYTON OH 45409-2852 United States",39.74281014553519,-84.18140710115479
K45 18811 0017,1,1,Residential Electrical Permit,0,2026-06-15,2026-06-15,"1446 CHADWICK DR, DAYTON OH 45406-4724 United States",39.77212292884086,-84.22619513612193
K45 21103 0005,1,1,Residential Electrical Permit,0,2026-05-01,2026-05-01,"4432 WOODBINE AVE, DAYTON OH 45420-3113 United States",39.734967514288755,-84.1328117004745
K45 21106 0009,1,1,Residential Mechanical Permit,0,2026-06-12,2026-06-12,"312 W NORMAN AVE, DAYTON OH 45405-3340 United States",39.783644389751835,-84.21854424165704
K45 21114 0001,2,2,Commercial Electrical Permit,0,2026-04-10,2026-04-17,"4447 HOOVER AVE, DAYTON OH 45417-1117 United States",39.762313757589006,-84.26114116389307
K45 21123 0016,2,2,Residential Building Permit,45000,2026-05-05,2026-05-29,"321 ILLINOIS AVE, DAYTON OH 45410-2037 United States",39.74104591115825,-84.16345999065781
K45 22909 0005,1,1,Residential Mechanical Permit,0,2026-04-09,2026-04-09,"145 RIDGE AVE, DAYTON OH 45405-3846 United States",39.782148483392504,-84.20440625154582
K45 22921 0024,1,1,Residential Mechanical Permit,0,2026-05-05,2026-05-05,"1431 WILMINGTON AVE, APT/UNIT 209, DAYTON OH 45420-1565 United States",39.72108467668179,-84.1511965951389
K45 22922 0008,1,1,Residential Mechanical Permit,0,2026-06-09,2026-06-09,"12 S PHILADELPHIA ST, DAYTON OH 45403-2102 United States",39.76503945640313,-84.15566094988897
K45 23015 0059,1,1,Residential Mechanical Permit,0,2026-05-01,2026-05-01,"4449 WILLOW MIST DR, DAYTON OH 45424-4464 United States",39.819856605504185,-84.10352522266567
K45 23022 0002,1,1,Residential Mechanical Permit,0,2026-06-11,2026-06-11,"4629 ALLEGHENY AVE, DAYTON OH 45432-3248 United States",39.73746974696577,-84.12763161682699
K45 23106 0002,1,1,Commercial Electrical Permit,0,2026-03-04,2026-03-04,"1 CHILDRENS PLZ, DAYTON OH 45404 United States",39.774028226896995,-84.16886982183259
K45 23109 0014,1,1,Residential Gas Permit,0,2026-02-23,2026-02-23,"1816 KIPLING DR, DAYTON OH 45406-3916 United States",39.78163755564477,-84.24228913217108
K45 23119 0026,1,1,Residential Mechanical Permit,0,2026-03-24,2026-03-24,"411 LOWES ST, DAYTON OH 45409-2439 United States",39.735137382945084,-84.17665006525263
K45 23120 0006,1,1,Residential Mechanical Permit,0,2026-04-22,2026-04-22,"703 WELLMEIER AVE, DAYTON OH 45410-2728 United States",39.7497539041577,-84.14962061046955
K45 23122 0001,1,1,Residential Electrical Permit,0,2026-05-01,2026-05-01,"704 HART ST, DAYTON OH 45404-1953 United States",39.77518952525649,-84.1708049869325
K45 23123 0012,1,1,Residential Mechanical Permit,0,2026-06-17,2026-06-17,"4066 DELPHOS AVE, DAYTON OH 45402-5219 United States",39.7634299425139,-84.25112004942686
K45 23124 0024,1,1,Residential Electrical Permit,0,2026-03-03,2026-03-03,"939 W THIRD ST, DAYTON OH 45402 United States",,
K45 23206 0003,1,1,Residential Electrical Permit,0,2026-04-30,2026-04-30,"631 SAINT PAUL AVE, DAYTON OH 45410-1934 United States",39.75006470229173,-84.16334800752853
K45 23206 0005,1,1,Residential Mechanical Permit,0,2026-01-21,2026-01-21,"825 SALEM AVE, DAYTON OH 45406-5827 United States",39.77209394995531,-84.21378294898507
K45 23218 0023,1,1,Residential Building Permit,75000,2026-06-08,2026-06-08,"2834 HAZEL AVE, DAYTON OH 45420-3009 United States",39.72566517964334,-84.13592573279807
K45 23223 0001,1,1,Commercial Building Permit,0,2026-04-27,2026-04-27,"511 STEELE AVE, DAYTON OH 45410-1813 United States",39.752354676653304,-84.16780965484459
K45 25601 0006,1,1,Residential Mechanical Permit,0,2026-04-02,2026-04-02,"200 N ORCHARD AVE, DAYTON OH 45417-2453 United States",39.75661119596848,-84.2292083882014
K45 25610 0046,1,1,Residential Building Permit,15000,2026-01-27,2026-01-27,"113 MCDANIEL ST, DAYTON OH 45405-4819 United States",39.76755003758936,-84.1960443596451
K45 25611 0015,1,1,Residential Mechanical Permit,0,2026-05-29,2026-05-29,"4447 ACCLIVIS LN, DAYTON OH 45424-5188 United States",39.805834021158574,-84.10313828195655
K45 25624 0014,1,1,Residential Mechanical Permit,0,2026-03-30,2026-03-30,"130 KNECHT DR, DAYTON OH 45405-2628 United States",39.794665464595944,-84.21221333702933
K45 25625 0026,1,1,Residential Mechanical Permit,0,2026-01-22,2026-01-22,"1226 COLWICK DR, DAYTON OH 45420-2208 United States",39.72465944587649,-84.1451758488971
K45 25803 0006,1,1,Residential Mechanical Permit,0,2026-01-20,2026-01-20,"3250 CAMPUS DR, DAYTON OH 45406-4123 United States",39.7767563365982,-84.24204607531098
K45 25819T0001,2,2,Commercial Electrical Permit,0,2026-01-08,2026-01-20,"1121 RIVERSIDE DR, DAYTON OH 45405-4211 United States",39.776164886085375,-84.19804043700508
K45 26504 0001,1,1,Commercial Electrical Permit,0,2026-03-13,2026-03-13,"972 PATTERSON RD, DAYTON OH 45419-4337 United States",39.723904121460464,-84.15239766839758
K45 26508 0012,1,1,Residential Mechanical Permit,0,2026-04-30,2026-04-30,"1324 BANCROFT ST, DAYTON OH 45417-3810 United States",39.743109015804826,-84.21659512333926
K45 26607 0020,1,1,Residential Mechanical Permit,0,2026-06-26,2026-06-26,"2122 DELLA DR, DAYTON OH",,
K45 26612 0021,2,2,Residential Electrical Permit,0,2026-01-02,2026-06-03,"1827 HARVARD BLVD, DAYTON OH 45406-4540 United States",39.77964195856088,-84.22891882738469
K45 26617 0011,1,1,Residential Mechanical Permit,0,2026-03-12,2026-03-12,"1024 W FAIRVIEW AVE, DAYTON OH 45406-2808 United States",39.78718426326024,-84.22783190484522
K45 26625 0016,1,1,Residential Mechanical Permit,0,2026-04-29,2026-04-29,"18 MERCER AVE, DAYTON OH 45402",,
K45 28305 0003,2,2,Commercial Electrical Permit,0,2026-04-17,2026-06-02,"1 CHILDRENS PLZ, DAYTON OH 45404 United States",39.774028226896995,-84.16886982183259
K45 28308 0009,1,1,Residential Mechanical Permit,0,2026-02-11,2026-02-11,"761 BROOKLYN AVE, DAYTON OH 45402-5402 United States",39.76542399194543,-84.24059213215402
K45 28309 0043,1,1,Residential Mechanical Permit,0,2026-02-09,2026-02-09,"3119 GLEN ROCK RD, DAYTON OH 45420-1900 United States",39.74075739635519,-84.15009770385771
K45 28310 0039,1,1,Residential Mechanical Permit,0,2026-05-18,2026-05-18,"121 MALDEN AVE, DAYTON OH 45417-9005 United States",39.74993011342003,-84.26745004448526
K45 28335 0021,1,1,Residential Mechanical Permit,0,2026-02-04,2026-02-04,"1944 W GRAND AVE, DAYTON OH 45402-5733 United States",39.766493072557836,-84.22964204496101
K45 28336 0037,1,1,Residential Mechanical Permit,0,2026-02-27,2026-02-27,"121 VIRGINIA AVE, DAYTON OH 45410-2315 United States",39.74461190926387,-84.16061776673567
K45 28337 0001,1,1,Commercial Building Permit,0,2026-05-20,2026-05-20,"636 N IRWIN ST, DAYTON OH 45403 United States",39.77427693537859,-84.1528950012866
K45 50010 0013,2,1,Commercial Building Permit,0,2026-04-08,2026-05-01,"943 W THIRD ST, DAYTON OH 45402 United States",39.756620253766386,-84.2105391802679
K45 50010 0016,1,1,Commercial Building Permit,0,2026-05-01,2026-05-01,"941 W THIRD ST, DAYTON OH 45402 United States",39.75662941925359,-84.21047540569595
K45 50010 0037,1,1,Commercial Electrical Permit,0,2026-04-22,2026-04-22,"149 EDISON ST, APT/UNIT 1, DAYTON OH 45402-6600 United States",39.75861360088416,-84.21648254159624
K45 50617 0025,1,1,Residential Mechanical Permit,0,2026-03-26,2026-03-26,"4492 CARDINAL FLOWER DR, DAYTON OH 45404",,
K45 51105 0013,1,1,Residential Mechanical Permit,0,2026-03-16,2026-03-16,"4043 QUAIL BUSH DR, DAYTON OH 45424-4739 United States",39.8173448477224,-84.11208046183285
K45 51457 0004,1,1,Commercial Electrical Permit,0,2026-02-13,2026-02-13,"20 LATHROP ST, DAYTON OH 45410",,
K47 02403 0152,2,1,Residential Gas Permit,0,2026-02-23,2026-03-09,"1845 KIPLING DR, DAYTON OH 45406 United States",39.78257813634889,-84.2429247854319
K47 18707 0015,1,1,Residential Electrical Permit,0,2026-04-09,2026-04-09,"1215 Windsor AVE, DAYTON OH 45402-5719",39.76972879043612,-84.2284131154791
K47 18708 0004,1,1,Residential Electrical Permit,0,2026-02-04,2026-02-04,"60 CONSTANTIA AVE, DAYTON OH 45419-4101 United States",39.73277206705432,-84.1615768554204
K47 18801 0018,1,1,Residential Electrical Permit,0,2026-01-23,2026-01-23,"2325 HOOVER AVE, DAYTON OH 45402-5527 United States",39.761795068602936,-84.23367758764972
K47 18809 0010,1,1,Residential Mechanical Permit,0,2026-03-30,2026-03-30,"1541 W SECOND ST, DAYTON OH 45402-6518",39.75617778482438,-84.21981378574294
K47 18813 0011,1,1,Residential Mechanical Permit,0,2026-06-16,2026-06-16,"44 HAYNES ST, DAYTON OH 45410-1819 United States",39.75433218893505,-84.16678314826835
K47 21109 0025,1,1,Residential Mechanical Permit,0,2026-06-26,2026-06-26,"1332 HOLLY AVE, DAYTON OH 45410-2629 United States",39.74114195926663,-84.15475188209412
K47 21110 0019,1,1,Residential Mechanical Permit,0,2026-06-02,2026-06-02,"1702 XENIA AVE, DAYTON OH 45410-2708 United States",39.752865216341455,-84.15276553841151
K47 21126 0001,1,1,Residential Gas Permit,0,2026-02-23,2026-02-23,"1838 KIPLING DR, DAYTON OH 45406 United States",39.78233388955339,-84.24236351620274
K47 21202 0053,1,1,Residential Mechanical Permit,0,2026-04-01,2026-04-01,"207 N Broadway St, Dayton OH 45402",39.801017531194724,-84.31182720967374
K47 21204 0041,1,1,Residential Mechanical Permit,0,2026-04-28,2026-04-28,"74 NOTRE DAME AVE, DAYTON OH 45404-1924 United States",39.777464686220355,-84.1718417395045
K47 21207 0004,1,1,Residential Building Permit,2000,2026-06-11,2026-06-11,"663 OAK ST, DAYTON OH 45410-1425 United States",39.74920146076808,-84.17515845027741
K47 21209 0066,1,1,Residential Mechanical Permit,0,2026-02-05,2026-02-05,"2043 BURBANK DR, DAYTON OH 45406-4414 United States",39.78512715455982,-84.23306600863009
K47 21209 0069,1,1,Residential Mechanical Permit,0,2026-04-10,2026-04-10,"113 JAY ST, DAYTON OH 45410-1322 United States",39.74672551760107,-84.1783607124498
K47 21211 0001,1,1,Residential Mechanical Permit,0,2026-04-01,2026-04-01,"1333 W FIRST ST, DAYTON OH",,
K47 21211 0005,1,1,Residential Mechanical Permit,0,2026-04-13,2026-04-13,"810 N PAUL LAURENCE DUNBAR ST, DAYTON OH 45402-5929 United States",39.764777845348064,-84.21948431799711
K47 22907 0017,1,1,Residential Electrical Permit,0,2026-03-03,2026-03-03,"205 NICOLE CT, DAYTON OH 45420-1897 United States",39.737530923634466,-84.16425628328531
K47 22912 0042,1,1,Residential Electrical Permit,0,2026-02-17,2026-02-17,"1044 W GRAND AVE, DAYTON OH 45402-6122 United States",39.76676144480499,-84.21416770200446
K47 22913 0026,2,2,Residential Electrical Permit,0,2026-06-10,2026-06-10,"223 SHOOP AVE, DAYTON OH 45417-2347 United States",39.75703918440424,-84.23904861204795
K47 22920 0008,1,1,Residential Mechanical Permit,0,2026-03-26,2026-03-26,"2138 MALVERN AVE, DAYTON OH 45406-2923 United States",39.78583933253442,-84.22891252733672
K47 23004 0004,1,1,Residential Mechanical Permit,0,2026-01-06,2026-01-06,"3222 MESMER AVE, DAYTON OH 45410-3453 United States",39.74326731456333,-84.13600809854265
K47 23008 0005,1,1,Residential Mechanical Permit,0,2026-05-11,2026-05-11,"113 MCDANIEL ST, DAYTON OH 45405-4819 United States",39.76755003758936,-84.1960443596451
K47 23021 0013,1,1,Residential Mechanical Permit,0,2026-04-01,2026-04-01,"203 N Broadway ST, DAYTON OH 45402",,
K47 23103 0015,1,1,Residential Electrical Permit,0,2026-06-05,2026-06-05,"2122 E FOURTH ST, DAYTON OH 45403-2002 United States",39.76233433910475,-84.16092983521487
K47 23108 0028,1,1,Residential Mechanical Permit,0,2026-04-27,2026-04-27,"834 MANHATTAN AVE, DAYTON OH 45406-5138 United States",39.773613692354886,-84.21125467669395
K47 23110 0029,1,1,Residential Gas Permit,0,2026-02-26,2026-02-26,"115 YALE AVE, DAYTON OH 45406-5022 United States",39.771266555200846,-84.21609328095118
K47 23205 0002,1,1,Residential Gas Permit,0,2026-02-24,2026-02-24,"1831 KIPLING DR, DAYTON OH 45406 United States",39.78201652208479,-84.24283953884833
K47 23213 0004,1,1,Residential Mechanical Permit,0,2026-02-26,2026-02-26,"116 SHANNON ST, DAYTON OH 45402-8332 United States",39.75424935463478,-84.20998602920945
K47 23214 0026,1,1,Residential Mechanical Permit,0,2026-04-23,2026-04-23,"603 BOWIE DR, DAYTON OH 45417-3101 United States",39.7410787342222,-84.24910020221333
K47 23215 0002,1,1,Residential Mechanical Permit,0,2026-05-12,2026-05-12,"28 LA BELLE ST, DAYTON OH 45403-2324 United States",39.75786526734096,-84.17299377837772
K47 25606 0008,1,1,Commercial Building Permit,0,2026-05-29,2026-05-29,"741 Forest AVE, DAYTON OH 45405",,
K47 25607 0002,1,1,Commercial Building Permit,0,2026-05-29,2026-05-29,"323 HOMEWOOD AVE, DAYTON OH 45402",,
K47 25614 0015,1,1,Residential Mechanical Permit,0,2026-03-02,2026-03-02,"111 E FORAKER AVE, DAYTON OH 45409-2920 United States",39.747277973600134,-84.18672238273152
K47 25802 0019,1,1,Residential Mechanical Permit,0,2026-02-10,2026-02-10,"4826 BECKER DR, DAYTON OH 45417-9118 United States",39.75685688857101,-84.26788190482382
K47 26521 0002,1,1,Commercial Building Permit,0,2026-03-18,2026-03-18,"2262 Elsmere AVE, DAYTON OH 45406",,
K47 50517 0022,1,1,Residential Electrical Permit,0,2026-01-12,2026-01-12,"437 ETHEL AVE, DAYTON OH 45417-3230 United States",39.74549360214706,-84.23530669423795
K47 50716 0047,1,1,Residential Mechanical Permit,0,2026-03-10,2026-03-10,"2515 MADDEN HILLS DR, DAYTON OH 45417-4447 United States",39.73680631503916,-84.23619296568681
K48200921 0008,1,1,Residential Electrical Permit,0,2026-04-07,2026-04-07,"918 ANGIER DR, DAYTON OH",,
K50 02508 0043,1,1,Residential Electrical Permit,0,2026-02-12,2026-02-12,"39 N QUENTIN AVE, DAYTON OH 45403-1728 United States",39.76775670744295,-84.14131891170555
K50 02508 0173,1,1,Residential Electrical Permit,0,2026-06-18,2026-06-18,"410 BURLEIGH AVE, DAYTON OH 45417-1634 United States",39.756669671405334,-84.24579168166595
K50 18422 0039,1,1,Residential Electrical Permit,0,2026-05-11,2026-05-11,"52 S TERRY ST, DAYTON OH 45403",,
K50 18450 0008,1,1,Residential Mechanical Permit,0,2026-01-21,2026-01-21,"519 GRAMONT AVE, DAYTON OH 45402-5522 United States",39.76221904933184,-84.23767290887616
L52 00101 0004,1,1,Residential Electrical Permit,0,2026-06-01,2026-06-01,"318 ERNST AVE, DAYTON OH 45405-3408 United States",39.78773591538597,-84.20651563663337
L52 00109 0014,1,1,Commercial Gas Permit,0,2026-04-27,2026-04-27,"1309 SALEM AVE, APT/UNIT 2, DAYTON OH 45406-4937 United States",39.77683436040845,-84.2180132488343
L52 00117 0013,1,1,Residential Mechanical Permit,0,2026-03-27,2026-03-27,"1608 W FIRST ST, DAYTON OH 45402",39.7565468458594,-84.22154145154053
L52 00210 0068,1,1,Commercial Electrical Permit,0,2026-04-13,2026-04-13,"1901 S GETTYSBURG AVE, DAYTON OH 45417-4160 United States",39.72703990647095,-84.25422415913177
L52 00217 0018,1,1,Residential Mechanical Permit,0,2026-02-20,2026-02-20,"2317 CATALPA DR, DAYTON OH 45406-2104 United States",39.79004791849441,-84.22598805258897
L53 02904 0020,2,2,Residential Building Permit,30061,2026-04-08,2026-05-04,"947 W THIRD ST, DAYTON OH 45402 United States",39.786013463720394,-84.2258596279023
L53 02904 0069,1,1,Residential Electrical Permit,0,2026-06-09,2026-06-09,"1026 HUFFMAN AVE, DAYTON OH 45403-2906 United States",39.75813510893762,-84.15111369394491
L53 02905 0013,1,1,Commercial Electrical Permit,0,2026-04-13,2026-04-13,"1901 S GETTYSBURG AVE, DAYTON OH 45417-4160 United States",39.72703990647095,-84.25422415913177
L53 02911 0075,1,1,Residential Electrical Permit,0,2026-04-20,2026-04-20,"2717 E FOURTH ST, APT/UNIT 1, DAYTON OH 45403-2113 United States",39.76384721810373,-84.15337338990709
L53 02912 0034,1,1,Residential Electrical Permit,0,2026-01-14,2026-01-14,"2720 Philadelphia DR, DAYTON OH 45405-1910",39.79690228787476,-84.23354769195564
L53 02912 0069,1,1,Residential Mechanical Permit,0,2026-05-20,2026-05-20,"109 RINGGOLD ST, DAYTON OH 45403 United States",39.76085653238708,-84.16849391698412
L53 16510 0038,1,1,Residential Electrical Permit,0,2026-06-01,2026-06-01,"105 FERNWOOD AVE, DAYTON OH 45405-2620 United States",39.794089378267714,-84.21161540883868
L54 00404 0029,1,1,Residential Electrical Permit,0,2026-01-06,2026-01-06,"430 LEXINGTON AVE, DAYTON OH 45402-6046 United States",39.7677421392722,-84.22068538960585
L54 00408 0038,1,1,Commercial Electrical Permit,0,2026-04-21,2026-04-21,"1 WYOMING ST, DAYTON OH 45409 United States",39.745718250758195,-84.1865388265835
L54 00408 0062,4,4,Residential Building Permit,167575,2026-01-20,2026-04-16,"3249 ZEPHYR DR, DAYTON OH 45414-5458 United States",39.79565122626251,-84.20166926640945
L54 00408 0063,2,2,Residential Electrical Permit,0,2026-04-29,2026-06-11,"231 N BROADWAY ST, DAYTON OH 45402 United States",39.75858560757862,-84.21491195272893
L54 00408 0065,1,1,Residential Electrical Permit,0,2026-06-04,2026-06-04,"65 E MAPLEWOOD AVE, DAYTON OH 45405-2834 United States",39.79220235873383,-84.21241142004875
L54 00408 0068,4,4,Residential Building Permit,167575,2026-02-10,2026-05-06,"617 MIAMI CHAPEL RD, DAYTON OH 45417",39.73823717931981,-84.20538206140704
L54 00408 0070,3,3,Residential Electrical Permit,0,2026-02-05,2026-04-16,"333 WHITMORE AVE, DAYTON OH 45417-1363 United States",39.75231321379161,-84.26492430781637
L54 00408 0083,1,1,Residential Electrical Permit,0,2026-06-29,2026-06-29,"2902 E FIFTH ST, DAYTON OH 45403-2642 United States",39.76167819108658,-84.15355671748634
L54 00408 0085,4,4,Residential Building Permit,151400,2026-02-23,2026-04-22,"4503 BLUE IRIS DR, DAYTON OHIO 45404",39.79138603470967,-84.2128410246012
L54 00408 0088,1,1,Residential Electrical Permit,0,2026-02-02,2026-02-02,"1402 W RIVERVIEW AVE, DAYTON OH 45402-6217 United States",39.7621676956491,-84.2175377895048
L54 00408 0090,1,1,Residential Electrical Permit,0,2026-04-13,2026-04-13,"747 HECK AVE, DAYTON OH 45417-4640 United States",39.73735414013277,-84.20793893599702
L54 00601 0001,2,2,Residential Electrical Permit,0,2026-01-30,2026-05-12,"2804 WINBURN AVE, DAYTON OH 45420-2260 United States",39.727626095965924,-84.14860272905734
L54 00601 0006,1,1,Residential Mechanical Permit,0,2026-04-20,2026-04-20,"4809 AVOCET CT, DAYTON OH 45424-4550 United States",39.822922875180886,-84.1125727988802
L55 02702 0044,4,4,Residential Building Permit,93000,2026-02-18,2026-04-24,"4513 CARDINAL FLOWER, DAYTON OHIO 45404",39.771709213350114,-84.21193022910484
L55 02711 0001,1,1,Residential Electrical Permit,0,2026-06-15,2026-06-15,"402 QUITMAN ST, DAYTON OH 45410 United States",39.74949534937588,-84.17188933764288
L55 02711 0043,1,1,Residential Electrical Permit,0,2026-01-07,2026-01-07,"2416 GREENWAY ST, DAYTON OH 45417-1654 United States",39.754839720558785,-84.24550389500966
L55 02802 0036,1,1,Residential Electrical Permit,0,2026-02-12,2026-02-12,"1530 DIETZEN ST, DAYTON OH 45417-4635 United States",39.7355250562021,-84.2141570717737
L55 02804 0031,1,1,Residential Electrical Permit,0,2026-03-17,2026-03-17,"506 BURKHARDT AVE, DAYTON OH 45403-2708 United States",39.76071776703882,-84.14748224649992
L55 02809 0021,1,1,Residential Electrical Permit,0,2026-05-15,2026-05-15,"5408 FLICKER WAY, DAYTON OH 45424-4526 United States",39.81823144713827,-84.10730835341074
M58 00114 0010,1,1,Residential Mechanical Permit,0,2026-02-27,2026-02-27,"839 MANHATTAN AVE, DAYTON OH 45406-5139 United States",39.774005926662284,-84.21147069759459
M58 00208 0030,1,1,Residential Electrical Permit,0,2026-06-30,2026-06-30,"321 Nassau ST, DAYTON OH 45410-1930",39.75016853114298,-84.16512193283359
M58100503 0004,1,1,Commercial Electrical Permit,0,2026-03-03,2026-03-03,"416 E Third ST, DAYTON OH 45402-2117",39.760120368954865,-84.18575250375768
M60 03004 0066,1,1,Residential Gas Permit,0,2026-03-09,2026-03-09,"1431 KINGSLEY AVE, DAYTON OH 45406-4222 United States",39.77330438742865,-84.24281375705358
M60 03102 0076,1,1,Residential Mechanical Permit,0,2026-01-20,2026-01-20,"196 ALTON AVE, DAYTON OH 45404",39.777836386643266,-84.16954029961872
M60 03102 0107,1,1,Residential Water Permit,0,2026-03-13,2026-03-13,"4679 NATIONAL RD, CLAYTON OH 45315",39.87432198691427,-84.34305953328031
M60 03107 0078,1,1,Residential Electrical Permit,0,2026-06-15,2026-06-15,"51 CAMBRIDGE AVE, DAYTON OH 45406-5002 United States",39.770276535222294,-84.21469894264067
M60 03201 0213,1,1,Residential Water Permit,0,2026-03-23,2026-03-23,"7751 CILANTRO WAY, CLAYTON OH 45315",39.85926751368673,-84.343852743495
M60 03207 0143,1,1,Residential Sewer Permit,0,2026-01-22,2026-01-22,"5007 WILLOW RD, CLAYTON OH 45315 United States",39.83626764313081,-84.31401938138899
M60 16324 0001,1,1,Residential Water Permit,0,2026-02-13,2026-02-13,"5750 DILL BLVD, CLAYTON OH 45315",39.86135473142298,-84.34317981905612
M60 19102 0009,1,1,Residential Mechanical Permit,0,2026-02-03,2026-02-03,"2255 CATALPA DR, DAYTON OH 45406-3003 United States",39.7888089568186,-84.2260285528936
M60 25013 0014,1,1,Residential Electrical Permit,0,2026-01-23,2026-01-23,"2020 ELSMERE AVE, DAYTON OH 45406-4431 United States",39.784084161002326,-84.23005038355096
M60 25206 0011,1,1,Residential Electrical Permit,0,2026-02-26,2026-02-26,"118 CHURCH ST, DAYTON OH 45410 United States",39.75352516352401,-84.1667674015205
M60 25315 0005,2,2,Residential Electrical Permit,0,2026-01-13,2026-04-28,"120 Shannon ST, DAYTON OH 45402-8332",39.794850382453916,-84.21758205532502
O67 03601 0101,1,1,Residential Electrical Permit,0,2026-06-18,2026-06-18,"2112 S SMITHVILLE RD, DAYTON OH 45420-2806 United States",39.736785321439896,-84.14026247557489
O67 03603 0022,1,1,Residential Building Permit,830000,2026-04-27,2026-04-27,"1306 XENIA AVE, DAYTON OH 45410-2413 United States",39.75276948720128,-84.1577279281444
O67 03603 0026,1,1,Residential Mechanical Permit,0,2026-02-02,2026-02-02,"836 GREENMOUNT BLVD, DAYTON OH 45419-2840 United States",39.71727958941658,-84.15561843720819
O67 03604 0136,1,1,Residential Gas Permit,0,2026-01-16,2026-01-16,"1520 KUMLER AVE, DAYTON OH 45406-5933 United States",39.77590204432221,-84.22334230762583
O67 03605 0037,1,1,Commercial Electrical Permit,0,2026-05-07,2026-05-07,"2800 Guthrie RD, DAYTON OH 45417-6725",39.72568431711716,-84.23053579531195
O67 03605 0162,2,2,Residential Building Permit,15000,2026-04-06,2026-04-30,"4504 Cardinal Flower DR, Miamisburg OH 45342",39.7518884393611,-84.15673231686507
O67 03606 0008,1,1,Commercial Building Permit,0,2026-03-25,2026-03-25,"700 MOUNT CREST CT, DAYTON OH 45403-1519 United States",39.77626341323972,-84.13776867085473
O67 03606 0013,1,1,Commercial Building Permit,0,2026-04-24,2026-04-24,"1 SPECIALTY PL, DAYTON OH 45417-4601 United States",39.73788869346826,-84.20931779312778
O67 03606 0083,2,2,Commercial Electrical Permit,0,2026-02-25,2026-03-03,"623 CLIFTON DR, DAYTON OH 45417-3268 United States",39.743435629932655,-84.23409943292467
O67 03607 0043,4,2,Commercial Gas Permit,0,2026-03-31,2026-06-08,"17 E Fourth ST, DAYTON OH 45402-2101",39.75845352805611,-84.19070706511039
O67 03607 0181,2,1,Commercial Mechanical Permit,0,2026-04-10,2026-06-02,"40 S Main ST, DAYTON OH 45402",39.75858596717528,-84.19123324009236
O67 03607 0188,1,1,Commercial Mechanical Permit,0,2026-06-02,2026-06-02,"40 S Main ST, DAYTON OH 45402",39.75858596717528,-84.19123324009236
O67 03707 0045,1,1,Residential Mechanical Permit,0,2026-05-18,2026-05-18,"249 PARK DR, DAYTON OH 45410-1315 United States",39.74799310835851,-84.17689724967236
O67 03709 0009,1,1,Residential Building Permit,125000,2026-01-14,2026-01-14,"4238 WEEPING WILLOW DR, DAYTON OH 45404 United States",,
O67 03709 0033,1,1,Residential Gas Permit,0,2026-02-26,2026-02-26,"37 MELWOOD AVE, DAYTON OH 45417-1401 United States",39.750223677749226,-84.25451623352821
O67 03710 0026,1,1,Commercial Mechanical Permit,0,2026-06-02,2026-06-02,"40 S Main ST, DAYTON OH 45402",39.75858596717528,-84.19123324009236
O67 03710 0030,1,1,Residential Electrical Permit,0,2026-05-01,2026-05-01,"717 MEREDITH ST, DAYTON OH 45402-6342 United States",39.76306211272712,-84.21290612812601
O67 03710 0041,1,1,Residential Electrical Permit,0,2026-04-21,2026-04-21,"217 REISINGER AVE, DAYTON OH 45417-2316 United States",39.75748913456572,-84.2333391752797
O67 03710 0098,1,1,Commercial Mechanical Permit,0,2026-03-24,2026-03-24,"4389 W Third ST, DAYTON OH 45402",39.74883602212424,-84.25842266317747
O67 03710 0112,1,1,Commercial Mechanical Permit,0,2026-06-02,2026-06-02,"40 S Main ST, DAYTON OH 45402",39.75858596717528,-84.19123324009236
O67 03710 0136,2,2,Commercial Building Permit,0,2026-03-27,2026-05-28,"821 WHITMORE AVE, DAYTON OH 45417-1166 United States",39.7601606956847,-84.26511595957346
O67 03712 0050,1,1,Residential Electrical Permit,0,2026-01-23,2026-01-23,"302 LEXINGTON AVE, DAYTON OH 45402-6044 United States",39.76776916800765,-84.21809927635317
O67 03712 0064,1,1,Residential Electrical Permit,0,2026-02-10,2026-02-10,"5429 FAIR VALLEY RD, DAYTON OH 45414-2948 United States",39.82640632338801,-84.21167284354097
O67 03712 0074,1,1,Residential Mechanical Permit,0,2026-04-09,2026-04-09,"2808 N MAIN ST, DAYTON OH 45405",39.790710962995995,-84.21375338828105
O67 03802 0001,1,1,Residential Mechanical Permit,0,2026-06-03,2026-06-03,"51 CLIFF ST, DAYTON OH 45405-2805 United States",39.792671493803056,-84.2169338961582
O67 03802 0035,1,1,Residential Building Permit,12000,2026-05-04,2026-05-04,"951 W THIRD ST, DAYTON OH 45402 United States",,
O67 03803 0165,1,1,Residential Electrical Permit,0,2026-02-24,2026-02-24,"44 E BURTON AVE, DAYTON OH 45405 United States",39.77946096871637,-84.20344107078056
O67 03803 0167,1,1,Residential Building Permit,130000,2026-04-23,2026-04-23,"4620 Blue Iris Dr., DAYTON OH",,
O67 03803 0178,1,1,Residential Building Permit,40000,2026-05-05,2026-05-05,"143 E Parkwood DR, DAYTON OH 45405-3426",39.78819653729337,-84.20863395415374
O67 03805 0004,1,1,Residential Mechanical Permit,0,2026-05-05,2026-05-05,"301 ROCKWOOD AVE, DAYTON OH 45405-4305 United States",39.773460489331704,-84.20670682300947
O67 03807 0171,1,1,Residential Electrical Permit,0,2026-04-13,2026-04-13,"4605 SAINT JAMES AVE, DAYTON OH 45406-2324 United States",39.78910238890406,-84.25942847564595
O67 03807 0178,1,1,Residential Building Permit,1200000,2026-04-13,2026-04-13,"4507 Cardinal Flower DR, DAYTON OH 45404",,
O67 03808 0048,1,1,Residential Electrical Permit,0,2026-01-22,2026-01-22,"238 S GETTYSBURG AVE, DAYTON OH 45417-1931 United States",39.74565094611805,-84.25274351415298
O67 03810 0034,1,1,Residential Electrical Permit,0,2026-06-12,2026-06-12,"49 PARNELL AVE, DAYTON OH 45403-3022 United States",39.75677240338262,-84.14765225150596
O67 03810 0115,1,1,Residential Mechanical Permit,0,2026-01-22,2026-01-22,"20 FAIRGROUND AVE, DAYTON OH 45409 United States",39.7420790356066,-84.18622670419985
O67 03811 0029,2,2,Commercial Electrical Permit,0,2026-05-01,2026-06-02,"330 W SECOND ST, DAYTON OH 45422-4999 United States",39.759828634862885,-84.19775974825204
O67 03811 0061,1,1,Residential Building Permit,35000,2026-05-04,2026-05-04,"943 W THIRD ST, DAYTON OH 45402 United States",39.756620253766386,-84.2105391802679
O67 03813 0184,1,1,Residential Electrical Permit,0,2026-01-06,2026-01-06,"19 STONEMILL RD, DAYTON OH 45409-2526 United States",39.735843990172604,-84.18465329506739
O67 03813 0214,84,4,Residential Electrical Permit,0,2026-01-02,2026-06-02,"1064 PATTERSON RD, DAYTON OH 45420-1522 United States",39.72320655478366,-84.14968587717475
O67 03814 0002,1,1,Commercial Electrical Permit,0,2026-03-27,2026-03-27,"1570 WOODMAN DR, APT/UNIT 204, DAYTON OH 45432-3335 United States",39.73526582562707,-84.12123908622343
O67 03814 0149,1,1,Residential Electrical Permit,0,2026-01-14,2026-01-14,"317 ILLINOIS AVE, DAYTON OH 45410-2037 United States",39.74117559963359,-84.16341326247726
O67 03814 0171,2,2,Residential Building Permit,25000,2026-03-26,2026-04-01,"4492 CARDINAL FLOWER DR, DAYTON OH 45404",39.80012734476191,-84.21611740819318
O67 03814 0176,1,1,Residential Electrical Permit,0,2026-06-24,2026-06-24,"17 VALLEY VIEW DR, DAYTON OH 45405-3242 United States",39.7854037644522,-84.21883127268993
O67 03814 0188,1,1,Commercial Electrical Permit,0,2026-04-21,2026-04-21,"544 BRANDT ST, APT/UNIT B, DAYTON OH 45404-2293 United States",39.78431813321521,-84.16085255117169
O67 03814 0194,4,4,Residential Building Permit,315000,2026-02-16,2026-06-01,"321 Nassau ST, DAYTON OH 45410-1930",39.75016853114298,-84.16512193283359
O67 03814 0195,2,2,Residential Building Permit,315000,2026-06-12,2026-06-18,"602 W FAIRVIEW AVE, DAYTON OH 45405-3206 United States",39.7861683641504,-84.22224032360336
O67 03814 0198,2,2,Residential Electrical Permit,0,2026-03-04,2026-06-22,"39 ROCKWOOD AVE, DAYTON OH 45405-4421 United States",39.77036960042512,-84.20626820134636
O67 03814 0199,4,4,Residential Building Permit,354000,2026-01-21,2026-05-14,"200 CAMBRIDGE AVE, DAYTON OH 45402",39.779692371498555,-84.21541826325496
O67 03814 0202,2,2,Residential Electrical Permit,0,2026-03-05,2026-06-30,"2539 BAYWOOD ST, DAYTON OH 45406-1410 United States",39.794302941401064,-84.25650580356078
O67 03814 0208,3,2,Residential Electrical Permit,0,2026-01-12,2026-02-20,"1113 Clement AVE, DAYTON OH 45417-3727",39.7396506842749,-84.2271266187424
O67 03814 0209,1,1,Residential Gas Permit,0,2026-02-23,2026-02-23,"1865 KIPLING DR, DAYTON OH 45406 United States",39.783254844161306,-84.2430271408046
O67 03814 0210,2,2,Residential Electrical Permit,0,2026-02-24,2026-06-22,"4392 Weeping Willow Dr., DAYTON OH",39.7854661387943,-84.24296503550184
O67 03814 0211,4,4,Residential Building Permit,315000,2026-02-16,2026-05-20,"1729 EMMONS AVE, DAYTON OH 45410-3464 United States",39.742444709661825,-84.13710561416163
O67 03814 0212,4,4,Residential Building Permit,315000,2026-02-16,2026-05-20,"5032 GENESEE AVE, DAYTON OH 45406-2232 United States",39.78463896524584,-84.26699610568673
O67 03814 0217,3,3,Residential Building Permit,315000,2026-06-12,2026-06-18,"3220 ZEPHYR DR, DAYTON OH 45414-5451 United States",39.794806638584234,-84.20102572825539
O67 03814 0219,2,2,Residential Building Permit,315000,2026-05-14,2026-05-21,"2929 E FIFTH ST, DAYTON OH 45403-2641 United States",39.76211311377498,-84.1525068460294
O67 03814 0221,1,1,Residential Electrical Permit,0,2026-02-19,2026-02-19,"1677 FALKE DR, DAYTON OH 45432-3313 United States",39.73380077842911,-84.12767396402585
O67 03814 0222,2,2,Residential Electrical Permit,0,2026-03-05,2026-06-22,"2849 REVERE AVE, DAYTON OH 45420-1723 United States",39.72799271949491,-84.15122509977431
O67 17806 0005,1,1,Residential Electrical Permit,0,2026-04-27,2026-04-27,"1015 W FOURTH ST, DAYTON OH 45402-8339 United States",39.75497700255374,-84.21075081332563
O67 17809 0011,1,1,Residential Mechanical Permit,0,2026-02-11,2026-02-11,"1117 BELLAIRE AVE, DAYTON OH 45420-2601 United States",39.728466025587956,-84.14061790338175
O67 17809 0013,1,1,Residential Mechanical Permit,0,2026-05-04,2026-05-04,"409 EDGEWOOD AVE, DAYTON OH 45402-6325 United States",39.76396947757579,-84.21300672198181
O67 17810 0002,1,1,Residential Electrical Permit,0,2026-02-26,2026-02-26,"921 Shroyer RD, DAYTON OH 45419-3633",39.72192029873997,-84.16121157225089
O67 17816 0007,1,1,Residential Mechanical Permit,0,2026-04-23,2026-04-23,"774 ARGONNE DR, DAYTON OH 45417-3502 United States",39.738112477239795,-84.24804773437174
O67 17902 0001,1,1,Residential Mechanical Permit,0,2026-04-06,2026-04-06,"424 KIEFABER ST, DAYTON OH 45409-2538 United States",39.73591775466082,-84.17642105924918
O67 17907 0001,1,1,Residential Mechanical Permit,0,2026-02-24,2026-02-24,"5604 GANDER RD E, DAYTON OH 45424-4528 United States",39.81742154986062,-84.10749972703547
O67 17907 0005,1,1,Residential Mechanical Permit,0,2026-06-29,2026-06-29,"1216 WINDSOR AVE, DAYTON OH 45402-5718 United States",39.76993427377205,-84.2278844932343
O67 17912 0003,1,1,Residential Mechanical Permit,0,2026-01-15,2026-01-15,"4080 PRESCOTT AVE, DAYTON OH 45406-3434 United States",39.7867551757547,-84.25152491439708
O67 17913 0013,1,1,Residential Mechanical Permit,0,2026-02-09,2026-02-09,"4914 HOPTON LOOP, DAYTON OH 45414",39.8218199238587,-84.21921186068873
O67 17914 0002,1,1,Residential Building Permit,79135,2026-05-18,2026-05-18,"29 FOREST GLENN AVE, DAYTON OH 45405-2730 United States",39.79590569018959,-84.21770774949103
O67 17921 0004,2,1,Residential Electrical Permit,0,2026-04-08,2026-06-12,"13 SPRINGFIELD ST, DAYTON OH 45403-1152 United States",39.76421409567414,-84.16545046878024
O67 17922 0004,1,1,Residential Mechanical Permit,0,2026-01-12,2026-01-12,"933 W THIRD ST, DAYTON OH 45402",,
O67 18501 0009,1,1,Residential Mechanical Permit,0,2026-03-24,2026-03-24,"241 GRAMONT AVE, DAYTON OH 45417-2323 United States",39.75759149742018,-84.23809825374246
O67 18506 0027,1,1,Residential Electrical Permit,0,2026-02-05,2026-02-05,"2412 WAYNE AVE, DAYTON OH 45420-1831 United States",39.73966669492417,-84.15907018889573
O67 18510 0005,1,1,Residential Electrical Permit,0,2026-06-04,2026-06-04,"1237 ROSEDALE DR, DAYTON OH 45402-5711 United States",39.76995098637167,-84.22693837789589
O67 18510 0006,1,1,Residential Mechanical Permit,0,2026-01-20,2026-01-20,"251 WYOMING ST, DAYTON OH 45409-2826 United States",39.74547131156858,-84.18118317741548
O67 18514 0006,1,1,Residential Gas Permit,0,2026-03-09,2026-03-09,"1854 WESLEYAN RD, DAYTON OH 45406 United States",39.78299824020325,-84.24347978926846
O67 18515 0009,2,2,Residential Electrical Permit,0,2026-01-13,2026-02-06,"509 ETHEL AVE, DAYTON OH 45417-3232 United States",39.74495840576408,-84.23528981452988
O67 18517 0001,1,1,Residential Mechanical Permit,0,2026-02-04,2026-02-04,"1624 HARVARD BLVD, DAYTON OH 45406-5942 United States",39.778871809276815,-84.22379656861108
O67 18518 0021,1,1,Residential Mechanical Permit,0,2026-02-04,2026-02-04,"65 GREEN ST, DAYTON OH 45402-2832 United States",39.75455711217658,-84.18653218575875
O67 20011 0003,1,1,Residential Mechanical Permit,0,2026-04-17,2026-04-17,"30 BRENNER AVE, DAYTON OH 45403-1122 United States",39.76603400121489,-84.16413839562972
O67 20015 0006,1,1,Residential Electrical Permit,0,2026-02-10,2026-02-10,"504 W HILLCREST AVE, DAYTON OH 45406-2119 United States",39.790867152184425,-84.22349902960795
O67 20019 0012,1,1,Residential Mechanical Permit,0,2026-05-05,2026-05-05,"52 S TERRY ST, DAYTON OH 45403",,
O67 20206 0018,1,1,Residential Building Permit,12000,2026-06-16,2026-06-16,"2054 CATALPA DR, DAYTON OH 45406-3036 United States",39.78542691570855,-84.22541440909822
O67 20208 0017,1,1,Residential Mechanical Permit,0,2026-01-02,2026-01-02,"6684 LEXINGTON PL S, DAYTON OH 45424-4275 United States",39.83004331243423,-84.09809046859505
O67 20221 0004,1,1,Residential Mechanical Permit,0,2026-02-25,2026-02-25,"1817 ROSEMONT BLVD, DAYTON OH 45420-2510 United States",39.740450431850654,-84.14284191228357
O67 20224 0004,1,1,Residential Mechanical Permit,0,2026-02-03,2026-02-03,"43 MAYLAN DR, DAYTON OH 45405-2737 United States",39.796855231310175,-84.21886311366728
O67 20604 0013,2,2,Residential Electrical Permit,0,2026-02-24,2026-06-29,"1216 Amherst PL, DAYTON OH 45406-5032",39.77376080958387,-84.21826843213165
O67 20616 0004,1,1,Residential Electrical Permit,0,2026-06-03,2026-06-03,"1231 S BROADWAY ST, DAYTON OH 45417-3963 United States",39.73922213302312,-84.21576313012996
O67 20618 0008,1,1,Residential Electrical Permit,0,2026-06-22,2026-06-22,"55 VIRGINIA AVE, DAYTON OH 45410-2313 United States",39.745505387973765,-84.16053945926856
O67 20621 0012,1,1,Residential Mechanical Permit,0,2026-04-01,2026-04-01,"1461 EARLHAM DR, DAYTON OH 45406-4732 United States",39.775839149462975,-84.22760743259751
O67 20721 0002,1,1,Residential Mechanical Permit,0,2026-05-11,2026-05-11,"1615 MERILINE AVE, DAYTON OH 45410-3331 United States",39.74503654230505,-84.13495764626383
O67 20802 0039,1,1,Residential Mechanical Permit,0,2026-03-02,2026-03-02,"3740 KINGS HWY, DAYTON OH 45406-3504 United States",39.7831522300154,-84.24530581433002
O67 20803 0011,1,1,Residential Mechanical Permit,0,2026-06-23,2026-06-23,"1601 EMMONS AVE, DAYTON OH 45410-3316 United States",39.74465757170163,-84.1371220424774
O67 21402 0011,1,1,Residential Mechanical Permit,0,2026-06-09,2026-06-09,"154 S DUTOIT ST, DAYTON OH 45402-2214 United States",39.76012157828002,-84.17381287982325
O67 21402 0013,1,1,Residential Building Permit,6000,2026-06-15,2026-06-15,"4404 WOODCLIFFE AVE, DAYTON OH 45420-3147 United States",39.73879378695852,-84.13349884058408
O67 21415 0006,1,1,Residential Electrical Permit,0,2026-05-14,2026-05-14,"138 W FAIRVIEW AVE, DAYTON OH 45405-3319 United States",39.78460056973965,-84.21457106711617
O67 21417 0013,1,1,Residential Mechanical Permit,0,2026-02-04,2026-02-04,"17 CLOVER ST, DAYTON OH 45410-1419 United States",39.74945031654506,-84.17715290252227
O67 21418 0004,2,1,Residential Mechanical Permit,0,2026-04-22,2026-04-22,"815 BOWEN ST, DAYTON OH 45410-2513 United States",39.74852501797136,-84.15478130282604
O67 21419 0015,1,1,Residential Mechanical Permit,0,2026-04-23,2026-04-23,"18 TECUMSEH ST, DAYTON OH 45402-2841 United States",39.75562062285368,-84.1860883157696
O67 21421 0013,1,1,Residential Building Permit,5685,2026-02-05,2026-02-05,"4151 WEEPING WILLOW DR, DAYTON OH 45404 United States",,
O67 21425 0013,1,1,Residential Electrical Permit,0,2026-06-29,2026-06-29,"820 OSMOND AVE, DAYTON OH 45402-5239 United States",39.762165818134456,-84.24898557335989
O67 21425 0097,1,1,Residential Mechanical Permit,0,2026-04-15,2026-04-15,"1939 PARKHILL DR, DAYTON OH 45406 United States",39.784160709380046,-84.2384302353683
O67 21503 0004,1,1,Residential Building Permit,14733,2026-05-18,2026-05-18,"1911 AUBURN AVE, DAYTON OH 45406-5615 United States",39.7824325506217,-84.22811619866582
O67 21507 0005,1,1,Residential Mechanical Permit,0,2026-05-28,2026-05-28,"3315 E FIFTH ST, DAYTON OH 45403-2715 United States",39.76278686085625,-84.14842995953315
O67 21512 0008,1,1,Residential Mechanical Permit,0,2026-03-03,2026-03-03,"629 HICKORY HILL DR, DAYTON OH 45417-8302 United States",39.758001566343765,-84.2738878164957
O67 21518 0010,1,1,Residential Mechanical Permit,0,2026-02-24,2026-02-24,"1825 LINNBROOK DR, DAYTON OH 45406-3139 United States",39.78344331988912,-84.26452789416544
O67 21523 0003,2,2,Residential Electrical Permit,0,2026-01-20,2026-05-08,"1461 N EUCLID AVE, DAYTON OH 45406-5919 United States",39.77244218909928,-84.22148469040681
O67 21523 0030,5,3,Residential Electrical Permit,40000,2026-02-04,2026-06-04,"121 MIA AVE, DAYTON OH 45417-9011 United States",39.74993040861367,-84.26615881531421
O67 21610 0027,1,1,Residential Mechanical Permit,0,2026-01-21,2026-01-21,"33 S IRWIN ST, DAYTON OH 45403-2119 United States",39.76523228424151,-84.15095484414486
O67 21611 0002,1,1,Residential Mechanical Permit,0,2026-02-27,2026-02-27,"59 ALBERTA ST, DAYTON OH 45410 United States",39.748916203536815,-84.18336144414069
O67 21614 0008,2,1,Residential Electrical Permit,0,2026-01-21,2026-03-03,"314 POINTVIEW AVE, DAYTON OH 45405-2850 United States",39.792744774627955,-84.2077987537514
O67 21616 0008,1,1,Commercial Electrical Permit,0,2026-04-13,2026-04-13,"371 W Second ST, DAYTON OH 45402-1491",39.760209025680545,-84.19898220027287
O67 21617 0005,1,1,Residential Building Permit,60000,2026-04-20,2026-04-20,"13 SPRINGFIELD ST, DAYTON OH 45403-1152 United States",39.76421409567414,-84.16545046878024
O67 21704 0019,1,1,Residential Electrical Permit,0,2026-06-04,2026-06-04,"1249 BRENTWOOD DR, DAYTON OH 45406-5714 United States",39.78887739768034,-84.23105936971278
O67 21716 0008,1,1,Residential Mechanical Permit,0,2026-01-02,2026-01-02,"643 WATERVLIET AVE, DAYTON OH 45420-2544 United States",39.731776171422524,-84.1431277965545
O67 21803 0018,1,1,Residential Electrical Permit,0,2026-01-08,2026-01-08,"1701 W Fifth ST, DAYTON OH 45402-6913",39.753276575825886,-84.22240215040262
O67 21808 0017,1,1,Residential Electrical Permit,0,2026-04-06,2026-04-06,"6758 GROVEBELLE DR, DAYTON OH 45424-8110 United States",39.83457212194817,-84.10603673661659
O67 21809 0005,1,1,Residential Mechanical Permit,0,2026-04-29,2026-04-29,"916 PRINCETON DR, DAYTON OH 45406 United States",39.77411285711407,-84.21897451880801
O67 21809 0008,2,2,Residential Electrical Permit,0,2026-03-06,2026-03-30,"2031 STEGMAN AVE, DAYTON OH 45404-2119 United States",39.782548687201334,-84.1640275648605
O67 21811 0012,2,2,Residential Building Permit,50000,2026-06-05,2026-06-23,"1236 WISCONSIN BLVD, DAYTON OH 45417-3947 United States",39.73962385611995,-84.2121451932822
O67 21903 0022,1,1,Residential Electrical Permit,0,2026-02-02,2026-02-02,"3116 Glen Rock RD, DAYTON OH 45420-1939",39.74040018636455,-84.15011768458348
O67 21910 0022,2,2,Residential Electrical Permit,0,2026-02-12,2026-03-16,"1531 W STEWART ST, DAYTON OH 45417-3819 United States",39.74191313685985,-84.2211752555472
O67 21912 0017,1,1,Residential Building Permit,28000,2026-05-18,2026-05-18,"1818 MALVERN AVE, DAYTON OH 45406-4447 United States",39.78156581838307,-84.22879579193722
O67 21915 0006,1,1,Commercial Building Permit,0,2026-03-04,2026-03-04,"110 N MAIN ST, DAYTON OH 45402 United States",39.761402673397924,-84.1922159510382
O67 21916 0018,1,1,Commercial Electrical Permit,0,2026-03-06,2026-03-06,"3005 SUPERBA CT, DAYTON OH 45403-1308 United States",39.76696543083874,-84.15208106842002
O67 21919 0004,1,1,Residential Electrical Permit,0,2026-06-08,2026-06-08,"128 E PARKWOOD DR, DAYTON OH 45405-3425 United States",39.78779906049928,-84.20877366064099
O67 21921 0014,1,1,Residential Electrical Permit,0,2026-01-29,2026-01-29,"997 W THIRD ST, DAYTON OH",,
O67 22007 0007,1,1,Residential Mechanical Permit,0,2026-02-27,2026-02-27,"420 LORENZ AVE, DAYTON OH 45417-2340 United States",39.76028201410063,-84.23479618817952
O67 22016 0001,1,1,Residential Electrical Permit,0,2026-03-03,2026-03-03,"312 POINTVIEW AVE, DAYTON OH 45405-2850 United States",39.79280781630793,-84.2078038565811
O67 22016 0022,1,1,Residential Mechanical Permit,0,2026-04-06,2026-04-06,"8 CHAMBERS ST, DAYTON OH 45409-2813 United States",39.7439102756311,-84.18242957571793
O67 22019 0004,1,1,Residential Mechanical Permit,0,2026-01-02,2026-01-02,"4644 AMESBOROUGH RD, DAYTON OH 45420-3349 United States",39.729428511135005,-84.12813726797114
O67 22019 0017,2,2,Residential Building Permit,16000,2026-04-29,2026-06-01,"1628 GONDERT AVE, DAYTON OH 45403-3330 United States",39.75470466650533,-84.13769244419132
O67 22114 0002,2,1,Residential Mechanical Permit,0,2026-04-17,2026-06-24,"2324 LAKEVIEW AVE, DAYTON OH 45417-3636 United States",39.74222205172321,-84.23298444993509
O67 22116 0008,1,1,Residential Mechanical Permit,0,2026-04-23,2026-04-23,"4620 Blue Iris Dr., DAYTON OH",,
O67 22207 0018,1,1,Residential Electrical Permit,0,2026-05-07,2026-05-07,"1717 DARST AVE, DAYTON OH 45403-3103 United States",39.75852679630578,-84.13513898719239
O67 22209 0005,1,1,Residential Mechanical Permit,0,2026-01-08,2026-01-08,"1447 TENNYSON AVE, DAYTON OH 45406-4260 United States",39.77416097760596,-84.2383906556138
O67 22209 0027,1,1,Residential Building Permit,104000,2026-03-09,2026-03-09,"6950 BLUEBIRD DR, DAYTON OH 45424",,
O67 22213 0017,1,1,Residential Electrical Permit,0,2026-04-06,2026-04-06,"1345 JORDAN AVE, DAYTON OH 45410-2802 United States",39.75226765857418,-84.14542916385199
O67 22302 0020,2,2,Residential Building Permit,59834,2026-04-29,2026-05-18,"1213 CLEMENT AVE, DAYTON OH 45417-4556 United States",39.73874522876432,-84.2270828564441
O67 22307 0014,2,2,Residential Electrical Permit,0,2026-02-24,2026-06-30,"323 Nassau ST, DAYTON",39.75012185047842,-84.16512081753285
O67 22307 0023,1,1,Residential Electrical Permit,0,2026-04-28,2026-04-28,"538 SHOOP AVE, DAYTON OH 45402-5506 United States",39.762614692346396,-84.23858292393746
O67 22308 0006,1,1,Residential Mechanical Permit,0,2026-05-04,2026-05-04,"608 DANIEL ST, DAYTON OH 45404-1638 United States",39.7818969258783,-84.18100532070278
O67 22311 0033,1,1,Residential Electrical Permit,0,2026-04-27,2026-04-27,"104 EDGAR AVE, DAYTON OH 45410-2022 United States",39.74517143125763,-84.16375053331095
O67 22312 0012,1,1,Residential Mechanical Permit,0,2026-03-31,2026-03-31,"215 N Broadway St, Dayton OH 45402",39.758202502892345,-84.2147867174579
O67 22313 0014,1,1,Residential Mechanical Permit,0,2026-02-24,2026-02-24,"1221 ANGIER DR, DAYTON OH 45417-4410 United States",39.73563110854283,-84.23526744945303
O67 22330 0030,1,1,Commercial Electrical Permit,0,2026-02-20,2026-02-20,"241 DEEDS AVE, APT/UNIT 1, DAYTON OH 45404-1785 United States",39.77464719427049,-84.17723633675331
O67 22331 0003,1,1,Residential Mechanical Permit,0,2026-04-22,2026-04-22,"135 S WILLIAMS ST, DAYTON OH 45402 United States",,
O67 22331 0005,1,1,Residential Mechanical Permit,0,2026-04-22,2026-04-22,"2103 RAVENWOOD AVE, DAYTON OH 45406 United States",39.78588042227781,-84.22702277633012
O67 22333 0036,1,1,Residential Mechanical Permit,0,2026-03-04,2026-03-04,"812 Milburn AVE, DAYTON OH 45404-1627",39.77447405471117,-84.18050235254857
O67 22333 0043,1,1,Residential Electrical Permit,0,2026-01-06,2026-01-06,"3920 NECCO AVE, DAYTON OH 45406-3556 United States",39.778902647059375,-84.25222428377405
O67 22334 0014,1,1,Residential Building Permit,75000,2026-06-16,2026-06-16,"700 KENILWORTH AVE, DAYTON OH 45405-4044 United States",39.775930997394255,-84.214831003184
O67 22335 0037,1,1,Residential Electrical Permit,0,2026-03-09,2026-03-09,"637 GRAMONT AVE, DAYTON OH 45402-5440 United States",39.7648921113738,-84.23776801927647
O67 22337 0061,1,1,Residential Mechanical Permit,0,2026-05-26,2026-05-26,"2304 DELLA DR, DAYTON OH",,
O67 22337 0099,1,1,Residential Building Permit,25068,2026-06-16,2026-06-16,"2058 CATALPA DR, DAYTON OH 45406 United States",39.78552576180967,-84.22541685754456
O67 22340 0012,1,1,Residential Mechanical Permit,0,2026-01-15,2026-01-15,"212 Mercer AVE, DAYTON OH 45402-8244",39.75409466713616,-84.21680878053989
O67 22340 0025,1,1,Residential Electrical Permit,0,2026-02-12,2026-02-12,"3218 LINDEN AVE, DAYTON OH 45410-3033 United States",39.74760421404921,-84.13630909619452
O67 22344 0096,1,1,Residential Gas Permit,0,2026-02-23,2026-02-23,"3333 KINGS HWY, DAYTON OH 45406 United States",39.78371289475921,-84.24250833197475
O67 22344 0116,2,2,Residential Electrical Permit,0,2026-02-23,2026-04-02,"1133 VERNON DR, DAYTON OH 45402-5713 United States",39.768780580266686,-84.22958870961219
O67 22344 0153,1,1,Residential Electrical Permit,0,2026-06-22,2026-06-22,"605 ANNA ST, DAYTON OH 45402-5436 United States",39.76414304112609,-84.23662147503009
O67 22344 0154,1,1,Residential Electrical Permit,0,2026-05-07,2026-05-07,"4106 MERRYFIELD AVE, DAYTON OH 45416-1220 United States",39.79928065615646,-84.25635373296656
O67 22401 0008,1,1,Residential Mechanical Permit,0,2026-03-03,2026-03-03,"2936 KINGSTON AVE, DAYTON OH 45420-2628 United States",39.72414038468655,-84.13716296718479
O67 22404 0009,1,1,Residential Building Permit,5000,2026-04-08,2026-04-08,"614 HALL AVE, DAYTON OH 45404-1540 United States",39.78119578779266,-84.18603470614057
O67 22407 0008,1,1,Residential Electrical Permit,0,2026-02-12,2026-02-12,"437 N WRIGHT AVE, DAYTON OH 45403-1515 United States",39.77478685898611,-84.14026755530142
O67 22410 0018,1,1,Residential Electrical Permit,0,2026-06-23,2026-06-23,"718 TROY ST, DAYTON OH 45404-1851 United States",39.778682259266816,-84.17406310456121
O67 22415 0010,1,1,Commercial Electrical Permit,0,2026-03-19,2026-03-19,"220 E MONUMENT AVE, DAYTON OH 45402-1223 United States",39.7643043947213,-84.18845808544255
O67 23307 0008,1,1,Residential Mechanical Permit,0,2026-05-05,2026-05-05,"4392 Weeping Willow Dr., DAYTON OH",,
O67 23311 0012,1,1,Residential Mechanical Permit,0,2026-03-11,2026-03-11,"456 LOWES ST, DAYTON OH 45409-2438 United States",39.73509175672422,-84.17489402354208
O67 23410 0007,1,1,Residential Mechanical Permit,0,2026-06-12,2026-06-12,"1830 MALVERN AVE, DAYTON OH 45406-4447 United States",39.78192171011745,-84.22880818080236
O67 23412 0010,1,1,Residential Mechanical Permit,0,2026-05-01,2026-05-01,"352 WESTWOOD AVE, DAYTON OH 45417-1628 United States",39.75764344904684,-84.24106664544377
O67 23415 0001,4,2,Commercial Electrical Permit,0,2026-01-28,2026-02-03,"119 N JAMES H MCGEE BLVD, DAYTON OH 45402-6736 United States",39.755435348403225,-84.22578154061931
O67 23415 0002,2,2,Commercial Electrical Permit,0,2026-01-27,2026-02-05,"3558 STANFORD PL, DAYTON OH 45406-3634 United States",39.77703459035414,-84.24548710141988
O67 23415 0003,2,2,Commercial Electrical Permit,0,2026-01-28,2026-02-04,"322 Davis AVE, DAYTON OH 45403-2910",39.75722824193904,-84.15271117654304
O67 23418 0025,1,1,Residential Mechanical Permit,0,2026-04-16,2026-04-16,"2450 WYOMING ST, APT/UNIT D, DAYTON OH 45410-2934 United States",39.74553882258701,-84.14885923059661
O67 28008 0001,1,1,Residential Electrical Permit,0,2026-04-24,2026-04-24,"335 BUNGALOW RD, DAYTON OH 45417-1303 United States",39.75282726011223,-84.25704347404702
O67 28015 0002,2,2,Residential Electrical Permit,0,2026-01-30,2026-04-14,"1012 HAMPSHIRE RD, DAYTON OH 45419-3713 United States",39.71986896816928,-84.15851731570658
O67 28020 0012,1,1,Residential Mechanical Permit,0,2026-02-02,2026-02-02,"505 NORDALE AVE, DAYTON OH 45420-2333 United States",39.73038592424654,-84.14897026971113
O67 28106 0007,1,1,Commercial Mechanical Permit,0,2026-06-02,2026-06-02,"40 S Main ST, DAYTON OH 45402",39.75858596717528,-84.19123324009236
O67 28110 0012,1,1,Residential Mechanical Permit,0,2026-04-28,2026-04-28,"2827 DWIGHT AVE, DAYTON OH 45420-2607 United States",39.72609135256007,-84.13960905473058
O67 28404 0013,1,1,Residential Mechanical Permit,0,2026-03-05,2026-03-05,"304 Sandhurst DR, DAYTON OH 45405-2419",39.79928134212427,-84.21163622402128
O67 28413 0017,1,1,Residential Mechanical Permit,0,2026-04-07,2026-04-07,"326 E STEWART ST, APT/UNIT 2A, DAYTON OH 45409-2829 United States",39.74103941054857,-84.17985632759768
O67 28603 0010,1,1,Residential Electrical Permit,0,2026-03-19,2026-03-19,"2053 CATALPA DR, DAYTON OH 45406-3037 United States",39.78543011174718,-84.22585911740522
O67 28604 0001,6,1,Commercial Mechanical Permit,0,2026-02-18,2026-06-04,"15 W FOURTH ST, DAYTON OH 45402",39.75858596717528,-84.19123324009236
O67 28609 0005,1,1,Residential Building Permit,100000,2026-05-01,2026-05-01,"28 LA BELLE ST, DAYTON OH 45403-2324 United States",39.75786526734096,-84.17299377837772
O67 28617 0011,1,1,Residential Mechanical Permit,0,2026-01-08,2026-01-08,"2133 CATALPA DR, DAYTON OH 45406-3040 United States",39.78666892908228,-84.2259114382736
O67 28713 0006,1,1,Residential Mechanical Permit,0,2026-04-30,2026-04-30,"1717 TOWNSLEY RD, DAYTON OH 45432-3557 United States",39.73087180450494,-84.11474647923846
O67 28721 0019,2,2,Residential Electrical Permit,0,2026-01-21,2026-06-04,"1935 PHILADELPHIA DR, DAYTON OH 45406-4015 United States",39.782685582192094,-84.2351405966385
O67 28801 0003,1,1,Residential Mechanical Permit,0,2026-01-09,2026-01-09,"4033 PRESCOTT AVE, DAYTON OH 45406-3455 United States",39.78713297386728,-84.2493989384176
O67 28801 0004,1,1,Residential Mechanical Permit,0,2026-04-01,2026-04-01,"64 GRAMONT AVE, DAYTON OH 45417-2255 United States",39.75360951016922,-84.23757917400498
O67 28809 0008,1,1,Residential Mechanical Permit,0,2026-01-13,2026-01-13,"939 W THIRD ST, DAYTON OH 45402",,
O67 28811 0002,2,2,Commercial Electrical Permit,0,2026-02-19,2026-04-20,"3558 STANFORD PL, DAYTON OH 45406-3634 United States",39.77703459035414,-84.24548710141988
O67 28812 0008,2,2,Commercial Electrical Permit,0,2026-04-08,2026-06-02,"1610 WOODMAN DR, APT/UNIT C3, DAYTON OH 45432-3353 United States",39.7339784751937,-84.12140474877486
O67 28813 0003,2,2,Commercial Electrical Permit,0,2026-04-28,2026-06-02,"4131 FREE PIKE, APT/UNIT 2, DAYTON OH 45416-1240 United States",39.79822944166529,-84.25687183524197
O67 28823 0001,1,1,Commercial Building Permit,0,2026-05-18,2026-05-18,"1529 BROWN ST, DAYTON OH 45409",39.73837258576606,-84.18200426742256
O67 28823 0005,1,1,Commercial Electrical Permit,0,2026-04-13,2026-04-13,"1901 S GETTYSBURG AVE, DAYTON OH 45417-4160 United States",39.72703990647095,-84.25422415913177
O67 28823 0006,5,3,Commercial Building Permit,0,2026-01-08,2026-06-02,"2916 Linden AVE, DAYTON OH 45410-3027",39.74777482615213,-84.14065905430063
O67 28912 0006,1,1,Residential Gas Permit,0,2026-03-09,2026-03-09,"1907 KIPLING DR, DAYTON OH 45406 United States",39.78389865283686,-84.24294004196689
O67 28912 0007,1,1,Residential Gas Permit,0,2026-02-24,2026-02-24,"2031 KIPLING DR, DAYTON OH 45406-3823 United States",39.786226299960816,-84.24299472807415
O67 28913 0005,1,1,Commercial Mechanical Permit,0,2026-02-16,2026-02-16,"1923 W THIRD ST, DAYTON OH 45417 United States",39.75399826407294,-84.22686647970743
O67 28915 0008,3,3,Residential Building Permit,40000,2026-01-14,2026-03-31,"4318 WEEPING WILLOW DR, DAYTON OH 45404 United States",39.74139016604845,-84.16338639112627
O67 28924 0003,1,1,Commercial Building Permit,0,2026-05-14,2026-05-14,"1944 TROY ST, DAYTON OH 45404",39.791173015197515,-84.16558255402462
O67 29011 0002,2,2,Residential Electrical Permit,0,2026-01-22,2026-05-21,"4375 Weeping Willow, DAYTON OH 45404",39.72347644004889,-84.13575348973323
O67 29014 0015,1,1,Residential Mechanical Permit,0,2026-04-28,2026-04-28,"4424 BURKHARDT AVE, DAYTON OH 45431-1867 United States",39.75999586057409,-84.13631189681527
O67 29103 0006,1,1,Residential Electrical Permit,0,2026-06-29,2026-06-29,"1910 KENSINGTON DR, DAYTON OH 45406 United States",39.78371792328062,-84.2414300744241
O67 29104 0009,1,1,Residential Building Permit,700000,2026-06-23,2026-06-23,"1640 PINECREST DR, DAYTON OH 45414-5318 United States",39.7992884195988,-84.19852235100068
O67 29109 0001,2,2,Residential Gas Permit,0,2026-02-12,2026-03-27,"20 FAIRGROUND AVE, DAYTON OH 45409 United States",39.7420790356066,-84.18622670419985
O67 50009 0043,1,1,Commercial Electrical Permit,0,2026-04-13,2026-04-13,"342 XENIA AVE, DAYTON OH 45410-1535 United States",39.75239778237351,-84.171496550166
O67 50009 0117,1,1,Residential Mechanical Permit,0,2026-01-07,2026-01-07,"837 LILAC AVE, DAYTON OH 45417-9128 United States",39.76065958725707,-84.26842710651084
O67 50306 0010,2,2,Residential Electrical Permit,0,2026-06-01,2026-06-23,"1568 GARWOOD DR, DAYTON OH 45432-3524 United States",39.73503920793474,-84.11797262987095
O67 50508 0001,1,1,Residential Mechanical Permit,0,2026-01-09,2026-01-09,"43 CLOVER ST, DAYTON OH 45410-1419 United States",39.749868976159085,-84.17648709515525
O67 50611 0041,1,1,Residential Mechanical Permit,0,2026-04-30,2026-04-30,"208 WROE AVE, DAYTON OH 45406-5251 United States",39.772666692703325,-84.20860533898355
O67 50615 0004,1,1,Residential Mechanical Permit,0,2026-02-10,2026-02-10,"5021 STRATHAVEN DR, DAYTON OH 45424-4620 United States",39.82290736842427,-84.1178745477949
O67 50709 0013,1,1,Commercial Building Permit,0,2026-03-27,2026-03-27,"720 BELMONTE PARK N, DAYTON OH 45405-4403 United States",39.76957287313848,-84.2043299982383
O67 50809 0025,1,1,Residential Mechanical Permit,0,2026-03-16,2026-03-16,"62 NOTRE DAME AVE, DAYTON OH 45404-1924 United States",39.77715116527051,-84.17187689380947
O67 50919 0007,1,1,Commercial Electrical Permit,0,2026-03-06,2026-03-06,"61 Kosmo DR, DAYTON OH 45402-8359",39.75082942649083,-84.21234582408155
O67 51015 0077,1,1,Residential Mechanical Permit,0,2026-02-10,2026-02-10,"4145 BREEZEWOOD AVE, DAYTON OH 45406-1311 United States",39.79706312685991,-84.25737634445201
O67 51015 0078,1,1,Residential Building Permit,13936,2026-04-17,2026-04-17,"134 S TORRENCE ST, DAYTON OH 45403-2044 United States",39.76182695089284,-84.15856606529309
O67 51204 0019,1,1,Residential Mechanical Permit,0,2026-05-07,2026-05-07,"808 Linden AVE, DAYTON OH 45410-2704",39.753769279334655,-84.15214434262391
O67 51303 0015,1,1,Residential Mechanical Permit,0,2026-02-05,2026-02-05,"2152 BICKMORE AVE, DAYTON OH 45404-2236 United States",39.78252753108045,-84.16029739181803
O67 51315 0019,1,1,Residential Mechanical Permit,0,2026-06-26,2026-06-26,"1737 PERSHING BLVD, DAYTON OH 45420-2424 United States",39.7422462728977,-84.14615650171561
O67 51315 0020,1,1,Residential Mechanical Permit,0,2026-03-26,2026-03-26,"1634 GONDERT, DAYTON OH",,
O67 51317 0078,1,1,Residential Mechanical Permit,0,2026-06-04,2026-06-04,"2948 KINGSTON AVE, DAYTON OH 45420-2628 United States",39.72386537024817,-84.13719560114066
O67 51401 0066,1,1,Commercial Mechanical Permit,0,2026-03-09,2026-03-09,"1047 WATERVLIET AVE, DAYTON OH 45420 United States",39.72766219885271,-84.13762973231533
O67 51409 0065,1,1,Residential Mechanical Permit,0,2026-06-12,2026-06-12,"1818 MALVERN AVE, DAYTON OH 45406-4447 United States",39.78156581838307,-84.22879579193722
O67 51425 0008,1,1,Commercial Building Permit,0,2026-05-07,2026-05-07,"1044 OTTAWA ST, DAYTON OH 45402 United States",39.76813526830129,-84.1729414915802
O67 51425 0025,1,1,Commercial Mechanical Permit,0,2026-06-02,2026-06-02,"40 S Main ST, DAYTON OH 45402",39.75858596717528,-84.19123324009236
O67 51436 0047,1,1,Residential Mechanical Permit,0,2026-03-09,2026-03-09,"3315 WELLINGTON DR, DAYTON OH 45410-3138 United States",39.74712478441685,-84.13544412622227
O67 51436 0109,1,1,Commercial Gas Permit,0,2026-05-21,2026-05-21,"704 ROCKFORD AVE, APT/UNIT 5, DAYTON OH 45405-4030 United States",39.77850485028296,-84.20611867446175
O67 51436 0110,1,1,Commercial Gas Permit,0,2026-05-21,2026-05-21,"704 ROCKFORD AVE, APT/UNIT 4, DAYTON OH 45405-4030 United States",39.77850485028296,-84.20611867446175
O67 51436 0111,1,1,Commercial Gas Permit,0,2026-05-21,2026-05-21,"704 ROCKFORD AVE, APT/UNIT 3, DAYTON OH 45405-4030 United States",39.77850485028296,-84.20611867446175
O67 51436 0112,1,1,Commercial Gas Permit,0,2026-05-21,2026-05-21,"704 ROCKFORD AVE, APT/UNIT 2, DAYTON OH 45405-4030 United States",39.77850485028296,-84.20611867446175
P70 00102 0041,1,1,Residential Mechanical Permit,0,2026-05-22,2026-05-22,"117 NEAL AVE, DAYTON OH 45405-4528 United States",39.7712678016843,-84.20020908521549
P70 00106 0013,1,1,Residential Mechanical Permit,0,2026-02-20,2026-02-20,"4330 OWENS DR, DAYTON OH 45406-1423 United States",39.791272302406064,-84.25535804311897
P70 00114 0027,1,1,Residential Electrical Permit,0,2026-03-12,2026-03-12,"705 SUNNYVIEW AVE, DAYTON OH 45406-1955 United States",39.793155272083254,-84.22623236929401
P70 00202 0870,1,1,Residential Electrical Permit,0,2026-01-02,2026-01-02,"27 HESS ST, DAYTON OH 45402-2919 United States",39.755593502890264,-84.18435162050929
P70 00217 0013,1,1,Residential Mechanical Permit,0,2026-05-07,2026-05-07,"4111 BRIDLEGATE WAY, DAYTON OH 45424-8001 United States",39.80664220391559,-84.11107082037756
P70 00218 0022,1,1,Residential Electrical Permit,0,2026-01-28,2026-01-28,"1905 EMERSON AVE, DAYTON OH 45406-4808 United States",39.782686888438995,-84.22334648881193
P70 00218 0024,1,1,Residential Electrical Permit,0,2026-01-28,2026-01-28,"1419 LEXINGTON AVE, DAYTON OH 45402-5635 United States",39.76876430480601,-84.2353240584925
P70 00310 0025,1,1,Residential Electrical Permit,0,2026-06-10,2026-06-10,"165 W FAIRVIEW AVE, DAYTON OH 45405 United States",39.78499812821938,-84.21573400383144
P70 00312 0008,1,1,Residential Mechanical Permit,0,2026-04-02,2026-04-02,"5080 SCOTSMAN DR, DAYTON OH 45414",39.821374383565995,-84.16108132985852
P70 00313 0020,1,1,Residential Mechanical Permit,0,2026-05-29,2026-05-29,"1402 CHADWICK DR, DAYTON OH 45406-4724 United States",39.772080736339234,-84.22495935577703
P70 00403 0008,1,1,Residential Mechanical Permit,0,2026-06-23,2026-06-23,"616 FULMER DR, DAYTON OH 45403-3215 United States",39.75627823095669,-84.12507549823906
P70 00403 0029,1,1,Residential Building Permit,32000,2026-06-23,2026-06-23,"3624 WAYNE AVE, DAYTON OH 45420-2439 United States",39.73842735706679,-84.14417064722882
P70 00408 0011,1,1,Residential Electrical Permit,0,2026-06-17,2026-06-17,"445 SANDHURST DR, DAYTON OH 45405-2422 United States",39.79966825228034,-84.20864484553526
P70 00409 0013,1,1,Residential Mechanical Permit,0,2026-06-04,2026-06-04,"1325 SCHAEFFER ST, DAYTON OH 45404-1762 United States",39.781761695070685,-84.17550010441845
P70 00410 0027,1,1,Residential Electrical Permit,0,2026-01-14,2026-01-14,"511 BENTLEY ST, DAYTON OH 45404-2112 United States",39.78397504506544,-84.16277685326385
P70 00411 0029,1,1,Residential Mechanical Permit,0,2026-03-26,2026-03-26,"2918 MARIMONT DR, DAYTON OH 45420 United States",39.74456276023402,-84.1401644982797
P70 00415 0017,1,1,Residential Mechanical Permit,0,2026-04-23,2026-04-23,"1205 OAKDALE AVE, DAYTON OH 45420-1517 United States",39.722915866467325,-84.14595608430524
P70 00417 0003,1,1,Residential Mechanical Permit,0,2026-02-04,2026-02-04,"544 LEXINGTON AVE, DAYTON OH 45402-5812 United States",39.76772364396789,-84.22268816821308
P70 00502 0013,1,1,Residential Mechanical Permit,0,2026-03-31,2026-03-31,"211 N Broadway St, Dayton OH 45402",39.758108749199366,-84.21475970547357
P70 00502 0019,1,1,Residential Mechanical Permit,0,2026-04-24,2026-04-24,"4209 WILLOW MIST DR, DAYTON OH 45424-4480 United States",39.81945938579157,-84.09984502819769
P70 00502 0038,1,1,Residential Mechanical Permit,0,2026-03-10,2026-03-10,"1710 ACADEMY PL, DAYTON OH 45406-4601 United States",39.77445798816281,-84.23132380991656
P70 00503 0018,1,1,Residential Mechanical Permit,0,2026-04-24,2026-04-24,"220 OTTERBEIN AVE, DAYTON OH 45406-4553 United States",39.78067380085877,-84.22747113004885
P70 00512 0052,1,1,Residential Mechanical Permit,0,2026-01-06,2026-01-06,"3014 MARTEL DR, DAYTON OH 45420-2248 United States",39.72515501269201,-84.1435197994974
P70 00514 0022,1,1,Residential Mechanical Permit,0,2026-06-23,2026-06-23,"468 ROCKCLIFF CIR, DAYTON OH 45406-2124 United States",39.792355934486956,-84.22289875698787
P70 00520 0014,2,1,Residential Mechanical Permit,0,2026-03-17,2026-03-17,"1024 W FAIRVIEW AVE, DAYTON OH 45406-2808 United States",39.78718426326024,-84.22783190484522
P70 00520 0051,1,1,Residential Mechanical Permit,0,2026-01-13,2026-01-13,"2705 E SECOND ST, DAYTON OH 45403-1233 United States",39.76707105380104,-84.15606861344257
P70 00520 0052,1,1,Residential Electrical Permit,0,2026-03-18,2026-03-18,"214 BURNS AVE, DAYTON OH 45402 United States",,
P70 00601 0015,1,1,Residential Mechanical Permit,0,2026-04-24,2026-04-24,"42 CHAMBERS ST, DAYTON OH 45409-2815 United States",39.74382099104144,-84.18118958339194
P70 00604 0028,1,1,Residential Mechanical Permit,0,2026-04-28,2026-04-28,"1714 MCLAIN ST, DAYTON OH 45403-2518 United States",39.75723549815452,-84.16111425508092
P70 00606 0017,1,1,Residential Mechanical Permit,0,2026-02-04,2026-02-04,"1942 W GRAND AVE, DAYTON OH 45402-5733 United States",39.766492626694294,-84.22959615618232
P70 00606 0028,1,1,Residential Mechanical Permit,0,2026-06-25,2026-06-25,"2706 MADDEN HILLS DR, DAYTON OH 45417-4451 United States",39.73669458290149,-84.2390922886993
P70 00607 0029,1,1,Residential Mechanical Permit,0,2026-01-07,2026-01-07,"1625 PINECREST DR, DAYTON OH 45414-5317 United States",39.799788542508395,-84.19906143748709
P70 00609 0045,1,1,Residential Mechanical Permit,0,2026-04-24,2026-04-24,"410 LOWES ST, DAYTON OH 45409-2438 United States",39.73483659775812,-84.17660429949845
P70 00611 0042,1,1,Residential Electrical Permit,0,2026-04-01,2026-04-01,"22 Hawthorn ST, DAYTON OH 45402",39.75417850627304,-84.21108692388763
P70 00611 0061,1,1,Residential Mechanical Permit,0,2026-06-05,2026-06-05,"3320 E FOURTH ST, DAYTON OH 45403-2212 United States",39.76440020744276,-84.14608926387693
P70 00617 0019,1,1,Residential Mechanical Permit,0,2026-01-12,2026-01-12,"931 W THIRD ST, DAYTON OH 45402",,
P70 00618 0039,1,1,Residential Mechanical Permit,0,2026-03-02,2026-03-02,"4214 WEEPING WILLOW DR, DAYTON OH 45404 United States",,
P70 00702 0018,1,1,Residential Mechanical Permit,0,2026-02-23,2026-02-23,"439 ADELITE AVE, DAYTON OH 45417-3270 United States",39.7452733985285,-84.23237736352893
P70 00703 0027,1,1,Residential Building Permit,5852,2026-05-18,2026-05-18,"1916 MALVERN AVE, DAYTON OH 45406-4449 United States",39.782562351077466,-84.22880985285065
P70 00706 0031,1,1,Residential Mechanical Permit,0,2026-03-23,2026-03-23,"1235 DONALD AVE, DAYTON OH 45420-2221 United States",39.72776167021958,-84.14443472827982
P70 00709 0009,1,1,Residential Mechanical Permit,0,2026-03-31,2026-03-31,"227 N Broadway St, Dayton OH 45402",39.758492976542755,-84.21488960068896
P70 00712 0005,1,1,Residential Mechanical Permit,0,2026-06-12,2026-06-12,"1916 MALVERN AVE, DAYTON OH 45406-4449 United States",39.782562351077466,-84.22880985285065
P70 00713 0002,1,1,Residential Electrical Permit,0,2026-01-29,2026-01-29,"1007 W THIRD ST, DAYTON OH 45402",,
P70 00802 0006,1,1,Residential Mechanical Permit,0,2026-04-13,2026-04-13,"4507 Cardinal Flower DR, DAYTON OH 45404",,
P70 00803 0017,1,1,Residential Electrical Permit,0,2026-06-09,2026-06-09,"103 WROE AVE, DAYTON OH 45406-5249 United States",39.77104859577818,-84.2092239685817
P70 00811 0001,1,1,Residential Mechanical Permit,0,2026-02-24,2026-02-24,"30 BUCKEYE ST, DAYTON OH 45402-2842 United States",39.751673001443855,-84.18664557226134
P70 00813 0005,1,1,Residential Electrical Permit,0,2026-01-29,2026-01-29,"110 Eugene AVE, DAYTON OH 45403-3048",39.75532561566318,-84.14490371271712
P70 00813 0030,1,1,Residential Building Permit,16286,2026-06-04,2026-06-04,"1245 Patterson RD, DAYTON OH 45420-1525",39.723979965067386,-84.1444877418441
P70 00814 0020,1,1,Residential Mechanical Permit,0,2026-04-21,2026-04-21,"51 S MOSS AVE, DAYTON OH 45417-1803 United States",39.74961200912925,-84.24234932439143
P70 00905 0076,1,1,Residential Mechanical Permit,0,2026-01-12,2026-01-12,"937 W THIRD ST, DAYTON OH 45402",,
P70 00908 0039,2,2,Residential Electrical Permit,0,2026-01-30,2026-05-11,"1325 OAKDALE AVE, DAYTON OH 45420-1519 United States",39.722782049057855,-84.14297676927733
P70 00909 0011,1,1,Residential Electrical Permit,0,2026-03-03,2026-03-03,"137 VOLKENAND AVE, DAYTON OH 45410-2005 United States",39.74324350965596,-84.1658990379027
P70 00909 0038,2,2,Residential Electrical Permit,0,2026-02-04,2026-02-12,"25 MARATHON AVE, DAYTON OH 45405-3613 United States",39.782055590016014,-84.2094762569973
P70 00913 0022,1,1,Residential Electrical Permit,0,2026-03-09,2026-03-09,"2924 N Main ST, DAYTON OH 45405-2808",39.791922367121686,-84.21446660580767
P70 00914 0037,1,1,Residential Mechanical Permit,0,2026-04-22,2026-04-22,"136 S WILLIAMS ST, DAYTON OH 45402 United States",39.75382640622974,-84.21210917614891
P70 01003 0013,1,1,Commercial Building Permit,0,2026-02-13,2026-02-13,"3410 N MAIN ST, DAYTON OH 45405-2712 United States",39.797252175874256,-84.2170562131943
P70 01005 0024,1,1,Residential Electrical Permit,0,2026-02-26,2026-02-26,"2330 CATALPA DR, DAYTON OH 45406-2103 United States",39.79036221979624,-84.2255259945902
P70 01009 0014,1,1,Residential Mechanical Permit,0,2026-02-26,2026-02-26,"545 BRIGHTWOOD AVE, DAYTON OH 45405-4309 United States",39.77429148967309,-84.20129813942525
P70 01010 0008,1,1,Residential Mechanical Permit,0,2026-01-15,2026-01-15,"4238 WEEPING WILLOW DR, DAYTON OH 45404 United States",,
P70 01106 0012,1,1,Residential Mechanical Permit,0,2026-04-30,2026-04-30,"900 DEVONSHIRE RD, DAYTON OH 45419-3606 United States",39.72129960977602,-84.15967494351489
P70 01108 0015,1,1,Residential Electrical Permit,0,2026-01-16,2026-01-16,"4244 WEEPING WILLOW DR, DAYTON OH 45404 United States",,
P70 01108 0022,1,1,Residential Electrical Permit,0,2026-06-09,2026-06-09,"1029 CUMBERLAND AVE, DAYTON OH 45406-4956 United States",39.77856587614224,-84.22145095348101
P70 01109 0018,1,1,Residential Mechanical Permit,0,2026-02-10,2026-02-10,"527 CLIFTON DR, DAYTON OH 45417-3213 United States",39.74450470205658,-84.23403715935146
P70 01115 0014,2,2,Residential Electrical Permit,0,2026-01-14,2026-04-28,"4503 BLUE IRIS DR, DAYTON OHIO 45404",39.791903392827074,-84.20900609122515
P70 01116 0008,1,1,Residential Mechanical Permit,0,2026-05-18,2026-05-18,"4405 GENESEE AVE, DAYTON OH 45406-3216 United States",39.785109669834284,-84.2552418710557
P70 01116 0033,1,1,Residential Mechanical Permit,0,2026-03-31,2026-03-31,"431 OSTRANDER DR, DAYTON OH 45403-3218 United States",39.75806429227316,-84.12932215405687
P70 01117 0015,1,1,Residential Electrical Permit,0,2026-06-25,2026-06-25,"4513 SAINT JAMES AVE, DAYTON OH 45406-2322 United States",39.789131079180265,-84.25788450317899
P70 01203 0026,1,1,Residential Electrical Permit,0,2026-04-07,2026-04-07,"1040 BUNCHE DR, DAYTON OH",,
P70 01216 0012,2,2,Residential Building Permit,27211,2026-03-03,2026-04-02,"4220 WEEPING WILLOW DR, DAYTON OH 45404 United States",39.76082879637431,-84.16446589097428
P70 01217 0002,1,1,Residential Mechanical Permit,0,2026-04-10,2026-04-10,"119 BILLWOOD RD, DAYTON OH 45431 United States",39.762560127902816,-84.13181102478886
P70 01218 0009,1,1,Commercial Electrical Permit,0,2026-02-09,2026-02-09,"4115 FREE PIKE, APT/UNIT 22, DAYTON OH 45416-1240 United States",39.798233213697486,-84.25643766210801
P70 01301 0035,1,1,Residential Mechanical Permit,0,2026-02-05,2026-02-05,"313 LELAND AVE, DAYTON OH 45417-1655 United States",39.755423535087075,-84.24502401681494
P70 01312 0076,1,1,Residential Mechanical Permit,0,2026-01-22,2026-01-22,"816 WELLMEIER AVE, DAYTON OH 45410-2907 United States",39.748110446902714,-84.1493327440844
P70 01313 0002,2,2,Residential Electrical Permit,0,2026-03-18,2026-03-20,"1724 LAYTON DR, DAYTON OH 45406-3918 United States",39.779915514053435,-84.24452725731327
P70 01316 0011,1,1,Residential Mechanical Permit,0,2026-02-25,2026-02-25,"233 N GARLAND AVE, DAYTON OH 45403-1640 United States",39.77146047421518,-84.14505337412533
P70 01317 0026,1,1,Residential Mechanical Permit,0,2026-03-09,2026-03-09,"212 E BEECHWOOD AVE, DAYTON OH 45405-3132 United States",39.790147216532915,-84.20779909452217
P70 01402 0008,1,1,Residential Electrical Permit,0,2026-03-19,2026-03-19,"4420 DAYTON-LIBERTY RD, DAYTON OH 45417-5904 United States",39.731722837764096,-84.26158994822815
P70 01404 0038,1,1,Residential Mechanical Permit,0,2026-06-22,2026-06-22,"1341 SHAFTESBURY RD, DAYTON OH 45406-4323 United States",39.77172567241714,-84.24059303287716
P70 01404 0057,1,1,Residential Mechanical Permit,0,2026-03-04,2026-03-04,"35 PLEASANT ST, DAYTON OH 45403-2725 United States",39.75946407620175,-84.15129486767836
P70 01406 0002,1,1,Residential Electrical Permit,0,2026-02-10,2026-02-10,"439 ADELITE AVE, DAYTON OH 45417-3270 United States",39.7452733985285,-84.23237736352893
P70 01407 0014,1,1,Residential Building Permit,3000,2026-05-06,2026-05-06,"2315 N MAIN ST, DAYTON OH 45405 United States",39.78509396667697,-84.21087476720628
P70 01409 0048,1,1,Residential Mechanical Permit,0,2026-03-04,2026-03-04,"2721 N MAIN ST, DAYTON OH 45405-3009 United States",39.78997105547659,-84.21402704844427
P70 01414 0024,1,1,Residential Electrical Permit,0,2026-03-09,2026-03-09,"1312 CANFIELD AVE, DAYTON OH 45406-4309 United States",39.77089857851076,-84.23897112575727
P70 01414 0041,1,1,Residential Mechanical Permit,0,2026-01-13,2026-01-13,"2000 SHAFTESBURY RD, DAYTON OH 45406-3818 United States",39.78551951358037,-84.2403006061157
P70 01414 0063,1,1,Residential Electrical Permit,0,2026-04-07,2026-04-07,"912 ANGIER DR, DAYTON OH",,
P70 01416 0022,1,1,Residential Mechanical Permit,0,2026-01-15,2026-01-15,"39 PLEASANT ST, DAYTON OH 45403-2725 United States",39.75946019547066,-84.15118093818396
P70 01503 0029,1,1,Residential Mechanical Permit,0,2026-05-22,2026-05-22,"117 NEAL AVE, DAYTON OH 45405-4528 United States",39.7712678016843,-84.20020908521549
P70 01503 0038,1,1,Residential Mechanical Permit,0,2026-01-15,2026-01-15,"724 SALEM AVE, DAYTON OH 45406-5823 United States",39.770658374471246,-84.21318896094569
P70 01506 0054,2,1,Residential Mechanical Permit,0,2026-01-12,2026-05-14,"918 ANGIER, DAYTON OH",39.750770130747156,-84.15406984406087
P70 01508 0022,1,1,Residential Building Permit,17040,2026-06-04,2026-06-04,"1311 ALCOTT AVE, DAYTON OH 45406-4204 United States",39.770869659762766,-84.24165333026112
P70 01510 0003,1,1,Residential Mechanical Permit,0,2026-03-31,2026-03-31,"219 N BROADWAY ST, DAYTON OH",39.758303088233724,-84.21483551536426
P70 01510 0021,1,1,Residential Mechanical Permit,0,2026-01-13,2026-01-13,"1515 WESTONA DR, DAYTON OH 45410-3337 United States",39.746497141591654,-84.13634359802224
P70 01511 0003,1,1,Residential Gas Permit,0,2026-03-09,2026-03-09,"1415 KINGSLEY AVE, DAYTON OH 45406-4222 United States",39.77285970671021,-84.24280618920305
P70 01511 0044,1,1,Residential Mechanical Permit,0,2026-04-17,2026-04-17,"1238 EVERETT DR, DAYTON OH 45402-5603 United States",39.770357024024094,-84.2303074304434
P70 01511 0047,1,1,Residential Mechanical Permit,0,2026-06-29,2026-06-29,"2037 KENSINGTON DR, DAYTON OH 45406-3804 United States",39.78647803223711,-84.24194749945413
P70 01511 0049,2,2,Residential Electrical Permit,0,2026-04-07,2026-04-28,"2508 HEARTSOUL DR, DAYTON OH",39.75825313939774,-84.21086714757207
P70 01513 0012,1,1,Residential Electrical Permit,0,2026-01-02,2026-01-02,"345 N GARLAND AVE, DAYTON OH 45403-1642 United States",39.77347309389593,-84.14231823030929
P70 01513 0019,2,1,Residential Gas Permit,0,2026-02-24,2026-03-06,"412 N BROADWAY ST, DAYTON OH 45402-6614 United States",39.760028730438954,-84.21472784586639
P70 01607 0035,1,1,Residential Electrical Permit,0,2026-06-17,2026-06-17,"34 W MAPLEWOOD AVE, DAYTON OH 45405-2813 United States",39.791629348034945,-84.21572648709194
P70 01610 0017,1,1,Residential Mechanical Permit,0,2026-04-30,2026-04-30,"1085 PATTERSON RD, DAYTON OH 45420-1563 United States",39.724266067345305,-84.14893219833333
P70 01611 0054,2,2,Residential Electrical Permit,0,2026-02-10,2026-06-08,"3061 WAYLAND AVE, DAYTON OH 45420-2142 United States",39.72179497857497,-84.13543312608473
P70 01613 0012,1,1,Residential Mechanical Permit,0,2026-03-16,2026-03-16,"1727 W First ST, DAYTON OH 45402",39.756316543144614,-84.22447413006768
P70 01614 0027,1,1,Residential Mechanical Permit,0,2026-01-22,2026-01-22,"30 EVANSTON AVE, DAYTON OH 45409-2401 United States",39.735653347565524,-84.17413912450472
P70 01614 0036,1,1,Residential Electrical Permit,0,2026-06-23,2026-06-23,"2317 Catalpa DR, DAYTON OH 45406-2104",39.79004791849441,-84.22598805258897
P70 01614 0043,2,2,Residential Building Permit,26976,2026-04-28,2026-05-28,"117 MARK TWAIN CT, DAYTON OH 45414-3762 United States",39.82105895115301,-84.21326837867936
P70 01616 0014,1,1,Residential Electrical Permit,0,2026-06-24,2026-06-24,"143 E PARKWOOD DR, DAYTON OH 45405-3426 United States",39.78819653729337,-84.20863395415374
P70 01701 0024,1,1,Residential Mechanical Permit,0,2026-02-18,2026-02-18,"832 NEAL AVE, DAYTON OH 45406-5233 United States",39.770566856570944,-84.21130850602735
P70 01704 0015,1,1,Residential Mechanical Permit,0,2026-04-02,2026-04-02,"630 TAYLOR ST, DAYTON OH 45404-1632 United States",39.7719079498684,-84.181372778805
P70 01707 0042,1,1,Residential Electrical Permit,0,2026-04-29,2026-04-29,"1541 W SECOND ST, DAYTON OH 45402 United States",39.75617778482438,-84.21981378574294
P70 01707 0043,1,1,Residential Electrical Permit,0,2026-06-03,2026-06-03,"1229 S BROADWAY ST, DAYTON OH 45417-3963 United States",39.73926602527375,-84.21576421053885
P70 01710 0011,1,1,Residential Mechanical Permit,0,2026-04-24,2026-04-24,"1716 OAKRIDGE DR, DAYTON OH 45417-2313 United States",39.75809105386568,-84.23330081333354
P70 01710 0023,1,1,Residential Mechanical Permit,0,2026-04-10,2026-04-10,"746 BROADMOOR DR, DAYTON OH 45419-2802 United States",39.7229002773236,-84.15290017893001
P70 01710 0048,2,2,Residential Building Permit,12160,2026-04-09,2026-04-28,"624 Dennison AVE, DAYTON OH 45417-3219",39.74569895338186,-84.22996917161366
P70 01713 0038,1,1,Residential Mechanical Permit,0,2026-04-17,2026-04-17,"439 ADELITE AVE, DAYTON OH 45417-3270 United States",39.7452733985285,-84.23237736352893
P70 01802 0018,1,1,Residential Electrical Permit,0,2026-03-24,2026-03-24,"631 BELMONTE PARK N, DAYTON OH 45405-4718 United States",39.76844802979445,-84.20491529783793
P70 01805 0020,1,1,Residential Electrical Permit,0,2026-06-08,2026-06-08,"2012 PHILADELPHIA DR, DAYTON OH 45406-2720 United States",39.78401290238186,-84.23451172367088
P70 01806 0035,1,1,Residential Mechanical Permit,0,2026-04-22,2026-04-22,"2109 RAVENWOOD AVE, DAYTON OH 45406-2907 United States",,
P70 01808 0010,2,1,Commercial Electrical Permit,0,2026-03-12,2026-04-16,"4710 OLD TROY PIKE, DAYTON OH 45424",39.82265624949803,-84.14435934428226
P70 01808 0053,1,1,Commercial Building Permit,0,2026-01-14,2026-01-14,"1040 E First ST, DAYTON OH 45402",39.76502688372706,-84.1742971485678
P70 01808 0098,1,1,Commercial Electrical Permit,0,2026-02-03,2026-02-03,"1433 ROSEMONT BLVD, DAYTON OH 45410-3120 United States",39.74723760331699,-84.14189565870034
P70 01815 0032,1,1,Residential Mechanical Permit,0,2026-01-21,2026-01-21,"5524 E SIERRA CIR, DAYTON OH 45414",,
P70 01816 0013,1,1,Commercial Electrical Permit,0,2026-03-16,2026-03-16,"1901 S GETTYSBURG AVE, DAYTON OH 45417-4160 United States",39.72703990647095,-84.25422415913177
P70 01817 0010,1,1,Residential Mechanical Permit,0,2026-02-10,2026-02-10,"2423 AUBURN AVE, DAYTON OH 45406-1929 United States",39.79180504917938,-84.22841633197532
P70 01818 0025,1,1,Residential Electrical Permit,0,2026-02-17,2026-02-17,"2513 GERMANTOWN ST, DAYTON OH 45417-3675 United States",39.740344277445246,-84.23615562790064
P70 01820 0015,17,1,Commercial Electrical Permit,0,2026-01-08,2026-01-16,"615 ROCKFORD AVE, DAYTON OH 45405-4023 United States",39.77716883455522,-84.20660200387623
P70 01901 0043,1,1,Residential Mechanical Permit,0,2026-03-16,2026-03-16,"717 MCLAIN ST, DAYTON OH 45403-2331 United States",39.75675832804428,-84.17340475984885
P70 01902 0012,1,1,Residential Mechanical Permit,0,2026-02-09,2026-02-09,"733 MAPLEHURST AVE, DAYTON OH 45402-5546 United States",39.762615156859376,-84.23355564236645
P70 01902 0025,1,1,Residential Electrical Permit,0,2026-04-10,2026-04-10,"715 CARLISLE AVE, DAYTON OH 45410-2738 United States",39.74963774532133,-84.15240313453853
P70 01925 0001,1,1,Commercial Electrical Permit,0,2026-03-11,2026-03-11,"456 LOWES ST, APT/UNIT C, DAYTON OH 45409-2438 United States",39.73509175672422,-84.17489402354208
P70 02001 0005,2,2,Commercial Building Permit,0,2026-04-08,2026-05-13,"344 S MAIN ST, DAYTON OH 45402 United States",39.75425207430004,-84.18997193046444
P70 02008 0025,1,1,Residential Mechanical Permit,0,2026-03-24,2026-03-24,"29 ROGGE ST, DAYTON OH 45409-2823 United States",39.74492431523467,-84.17931328818354
P70 02009 0038,1,1,Residential Mechanical Permit,0,2026-04-20,2026-04-20,"1615 SELKIRK RD, DAYTON OH 45432-3513 United States",39.733722908069005,-84.11963839429075
P70 02015 0001,7,3,Commercial Electrical Permit,0,2026-01-09,2026-04-09,"29 E FOURTH ST, Dayton OH 45431",39.79822944166529,-84.25687183524197
P70 02017 0031,1,1,Residential Mechanical Permit,0,2026-02-05,2026-02-05,"4151 WEEPING WILLOW DR, DAYTON OH 45404 United States",,
P70 02017 0139,1,1,Residential Mechanical Permit,0,2026-05-26,2026-05-26,"601 RIDGEDALE RD, DAYTON OH 45406-4855 United States",39.78071224809106,-84.21945414824054
P70 02018 0009,3,3,Commercial Building Permit,0,2026-04-21,2026-06-02,"4349 SPRINGFIELD ST, DAYTON OH 45431",39.77911094284314,-84.13657803906315
P70 02018 0010,1,1,Commercial Electrical Permit,0,2026-03-25,2026-03-25,"3800 LAKEBEND DR, APT/UNIT A1, DAYTON OH 45404-2135 United States",39.79667120572793,-84.15504607516348
P70 02020 0003,1,1,Commercial Mechanical Permit,0,2026-03-10,2026-03-10,"1718 W Third ST, DAYTON OH 45402-6721",39.75410407759405,-84.22363924187327
P70 02025 0002,2,2,Commercial Electrical Permit,0,2026-01-13,2026-01-29,"220 Janney RD, DAYTON OH 45404-1265",39.79461997242494,-84.17455296564127
P70 02025 0010,1,1,Commercial Mechanical Permit,0,2026-03-06,2026-03-06,"972 PATTERSON RD, DAYTON OH 45419-4337 United States",39.723904121460464,-84.15239766839758
P70 02107 0047,1,1,Residential Mechanical Permit,0,2026-02-12,2026-02-12,"136 S IRWIN ST, DAYTON OH 45403-2204 United States",39.763243204049175,-84.15006091304384
P70 02107 0048,1,1,Residential Mechanical Permit,0,2026-02-13,2026-02-13,"519 Anna ST, DAYTON OH 45402-5509",39.76223262488716,-84.23657386225763
P70 02107 0049,1,1,Residential Mechanical Permit,0,2026-02-18,2026-02-18,"1146 GUENTHER RD, DAYTON OH 45417-9237 United States",39.76455824138345,-84.26593184580672
P70 02107 0050,2,2,Residential Gas Permit,0,2026-02-18,2026-02-23,"1841 KIPLING DR, DAYTON OH 45406 United States",39.782446424892,-84.24291793338358
P70 02107 0051,3,3,Residential Building Permit,145303,2026-02-04,2026-02-23,"925 FERGUSON AVE, DAYTON OH 45402-6115 United States",39.766274464044805,-84.21666771052547
P70 02107 0052,2,2,Residential Gas Permit,0,2026-02-12,2026-02-23,"1855 KIPLING DR, DAYTON OH 45406 United States",39.78285474552005,-84.24297438873342
P70 02107 0056,2,2,Residential Electrical Permit,0,2026-02-12,2026-06-10,"1519 FAUVER AVE, DAYTON OH 45410-3214 United States",39.745686344319765,-84.14110507024198
P70 02107 0057,4,4,Commercial Electrical Permit,144985,2026-02-04,2026-04-09,"2708 ATHENS AVE, DAYTON OH 45406-4625 United States",39.77016310578521,-84.23487502073228
P70 02107 0058,2,2,Residential Building Permit,147122,2026-02-05,2026-02-13,"4418 WATER WILLOW CT, DAYTON OHIO 45404",39.75532561566318,-84.14490371271712
P70 02107 0119,2,2,Commercial Electrical Permit,0,2026-01-20,2026-01-21,"1121 RIVERSIDE DR, DAYTON OH 45405-4211 United States",39.776164886085375,-84.19804043700508
P70 02107 0120,2,2,Residential Electrical Permit,0,2026-01-27,2026-06-01,"867 OSMOND AVE, DAYTON OH 45402-5240 United States",39.76343000540198,-84.24946202272668
P70 02107 0121,2,2,Residential Electrical Permit,0,2026-01-27,2026-06-01,"2288 LIDO PL, DAYTON OH 45420-3344 United States",39.733450932480324,-84.1305143872195
P70 02107 0122,3,3,Commercial Electrical Permit,0,2026-04-10,2026-06-26,"77 EAKER ST, DAYTON OH 45402 United States",39.75400882450574,-84.1948289943983
P70 02107 0123,3,3,Commercial Electrical Permit,0,2026-02-09,2026-06-26,"4131 FREE PIKE, APT/UNIT 13, DAYTON OH 45416-1240 United States",39.79822944166529,-84.25687183524197
P70 02107 0124,3,3,Commercial Electrical Permit,0,2026-04-10,2026-06-26,"1313 E FIFTH ST, DAYTON OH 45402-2222 United States",39.75848844834604,-84.17511130282503
P70 02107 0125,2,2,Commercial Electrical Permit,0,2026-04-10,2026-04-10,"2615 WAYNE AVE, DAYTON OH 45420 United States",39.73892543687086,-84.1555275335662
P70 02107 0126,2,1,Commercial Gas Permit,0,2026-01-13,2026-01-28,"701 LONGWORTH ST, DAYTON OH 45402",39.748617938103116,-84.19400820635511
P70 02107 0127,3,2,Commercial Gas Permit,0,2026-01-06,2026-02-09,"4517 HONEYWELL CT, DAYTON OH 45424-5760 United States",39.81829129026972,-84.13609388470803
P70 02107 0128,3,2,Commercial Gas Permit,0,2026-01-06,2026-02-16,"709 Xenia AVE, DAYTON OH 45410-1837",39.752910458414746,-84.16595585229939
P70 02107 0129,3,2,Commercial Gas Permit,0,2026-01-06,2026-02-16,"40 W Fourth ST, DAYTON OH 45402-1857",39.75764457257017,-84.19272237084951
P70 02107 0130,2,1,Commercial Gas Permit,0,2026-01-22,2026-02-16,"1923 W THIRD ST, DAYTON OH 45417 United States",39.75399826407294,-84.22686647970743
P70 02107 0131,2,1,Commercial Gas Permit,0,2026-01-22,2026-02-16,"2805 OAKRIDGE DR, DAYTON OH 45417 United States",39.758462103179006,-84.24636270337696
P70 02107 0132,3,2,Commercial Gas Permit,0,2026-01-07,2026-02-18,"451 W Third ST, DAYTON OH 45402-1447",39.75866421736068,-84.20042098208506
P70 02107 0133,3,2,Commercial Gas Permit,0,2026-01-07,2026-02-25,"1610 STANLEY AVE, DAYTON OH 45404-1115 United States",39.78625012821982,-84.19102581297713
P70 02107 0138,2,2,Commercial Electrical Permit,0,2026-02-19,2026-04-13,"3558 STANFORD PL, DAYTON OH 45406-3634 United States",39.77703459035414,-84.24548710141988
P70 02107 0139,1,1,Commercial Mechanical Permit,0,2026-04-13,2026-04-13,"1901 S GETTYSBURG AVE, DAYTON OH 45417-4160 United States",39.72703990647095,-84.25422415913177
P70 02107 0140,1,1,Commercial Mechanical Permit,0,2026-04-13,2026-04-13,"1901 S GETTYSBURG AVE, DAYTON OH 45417-4160 United States",39.72703990647095,-84.25422415913177
P70 02107 0141,1,1,Commercial Mechanical Permit,0,2026-04-13,2026-04-13,"1901 S GETTYSBURG AVE, DAYTON OH 45417-4160 United States",39.72703990647095,-84.25422415913177
P70 02108 0008,1,1,Residential Mechanical Permit,0,2026-01-08,2026-01-08,"1608 W RIVERVIEW AVE, DAYTON OH 45402-5914 United States",39.76255437839151,-84.21999867085484
P70 02207 0029,1,1,Residential Mechanical Permit,0,2026-02-20,2026-02-20,"824 BROADVIEW BLVD, DAYTON OH 45419-3650 United States",39.72298100508113,-84.15941272527382
P70 02207 0030,1,1,Residential Electrical Permit,0,2026-02-26,2026-02-26,"1801 NEFF RD, DAYTON OH 45414-5347 United States",39.803943342814875,-84.19770674947671
P70 02207 0039,1,1,Residential Gas Permit,0,2026-02-24,2026-02-24,"1839 KIPLING DR, DAYTON OH 45406 United States",39.7823146525531,-84.24291819292105
P70 02211 0047,2,2,Residential Electrical Permit,0,2026-03-16,2026-03-24,"920 XENIA AVE, DAYTON OH 45410-2234 United States",39.752634360130244,-84.16260509228965
P70 02212 0003,1,1,Residential Electrical Permit,0,2026-04-28,2026-04-28,"1816 SHAFTESBURY RD, DAYTON OH 45406-3910 United States",39.781719428020125,-84.24010957753737
P70 03901 0049,2,1,Commercial Gas Permit,0,2026-04-13,2026-04-17,"1306 Bryn Mawr DR, DAYTON OH 45402",39.770346524589485,-84.21760421780495
P70 03903 0002,1,1,Residential Mechanical Permit,0,2026-05-26,2026-05-26,"2960 RIDGE AVE, DAYTON OH 45414-5437 United States",39.793187565817114,-84.19925987688336
P70 03903 0065,1,1,Residential Electrical Permit,0,2026-05-13,2026-05-13,"225 WESTWOOD AVE, DAYTON OH 45417-1625 United States",39.754776812045755,-84.24143613228502
P70 03904 0052,1,1,Residential Electrical Permit,0,2026-06-09,2026-06-09,"5026 MORNINGSIDE BLVD, DAYTON OH 45432-3637 United States",39.736861924713956,-84.12058624176862
P70 03904 0115,1,1,Residential Gas Permit,0,2026-02-24,2026-02-24,"1817 KIPLING DR, DAYTON OH 45406-3917 United States",39.78162438836328,-84.2428048301453
P70 03905 0060,1,1,Residential Mechanical Permit,0,2026-03-27,2026-03-27,"1344 W First ST, DAYTON OH 45402-6633",39.75743607078305,-84.21609577761123
P70 03908 0077,1,1,Residential Mechanical Permit,0,2026-03-04,2026-03-04,"2804 PRINCETON DR, DAYTON OH 45406-4340 United States",39.77248126867607,-84.2361247565514
P70 03908 0086,1,1,Commercial Mechanical Permit,0,2026-03-17,2026-03-17,"300 COLLEGE PARK AVE, DAYTON OH 45469 United States",39.74010674659607,-84.1799867581776
P70 03909 0001,1,1,Commercial Electrical Permit,0,2026-05-11,2026-05-11,"334 NORWOOD AVE, DAYTON OH 45402-8435 United States",39.75243675396511,-84.20720223698018
P70 03909 0143,1,1,Commercial Mechanical Permit,0,2026-03-04,2026-03-04,"5050 NORTHCREST DR, DAYTON OH 45414-3709 United States",39.820064017100755,-84.20279299562863
P70 03911 0020,1,1,Commercial Building Permit,0,2026-02-17,2026-02-17,"39 E FIRST ST, DAYTON OH 45402 United States",,
P70 03912 0044,2,2,Commercial Electrical Permit,0,2026-03-06,2026-04-08,"1000 W THIRD ST, APT/UNIT 2, DAYTON OH 45402-6833 United States",39.75631073381917,-84.21044112147031
P70 03912 0088,4,3,Commercial Mechanical Permit,0,2026-02-24,2026-05-12,"3841 LAKEBEND DR, APT/UNIT B1, DAYTON OH 45404-2135 United States",39.797176601782745,-84.15445295598632
P70 04002 0049,2,1,Commercial Gas Permit,0,2026-02-26,2026-03-04,"1502 CHAPEL ST, DAYTON OH 45404",39.774494888715964,-84.17307135028517
P70 04003 0069,1,1,Commercial Electrical Permit,0,2026-01-20,2026-01-20,"1570 WOODMAN DR, APT/UNIT 19, DAYTON OH 45432-3335 United States",39.73526582562707,-84.12123908622343
P70 04003 0121,2,2,Commercial Building Permit,0,2026-03-11,2026-05-08,"120 W APPLE ST, DAYTON OH 45402-2624 United States",39.74488726669357,-84.19176216970797
P70 04003 0131,1,1,Commercial Electrical Permit,0,2026-02-18,2026-02-18,"1 WYOMING ST, DAYTON OH 45409 United States",39.745718250758195,-84.1865388265835
P70 04005 0024,4,3,Commercial Mechanical Permit,0,2026-03-06,2026-06-02,"1000 W THIRD ST, APT/UNIT 1, DAYTON OH 45402-6833 United States",39.75631073381917,-84.21044112147031
P70 04005 0056,1,1,Commercial Electrical Permit,0,2026-02-27,2026-02-27,"1529 Brown ST, DAYTON OH",39.73837258576606,-84.18200426742256
P70 04005 0063,1,1,Commercial Electrical Permit,0,2026-02-26,2026-02-26,"128 XENIA AVE, DAYTON OH 45410-1538 United States",39.752289957242844,-84.17441801215793
P70 04005 0072,3,2,Commercial Electrical Permit,0,2026-02-20,2026-05-01,"1501 Riverside DR, DAYTON OH 45405-4110",39.77864754212861,-84.20159914369935
P70 04006 0029,1,1,Commercial Building Permit,0,2026-03-23,2026-03-23,"2255 GERMANTOWN ST, DAYTON OH",39.74201403415118,-84.23182683259513
P70 04006 0074,3,3,Commercial Building Permit,0,2026-03-09,2026-06-09,"1000 Shroyer RD, DAYTON OH 45419-3634",39.72132195494497,-84.1608417749877
P70 04006 0156,1,1,Commercial Electrical Permit,0,2026-03-17,2026-03-17,"6110 RIP RAP RD, DAYTON OH 45424 United States",39.845075291835336,-84.16760273966555
P70 04007 0009,1,1,Residential Building Permit,1,2026-06-22,2026-06-22,"152 N Sperling AVE, DAYTON OH 45403-1712",39.76986877704126,-84.14616150676429
P70 04008 0151,1,1,Residential Mechanical Permit,0,2026-05-01,2026-05-01,"133 S HORTON ST, DAYTON OH 45403-2035 United States",39.76201294592942,-84.15784110021747
P70 04009 0064,1,1,Residential Electrical Permit,0,2026-04-29,2026-04-29,"1604 W FIRST ST, DAYTON OH 45402 United States",39.75657025509236,-84.22140846664067
P70 50207 0016,1,1,Residential Mechanical Permit,0,2026-03-31,2026-03-31,"223 N Broadway St, Dayton OH 45402",39.75839569483788,-84.21485941204628
P70 50208 0002,1,1,Residential Electrical Permit,0,2026-05-08,2026-05-08,"1805 RIVERSIDE DR, DAYTON OH 45405-3847 United States",39.78148204478572,-84.20324134376509
P70 50208 0030,1,1,Residential Mechanical Permit,0,2026-02-18,2026-02-18,"4505 COLLEGE VIEW DR, DAYTON OH 45417-8912 United States",39.733164686701194,-84.26302761072628
P70 50208 0044,1,1,Residential Mechanical Permit,0,2026-05-07,2026-05-07,"51 S MOSS AVE, DAYTON OH 45417-1803 United States",39.74961200912925,-84.24234932439143
P70 50217 0016,2,1,Residential Electrical Permit,0,2026-05-14,2026-06-12,"23 LIVINGSTON AVE, DAYTON",39.75753206656076,-84.14888689322137
P70 51431 0013,1,1,Residential Mechanical Permit,0,2026-03-19,2026-03-19,"1118 HAMPSHIRE RD, DAYTON OH 45419-3715 United States",39.718761897848275,-84.15739230074185
P70 51431 0027,1,1,Commercial Mechanical Permit,0,2026-04-01,2026-04-01,"220 E MONUMENT AVE, DAYTON OH 45402-1223 United States",39.7643043947213,-84.18845808544255
P70 51442 0001,1,1,Residential Gas Permit,0,2026-01-07,2026-01-07,"4363 WEEPING WILLOW DR, DAYTON OH 45404",,
P70 51442 0002,2,2,Residential Electrical Permit,0,2026-01-07,2026-04-24,"218 BURNS AVE, DAYTON OH 45402 United States",39.799788542508395,-84.19906143748709
R72 00104 0036,2,2,Commercial Fire Alarm Permit,0,2026-03-31,2026-06-15,"371 W SECOND ST, DAYTON OH 45402-1491 United States",39.760209025680545,-84.19898220027287
R72 00107 0013,2,2,Commercial Electrical Permit,0,2026-04-08,2026-06-11,"125 N WILKINSON ST, DAYTON OH 45402 United States",39.76119158363699,-84.19617416988275
R72 00108 0002,1,1,Commercial Fire Sprinkler Permit,0,2026-06-02,2026-06-02,"41 N Perry ST, DAYTON OH 45422-2000",39.759703965799226,-84.19689222301372
R72 00108 0008,7,5,Commercial Fire Alarm Permit,0,2026-01-15,2026-06-25,"330 W Second ST, DAYTON OH 45422-4999",39.759828634862885,-84.19775974825204
R72 00110 0001,7,4,Permit Revision,0,2026-02-17,2026-06-16,"451 W THIRD ST, DAYTON OH 45402-1447 United States",39.75866421736068,-84.20042098208506
R72 00111 0006,3,3,Commercial Fire Alarm Permit,0,2026-01-12,2026-05-22,"10 Abbey Ave, Dayton OH 45417",39.75133907964575,-84.23968819163089
R72 00111 0008,3,2,Permit Revision,0,2026-05-15,2026-06-25,"300 Abbey Ave., DAYTON OH 45417",39.74873536236311,-84.23894337569445
R72 00202 0010,3,1,Permit Revision,0,2026-01-07,2026-02-16,"14 W FIRST ST, DAYTON OH 45402-1200 United States",39.762025981527415,-84.19316677872351
R72 00202 0012,2,2,Permit Revision,0,2026-01-05,2026-06-26,"135 N MAIN ST, DAYTON OH 45402 United States",39.76194893898221,-84.19279848837233
R72 00203 0004,2,2,Commercial Fire Alarm Permit,0,2026-01-08,2026-06-11,"130 W Second ST, DAYTON OH 45402-1500",39.760317428136055,-84.195106940125
R72 00203 0008,1,1,Permit Revision,0,2026-04-14,2026-04-14,"120 W SECOND ST, DAYTON OH 45402-1604 United States",39.76038147042693,-84.19466736050762
R72 00203 0011,6,2,Permit Revision,0,2026-01-13,2026-06-10,"101 W Third ST, DAYTON OH 45402-1814",39.75939750883473,-84.19397456461029
R72 00205 0022,2,2,Commercial Fire Sprinkler Permit,0,2026-01-15,2026-01-15,"110 N MAIN ST, DAYTON OH 45402 United States",39.761402673397924,-84.1922159510382
R72 00206 0036,1,1,Commercial Fire Alarm Permit,0,2026-01-23,2026-01-23,"100 N JEFFERSON ST, DAYTON OH 45402 United States",39.761471169316295,-84.19032847169049
R72 00207 0001,1,1,Commercial Fire Alarm Permit,0,2026-02-06,2026-02-06,"142 N SAINT CLAIR ST, DAYTON OH 45402-1739 United States",39.76274323901652,-84.18875473373919
R72 00207 0063,1,1,Residential Plumbing Permit,0,2026-02-24,2026-02-24,"132 CANAL BOAT CT, DAYTON OH 45402 United States",39.762791203349174,-84.1875397830356
R72 00310 0027,1,1,Commercial Electrical Permit,0,2026-06-08,2026-06-08,"33 E FIRST ST, DAYTON OH 45402-1203 United States",39.76276535705178,-84.19140585386235
R72 00310 0045,1,1,Commercial Tent permit,0,2026-06-08,2026-06-08,"38 E MONUMENT AVE, DAYTON OH 45402 United States",39.76389134145661,-84.19139045766592
R72 00310T0039,1,1,Commercial Building Permit,35000,2026-04-23,2026-04-23,"210 N MAIN ST, DAYTON OH 45402 United States",39.76271559140329,-84.19218738762544
R72 00412 0012,2,1,Commercial Plumbing Permit,0,2026-01-09,2026-04-01,"230 W FIFTH ST, DAYTON OH 45402 United States",39.755935923149664,-84.19561936006674
R72 00416 0002,19,7,Commercial Building Permit,1122600,2026-01-27,2026-06-16,"240 W FIFTH ST, DAYTON OH 45402-1421 United States",39.7556728689064,-84.19596162529606
R72 00502 0016,1,1,Commercial Fire Sprinkler Permit,0,2026-01-05,2026-01-05,"18 W Third ST, DAYTON OH 45402-2024",39.759181617115836,-84.19238613518513
R72 00502 0045,5,4,Permit Revision,0,2026-01-06,2026-02-02,"30 W THIRD ST, DAYTON OH 45402 United States",39.75928775445649,-84.19282990165644
R72 00502 0046,1,1,Commercial Building Permit,0,2026-06-02,2026-06-02,"32 S LUDLOW ST, DAYTON OH 45402 United States",39.75833725236332,-84.1932408240551
R72 00503 0024,1,1,Commercial Mechanical Permit,0,2026-06-26,2026-06-26,"115 S LUDLOW ST, DAYTON OH 45402-1812 United States",39.75722054121235,-84.193373804586
R72 00504 0004,1,1,Commercial Building Permit,0,2026-06-05,2026-06-05,"117 S MAIN ST, DAYTON OH 45422-3000 United States",39.7576007515135,-84.19176789800295
R72 00504 0010,5,4,Permit Revision,0,2026-01-15,2026-05-21,"40 W Fourth ST, DAYTON OH 45402-1857",39.75764457257017,-84.19272237084951
R72 00507 0055,10,2,Commercial Plumbing Permit,0,2026-01-21,2026-06-08,"17 E Fourth ST, DAYTON OH 45402-2101",39.75845352805611,-84.19070706511039
R72 00507 0056,1,1,Permit Revision,0,2026-05-26,2026-05-26,"15 E FOURTH ST, DAYTON OH 45402 United States",39.758432628868185,-84.190823950109
R72 00507 0060,25,4,Commercial Plumbing Permit,0,2026-01-21,2026-06-05,"40 S Main ST, DAYTON OH 45402",39.75858596717528,-84.19123324009236
R72 00507 0096,2,2,Commercial Electrical Permit,0,2026-06-29,2026-06-29,"4 S MAIN ST, DAYTON OH 45402 United States",39.75936800830403,-84.19145856383616
R72 00508 0016,1,1,Commercial Electrical Permit,0,2026-05-29,2026-05-29,"140 E THIRD ST, DAYTON OH 45402-2130 United States",39.75980923730007,-84.18866579263546
R72 00508 0017,1,1,Commercial Electrical Permit,0,2026-05-29,2026-05-29,"142 E THIRD ST, DAYTON OH 45402-2130 United States",39.75981859606145,-84.18858779583178
R72 00509 0019,1,1,Commercial Tent permit,0,2026-06-04,2026-06-04,"134 S MAIN ST, DAYTON OH 45402 United States",39.75722773433401,-84.19088471849203
R72 00511 0010,1,1,Permit Revision,0,2026-02-20,2026-02-20,"22 E Fifth ST, DAYTON OH 45402",39.756560223829254,-84.19023779466141
R72 00602 0048,1,1,Commercial Fire Sprinkler Permit,0,2026-06-25,2026-06-25,"416 E THIRD ST, DAYTON OH 45402-2117 United States",39.760120368954865,-84.18575250375768
R72 00603 0011,2,1,Permit Revision,0,2026-06-03,2026-06-18,"520 E THIRD ST, DAYTON OH 45402-5101 United States",39.76054871151604,-84.1840466050636
R72 00604 0010,2,2,Commercial Sewer Permit,0,2026-03-31,2026-03-31,"727 E FOURTH ST, DAYTON OH 45402 United States",39.759682558457904,-84.18144775584562
R72 00609 0002,1,1,Permit Revision,0,2026-03-20,2026-03-20,"803 E Fifth ST, DAYTON OH 45402-4200",39.75754556280266,-84.18131080121084
R72 00609 0004,1,1,Commercial Plumbing Permit,0,2026-01-07,2026-01-07,"267 BAINBRIDGE ST, DAYTON OH 45402-2208 United States",39.75831710916163,-84.18093096014755
R72 00609 0015,1,1,Commercial Tent permit,0,2026-05-19,2026-05-19,"266 BAINBRIDGE ST, DAYTON OH 45402-2208 United States",39.757929736626345,-84.18018165470502
R72 00611 0017,1,1,Commercial Plumbing Permit,0,2026-02-24,2026-02-24,"125 BACON ST, DAYTON OH 45402-2203 United States",39.760877299718466,-84.17913204238539
R72 00614 0019,5,5,Commercial Electrical Permit,0,2026-05-14,2026-06-24,"1023 E FOURTH ST, DAYTON OH 45402-2231 United States",39.7594908074135,-84.1787392819018
R72 00701 0024,5,4,Permit Revision,0,2026-01-02,2026-06-22,"220 E MONUMENT AVE, DAYTON OH 45402-1223 United States",39.7643043947213,-84.18845808544255
R72 00701 0025,1,1,Permit Revision,0,2026-01-13,2026-01-13,"224 HARRIES ST, DAYTON OH 45402 United States",39.76378198633836,-84.18850593396361
R72 00704 0009,1,1,Commercial Building Permit,9276,2026-04-01,2026-04-01,"533 E FIRST ST, DAYTON OH 45402-1239 United States",39.764172429162166,-84.18275157150914
R72 00706 0009,1,1,Commercial Plumbing Permit,0,2026-01-22,2026-01-22,"434 E First ST, UNIT 402, DAYTON OH 45402-1220",39.76348709153627,-84.18439296983206
R72 00708 0032,1,1,Commercial Water Permit,0,2026-05-29,2026-05-29,"327 E THIRD ST, DAYTON OH 45402-2114 United States",39.76057597331138,-84.18652840604359
R72 00708 0043,9,4,Permit Revision,0,2026-02-24,2026-05-08,"431 E THIRD ST, DAYTON OH 45402 United States",39.7607683923376,-84.18536971107433
R72 00709 0021,1,1,Commercial Building Permit,1000000,2026-03-30,2026-03-30,"501 E THIRD ST, DAYTON OH 45402-2280 United States",39.760908378877915,-84.18461171010189
R72 00803 0047,1,1,Commercial Electrical Permit,0,2026-03-19,2026-03-19,"600 E SECOND ST, DAYTON OH 45402-1381 United States",39.7625371528257,-84.18171232318629
R72 00803 0050,1,1,Commercial Plumbing Permit,0,2026-05-08,2026-05-08,"905 E THIRD ST, DAYTON OH 45402-2248 United States",39.76180690208581,-84.17902637834325
R72 00807 0037,2,2,Permit Revision,0,2026-01-05,2026-04-16,"112 WEBSTER ST, DAYTON OH 45402",39.76310494868162,-84.18194304868865
R72 00901 0012,1,1,Commercial Tent permit,0,2026-04-29,2026-04-29,"237 E MONUMENT AVE, DAYTON OH 45402 United States",39.764579356513124,-84.1880868315216
R72 00903 0027,1,1,Commercial Tent permit,0,2026-06-08,2026-06-08,"312 N PATTERSON BLVD, DAYTON OH 45402 United States",39.76525239702508,-84.18763877865189
R72 00908 0014,1,1,Commercial Building Permit,2500000,2026-04-24,2026-04-24,"711 E MONUMENT AVE, DAYTON OH 45402 United States",,
R72 01005 0019,2,2,Commercial Wrecking Permit,0,2026-03-26,2026-03-27,"1044 OTTAWA ST, DAYTON OH 45402 United States",39.76813526830129,-84.1729414915802
R72 01105 0052,1,1,Commercial Fire Alarm Permit,0,2026-06-17,2026-06-17,"1333 E SECOND ST, DAYTON OH 45403 United States",39.76450194410991,-84.17106460454998
R72 01110 0013,1,1,Permit Revision,0,2026-06-04,2026-06-04,"1 SPRINGFIELD ST, DAYTON OH 45403 United States",39.76404953302457,-84.16582013220543
R72 01204 0024,1,1,Commercial Electrical Permit,0,2026-05-15,2026-05-15,"1509 E FIFTH ST, DAYTON OH 45403-2301 United States",39.758732430530415,-84.17322093699921
R72 01204 0028,1,1,Residential Plumbing Permit,0,2026-03-10,2026-03-10,"1521 E FIFTH ST, DAYTON OH 45403-2301 United States",39.75882143563171,-84.1727570602892
R72 01204 0076,2,2,Residential Mechanical Permit,0,2026-03-12,2026-03-17,"1625 E FIFTH ST, DAYTON OH 45403-2303 United States",39.759020121237995,-84.17153439212657
R72 01204 0087,1,1,Commercial Plumbing Permit,0,2026-06-24,2026-06-24,"1501 E FIFTH ST, DAYTON OH 45403-2301 United States",39.75865973391284,-84.17350381248127
R72 01205 0051,3,3,Commercial Building Permit,0,2026-04-15,2026-06-29,"136 S DUTOIT ST, DAYTON OH 45402 United States",39.76052867322773,-84.17376215399656
R72 01205 0058,3,2,Permit Revision,0,2026-03-31,2026-06-18,"112 S DUTOIT ST, DAYTON OH 45402",39.76109495834675,-84.17409950014863
R72 01206 0028,1,1,Residential Building Permit,180000,2026-03-11,2026-03-11,"52 S TERRY ST, DAYTON OH 45403",,
R72 01206 0029,1,1,Residential Building Permit,20000,2026-03-11,2026-03-11,"52 S TERRY ST, DAYTON OH 45403",,
R72 01207 0013,1,1,Miscellaneous Permit,0,2026-06-23,2026-06-23,"135 S TERRY ST, DAYTON OH 45403",39.75998116366197,-84.17114831287918
R72 01208 0001,1,1,Residential Plumbing Permit,0,2026-01-07,2026-01-07,"1700 E FOURTH ST, DAYTON OH 45403-1806 United States",39.76085523169688,-84.16973907473997
R72 01208 0057,1,1,Special Service Inspection,0,2026-05-11,2026-05-11,"1804 E FOURTH ST, DAYTON OH 45403-1813 United States",39.76114896605079,-84.16820562084368
R72 01208 0088,2,2,Residential Building Permit,5075,2026-02-12,2026-03-16,"109 RINGGOLD ST, DAYTON OH 45403 United States",39.76085653238708,-84.16849391698412
R72 01213 0005,3,3,Commercial Building Permit,700250,2026-03-18,2026-04-15,"1313 E FIFTH ST, DAYTON OH 45402-2222 United States",39.75848844834604,-84.17511130282503
R72 01302 0037,1,1,Residential Water Permit,0,2026-06-09,2026-06-09,"27 POTOMAC ST, DAYTON OH 45403-2337 United States",39.755604767202,-84.17515226317846
R72 01302 0086,1,1,Residential Water Permit,0,2026-06-16,2026-06-16,"129 HIGH ST, DAYTON OH 45403-2319 United States",39.75575348740937,-84.1739711821165
R72 01304 0036,1,1,Residential Building Permit,0,2026-06-03,2026-06-03,"29 LA BELLE ST, DAYTON OH 45403-2323 United States",39.75777540028352,-84.17332601509514
R72 01304 0037,1,1,Residential Building Permit,0,2026-06-03,2026-06-03,"25 LA BELLE ST, DAYTON OH 45403-2323 United States",39.75786841032723,-84.17334964065468
R72 01305 0042,2,2,Permit Revision,0,2026-02-10,2026-05-04,"163 HENRY ST, DAYTON OH 45403-2313 United States",39.75720994379359,-84.17196770011923
R72 01306 0008,1,1,Residential Sewer Permit,0,2026-03-31,2026-03-31,"126 LA BELLE ST, DAYTON OH 45403-2358 United States",39.75596143345597,-84.1724855748052
R72 01307 0002,1,1,Residential Plumbing Permit,0,2026-04-08,2026-04-08,"104 MCCLURE ST, DAYTON OH 45403-2432 United States",39.75696103594082,-84.17036438259943
R72 01307 0003,4,3,Permit Revision,0,2026-02-06,2026-05-07,"108 MCCLURE ST, DAYTON OH 45403-2432 United States",39.756882095845086,-84.17031626945834
R72 01307 0034,1,1,Residential Gas Permit,0,2026-05-15,2026-05-15,"135 DRUMMER AVE, DAYTON OH 45403-2426 United States",39.756473271147904,-84.16933169127851
R72 01308 0008,1,1,Residential Building Permit,0,2026-06-12,2026-06-12,"144 HENRY ST, DAYTON OH 45403-2314 United States",39.75770166783295,-84.17175893942918
R72 01401 0013,1,1,Permit Revision,0,2026-05-19,2026-05-19,"526 E FIFTH ST, DAYTON OH 45402-2914 United States",39.75697709205313,-84.18284465890903
R72 01401 0042,1,1,Residential Plumbing Permit,0,2026-01-06,2026-01-06,"23 VAN BUREN ST, DAYTON OH 45402-2931 United States",39.756291995212926,-84.18274983565908
R72 01401 0061,3,2,Permit Revision,150000,2026-01-08,2026-02-19,"526 E FIFTH ST, DAYTON OH 45402-2914 United States",39.75697709205313,-84.18284465890903
R72 01402 0013,1,1,Commercial Water Permit,0,2026-04-06,2026-04-06,"122 VAN BUREN ST, DAYTON OH 45402-2934 United States",39.75615231319555,-84.18157957505274
R72 01402 0041,1,1,Residential Plumbing Permit,0,2026-01-08,2026-01-08,"210 Jackson St, Upper, Dayton OH 45402-2979",39.75561852231945,-84.18318534611225
R72 01403 0025,2,1,Permit Revision,0,2026-02-18,2026-03-30,"521 Wayne AVE, DAYTON OH 45410",39.75506108211943,-84.18032237673896
R72 01403 0026,2,1,Permit Revision,0,2026-01-13,2026-01-13,"525 WAYNE AVE, DAYTON OH 45410 United States",39.75501339523777,-84.18020028576406
R72 01403 0027,1,1,Permit Revision,0,2026-01-13,2026-01-13,"527 WAYNE AVE, APT B, DAYTON OH 45410 United States",39.754959398461246,-84.18013848301703
R72 01404 0057,1,1,Residential Plumbing Permit,0,2026-06-23,2026-06-23,"332 JONES ST, DAYTON OH 45410-1104 United States",39.7544885674145,-84.18061095331184
R72 01413 0005,2,2,Commercial Tent permit,0,2026-02-03,2026-02-26,"300 WAYNE AVE, DAYTON OH 45410-1116 United States",39.756960419363324,-84.1813322962284
R72 01502 0085,1,1,Residential Water Permit,0,2026-01-22,2026-01-22,"113 GREEN ST, DAYTON OH 45402-2834 United States",39.754707364279405,-84.18544012361275
R72 01503 0030,1,1,Residential Plumbing Permit,0,2026-04-21,2026-04-21,"85 JONES ST, DAYTON OH 45402-2801 United States",39.75402049362299,-84.18528118099232
R72 01507 0010,2,2,Permit Revision,0,2026-01-13,2026-03-26,"310 S Jefferson ST, DAYTON OH 45402",39.75547524745373,-84.188553661364
R72 01508 0012,1,1,Commercial Building Permit,250000,2026-03-31,2026-03-31,"424 E FIFTH ST, DAYTON OH 45402 United States",39.75706747738722,-84.18496003289575
R72 01508 0014,1,1,Commercial Sewer Permit,0,2026-01-05,2026-01-05,"410 E FIFTH ST, DAYTON OH 45402 United States",39.75707768653679,-84.18539428504366
R72 01508 0016,2,2,Commercial Plumbing Permit,0,2026-03-06,2026-03-30,"400 E Fifth ST, DAYTON OH 45402-2962",39.75709355918025,-84.18562589307531
R72 01509 0001,1,1,Permit Revision,0,2026-01-29,2026-01-29,"104 Brown ST, DAYTON OH 45402-2829",39.75613376964144,-84.18535012290468
R72 01509 0051,1,1,Commercial Water Permit,0,2026-04-23,2026-04-23,"128 BROWN ST, DAYTON OH 45402-2851 United States",39.75547500318669,-84.18514208222824
R72 01510 0004,1,1,Residential Zoning Only Permit,0,2026-03-04,2026-03-04,"143 Jones ST, DAYTON OH 45410-1107",39.754332657666744,-84.18343178142304
R72 01510 0012,1,1,Residential Plumbing Permit,0,2026-05-29,2026-05-29,"127 JONES ST, DAYTON OH 45410-1107 United States",39.75422830619918,-84.18400557787429
R72 01603 0021,5,4,Permit Revision,0,2026-03-26,2026-05-13,"505 S Ludlow ST, DAYTON OH 45402-2606",39.75293511538563,-84.19218111260149
R72 01605 0037,8,8,Commercial Building Permit,2000000,2026-01-05,2026-06-10,"725 S LUDLOW ST, DAYTON OH 45402",39.75074114622736,-84.19190590461398
R72 01608 0012,1,1,Permit Revision,0,2026-05-20,2026-05-20,"341 S Jefferson ST, DAYTON OH 45402",39.75457811416368,-84.18888058364368
R72 01608 0014,1,1,Permit Revision,0,2026-05-20,2026-05-20,"344 S MAIN ST, DAYTON OH 45402 United States",39.75425207430004,-84.18997193046444
R72 01704 0111,5,4,Permit Revision,0,2026-01-30,2026-06-04,"601 Longworth St, Dayton OH 45402",39.749400154542215,-84.19516871164788
R72 01706 0050,7,5,Permit Revision,0,2026-01-28,2026-06-17,"701 LONGWORTH ST, DAYTON OH 45402",39.748617938103116,-84.19400820635511
R72 01708 0006,1,1,Commercial Building Permit,125000,2026-03-10,2026-03-10,"901 S LUDLOW ST, DAYTON OH 45402-2614 United States",39.74947002037815,-84.19122189531457
R72 01709 0014,1,1,Commercial Tent permit,0,2026-04-14,2026-04-14,"803 S LUDLOW ST, DAYTON OH 45402-2612 United States",39.750398009298756,-84.1914187342013
R72 01712 0006,1,1,Miscellaneous Permit,0,2026-01-14,2026-01-14,"815 S PATTERSON BLVD, DAYTON OH 45402",39.74743092034416,-84.19090124308305
R72 01802 0079,4,3,Commercial Mechanical Permit,0,2026-06-25,2026-06-29,"660 S MAIN ST, DAYTON OH 45402 United States",39.749703222402275,-84.18893148262077
R72 01803 0015,1,1,Residential Wrecking Permit,0,2026-03-04,2026-03-04,"112 E LINCOLN ST, DAYTON OH 45402-2729 United States",39.74958158484041,-84.1875031459455
R72 01803 0016,1,1,Residential Wrecking Permit,0,2026-03-04,2026-03-04,"116 E LINCOLN ST, DAYTON OH 45402-2729 United States",39.74957729454954,-84.18740763701952
R72 01804 0061,2,2,Residential Building Permit,150000,2026-05-05,2026-05-06,"109 E Foraker AVE, 111, DAYTON OH 45409-2920",39.747266288384374,-84.18676837303352
R72 01809 0023,1,1,Residential Wrecking Permit,0,2026-06-24,2026-06-24,"336 E LINCOLN ST, DAYTON OH 45402-2821 United States",39.75101393902663,-84.1846068912567
R72 01810 0020,1,1,Residential Water Permit,0,2026-05-19,2026-05-19,"121 PULASKI ST, DAYTON OH 45402-2824 United States",39.74994345333574,-84.18543518143059
R72 01904 0121,1,1,Sign Permit,0,2026-01-15,2026-01-15,"424 Warren St, Dayton OH 45402",39.74863651510845,-84.18506288151596
R72 01906 0014,1,1,Residential Mechanical Permit,0,2026-03-09,2026-03-09,"129 ALBERTA ST, DAYTON OH 45410-1213 United States",39.748181708124655,-84.18250063390217
R72 01909 0009,3,2,Permit Revision,0,2026-02-16,2026-06-03,"735 Wayne AVE, DAYTON OH 45410-1635",39.75306087770955,-84.17818690007412
R72 01910 0014,3,3,Commercial Electrical Permit,0,2026-05-28,2026-06-12,"913 WAYNE AVE, DAYTON OH 45410-1247 United States",39.752051126228956,-84.17710871890915
R72 01911 0058,1,1,Residential Plumbing Permit,0,2026-06-11,2026-06-11,"17 JAMES ST, DAYTON OH 45410-1243 United States",39.751569493004645,-84.1790998802718
R72 01913 0006,6,5,Residential Gas Permit,0,2026-01-29,2026-02-24,"59 ALBERTA ST, DAYTON OH 45410 United States",39.748916203536815,-84.18336144414069
R72 01913 0021,1,1,Residential Building Permit,320000,2026-01-06,2026-01-06,"59 ALBERTA ST, DAYTON OH 45410 United States",39.748916203536815,-84.18336144414069
R72 02002 0022,1,1,Commercial Plumbing Permit,0,2026-06-12,2026-06-12,"111 XENIA AVE, DAYTON OH 45410-1523 United States",39.752718956521925,-84.17495840373012
R72 02006 0045,1,1,Residential Plumbing Permit,0,2026-06-01,2026-06-01,"248 MCCLURE ST, DAYTON OH 45410-1529 United States",39.754171882534536,-84.16955405506462
R72 02007 0048,1,1,Commercial Sewer Permit,0,2026-02-04,2026-02-04,"521 XENIA AVE, DAYTON OH 45410-1823 United States",39.752841070298985,-84.16872176989969
R72 02009 0015,1,1,Permit Revision,0,2026-03-02,2026-03-02,"118 CHURCH ST, DAYTON OH 45410 United States",39.75352516352401,-84.1667674015205
R72 02009 0023,3,2,Commercial Plumbing Permit,0,2026-02-25,2026-06-17,"310 ALLEN ST, DAYTON OH 45410 United States",39.75337951783394,-84.16812280102151
R72 02101 0021,1,1,Residential Sewer Permit,0,2026-01-09,2026-01-09,"64 MCREYNOLDS ST, DAYTON OH 45403-2417 United States",39.7580303133415,-84.16701032732843
R72 02101 0022,2,2,Residential Mechanical Permit,0,2026-01-02,2026-01-15,"68 MCREYNOLDS ST, DAYTON OH 45403-2417 United States",39.75794791975382,-84.1670119115526
R72 02101 0026,1,1,Commercial Electrical Permit,0,2026-05-21,2026-05-21,"61 BOLTIN ST, DAYTON OH 45403-2401 United States",39.757727070282144,-84.16613144539375
R72 02107 0013,1,1,Residential Gas Permit,0,2026-01-20,2026-01-20,"54 HAYNES ST, DAYTON OH 45410-1819 United States",39.75439287554638,-84.16637905679909
R72 02107 0024,1,1,Residential Gas Permit,0,2026-03-31,2026-03-31,"316 STEELE AVE, DAYTON OH 45410-1811 United States",39.75408654697286,-84.16725747729346
R72 02108 0013,2,2,Residential Mechanical Permit,0,2026-03-04,2026-03-04,"837 XENIA AVE, DAYTON OH 45410-1839 United States",39.75296243007331,-84.16366970997407
R72 02109 0004,1,1,Residential Sewer Permit,0,2026-05-22,2026-05-22,"204 HAYNES ST, DAYTON OH 45410-1821 United States",39.75429502970689,-84.16495725959177
R72 02109 0032,1,1,Residential Gas Permit,0,2026-01-28,2026-01-28,"154 CHURCH ST, DAYTON OH 45410-1802 United States",39.75345501196444,-84.16552416560073
R72 02109 0040,1,1,Permit Revision,0,2026-04-14,2026-04-14,"709 Xenia AVE, DAYTON OH 45410-1837",39.752910458414746,-84.16595585229939
R72 02109 0041,1,1,Residential Water Permit,0,2026-03-23,2026-03-23,"713 XENIA AVE, DAYTON OH 45410-1837 United States",39.752912252595344,-84.1658456229955
R72 02201 0003,1,1,Commercial Wrecking Permit,0,2026-05-12,2026-05-12,"2020 E THIRD ST, DAYTON OH 45403-1928 United States",39.76372262381817,-84.1652537020893
R72 02201 0030,1,1,Special Service Inspection,0,2026-04-21,2026-04-21,"2017 E FOURTH ST, DAYTON OH 45403-1911 United States",39.762188475748715,-84.16327093659855
R72 02201 0052,1,1,Residential Zoning Only Permit,0,2026-01-06,2026-01-06,"34 LINDEN AVE, DAYTON OH 45403-1944 United States",39.76312204349061,-84.16520023502709
R72 02202 0015,1,1,Residential Gas Permit,0,2026-01-20,2026-01-20,"32 BELL ST, DAYTON OH 45403-1902 United States",39.76341251925928,-84.16369863890867
R72 02202 0040,1,1,Residential Wrecking Permit,0,2026-02-27,2026-02-27,"76 BELL ST, DAYTON OH 45403-1941 United States",39.76243609500249,-84.16226998459717
R72 02203 0005,1,1,Commercial Building Permit,8950,2026-02-25,2026-02-25,"101 LINDEN AVE, DAYTON OH 45403-1918 United States",39.76175278460469,-84.16397261445394
R72 02203 0010,1,1,Residential Building Permit,0,2026-05-11,2026-05-11,"113 CENTRE ST, DAYTON OH 45403-1905 United States",39.761123505806594,-84.16417186181845
R72 02203 0047,1,1,Residential Water Permit,0,2026-06-09,2026-06-09,"2237 E FIFTH ST, DAYTON OH 45403-2446 United States",39.76036539885426,-84.1632629772533
R72 02204 0010,4,1,Permit Revision,0,2026-01-14,2026-03-27,"2228 E Third ST, DAYTON OH 45403-2013",39.76433818997879,-84.16135475554611
R72 02204 0030,2,2,Residential Electrical Permit,0,2026-06-15,2026-06-15,"25 MCKINLEY ST, DAYTON OH 45403",39.763301792730786,-84.1610708114644
R72 02204 0091,2,2,Residential Gas Permit,0,2026-03-12,2026-03-19,"32 S Garfield ST, DAYTON OH 45403-2003",39.7637736861815,-84.16030946517029
R72 02204 0096,1,1,Residential Electrical Permit,0,2026-01-16,2026-01-16,"50 S GARFIELD ST, DAYTON OH 45403-2003 United States",39.76339650415826,-84.16018663362013
R72 02205 0078,3,3,Residential Electrical Permit,0,2026-03-11,2026-05-01,"2341 E FIFTH ST, DAYTON OH 45403-2662 United States",39.76090392971956,-84.16022639834463
R72 02205 0129,1,1,Special Service Inspection,0,2026-03-10,2026-03-10,"133 S TORRENCE ST, DAYTON OH 45403-2043 United States",39.76184314825755,-84.15897203764061
R72 02207 0003,1,1,Residential Mechanical Permit,0,2026-03-03,2026-03-03,"2250 E FIFTH ST, DAYTON OH 45403-2447 United States",39.760168782232945,-84.16279937301293
R72 02208 0019,1,1,Residential Water Permit,0,2026-05-21,2026-05-21,"425 HUFFMAN AVE, DAYTON OH 45403-2505 United States",39.75912004567618,-84.1612445709482
R72 02208 0036,3,2,Permit Revision,20000,2026-01-14,2026-03-30,"241 LINDEN AVE, DAYTON OH 45403-2542 United States",39.759724383623826,-84.16084028879716
R72 02301 0019,1,1,Commercial Electrical Permit,0,2026-04-08,2026-04-08,"1723 MCLAIN ST, DAYTON OH 45403-2517 United States",39.757453177957935,-84.16067471448402
R72 02304 0032,3,3,Residential Building Permit,9000,2026-02-04,2026-02-04,"224 Pritz AVE, DAYTON OH 45403-2522",39.75571265032883,-84.15639279438888
R72 02306 0051,4,3,Residential Electrical Permit,500,2026-03-10,2026-03-19,"300 PRITZ AVE, DAYTON OH 45403-2524 United States",39.755072148287674,-84.15644512189131
R72 02309 0065,1,1,Special Service Inspection,0,2026-03-03,2026-03-03,"1017 XENIA AVE, 1019, DAYTON OH 45410-2235 United States",39.753044959042285,-84.16134163159371
R72 02309 0071,1,1,Residential Plumbing Permit,0,2026-02-10,2026-02-10,"1031 XENIA AVE, DAYTON OH 45410-2235 United States",39.75304852818977,-84.16089707365013
R72 02408 0008,1,1,Residential Gas Permit,0,2026-03-31,2026-03-31,"828 XENIA AVE, DAYTON OH 45410-1840 United States",39.752617328124856,-84.16399584165276
R72 02409 0008,2,2,Residential Mechanical Permit,0,2026-04-21,2026-04-21,"1327 WYOMING ST, DAYTON OH 45410-2201 United States",39.74716084613206,-84.16191277590191
R72 02411 0015,2,2,Residential Mechanical Permit,0,2026-03-11,2026-03-16,"19 ANDREWS ST, DAYTON OH 45410-1913 United States",39.75091434881289,-84.16422910393351
R72 02412 0031,1,1,Residential Wrecking Permit,0,2026-04-13,2026-04-13,"1028 XENIA AVE, DAYTON OH 45410-2270 United States",39.75270057948795,-84.16103460497507
R72 02412 0053,1,1,Residential Gas Permit,0,2026-01-09,2026-01-09,"638 HULBERT ST, DAYTON OH 45410-2224 United States",39.75127003993603,-84.16200009978563
R72 02501 0001,2,2,Commercial Electrical Permit,0,2026-04-07,2026-04-28,"364 XENIA AVE, DAYTON OH 45410 United States",39.75243853232094,-84.17075401378345
R72 02502 0052,2,2,Commercial Fire Alarm Permit,0,2026-01-23,2026-06-04,"517 NOEL CT, DAYTON OH 45410-1813 United States",39.752238167126,-84.16807415083704
R72 02507 0008,2,2,Residential Gas Permit,0,2026-03-23,2026-03-23,"206 Fillmore ST, DAYTON OH 45410-1639",39.74942051149777,-84.16905604931749
R72 02507 0035,1,1,Residential Building Permit,3400,2026-02-13,2026-02-13,"324 PIERCE ST, DAYTON OH 45410-1604 United States",39.7494736826956,-84.16821744442005
R72 02512 0001,2,2,Commercial Gas Permit,0,2026-04-10,2026-04-10,"600 Xenia AVE, DAYTON OH 45410-1826",39.752556371168545,-84.16750552402603
R72 02605 0043,2,1,Residential Gas Permit,0,2026-06-30,2026-06-30,"55 LITTLE ST, DAYTON OH 45410-1623 United States",39.75074679811301,-84.17128543095778
R72 02608 0016,1,1,Residential Electrical Permit,0,2026-04-22,2026-04-22,"38 PIERCE ST, DAYTON OH 45410-1627 United States",39.74937784789495,-84.172235151517
R72 02701 0034,1,1,Residential Plumbing Permit,0,2026-01-08,2026-01-08,"204 ALBERTA ST, BACK Back, DAYTON OH 45410-1379 United States",39.748131326187675,-84.18197799176694
R72 02703 0011,1,1,Residential Building Permit,0,2026-04-24,2026-04-24,"24 JOHNSON ST, DAYTON OH 45410-1385 United States",39.74854307293723,-84.17970994765665
R72 02705 0084,3,3,Residential Gas Permit,0,2026-03-27,2026-03-30,"43 CLOVER ST, DAYTON OH 45410-1419 United States",39.749868976159085,-84.17648709515525
R72 02707 0052,1,1,Residential Zoning Only Permit,0,2026-03-10,2026-03-10,"358 PARK DR, DAYTON OH 45410-1414 United States",39.74829359099358,-84.17393787973845
R72 02802 0041,1,1,Residential Sewer Permit,0,2026-04-14,2026-04-14,"61 PARK DR, DAYTON OH 45410-1324 United States",39.74633021484885,-84.18102958626955
R72 02804 0010,1,1,Residential Electrical Permit,0,2026-02-17,2026-02-17,"341 WYOMING ST, DAYTON OH 45410-1326 United States",39.74582305839489,-84.17887251034152
R72 02805 0081,1,1,Residential Plumbing Permit,0,2026-05-18,2026-05-18,"19 ROGGE ST, DAYTON OH 45409-2823 United States",39.74496829632821,-84.17954212394501
R72 02806 0006,1,1,Commercial Electrical Permit,0,2026-05-19,2026-05-19,"228 OBELL CT, DAYTON OH 45409 United States",39.74444668260347,-84.18159594358332
R72 02806 0011,1,1,Residential Plumbing Permit,0,2026-06-01,2026-06-01,"260 OBELL CT, DAYTON OH 45409-2819 United States",39.744397232535995,-84.18064507947493
R72 02806 0040,1,1,Residential Plumbing Permit,0,2026-02-24,2026-02-24,"24 CHAMBERS ST, DAYTON OH 45409-2815 United States",39.743736755141,-84.18189181478967
R72 02806 0073,1,1,Residential Plumbing Permit,0,2026-05-05,2026-05-05,"51 CHAMBERS ST, APT/UNIT 2, DAYTON OH 45409-2875 United States",39.74410827771459,-84.18087995761256
R72 02807 0028,1,1,Commercial Tent permit,0,2026-03-10,2026-03-10,"1126 BROWN ST, DAYTON OH 45409-2601 United States",39.742542614570425,-84.18225425626089
R72 02808 0001,1,1,Residential Plumbing Permit,0,2026-06-08,2026-06-08,"101 WOODLAND AVE, DAYTON OH 45409-2855 United States",39.74320905995476,-84.18020739615439
R72 02808 0019,1,1,Residential Plumbing Permit,0,2026-04-02,2026-04-02,"104 WOODLAND AVE, DAYTON OH 45409-2854 United States",39.742881817218745,-84.18024216490768
R72 02811 0041,1,1,Special Service Inspection,0,2026-04-14,2026-04-14,"1617 MANETTE PL, DAYTON OH 45410-1705 United States",39.74490640690714,-84.17088599688857
R72 02811 0056,1,1,Residential Plumbing Permit,0,2026-03-17,2026-03-17,"20 GREENWOOD AVE, DAYTON OH 45410-1704 United States",39.74629808043879,-84.17254536789322
R72 02903 0077,2,2,Residential Sewer Permit,0,2026-05-20,2026-05-27,"45 JASPER ST, DAYTON OH 45409-2612 United States",39.741581078470084,-84.18533967385459
R72 02903 0088,2,2,Residential Sewer Permit,0,2026-03-02,2026-03-02,"20 FAIRGROUND AVE, DAYTON OH 45409 United States",39.7420790356066,-84.18622670419985
R72 02907 0039,3,2,Commercial Tent permit,0,2026-02-03,2026-03-24,"101 E STEWART ST, DAYTON OH 45409-2625 United States",39.74081469307272,-84.18402648532684
R72 02908 0018,2,2,Commercial Building Permit,5000,2026-01-07,2026-03-09,"1133 BROWN ST, DAYTON OH 45409 United States",39.74266855118027,-84.18266277184267
R72 02908 0019,2,1,Permit Revision,0,2026-02-16,2026-03-26,"1137 Brown ST, DAYTON OH 45409-2603",39.742548165720606,-84.18263142751792
R72 02908 0020,5,5,Commercial Mechanical Permit,0,2026-01-22,2026-05-12,"1141 BROWN ST, DAYTON OH 45409-2603 United States",39.74238388773345,-84.18259902372532
R72 02909 0017,1,1,Permit Revision,0,2026-01-27,2026-01-27,"1047 Brown ST, DAYTON OH 45409-2812",39.743955849852284,-84.18288592758218
R72 03003 0041,4,3,Permit Revision,120000,2026-01-30,2026-06-12,"1520 S MAIN ST, DAYTON OH 45409-2698 United States",39.73780336991269,-84.18549371482919
R72 03004 0001,5,4,Commercial Fire Alarm Permit,0,2026-04-01,2026-06-18,"1529 BROWN ST, DAYTON OH 45409",39.73837258576606,-84.18200426742256
R72 03005A0020,1,1,Residential Building Permit,18697,2026-04-24,2026-04-24,"22 PLUMWOOD RD, DAYTON OH 45409-2510 United States",39.73629838750718,-84.1845611387031
R72 03008 0004,1,1,Commercial Building Permit,15000,2026-05-07,2026-05-07,"951 S PATTERSON BLVD, DAYTON OH 45431 United States",39.74444521603178,-84.19084034849644
R72 03009 0001,2,1,Permit Revision,0,2026-02-26,2026-06-29,"1043 S Main ST, DAYTON OH 45409-2710",39.74346322337277,-84.1877291441674
R72 03011 0003,1,1,Residential Mechanical Permit,0,2026-05-08,2026-05-08,"1600 S MAIN ST, DAYTON OH 45409 United States",39.73732151977501,-84.18550739119193
R72 03102 0011,1,1,Residential Plumbing Permit,0,2026-04-02,2026-04-02,"431 COLLEGE PARK AVE, DAYTON OH 45409-2627 United States",39.73934603306352,-84.18018542869197
R72 03102 0043,1,1,Commercial Plumbing Permit,0,2026-01-20,2026-01-20,"1322 BROWN ST, DAYTON OH 45409-2605 United States",39.74006271479958,-84.18171068350101
R72 03104 0065,1,1,Residential Plumbing Permit,0,2026-03-25,2026-03-25,"1511 FRERICKS WAY, DAYTON OH 45409-2541 United States",39.73632667116377,-84.17952513430471
R72 03105 0043,1,1,Residential Plumbing Permit,0,2026-03-25,2026-03-25,"306 STONEMILL RD, DAYTON OH 45409-2543 United States",39.73660605794673,-84.17903352822712
R72 03105 0044,2,2,Permit Revision,3200,2026-04-20,2026-06-05,"304 STONEMILL RD, DAYTON OH 45409-2543 United States",39.73657142999481,-84.17912983030034
R72 03105 0064,1,1,Residential Plumbing Permit,0,2026-03-26,2026-03-26,"13 LAWNVIEW AVE, DAYTON OH 45409-2505 United States",39.73624148866751,-84.17763170021928
R72 03105 0121,1,1,Commercial Fire Alarm Permit,0,2026-03-17,2026-03-17,"1430 FRERICKS WAY, DAYTON OH 45409 United States",39.737314225398535,-84.17941442580431
R72 03107 0001,12,5,Commercial Tent permit,200000,2026-02-10,2026-06-15,"300 College Park AVE, DAYTON OH 45469",39.74010674659607,-84.1799867581776
R72 03108 0014,1,1,Residential Plumbing Permit,0,2026-03-26,2026-03-26,"226 KIEFABER ST, DAYTON OH 45409-2540 United States",39.73525253208708,-84.17957458112728
R72 03110 0053,2,2,Commercial Plumbing Permit,0,2026-04-13,2026-05-11,"411 LOWES ST, DAYTON OH 45409-2439 United States",39.735137382945084,-84.17665006525263
R72 03111 0019,1,1,Residential Plumbing Permit,0,2026-06-23,2026-06-23,"132 EVANSTON AVE, DAYTON OH 45409-2403 United States",39.73469683847392,-84.17391180718293
R72 03111 0025,1,1,Residential Electrical Permit,0,2026-06-23,2026-06-23,"131 EVANSTON AVE, DAYTON OH 45409-2404 United States",39.73464723712796,-84.17430007955686
R72 03112 0031,3,3,Residential Building Permit,14000,2026-02-03,2026-03-18,"456 LOWES ST, APT/UNIT C, DAYTON OH 45409-2438 United States",39.73509175672422,-84.17489402354208
R72 03112 0075,1,1,Residential Plumbing Permit,0,2026-05-12,2026-05-12,"202 LAWNVIEW AVE, DAYTON OH 45409-2431 United States",39.73482150152586,-84.17691351498848
R72 03113 0005,7,4,Permit Revision,229000,2026-03-16,2026-06-11,"1924 BROWN ST, DAYTON OH 45409-2456 United States",39.73371537630397,-84.18030574225784
R72 03113 0014,1,1,Residential Plumbing Permit,0,2026-06-23,2026-06-23,"232 LOWES ST, DAYTON OH 45409-2432 United States",39.73446069065342,-84.17921230417194
R72 03113 0060,8,5,Permit Revision,0,2026-04-17,2026-06-17,"1926 BROWN ST, DAYTON OH 45409-2456 United States",39.73367475860837,-84.18007361697968
R72 03202A0011,1,1,Residential Mechanical Permit,0,2026-04-24,2026-04-24,"755 IRVING AVE, APT/UNIT 1, DAYTON OH 45409-2308 United States",39.733496920029665,-84.16969283496839
R72 03203 0003,1,1,Residential Plumbing Permit,0,2026-03-25,2026-03-25,"629 IRVING AVE, DAYTON OH 45409-2306 United States",39.73429707266286,-84.17151888223988
R72 03206 0018,1,1,Residential Building Permit,8000,2026-01-23,2026-01-23,"205 NICOLE CT, DAYTON OH 45420-1897 United States",39.737530923634466,-84.16425628328531
R72 03206 0025,2,2,Residential Building Permit,57000,2026-03-04,2026-04-08,"224 RAVELLE CT, DAYTON OH 45420-1894 United States",39.737002836507884,-84.16316078712114
R72 03302 0010,2,1,Residential Mechanical Permit,0,2026-02-24,2026-02-24,"17 WARE AVE, DAYTON OH 45410-2130 United States",39.74240993768265,-84.16813060652008
R72 03401 0024,1,1,Residential Zoning Only Permit,0,2026-01-07,2026-01-07,"728 WYOMING ST, DAYTON OH 45410-1646 United States",39.747288333592614,-84.16973417014637
R72 03402 0053,1,1,Residential Mechanical Permit,0,2026-05-28,2026-05-28,"1600 WAYNE AVE, DAYTON OH 45410-1710 United States",39.74594636485026,-84.1700648557684
R72 03403 0008,1,1,Residential Plumbing Permit,0,2026-01-09,2026-01-09,"51 Gebhart ST, DAYTON OH 45410-1718",39.74481772080969,-84.16680101981396
R72 03403 0025,3,3,Residential Gas Permit,0,2026-05-11,2026-06-29,"27 Gebhart ST, DAYTON OH 45410-1718",39.74441862288399,-84.1674459169637
R72 03405 0046,1,1,Commercial Zoning Only Permit,0,2026-01-05,2026-01-05,"2050 WAYNE AVE, DAYTON OH 45410-2140 United States",39.74157905667772,-84.16530606493941
R72 03406 0017,1,1,Residential Mechanical Permit,0,2026-01-29,2026-01-29,"6 Lucerne AVE, DAYTON OH 45410-2048",39.7444688744474,-84.16527032962787
R72 03406 0024,1,1,Residential Water Permit,0,2026-04-13,2026-04-13,"141 EDGAR AVE, DAYTON OH 45410-2044 United States",39.74440867883642,-84.16429072748713
R72 03407 0018,1,1,Residential Plumbing Permit,0,2026-06-01,2026-06-01,"24 MISSOURI AVE, DAYTON OH 45410-2014 United States",39.74644195918943,-84.16515738354282
R72 03407 0021,1,1,Residential Plumbing Permit,0,2026-04-02,2026-04-02,"1100 WYOMING ST, DAYTON OH 45410-1910 United States",39.747018364548566,-84.16517115476404
R72 03407 0086,1,1,Residential Plumbing Permit,0,2026-01-13,2026-01-13,"205 Heaton AVE, DAYTON OH 45410-2029",39.74561792065794,-84.16517685895427
R72 03409 0005,1,1,Residential Electrical Permit,0,2026-04-23,2026-04-23,"826 WYOMING ST, DAYTON OH 45410-1648 United States",39.74717010685125,-84.16839746064993
R72 03411 0003,1,1,Residential Gas Permit,0,2026-04-29,2026-04-29,"104 EDGAR AVE, DAYTON OH 45410-2022 United States",39.74517143125763,-84.16375053331095
R72 03411 0010,1,1,Residential Sewer Permit,0,2026-06-17,2026-06-17,"121 ILLINOIS AVE, DAYTON OH 45410-2033 United States",39.74476937111887,-84.16306154918175
R72 03411 0015,1,1,Permit Revision,0,2026-02-05,2026-02-05,"128 ILLINOIS AVE, DAYTON OH 45410-2034 United States",39.74455101028581,-84.16258325285403
R72 03501 0014,1,1,Residential Wrecking Permit,0,2026-05-13,2026-05-13,"1504 WYOMING ST, DAYTON OH 45410-2206 United States",39.74667027567649,-84.15991269306141
R72 03502 0075,1,1,Residential Plumbing Permit,0,2026-02-10,2026-02-10,"1116 HIGHLAND AVE, DAYTON OH 45410-2322 United States",39.744409733699214,-84.15899812053146
R72 03502 0105,1,1,Residential Plumbing Permit,0,2026-05-13,2026-05-13,"1119 HIGHLAND AVE, DAYTON OH 45410-2321 United States",39.74461814526035,-84.15940501211742
R72 03505 0010,1,1,Residential Water Permit,0,2026-06-25,2026-06-25,"243 INDIANA AVE, DAYTON OH 45410-2311 United States",39.742530026092524,-84.1620086535898
R72 03510 0025,1,1,Residential Plumbing Permit,0,2026-02-24,2026-02-24,"1305 HIGHLAND AVE, DAYTON OH 45410-2325 United States",39.741373466946,-84.15972967812233
R72 03511 0019,1,1,Residential Building Permit,25526,2026-01-06,2026-01-06,"2412 WAYNE AVE, DAYTON OH 45420-1831 United States",39.73966669492417,-84.15907018889573
R72 03601 0001,1,1,Residential Plumbing Permit,0,2026-01-12,2026-01-12,"1616 WYOMING ST, DAYTON OH 45410-2526 United States",39.74659615642503,-84.15836365079001
R72 03601 0054,1,1,Residential Gas Permit,0,2026-06-30,2026-06-30,"1030 EPWORTH AVE, DAYTON OH 45410-2504 United States",39.745714997002096,-84.1564077104332
R72 03603 0034,1,1,Residential Building Permit,5000,2026-04-20,2026-04-20,"1257 EPWORTH AVE, DAYTON OH 45410-2613 United States",39.74235277040081,-84.15708543327763
R72 03603 0036,1,1,Residential Plumbing Permit,0,2026-06-11,2026-06-11,"1216 EPWORTH AVE, DAYTON OH 45410-2614 United States",39.74345507760936,-84.15661012366566
R72 03604 0052,1,1,Residential Plumbing Permit,0,2026-04-27,2026-04-27,"1334 EPWORTH AVE, DAYTON OH 45410-2616 United States",39.74125626002586,-84.1567641529875
R72 03604 0053,1,1,Residential Sewer Permit,0,2026-04-08,2026-04-08,"1338 EPWORTH AVE, DAYTON OH 45410-2616 United States",39.74114019061018,-84.15681826882604
R72 03605 0050,1,1,Residential Water Permit,0,2026-05-28,2026-05-28,"2424 WAYNE AVE, DAYTON OH 45420-1831 United States",39.73958227453209,-84.15863422834366
R72 03606 0021,1,1,Residential Plumbing Permit,0,2026-05-21,2026-05-21,"1321 HOLLY AVE, DAYTON OH 45410-2628 United States",39.74146939948362,-84.15509041599508
R72 03607 0008,1,1,Residential Sewer Permit,0,2026-01-20,2026-01-20,"1310 CREIGHTON AVE, DAYTON OH 45420-1932 United States",39.74173709666492,-84.15363853150251
R72 03608 0048,1,1,Residential Building Permit,8000,2026-01-21,2026-01-21,"1409 HOLLY AVE, DAYTON OH 45410-2630 United States",39.740069276020336,-84.15527056398122
R72 03710 0001,4,1,Commercial Tent permit,0,2026-02-03,2026-05-01,"1801 S EDWIN C MOSES BLVD, DAYTON OH 45417-4666 United States",39.735215590115395,-84.19923728142132
R72 03712 0003,3,2,Residential Plumbing Permit,0,2026-03-25,2026-03-25,"412 STONEMILL RD, DAYTON OH 45409-2545 United States",39.73694380469201,-84.17709736807309
R72 03802 0020,1,1,Residential Plumbing Permit,0,2026-03-10,2026-03-10,"1132 PHILLIPS AVE, DAYTON OH 45410-2633 United States",39.74444894107133,-84.15545639549197
R72 03806 0024,1,1,Residential Plumbing Permit,0,2026-02-24,2026-02-24,"1105 CARLISLE AVE, DAYTON OH 45420-1916 United States",39.74509255673179,-84.15265814988906
R72 03807 0007,1,1,Residential Building Permit,15280,2026-04-30,2026-04-30,"1014 ARBOR AVE, DAYTON OH 45420-1903 United States",39.74586382248975,-84.15112562368233
R72 03808 0025,1,1,Residential Sewer Permit,0,2026-01-06,2026-01-06,"1205 PURSELL AVE, DAYTON OH 45420-1944 United States",39.743450701775764,-84.15070563876782
R72 03808 0026,2,2,Residential Plumbing Permit,0,2026-03-25,2026-03-25,"1209 PURSELL AVE, DAYTON OH 45420-1944 United States",39.743346060733934,-84.15072804429538
R72 03808 0049,1,1,Residential Plumbing Permit,0,2026-01-29,2026-01-29,"3111 BROOKS ST, DAYTON OH 45420-1957 United States",39.74315648584019,-84.15015094564234
R72 03907 0013,1,1,Residential Wrecking Permit,0,2026-05-13,2026-05-13,"667 SAINT NICHOLAS AVE, DAYTON OH 45410-2435 United States",39.75035595736117,-84.15578524640024
R72 03907 0020,2,2,Residential Electrical Permit,0,2026-03-25,2026-03-25,"628 SAINT NICHOLAS AVE, DAYTON OH 45410-2436 United States",39.751228541111644,-84.1552439093536
R72 03907 0032,2,2,Residential Gas Permit,0,2026-04-07,2026-04-07,"708 SAINT NICHOLAS AVE, DAYTON OH 45410-2520 United States",39.74988678554091,-84.15537213879982
R72 03907 0051,1,1,Residential Plumbing Permit,0,2026-05-05,2026-05-05,"624 BOWEN ST, DAYTON OH 45410-2423 United States",39.75126499308915,-84.15402820268845
R72 03908 0014,1,1,Residential Plumbing Permit,0,2026-03-19,2026-03-19,"823 SAINT NICHOLAS AVE, DAYTON OH 45410-2521 United States",39.74838406718586,-84.15600869869421
R72 03913 0030,1,1,Residential Plumbing Permit,0,2026-01-06,2026-01-06,"909 CREIGHTON AVE, DAYTON OH 45410-2922 United States",39.74710405502819,-84.1537124861603
R72 04001 0007,2,1,Residential Gas Permit,0,2026-06-02,2026-06-02,"1702 XENIA AVE, DAYTON OH 45410-2708 United States",39.752865216341455,-84.15276553841151
R72 04001 0074,1,1,Residential Plumbing Permit,0,2026-01-28,2026-01-28,"642 CARLISLE AVE, DAYTON OH 45410-2737 United States",39.75075145694387,-84.15189591756304
R72 04003 0050,1,1,Residential Plumbing Permit,0,2026-03-20,2026-03-20,"715 CARLISLE AVE, DAYTON OH 45410-2738 United States",39.74963774532133,-84.15240313453853
R72 04006 0095,1,1,Residential Gas Permit,0,2026-02-27,2026-02-27,"519 HODAPP AVE, DAYTON OH 45410-2709 United States",39.75200163394006,-84.15125326425782
R72 04105 0030,2,2,Residential Building Permit,5700,2026-04-02,2026-04-06,"808 Linden AVE, DAYTON OH 45410-2704",39.753769279334655,-84.15214434262391
R72 04106 0042,1,1,Residential Gas Permit,0,2026-02-02,2026-02-02,"441 LIVINGSTON AVE, DAYTON OH 45410-2818 United States",39.75333263423257,-84.15032784598999
R72 04201 0031,1,1,Miscellaneous Permit,0,2026-05-28,2026-05-28,"59 PARNELL AVE, DAYTON OH 45403",39.75653315122997,-84.14767859344946
R72 04201 0034,1,1,Residential Electrical Permit,0,2026-06-12,2026-06-12,"47 PARNELL AVE, DAYTON OH 45403-3022 United States",39.75681634105893,-84.1476532903565
R72 04202 0111,1,1,Permit Revision,0,2026-03-18,2026-03-18,"126 Eugene AVE, DAYTON OH 45403-3048",39.754943622715565,-84.14492669428131
R72 04202 0118,1,1,Permit Revision,0,2026-03-03,2026-03-03,"110 Eugene AVE, DAYTON OH 45403-3048",39.75532561566318,-84.14490371271712
R72 04207 0038,1,1,Residential Electrical Permit,0,2026-02-03,2026-02-03,"322 Davis AVE, DAYTON OH 45403-2910",39.75722824193904,-84.15271117654304
R72 04208 0020,1,1,Special Service Inspection,0,2026-03-09,2026-03-09,"15 LIVINGSTON AVE, DAYTON OH 45403-2966 United States",39.75775889203494,-84.14896342888758
R72 04208 0022,2,2,Residential Building Permit,150000,2026-03-25,2026-04-15,"21 LIVINGSTON AVE, DAYTON OH 45403-2937 United States",39.75757879737608,-84.14888444374286
R72 04208 0048,1,1,Residential Wrecking Permit,0,2026-05-12,2026-05-12,"131 LIVINGSTON AVE, DAYTON OH 45403-2939 United States",39.75610259107664,-84.14900601207988
R72 04209 0011,1,1,Residential Plumbing Permit,0,2026-03-24,2026-03-24,"203 KLEE AVE, DAYTON OH 45403-2935 United States",39.755940372624465,-84.14999471793884
R72 04209 0032,1,1,Residential Wrecking Permit,0,2026-02-27,2026-02-27,"209 LIVINGSTON AVE, DAYTON OH 45403-2941 United States",39.75573406319804,-84.14904712516126
R72 04209 0037,2,2,Residential Mechanical Permit,0,2026-04-29,2026-04-29,"244 LIVINGSTON AVE, DAYTON OH 45403-2942 United States",39.75492216399222,-84.14879314282855
R72 04209 0044,1,1,Residential Wrecking Permit,0,2026-06-12,2026-06-12,"218 LIVINGSTON AVE, DAYTON OH 45403-2942 United States",39.75550750215587,-84.14875715724386
R72 04302 0036,1,1,Residential Plumbing Permit,0,2026-06-11,2026-06-11,"1529 HUFFMAN AVE, DAYTON OH 45403-3020 United States",39.75785853390699,-84.13981389573846
R72 04303 0003,1,1,Residential Sewer Permit,0,2026-01-05,2026-01-05,"608 S SMITHVILLE RD, DAYTON OH 45403-3127 United States",39.75723848046422,-84.13831766230926
R72 04304 0005,1,1,Residential Plumbing Permit,0,2026-05-05,2026-05-05,"1536 GUMMER AVE, DAYTON OH 45403-3354 United States",39.75571775864046,-84.13946294443225
R72 04304 0008,1,1,Residential Plumbing Permit,0,2026-06-11,2026-06-11,"809 S SMITHVILLE RD, DAYTON OH 45403-3349 United States",39.75546842749665,-84.13903375514364
R72 04304 0010,1,1,Residential Gas Permit,0,2026-04-08,2026-04-08,"806 GONDERT AVE, DAYTON OH 45403-3328 United States",39.75515236856041,-84.13958130842917
R72 04304 0021,1,1,Residential Electrical Permit,0,2026-01-20,2026-01-20,"824 S Smithville RD, DAYTON OH 45403-3350",39.75514009737526,-84.13855643239965
R72 04307 0010,1,1,Residential Plumbing Permit,0,2026-05-14,2026-05-14,"726 GREENLAWN AVE, DAYTON OH 45403-3332 United States",39.753483599886,-84.14233452205126
R72 04307 0053,1,1,Residential Plumbing Permit,0,2026-02-19,2026-02-19,"740 E CIRCLE DR, DAYTON OH 45403-3310 United States",39.75387879556174,-84.14313002507477
R72 04308 0009,1,1,Residential Plumbing Permit,0,2026-03-03,2026-03-03,"756 ELBERON AVE, DAYTON OH 45403-3320 United States",39.754342956947994,-84.14018835357582
R72 04308 0019,1,1,Residential Plumbing Permit,0,2026-03-02,2026-03-02,"757 PARKVIEW AVE, DAYTON OH 45403-3340 United States",39.75347463890188,-84.14042756961122
R72 04309 0022,1,1,Residential Sewer Permit,0,2026-05-06,2026-05-06,"621 ELBERON AVE, DAYTON OH 45403-3317 United States",39.75535933461432,-84.14309021255805
R72 04310 0038,1,1,Permit Revision,0,2026-01-27,2026-01-27,"36 Seminary AVE, DAYTON OH 45403-3004",39.75700191518203,-84.14560768687113
R72 04311 0026,1,1,Residential Plumbing Permit,0,2026-05-29,2026-05-29,"1469 DARST AVE, DAYTON OH 45403-2807 United States",39.758841878744214,-84.14146111049128
R72 04311 0059,1,1,Residential Electrical Permit,0,2026-01-20,2026-01-20,"312 GREAT OAKS DR, DAYTON OH 45403-2858 United States",39.76011033990058,-84.1418610088507
R72 04402 0062,1,1,Residential Wrecking Permit,0,2026-05-12,2026-05-12,"22 BURKHARDT AVE, DAYTON OH 45403-2628 United States",39.76115486451108,-84.15539488847696
R72 04403 0037,1,1,Special Service Inspection,0,2026-04-17,2026-04-17,"633 HUFFMAN AVE, DAYTON OH 45403 United States",39.75887811839954,-84.15684067297853
R72 04406 0001,2,2,Commercial Building Permit,0,2026-06-04,2026-06-11,"215 BURKHARDT AVE, DAYTON OH 45403-2701 United States",39.761360906258766,-84.15191619036996
R72 04407 0032,2,2,Permit Revision,0,2026-01-27,2026-02-10,"755 HUFFMAN AVE, DAYTON OH 45403-2618 United States",39.75869273271237,-84.15438951251592
R72 04407 0048,1,1,Residential Plumbing Permit,0,2026-01-16,2026-01-16,"324 BIERCE AVE, DAYTON OH 45403-2657 United States",39.75970918467299,-84.15280026964221
R72 04408 0012,1,1,Residential Electrical Permit,0,2026-05-06,2026-05-06,"316 S JERSEY ST, DAYTON OH 45403-2724 United States",39.76064899819662,-84.15235822704085
R72 04411 0010,1,1,Residential Plumbing Permit,0,2026-03-04,2026-03-04,"35 PLEASANT ST, DAYTON OH 45403-2725 United States",39.75946407620175,-84.15129486767836
R72 04411 0011,1,1,Residential Plumbing Permit,0,2026-01-15,2026-01-15,"39 PLEASANT ST, DAYTON OH 45403-2725 United States",39.75946019547066,-84.15118093818396
R72 04413 0045,1,1,Residential Building Permit,3000,2026-02-03,2026-02-03,"507 SHERIDAN AVE, DAYTON OH 45403-2737 United States",39.76010983902427,-84.1475603777508
R72 04413 0051,1,1,Residential Electrical Permit,0,2026-04-27,2026-04-27,"531 SHERIDAN AVE, DAYTON OH 45403-2737 United States",39.76005696374206,-84.14682981588837
R72 04413 0055,1,1,Residential Building Permit,4000,2026-02-23,2026-02-23,"506 BURKHARDT AVE, DAYTON OH 45403-2708 United States",39.76071776703882,-84.14748224649992
R72 04501 0011,1,1,Residential Building Permit,150000,2026-03-26,2026-03-26,"135 STAINTON AVE, DAYTON OH 45403-1140 United States",39.76560450969457,-84.16614551250807
R72 04501 0028,1,1,Residential Building Permit,1950,2026-03-10,2026-03-10,"148 Stainton AVE, DAYTON OH 45403-1141",39.76585263987668,-84.16588457528879
R72 04502 0027,4,4,Residential Building Permit,16000,2026-04-16,2026-05-06,"30 BRENNER AVE, DAYTON OH 45403-1122 United States",39.76603400121489,-84.16413839562972
R72 04507 0046,1,1,Commercial Fire Alarm Permit,0,2026-04-17,2026-04-17,"345 SPRINGFIELD ST, DAYTON OH 45403-1240 United States",39.76719365826344,-84.15904603357764
R72 04509 0005,1,1,Permit Revision,0,2026-05-08,2026-05-08,"20 N TORRENCE ST, DAYTON OH 45403-1114 United States",39.7653562733071,-84.15965697904709
R72 04509 0051,1,1,Residential Sewer Permit,0,2026-01-06,2026-01-06,"2521 E THIRD ST, DAYTON OH 45403-2018 United States",39.76522080527535,-84.1577857981607
R72 04510 0003,3,2,Permit Revision,0,2026-01-06,2026-06-25,"2532 E Third ST, DAYTON OH 45403",39.76488028593411,-84.15759623077673
R72 04601 0029,1,1,Residential Plumbing Permit,0,2026-01-12,2026-01-12,"2705 E SECOND ST, DAYTON OH 45403-1233 United States",39.76707105380104,-84.15606861344257
R72 04604 0024,1,1,Permit Revision,0,2026-04-21,2026-04-21,"2829 E Third ST, 2831, DAYTON OH 45403-2103",39.76591152019735,-84.1535270105763
R72 04604 0032,1,1,Residential Electrical Permit,0,2026-03-24,2026-03-24,"2920 E SECOND ST, DAYTON OH 45403-1237 United States",39.767287987273264,-84.15283273725993
R72 04604 0071,1,1,Special Service Inspection,0,2026-03-31,2026-03-31,"38 N JERSEY ST, DAYTON OH 45403-1302 United States",39.76695481895015,-84.15341506818541
R72 04605 0018,1,1,Residential Plumbing Permit,0,2026-06-09,2026-06-09,"12 S PHILADELPHIA ST, DAYTON OH 45403-2102 United States",39.76503945640313,-84.15566094988897
R72 04605 0022,1,1,Commercial Building Permit,20000,2026-04-06,2026-04-06,"2720 E THIRD ST, DAYTON OH 45403-2102 United States",39.76535772427483,-84.15504197430971
R72 04605 0023,1,1,Permit Revision,0,2026-06-24,2026-06-24,"2720 E THIRD ST, DAYTON OH 45403-2102 United States",39.76535772427483,-84.15504197430971
R72 04606 0034,2,1,Miscellaneous Permit,0,2026-02-12,2026-03-02,"50 S FINDLAY ST, DAYTON OH 45403-2023 United States",39.7638203357989,-84.15624393430286
R72 04607 0009,2,2,Commercial Building Permit,50000,2026-02-06,2026-03-20,"134 S FINDLAY ST, DAYTON OH 45403-2025 United States",39.762195620436856,-84.15618753814714
R72 04608 0032,1,1,Special Service Inspection,0,2026-01-16,2026-01-16,"2929 E FIFTH ST, DAYTON OH 45403-2641 United States",39.76211311377498,-84.1525068460294
R72 04609 0011,4,2,Residential Gas Permit,0,2026-04-20,2026-04-20,"2717 E FOURTH ST, APT/UNIT 2, DAYTON OH 45403-2113 United States",39.76384721810373,-84.15337338990709
R72 04609 0017,1,1,Special Service Inspection,0,2026-01-05,2026-01-05,"48 S JERSEY ST, DAYTON OH 45403-2122 United States",39.76438105327549,-84.15270648051538
R72 04610 0054,1,1,Special Service Inspection,0,2026-03-31,2026-03-31,"3004 E THIRD ST, 3006, DAYTON OH 45403-2138 United States",39.76589625607003,-84.1517700190497
R72 04701 0046,1,1,Special Service Inspection,0,2026-06-09,2026-06-09,"100 N IRWIN ST, DAYTON OH 45403-1355 United States",39.76779711313906,-84.15132516711486
R72 04701 0049,2,2,Residential Gas Permit,0,2026-03-30,2026-03-30,"127 N HARBINE AVE, DAYTON OH 45403-1318 United States",39.76862784171084,-84.15063323390562
R72 04701 0060,3,3,Permit Revision,0,2026-01-15,2026-05-01,"114 N HARBINE AVE, DAYTON OH 45403-1319 United States",39.7683347611033,-84.15019571691244
R72 04702 0008,3,2,Commercial Building Permit,0,2026-03-06,2026-06-15,"3005 SUPERBA CT, DAYTON OH 45403-1308 United States",39.76696543083874,-84.15208106842002
R72 04703 0013,3,2,Permit Revision,65000,2026-01-14,2026-03-16,"16 N HEDGES ST, DAYTON OH 45403-1321 United States",39.767141911669,-84.14859222028943
R72 04703 0025,1,1,Special Service Inspection,0,2026-02-16,2026-02-16,"3315 E THIRD ST, DAYTON OH 45403-2143 United States",39.766777227953185,-84.14809875629297
R72 04705 0008,1,1,Residential Plumbing Permit,0,2026-01-21,2026-01-21,"33 S IRWIN ST, DAYTON OH 45403-2119 United States",39.76523228424151,-84.15095484414486
R72 04706 0055,2,2,Residential Mechanical Permit,0,2026-05-21,2026-06-09,"63 S HEDGES ST, DAYTON OH 45403-2133 United States",39.76488484840324,-84.14852721870575
R72 04707 0002,1,1,Residential Sewer Permit,0,2026-04-02,2026-04-02,"105 S IRWIN ST, DAYTON OH 45403-2203 United States",39.76392484780192,-84.15059649793076
R72 04707 0041,1,1,Residential Plumbing Permit,0,2026-02-12,2026-02-12,"136 S IRWIN ST, DAYTON OH 45403-2204 United States",39.763243204049175,-84.15006091304384
R72 04709 0016,1,1,Special Service Inspection,0,2026-03-09,2026-03-09,"3306 E THIRD ST, DAYTON OH 45403-2180 United States",39.76642787422185,-84.14853522010884
R72 04710 0133,2,2,Residential Plumbing Permit,0,2026-01-15,2026-01-15,"207 S WESTVIEW AVE, DAYTON OH 45403-2823 United States",39.762275400957435,-84.14403124339104
R72 04712 0043,1,1,Residential Plumbing Permit,0,2026-06-15,2026-06-15,"53 S WRIGHT AVE, DAYTON OH 45403-2249 United States",39.76515916026141,-84.14269156182696
R72 04803 0068,1,1,Residential Wrecking Permit,0,2026-05-12,2026-05-12,"129 N GARLAND AVE, DAYTON OH 45403-1717 United States",39.769251755651425,-84.1455207068816
R72 04804 0036,1,1,Residential Plumbing Permit,0,2026-05-28,2026-05-28,"3500 E THIRD ST, DAYTON OH 45403-2228 United States",39.76670649790011,-84.14649240960182
R72 04804 0038,1,1,Special Service Inspection,0,2026-03-02,2026-03-02,"3517 E THIRD ST, DAYTON OH 45403-2227 United States",39.76706340879422,-84.14596907744988
R72 04804 0078,1,1,Residential Plumbing Permit,0,2026-05-14,2026-05-14,"3709 E Third ST, DAYTON OH 45403-2235",39.76697428983648,-84.14405898581047
R72 04804 0139,1,1,Residential Water Permit,0,2026-06-09,2026-06-09,"28 S SPERLING AVE, DAYTON OH 45403-2224 United States",39.76611855548783,-84.14651547472802
R72 04805A0093,1,1,Residential Sewer Permit,0,2026-01-29,2026-01-29,"39 S QUENTIN AVE, DAYTON OH 45403-2260 United States",39.76548471296791,-84.14159982207153
R72 04805B0034,1,1,Residential Electrical Permit,0,2026-05-13,2026-05-13,"105 N QUENTIN AVE, DAYTON OH 45403-1748 United States",39.76863091421587,-84.14124343302625
R72 04805B0046,1,1,Residential Plumbing Permit,0,2026-01-02,2026-01-02,"53 N QUENTIN AVE, DAYTON OH 45403-1728 United States",39.76814992158767,-84.14127833109923
R72 04808 0054,2,1,Commercial Plumbing Permit,0,2026-02-09,2026-02-09,"27 S SMITHVILLE RD, APT/UNIT 3, DAYTON OH 45431-1886 United States",39.7643210130728,-84.13823510466862
R72 04808 0068,1,1,Residential Water Permit,0,2026-05-19,2026-05-19,"121 S SMITHVILLE RD, DAYTON OH 45431-1834 United States",39.76325354533016,-84.13838435748802
R72 04808 0114,1,1,Residential Plumbing Permit,0,2026-04-16,2026-04-16,"119 MURRAY DR, DAYTON OH 45403-2845 United States",39.76367899271582,-84.13957197500888
R72 04808 0133,3,2,Permit Revision,0,2026-01-29,2026-06-15,"6 S SMITHVILLE RD, DAYTON OH 45431-1833 United States",39.76500422824224,-84.13748624774907
R72 04810 0164,1,1,Residential Water Permit,0,2026-02-18,2026-02-18,"213 N DELMAR AVE, DAYTON OH 45403-1609 United States",39.770788998351925,-84.1439878076882
R72 04811 0063,2,1,Commercial Plumbing Permit,0,2026-01-07,2026-04-14,"1501 RADIO RD, APT/UNIT A, DAYTON OH 45403-1500 United States",39.77397688650102,-84.13948340815769
R72 04811 0171,1,1,Residential Plumbing Permit,0,2026-04-21,2026-04-21,"242 BLACKWOOD AVE, DAYTON OH 45403-1602 United States",39.7713234316467,-84.1381862678207
R72 04814 0017,1,1,Special Service Inspection,0,2026-06-08,2026-06-08,"132 N WRIGHT AVE, DAYTON OH 45403-1742 United States",39.76925444467036,-84.14181316311306
R72 04901C0023,3,3,Commercial Fire Alarm Permit,0,2026-01-06,2026-02-19,"617 N IRWIN ST, DAYTON OH 45403",39.772772352057665,-84.1534713361225
R72 04903 0005,1,1,Permit Revision,0,2026-01-28,2026-01-28,"636 N Irwin ST, DAYTON OH 45403",39.77427693537859,-84.1528950012866
R72 04905 0080,1,1,Residential Plumbing Permit,0,2026-05-12,2026-05-12,"50 DIAMOND AVE, DAYTON OH 45403-1311 United States",39.77044157652254,-84.15072243446654
R72 04910B0035,2,1,Permit Revision,0,2026-05-06,2026-05-27,"700 MOUNT CREST CT, DAYTON OH 45403-1519 United States",39.77626341323972,-84.13776867085473
R72 05002 0087,1,1,Residential Plumbing Permit,0,2026-02-05,2026-02-05,"2152 BICKMORE AVE, DAYTON OH 45404-2236 United States",39.78252753108045,-84.16029739181803
R72 05104 0040,1,1,Residential Plumbing Permit,0,2026-01-06,2026-01-06,"1029 GERHARD ST, DAYTON OH 45404 United States",39.78108715910449,-84.1652417587342
R72 05104 0042,1,1,Residential Plumbing Permit,0,2026-06-30,2026-06-30,"320 RITA ST, DAYTON OH 45404-2062 United States",39.78150521361104,-84.16615568769429
R72 05106 0065,1,1,Residential Electrical Permit,0,2026-01-20,2026-01-20,"321 BRANDT ST, DAYTON OH 45404 United States",39.782559052909434,-84.16252597336297
R72 05203 0052,2,1,Commercial Building Permit,35000,2026-03-25,2026-06-30,"759 TROY ST, DAYTON OH 45404 United States",39.77977175030064,-84.17435883383251
R72 05203 0057,2,1,Commercial Electrical Permit,0,2026-06-17,2026-06-17,"735 TROY ST, DAYTON OH 45404-1857 United States",39.77932091636529,-84.17452682135601
R72 05204 0062,1,1,Residential Plumbing Permit,0,2026-05-29,2026-05-29,"1306 LEO ST, DAYTON OH 45404-1742 United States",39.78225720521133,-84.17598536602183
R72 05204 0075,3,3,Residential Building Permit,40000,2026-04-27,2026-05-28,"1325 Schaeffer ST, DAYTON OH 45404-1762",39.781761695070685,-84.17550010441845
R72 05204 0120,1,1,Residential Wrecking Permit,0,2026-03-27,2026-03-27,"1417 LAMAR ST, DAYTON OH 45404-1740 United States",39.78096628795696,-84.17467313193386
R72 05206 0023,1,1,Residential Electrical Permit,0,2026-06-18,2026-06-18,"265 ALASKA ST, DAYTON OH 45404-1942 United States",39.77949874189702,-84.1686130266073
R72 05206 0040,1,1,Permit Revision,0,2026-03-03,2026-03-03,"266 ALASKA ST, DAYTON OH 45404",39.77951560077433,-84.16814366270566
R72 05207 0036,2,2,Residential Gas Permit,0,2026-05-14,2026-05-14,"174 BALTIMORE ST, DAYTON OH 45404-1902 United States",39.77981320097248,-84.17043549983521
R72 05207 0061,1,1,Residential Sewer Permit,0,2026-01-05,2026-01-05,"247 ALTON AVE, DAYTON OH 45404-1948 United States",39.77911402259578,-84.16978880635779
R72 05208 0009,1,1,Residential Gas Permit,0,2026-04-28,2026-04-28,"74 NOTRE DAME AVE, DAYTON OH 45404-1924 United States",39.777464686220355,-84.1718417395045
R72 05208 0029,1,1,Permit Revision,0,2026-05-19,2026-05-19,"59 BALTIMORE ST, DAYTON OH 45404-1950 United States",39.77703819234722,-84.17113757595492
R72 05208 0049,4,4,Residential Electrical Permit,0,2026-05-07,2026-06-24,"1815 Warner AVE, DAYTON OH 45404-1988",39.77810935636556,-84.17015262431443
R72 05210 0029,1,1,Residential Gas Permit,0,2026-01-05,2026-01-05,"235 GROVE AVE, DAYTON OH 45404-1907 United States",39.77903622976062,-84.17331358625614
R72 05211 0022,1,1,Residential Plumbing Permit,0,2026-02-02,2026-02-02,"429 GROVE AVE, DAYTON OH 45404-1911 United States",39.78191009818216,-84.17299469890952
R72 05211 0031,1,1,Residential Gas Permit,0,2026-04-06,2026-04-06,"329 GROVE AVE, DAYTON OH 45404-1909 United States",39.7809528186676,-84.17311765057013
R72 05212 0007,1,1,Residential Plumbing Permit,0,2026-03-02,2026-03-02,"418 Alaska ST, DAYTON OH 45404-1945",39.78140525320916,-84.16796827967578
R72 05301 0056,3,2,Residential Sewer Permit,0,2026-01-08,2026-02-23,"117 GROVE AVE, DAYTON OH 45404-1932 United States",39.77608886169912,-84.17358444675685
R72 05301 0057,1,1,Residential Water Permit,0,2026-05-15,2026-05-15,"121 GROVE AVE, DAYTON OH 45404-1932 United States",39.7761770478362,-84.17356161245218
R72 05302 0012,12,3,Commercial Plumbing Permit,0,2026-03-04,2026-06-29,"1508 CHAPEL ST, DAYTON OH 45404",39.774488301414436,-84.17299085317885
R72 05302 0015,1,1,Residential Zoning Only Permit,0,2026-03-20,2026-03-20,"316 TROY ST, DAYTON OH 45404-1858 United States",39.77385044538583,-84.17458749505414
R72 05307 0044,1,1,Residential Building Permit,34444,2026-04-27,2026-04-27,"7 BALTIMORE ST, DAYTON OH 45404-1950 United States",39.775644363666295,-84.17125718551871
R72 05405 0020,1,1,Commercial Zoning Only Permit,0,2026-05-27,2026-05-27,"301 TROY ST, DAYTON OH 45404 United States",39.77349196431884,-84.17499152981675
R72 05410 0025,1,1,Commercial Zoning Only Permit,0,2026-02-10,2026-02-10,"359 MARYLAND AVE, DAYTON OH 45404",39.77506012706955,-84.17620366535664
R72 05504 0054,1,1,Residential Water Permit,0,2026-06-22,2026-06-22,"706 TAYLOR ST, DAYTON OH 45404-1634 United States",39.77259860002883,-84.18127197240338
R72 05505 0005,1,1,Residential Plumbing Permit,0,2026-04-01,2026-04-01,"630 TAYLOR ST, DAYTON OH 45404-1632 United States",39.7719079498684,-84.181372778805
R72 05509 0002,3,2,Permit Revision,0,2026-02-02,2026-03-11,"401 N KEOWEE ST, DAYTON OH 45404",39.76981073554521,-84.17788850231989
R72 05510 0002,1,1,Commercial Mechanical Permit,0,2026-06-15,2026-06-15,"240 DETRICK ST, DAYTON OH 45404 United States",39.769957766477035,-84.18201706817354
R72 05603 0007,1,1,Commercial Plumbing Permit,0,2026-01-08,2026-01-08,"1110 WEBSTER ST, DAYTON OH 45404",39.77788254351022,-84.1823461220864
R72 05608 0048,1,1,Residential Electrical Permit,0,2026-05-29,2026-05-29,"724 N KEOWEE ST, DAYTON OH 45404-1680 United States",39.77466717086539,-84.18152722999537
R72 05701 0103,1,1,Commercial Plumbing Permit,0,2026-05-07,2026-05-07,"1404 WEBSTER ST, DAYTON OH 45404-1558 United States",39.78065012172918,-84.1819751927552
R72 05702 0069,1,1,Commercial Building Permit,505112,2026-01-20,2026-01-20,"332 VERMONT AVE, DAYTON OH 45404",39.77701396763071,-84.18507946673887
R72 05702 0108,1,1,Commercial Water Permit,0,2026-05-28,2026-05-28,"1003 N KEOWEE ST, DAYTON OH 45404 United States",39.77713888533305,-84.18444598661871
R72 05705 0043,2,2,Residential Building Permit,500,2026-02-13,2026-04-27,"538 BANNOCK ST, DAYTON OH 45404-1502 United States",39.78193558870122,-84.18690320495297
R72 05706 0004,1,1,Commercial Mechanical Permit,0,2026-06-30,2026-06-30,"241 E HELENA ST, DAYTON OH 45404 United States",39.78058092478319,-84.19115867930007
R72 05706 0030,1,1,Commercial Water Permit,0,2026-04-20,2026-04-20,"347 LEO ST, DAYTON OH 45404-1007 United States",39.78293222707002,-84.19204497028295
R72 05706 0112,2,2,Commercial Electrical Permit,0,2026-04-24,2026-06-30,"417 E HELENA ST, DAYTON OH 45404",39.780604583682305,-84.18971085756259
R72 05709 0017,1,1,Residential Building Permit,70000,2026-01-02,2026-01-02,"1609 MACK AVE, 1611, DAYTON OH 45404",39.78330748893216,-84.17224179155309
R72 05710 0008,1,1,Commercial Building Permit,130000,2026-03-16,2026-03-16,"1114 TROY ST, DAYTON OH 45404",39.783604937054555,-84.17315487870323
R72 05710 0039,1,1,Residential Electrical Permit,0,2026-04-22,2026-04-22,"1128 Troy ST, DAYTON OH 45404-2719",39.78395244301124,-84.17322526592535
R72 05715 0014,1,1,Commercial Tent permit,0,2026-06-10,2026-06-10,"2600 DEWEESE PKWY, DAYTON OH 45414-5400 United States",39.788374114953555,-84.2017228710627
R72 05801 0080,1,1,Residential Building Permit,20000,2026-05-27,2026-05-27,"961 Webster ST, DAYTON OH 45404-1531",39.77566449074268,-84.18326043805993
R72 05802 0019,1,1,Residential Sewer Permit,0,2026-05-04,2026-05-04,"114 VERMONT AVE, DAYTON OH 45404-1522 United States",39.774133968699005,-84.18543680621012
R72 05810 0001,1,1,Permit Revision,0,2026-02-11,2026-02-11,"444 NORTH BEND BLVD, DAYTON OH 45404",39.77645041694719,-84.19216512186922
R72 05908 0045,1,1,Commercial Mechanical Permit,0,2026-06-30,2026-06-30,"108 LINWOOD ST, DAYTON OH 45405 United States",39.76680150982055,-84.19025395936
R72 05909A0028,1,1,Commercial Tent permit,0,2026-05-06,2026-05-06,"130 RIVERSIDE DR, DAYTON OH 45405 United States",39.76904240927201,-84.18970404133655
R72 05909B0031,5,5,Commercial Electrical Permit,0,2026-02-18,2026-06-10,"229 Riverside Dr, Dayton OH 45405-4941 Andorra, 229",39.769611402088586,-84.1913514529892
R72 06003 0036,1,1,Residential Gas Permit,0,2026-01-28,2026-01-28,"53 LOCUST ST, DAYTON OH 45405-4622 United States",39.774024391560154,-84.19644036824302
R72 06005 0034,3,1,Residential Gas Permit,0,2026-04-28,2026-06-04,"37 VINCENT ST, DAYTON OH 45405-4234 United States",39.77529211633926,-84.19857787575884
R72 06005 0044,4,1,Commercial Plumbing Permit,0,2026-03-17,2026-03-17,"1121 RIVERSIDE DR, APT/UNIT 4, DAYTON OH 45405-4211 United States",39.776164886085375,-84.19804043700508
R72 06008 0016,1,1,Residential Gas Permit,0,2026-04-28,2026-04-28,"40 DRAKE AVE, DAYTON OH 45405-4133 United States",39.77871689744117,-84.20268263257628
R72 06008 0022,1,1,Commercial Electrical Permit,0,2026-03-30,2026-03-30,"1501 Riverside DR, DAYTON OH 45405-4110",39.77864754212861,-84.20159914369935
R72 06009 0001,1,1,Residential Wrecking Permit,0,2026-06-09,2026-06-09,"38 MARY AVE, DAYTON OH 45405-3835 United States",39.780013389036775,-84.20434783186033
R72 06011 0018,2,1,Residential Water Permit,0,2026-06-25,2026-06-25,"1805 RIVERSIDE DR, DAYTON OH 45405-3847 United States",39.78148204478572,-84.20324134376509
R72 06012 0012,1,1,Commercial Building Permit,27576,2026-03-30,2026-03-30,"1800 N MAIN ST, DAYTON OH 45405-3853 United States",39.779694919025424,-84.20549374323105
R72 06012 0014,1,1,Special Service Inspection,0,2026-01-12,2026-01-12,"15 MARY AVE, DAYTON OH 45405-3836 United States",39.779791137150575,-84.20527832460293
R72 06101 0008,1,1,Residential Electrical Permit,0,2026-01-14,2026-01-14,"2330 PARKLAND AVE, DAYTON OH 45405-3421 United States",39.78634323294362,-84.20994091750356
R72 06101 0026,1,1,Residential Gas Permit,0,2026-05-12,2026-05-12,"29 E FAIRVIEW AVE, DAYTON OH 45405-3410 United States",39.78558493456018,-84.20978352198588
R72 06102 0050,1,1,Residential Water Permit,0,2026-03-30,2026-03-30,"51 E NORMAN AVE, DAYTON OH 45405-3509 United States",39.78501302907712,-84.2081465840403
R72 06103 0051,1,1,Residential Electrical Permit,0,2026-03-19,2026-03-19,"2221 RIVERSIDE DR, DAYTON OH 45405-3522 United States",39.7866117804612,-84.20546309023406
R72 06108 0013,1,1,Residential Water Permit,0,2026-03-05,2026-03-05,"66 E HUDSON AVE, DAYTON OH 45405-3502 United States",39.783858235103544,-84.20674804851573
R72 06108 0025,1,1,Residential Gas Permit,0,2026-02-16,2026-02-16,"117 ELMWOOD AVE E, DAYTON OH 45405-3534 United States",39.783237377304935,-84.20695709381098
R72 06108 0026,1,1,Residential Gas Permit,0,2026-02-16,2026-02-16,"121 ELMWOOD AVE E, DAYTON OH 45405-3534 United States",39.78329136772704,-84.20683025323216
R72 06108 0027,2,1,Residential Gas Permit,0,2026-02-16,2026-02-16,"125 ELMWOOD AVE E, DAYTON OH 45405-3534 United States",39.78335788394901,-84.20669281495856
R72 06108 0028,1,1,Residential Gas Permit,0,2026-02-16,2026-02-16,"129 ELMWOOD AVE E, DAYTON OH 45405-3534 United States",39.783388255254124,-84.20659064392495
R72 06108 0029,1,1,Residential Gas Permit,0,2026-02-16,2026-02-16,"133 ELMWOOD AVE E, DAYTON OH 45405-3534 United States",39.78343121963689,-84.20646714763987
R72 06108 0036,1,1,Residential Gas Permit,0,2026-02-16,2026-02-16,"2024 EASTVIEW AVE, DAYTON OH 45405-3529 United States",39.78312692054916,-84.20586890677497
R72 06108 0043,1,1,Residential Gas Permit,0,2026-02-16,2026-02-16,"102 ELMWOOD AVE E, DAYTON OH 45405-3533 United States",39.78279554335957,-84.20712772287692
R72 06109 0003,2,2,Commercial Building Permit,0,2026-01-27,2026-06-11,"1910 N MAIN ST, DAYTON OH 45405-3801 United States",39.78062778908191,-84.20695209820789
R72 06109 0007,1,1,Permit Revision,0,2026-06-03,2026-06-03,"1934 N Main ST, DAYTON OH 45405",39.78097101939496,-84.20740690792832
R72 06109 0051,1,1,Permit Revision,0,2026-04-23,2026-04-23,"1976 N MAIN ST, DAYTON OH 45405-3801 United States",39.781874465332244,-84.20815504444198
R72 06110 0001,1,1,Residential Electrical Permit,0,2026-05-13,2026-05-13,"109 E HUDSON AVE, DAYTON OH 45405-3506 United States",39.784520304184774,-84.20615924458536
R72 06111 0009,1,1,Residential Gas Permit,0,2026-04-06,2026-04-06,"145 RIDGE AVE, DAYTON OH 45405-3846 United States",39.782148483392504,-84.20440625154582
R72 06201 0004,1,1,Residential Gas Permit,0,2026-04-20,2026-04-20,"2808 N MAIN ST, DAYTON OH 45405",39.790710962995995,-84.21375338828105
R72 06201 0014,2,2,Residential Building Permit,3300,2026-03-11,2026-05-04,"46 E HILLCREST AVE, 48, DAYTON OH 45405-2824 United States",39.790982015966705,-84.21249291736585
R72 06202 0070,1,1,Residential Plumbing Permit,0,2026-01-27,2026-01-27,"105 BASSWOOD AVE, DAYTON OH 45405-3111 United States",39.789734454379825,-84.21068265759828
R72 06206 0003,1,1,Residential Water Permit,0,2026-04-07,2026-04-07,"2618 N MAIN ST, DAYTON OH 45405-3001 United States",39.788134494642534,-84.21231258007748
R72 06209 0031,1,1,Special Service Inspection,0,2026-02-17,2026-02-17,"48 E PARKWOOD DR, DAYTON OH 45405-3423 United States",39.78721946875757,-84.21029346770051
R72 06210 0050,1,1,Residential Sewer Permit,0,2026-04-14,2026-04-14,"104 LAURA AVE, DAYTON OH 45405-3102 United States",39.78826798588052,-84.20994548305575
R72 06212 0006,1,1,Commercial Electrical Permit,0,2026-06-12,2026-06-12,"2331 RIVERSIDE DR, APT/UNIT 6, DAYTON OH 45405-3431 United States",39.78805635613563,-84.20563013097022
R72 06301 0002,1,1,Residential Gas Permit,0,2026-03-24,2026-03-24,"2819 N MAIN ST, DAYTON OH 45405-3013 United States",39.790889184031144,-84.21451943289702
R72 06305 0047,1,1,Residential Zoning Only Permit,0,2026-04-01,2026-04-01,"301 POINTVIEW AVE, DAYTON OH 45405-2851 United States",39.793174993310444,-84.20823286263908
R72 06305 0068,2,2,Residential Zoning Only Permit,0,2026-04-10,2026-06-09,"308 POINTVIEW AVE, DAYTON OH 45405-2850 United States",39.79277007807927,-84.20794528326455
R72 06306 0037,1,1,Special Service Inspection,0,2026-04-27,2026-04-27,"205 E MAPLEWOOD AVE, DAYTON OH 45405-2839 United States",39.792224631265185,-84.20994651472371
R72 06308 0013,2,2,Residential Gas Permit,0,2026-05-11,2026-05-22,"38 POINTVIEW AVE, DAYTON OH 45405-2801 United States",39.792776652257636,-84.21369387909276
R72 06308 0035,1,1,Residential Plumbing Permit,0,2026-03-13,2026-03-13,"39 E MAPLEWOOD AVE, DAYTON OH 45405-2834 United States",39.79220509941575,-84.21327544951431
R72 06308 0041,2,1,Residential Plumbing Permit,0,2026-01-21,2026-01-21,"2926 N MAIN ST, DAYTON OH 45405-2808 United States",39.79192361813682,-84.21438120295188
R72 06310 0014,2,2,Residential Electrical Permit,0,2026-03-05,2026-04-08,"130 KNECHT DR, DAYTON OH 45405-2628 United States",39.794665464595944,-84.21221333702933
R72 06310 0049,1,1,Residential Plumbing Permit,0,2026-03-12,2026-03-12,"41 POINTVIEW AVE, DAYTON OH 45405-2802 United States",39.79310183579748,-84.21361288798981
R72 06310 0070,1,1,Residential Wrecking Permit,0,2026-06-09,2026-06-09,"37 FERNWOOD AVE, DAYTON OH 45405-2616 United States",39.794045832862906,-84.2142127642602
R72 06406 0053,1,1,Residential Electrical Permit,0,2026-03-12,2026-03-12,"209 MCDANIEL ST, DAYTON OH 45405-4821 United States",39.7683506519777,-84.19631289068285
R72 06407 0044,1,1,Residential Plumbing Permit,0,2026-05-08,2026-05-08,"128 MCDANIEL ST, DAYTON OH 45405-4818 United States",39.7679604407114,-84.19576613367809
R72 06407 0056,1,1,Residential Electrical Permit,0,2026-03-10,2026-03-10,"41 W MCPHERSON ST, DAYTON OH 45405 United States",39.76737748209957,-84.19561495022356
R72 06408 0032,1,1,Residential Zoning Only Permit,0,2026-04-01,2026-04-01,"16 MCDANIEL ST, DAYTON OH 45405",39.76636713905685,-84.19530273713089
R72 06411 0005,4,2,Residential Gas Permit,0,2026-03-20,2026-04-02,"224 W MCPHERSON ST, DAYTON OH 45405-4835 United States",39.766676392595386,-84.19778074952171
R72 06504 0052,3,2,Residential Plumbing Permit,0,2026-03-03,2026-03-05,"146 CENTRAL AVE, DAYTON OH 45406-5467 United States",39.766329764935364,-84.20631868125346
R72 06505 0053,2,1,Commercial Building Permit,100000,2026-03-27,2026-03-27,"51 GRAFTON AVE, UNIT 803, DAYTON OH 45406-5576 United States",39.76495147700769,-84.20423910897674
R72 06505 0055,1,1,Commercial Fire Alarm Permit,0,2026-04-21,2026-04-21,"51 GRAFTON AVE, DAYTON OH 45406-5576 United States",39.76495147700769,-84.20423910897674
R72 06506 0007,1,1,Commercial Building Permit,5000,2026-03-26,2026-03-26,"111 GRAFTON AVE, DAYTON OH 45406-5457 United States",39.765880621600346,-84.20492009703358
R72 06506 0013,1,1,Residential Water Permit,0,2026-01-20,2026-01-20,"232 SUPERIOR AVE, DAYTON OH 45406-5445 United States",39.76709520511551,-84.20485730263825
R72 06506 0027,1,1,Permit Revision,0,2026-04-28,2026-04-28,"111 GRAFTON AVE, DAYTON OH 45406-5457 United States",39.765880621600346,-84.20492009703358
R72 06506 0028,1,1,Permit Revision,0,2026-01-29,2026-01-29,"531 Belmonte PARK N, DAYTON OH 45405-4749",39.76716240304998,-84.20401208675194
R72 06508 0011,1,1,Residential Zoning Only Permit,0,2026-03-11,2026-03-11,"27 STODDARD AVE, DAYTON OH 45405-4737 United States",39.76788604398828,-84.20126876043176
R72 06509 0002,2,1,Commercial Sewer Permit,0,2026-03-25,2026-03-25,"714 PLYMOUTH AVE, DAYTON OH 45406-5585 United States",39.76458909864231,-84.20593095760904
R72 06511 0004,1,1,Commercial Tent permit,0,2026-06-04,2026-06-04,"456 BELMONTE PARK N, DAYTON OH 45405-4700 United States",39.766207965961044,-84.20131557877578
R72 06601 0028,1,1,Residential Wrecking Permit,0,2026-02-27,2026-02-27,"801 FIVE OAKS AVE, DAYTON OH 45406-5223 United States",39.77226667341164,-84.21042451360015
R72 06601 0029,1,1,Residential Wrecking Permit,0,2026-03-09,2026-03-09,"822 FIVE OAKS AVE, DAYTON OH 45406-5222 United States",39.77179876432413,-84.21106423312153
R72 06601 0039,1,1,Residential Building Permit,0,2026-03-02,2026-03-02,"804 HARVARD BLVD, DAYTON OH 45406-5226 United States",39.77275637142474,-84.21054689889418
R72 06601 0051,1,1,Residential Plumbing Permit,0,2026-01-20,2026-01-20,"110 RICHMOND AVE, DAYTON OH 45406-5245 United States",39.77123864481442,-84.20993673105663
R72 06602 0023,1,1,Residential Gas Permit,0,2026-02-26,2026-02-26,"930 FIVE OAKS AVE, DAYTON OH 45406-5224 United States",39.77162960318473,-84.21267911211157
R72 06607 0013,1,1,Residential Electrical Permit,0,2026-05-29,2026-05-29,"45 ROCKWOOD AVE, DAYTON OH 45405-4421 United States",39.77056751530176,-84.20625171045882
R72 06609 0010,1,1,Special Service Inspection,0,2026-01-15,2026-01-15,"331 GRAFTON AVE, DAYTON OH 45406-5439 United States",39.768771318945184,-84.20722535515786
R72 06609 0021,1,1,Commercial Electrical Permit,0,2026-06-16,2026-06-16,"445 SALEM AVE, DAYTON OH 45406 United States",39.76753992988016,-84.20934169887232
R72 06612 0039,2,2,Permit Revision,0,2026-04-24,2026-05-04,"812 Neal AVE, 814, DAYTON OH 45406-5233",39.77061277534821,-84.21067569598215
R72 06703 0071,1,1,Residential Plumbing Permit,0,2026-06-03,2026-06-03,"77 NEAL AVE, DAYTON OH 45405-4561 United States",39.771421290120976,-84.19947266607751
R72 06705 0026,2,2,Commercial Building Permit,300000,2026-03-20,2026-05-14,"124 NEAL AVE, DAYTON OH 45405 United States",39.770927303641734,-84.20021144494825
R72 06706 0005,1,1,Residential Water Permit,0,2026-04-10,2026-04-10,"759 BELMONTE PARK N, DAYTON OH 45405-4404 United States",39.770696369104876,-84.2047603825386
R72 06706 0027,2,2,Commercial Electrical Permit,0,2026-05-13,2026-06-18,"720 BELMONTE PARK N, DAYTON OH 45405-4403 United States",39.76957287313848,-84.2043299982383
R72 06707 0010,1,1,Permit Revision,0,2026-02-24,2026-02-24,"323 FOREST AVE, DAYTON OH 45405",39.76961622271103,-84.20126792527958
R72 06707 0050,1,1,Commercial Fire Alarm Permit,0,2026-01-20,2026-01-20,"425 W GRAND AVE, DAYTON OH 45405-4775 United States",39.76933414710869,-84.20364889968866
R72 06712 0047,1,1,Residential Plumbing Permit,0,2026-01-30,2026-01-30,"425 FOREST AVE, DAYTON OH 45405-4439 United States",39.77156955303197,-84.20192799891088
R72 06712 0055,2,1,Special Service Inspection,0,2026-02-24,2026-04-21,"219 NEAL AVE, DAYTON OH 45405-4555 United States",39.770930570194004,-84.20214645909107
R72 06801 0010,1,1,Commercial Electrical Permit,0,2026-06-23,2026-06-23,"1627 N MAIN ST, APT/UNIT B, DAYTON OH 45405-4141 United States",39.778355230489176,-84.20473597403351
R72 06802 0023,6,2,Commercial Plumbing Permit,0,2026-05-21,2026-06-24,"710 ROCKFORD AVE, DAYTON OH 45405-4030 United States",39.77861996899197,-84.20627932646205
R72 06803 0004,1,1,Special Service Inspection,0,2026-01-16,2026-01-16,"112 DELAWARE AVE, DAYTON OH 45405-3905 United States",39.778511170769136,-84.20737862823142
R72 06803 0013,1,1,Residential Gas Permit,0,2026-01-15,2026-01-15,"111 Delaware AVE, DAYTON OH 45405-3906",39.778884623812225,-84.20756573008107
R72 06803 0016,1,1,Residential Water Permit,0,2026-05-19,2026-05-19,"123 DELAWARE AVE, DAYTON OH 45405-3906 United States",39.77865518257991,-84.20785903617936
R72 06804 0020,2,2,Residential Building Permit,0,2026-06-01,2026-06-02,"623 ROCKFORD AVE, DAYTON OH 45405-4020 United States",39.77740018049949,-84.20655426538347
R72 06806 0018,2,1,Residential Water Permit,0,2026-05-07,2026-05-29,"1127 GRAFTON AVE, DAYTON OH 45405-4007 United States",39.777453064275605,-84.20801100905342
R72 06808 0012,1,1,Residential Wrecking Permit,0,2026-06-09,2026-06-09,"308 RICHMOND AVE, DAYTON OH 45406-5122 United States",39.7731436907383,-84.20997281838434
R72 06808 0034,1,1,Residential Plumbing Permit,0,2026-06-01,2026-06-01,"249 WROE AVE, DAYTON OH 45406-5252 United States",39.77377783802077,-84.20923041022355
R72 06809 0020,1,1,Residential Building Permit,0,2026-05-12,2026-05-12,"240 KENWOOD AVE, DAYTON OH 45405-4010 United States",39.775255331430614,-84.20714579227854
R72 06809 0033,1,1,Residential Gas Permit,0,2026-04-01,2026-04-01,"241 KENWOOD AVE, DAYTON OH 45405-4011 United States",39.77560944143834,-84.20715091219121
R72 06810 0031,2,2,Residential Building Permit,72000,2026-03-06,2026-04-08,"373 KENWOOD AVE, DAYTON OH 45405-4013 United States",39.77558360663848,-84.21023554218334
R72 06810 0073,1,1,Residential Mechanical Permit,0,2026-06-18,2026-06-18,"325 KENILWORTH AVE, DAYTON OH 45405-4037 United States",39.77644686732158,-84.20865892831138
R72 06903 0057,1,1,Residential Water Permit,0,2026-05-07,2026-05-07,"549 KENWOOD AVE, DAYTON OH 45406-5116 United States",39.775471018090286,-84.21361689672703
R72 06903 0063,1,1,Residential Plumbing Permit,0,2026-05-12,2026-05-12,"527 KENWOOD AVE, DAYTON OH 45406-5116 United States",39.7754754516814,-84.21274876208818
R72 06904A0009,2,2,Residential Building Permit,15428,2026-01-27,2026-02-23,"927 FERNDALE AVE, DAYTON OH 45406-5112 United States",39.77477069470372,-84.21287375135789
R72 06905 0005,1,1,Residential Zoning Only Permit,0,2026-01-02,2026-01-02,"939 SALEM AVE, DAYTON OH 45406-5828 United States",39.77304469658564,-84.21467454977436
R72 06908 0006,2,1,Residential Gas Permit,0,2026-03-24,2026-03-24,"809 HARVARD BLVD, DAYTON OH 45406-5227 United States",39.77313903840445,-84.21066659949027
R72 06910 0063,1,1,Residential Plumbing Permit,0,2026-06-12,2026-06-12,"1215 MOUNT VERNON AVE, DAYTON OH 45405-3950 United States",39.77898747325267,-84.21835816756068
R72 07001 0013,1,1,Residential Electrical Permit,0,2026-02-09,2026-02-09,"82 FOUNTAIN AVE, DAYTON OH 45405-3702 United States",39.77876628519815,-84.20908949626869
R72 07001 0022,1,1,Residential Wrecking Permit,0,2026-04-15,2026-04-15,"120 FOUNTAIN AVE, DAYTON OH 45405-3705 United States",39.7780747881616,-84.20999777090434
R72 07002 0017,1,1,Residential Electrical Permit,0,2026-02-09,2026-02-09,"74 FOUNTAIN AVE, DAYTON OH 45405-3702 United States",39.77889294574839,-84.20887553260617
R72 07002 0020,1,1,Special Service Inspection,0,2026-03-10,2026-03-10,"62 FOUNTAIN AVE, DAYTON OH 45405-3702 United States",39.779130359908976,-84.20860020610436
R72 07004 0033,1,1,Commercial Water Permit,0,2026-03-16,2026-03-16,"245 MARATHON AVE, DAYTON OH 45405-3621 United States",39.78201011252864,-84.21483832266387
R72 07005 0026,1,1,Permit Revision,0,2026-05-29,2026-05-29,"166 NIAGARA AVE, DAYTON OH 45405-3780 United States",39.77972062072458,-84.21292782507803
R72 07005 0045,2,2,Residential Building Permit,0,2026-02-16,2026-06-17,"1101 RICHMOND AVE, DAYTON OH 45405-3604 United States",39.78005984038567,-84.21076180167337
R72 07006 0014,3,2,Residential Plumbing Permit,0,2026-06-23,2026-06-23,"113 VICTOR AVE, DAYTON OH 45405-3746 United States",39.77911549585593,-84.21112296096776
R72 07008 0002,1,1,Residential Electrical Permit,0,2026-03-25,2026-03-25,"262 FOUNTAIN AVE, DAYTON OH 45405-3930 United States",39.77781461275142,-84.21276709077544
R72 07008 0012,2,2,Residential Electrical Permit,0,2026-01-05,2026-02-24,"220 FOUNTAIN AVE, DAYTON OH 45405-3930 United States",39.77783729110262,-84.21140471956667
R72 07008 0032,1,1,Residential Plumbing Permit,0,2026-05-27,2026-05-27,"311 DELAWARE AVE, DAYTON OH 45405-3914 United States",39.7773331774242,-84.21095458813129
R72 07008 0068,3,2,Residential Gas Permit,0,2026-06-09,2026-06-30,"212 Fountain AVE, 214, DAYTON OH 45405-3930",39.777852730218626,-84.21110261456062
R72 07009 0049,1,1,Residential Electrical Permit,0,2026-05-14,2026-05-14,"260 NIAGARA AVE, DAYTON OH 45405-3730 United States",39.779693154152184,-84.21536487367524
R72 07010 0022,1,1,Residential Gas Permit,0,2026-01-15,2026-01-15,"233 VICTOR AVE, DAYTON OH 45405-3748 United States",39.779128144096255,-84.21438658448997
R72 07011 0016,1,1,Residential Zoning Only Permit,0,2026-02-24,2026-02-24,"334 FOUNTAIN AVE, DAYTON OH 45405-3932 United States",39.777791170194575,-84.21436790902345
R72 07011 0057,1,1,Residential Electrical Permit,0,2026-04-30,2026-04-30,"422 DELAWARE AVE, DAYTON OH 45405-3919 United States",39.776856370194366,-84.21388943522324
R72 07102 0011,1,1,Commercial Gas Permit,0,2026-06-26,2026-06-26,"2327 N MAIN ST, DAYTON OH 45405-3470 United States",39.78541467488929,-84.21109973576904
R72 07102 0015,1,1,Residential Plumbing Permit,0,2026-01-22,2026-01-22,"19 W FAIRVIEW AVE, DAYTON OH 45405-3318 United States",39.784999077765,-84.21116783743607
R72 07104A0001,1,1,Residential Sewer Permit,0,2026-05-12,2026-05-12,"228 W PARKWOOD DR, DAYTON OH 45405-3023 United States",39.78673525534124,-84.21636049692266
R72 07104A0043,1,1,Residential Water Permit,0,2026-06-25,2026-06-25,"45 WOODCREST AVE, DAYTON OH 45405-3247 United States",39.78620450928136,-84.21547898276798
R72 07104B0002,1,1,Residential Plumbing Permit,0,2026-01-13,2026-01-13,"11 PINEHURST AVE, DAYTON OH 45405-3026 United States",39.78813406794639,-84.21459401742631
R72 07106 0005,1,1,Special Service Inspection,0,2026-05-06,2026-05-06,"136 W FAIRVIEW AVE, DAYTON OH 45405-3319 United States",39.78460150743334,-84.21450706489499
R72 07107 0030,1,1,Residential Plumbing Permit,0,2026-06-15,2026-06-15,"68 W NORMAN AVE, DAYTON OH 45405-3332 United States",39.78364032399281,-84.21226618827635
R72 07109 0002,1,1,Residential Wrecking Permit,0,2026-03-27,2026-03-27,"36 W HUDSON AVE, DAYTON OH 45405-3324 United States",39.782644879929464,-84.21086441144963
R72 07109 0019,1,1,Residential Wrecking Permit,0,2026-01-30,2026-01-30,"101 MARATHON AVE, DAYTON OH 45405-3615 United States",39.78202947704994,-84.2106998539219
R72 07109 0026,1,1,Residential Wrecking Permit,0,2026-01-21,2026-01-21,"37 MARATHON AVE, DAYTON OH 45405-3613 United States",39.78204686979369,-84.20988530820574
R72 07109 0031,1,1,Residential Wrecking Permit,0,2026-01-21,2026-01-21,"29 MARATHON AVE, DAYTON OH 45405-3613 United States",39.78204802546234,-84.20961840152889
R72 07109 0034,1,1,Special Service Inspection,0,2026-01-05,2026-01-05,"25 MARATHON AVE, DAYTON OH 45405-3613 United States",39.782055590016014,-84.2094762569973
R72 07109 0041,1,1,Residential Wrecking Permit,0,2026-01-29,2026-01-29,"56 MARATHON AVE, DAYTON OH 45405-3612 United States",39.78174531390929,-84.2104152721542
R72 07109 0043,1,1,Residential Wrecking Permit,0,2026-01-29,2026-01-29,"48 MARATHON AVE, DAYTON OH 45405-3612 United States",39.78173006287982,-84.21014440734511
R72 07109 0065,1,1,Residential Wrecking Permit,0,2026-01-30,2026-01-30,"27 SANTA CLARA AVE, DAYTON OH 45405-3625 United States",39.781142229310475,-84.20940754744669
R72 07110 0023,1,1,Residential Wrecking Permit,0,2026-01-30,2026-01-30,"133 MARATHON AVE, DAYTON OH 45405-3615 United States",39.78203435927601,-84.21186724368049
R72 07110 0035,1,1,Residential Electrical Permit,0,2026-04-08,2026-04-08,"142 MARATHON AVE, DAYTON OH 45405-3614 United States",39.78165109133447,-84.21216388359547
R72 07201 0023,1,1,Commercial Building Permit,0,2026-06-23,2026-06-23,"1052 CUMBERLAND AVE, DAYTON OH 45406-4949 United States",39.77795222714926,-84.22172760512763
R72 07203 0042,1,1,Commercial Electrical Permit,0,2026-06-04,2026-06-04,"1100 SALEM AVE, DAYTON OH 45406-5144 United States",39.774779155610325,-84.21698046845376
R72 07208 0033,1,1,Residential Plumbing Permit,0,2026-04-29,2026-04-29,"916 PRINCETON DR, DAYTON OH 45406 United States",39.77411285711407,-84.21897451880801
R72 07209A0020,1,1,Residential Gas Permit,0,2026-05-28,2026-05-28,"1400 BRYN MAWR DR, DAYTON OH 45406-5901 United States",39.770870545069215,-84.2176313613201
R72 07306 0001,1,1,Commercial Electrical Permit,0,2026-05-26,2026-05-26,"220 YALE AVE, APT/UNIT 14, DAYTON OH 45402-6011 United States",39.770501238213555,-84.21727485885125
R72 07307 0003,4,2,Residential Gas Permit,0,2026-05-26,2026-06-09,"51 CAMBRIDGE AVE, DAYTON OH 45406-5002 United States",39.770276535222294,-84.21469894264067
R72 07307 0020,3,3,Residential Gas Permit,0,2026-01-20,2026-01-20,"724 SALEM AVE, DAYTON OH 45406-5823 United States",39.770658374471246,-84.21318896094569
R72 07309 0013,1,1,Residential Plumbing Permit,0,2026-03-12,2026-03-12,"1200 N BROADWAY ST, DAYTON OH 45402-6112 United States",39.76936059255525,-84.21499662886318
R72 07310 0010,1,1,Residential Water Permit,0,2026-04-21,2026-04-21,"219 LEXINGTON AVE, DAYTON OH 45402-6139 United States",39.76825302696788,-84.21600127573677
R72 07310 0020,1,1,Miscellaneous Permit,0,2026-06-23,2026-06-23,"161 LEXINGTON AVE, DAYTON OH 45402",39.768300555801424,-84.21444394359831
R72 07311 0001,1,1,Residential Plumbing Permit,0,2026-04-02,2026-04-02,"135 LEXINGTON AVE, DAYTON OH 45402-6133 United States",39.76831823589976,-84.21361178553187
R72 07403 0033,1,1,Residential Plumbing Permit,0,2026-05-04,2026-05-04,"1044 W GRAND AVE, DAYTON OH 45402-6122 United States",39.76676144480499,-84.21416770200446
R72 07403 0046,1,1,Residential Electrical Permit,0,2026-04-22,2026-04-22,"707 SUPERIOR AVE, DAYTON OH 45402-6308 United States",39.765857250181746,-84.21291083572702
R72 07405 0090,1,1,Residential Plumbing Permit,0,2026-06-09,2026-06-09,"645 SUPERIOR AVE, DAYTON OH 45402-6304 United States",39.76583885593601,-84.21191768525455
R72 07406 0027,1,1,Residential Wrecking Permit,0,2026-04-13,2026-04-13,"237 AUDUBON PARK, DAYTON OH 45402-6313 United States",39.76471534294196,-84.21382560583696
R72 07411 0067,1,1,Residential Plumbing Permit,0,2026-01-21,2026-01-21,"530 N WILLIAMS ST, DAYTON OH 45402-6379 United States",39.7634273254802,-84.21107976533715
R72 07411 0076,1,1,Residential Plumbing Permit,0,2026-06-24,2026-06-24,"511 DAYTON VIEW PL, DAYTON OH 45402-4306 United States",39.76294383518023,-84.2105728756757
R72 07416 0004,1,1,Residential Electrical Permit,0,2026-05-01,2026-05-01,"719 MEREDITH ST, DAYTON OH 45402-6342 United States",39.7631004666022,-84.21291062766953
R72 07509 0011,1,1,Residential Building Permit,5000,2026-01-20,2026-01-20,"1321 W Riverview AVE, 1323, DAYTON OH 45402-6216",39.76217550376033,-84.21588360922674
R72 07509 0027,1,1,Residential Wrecking Permit,0,2026-03-27,2026-03-27,"733 N BROADWAY ST, DAYTON OH 45402-6246 United States",39.76341054698107,-84.21535896024857
R72 07509 0029,1,1,Residential Wrecking Permit,0,2026-03-27,2026-03-27,"723 N BROADWAY ST, DAYTON OH 45402-6246 United States",39.76321485228907,-84.21541109443474
R72 07510 0025,1,1,Residential Electrical Permit,0,2026-05-18,2026-05-18,"1211 W RIVERVIEW AVE, DAYTON OH 45402-6431 United States",39.761401041030965,-84.21289374161796
R72 07513 0001,1,1,Commercial Plumbing Permit,0,2026-03-18,2026-03-18,"9 ORTH AVE, DAYTON OH 45402",39.759876027979374,-84.2095894732909
R72 07604 0033,1,1,Commercial Electrical Permit,0,2026-05-19,2026-05-19,"1708 W RIVERVIEW AVE, DAYTON OH 45402-5942 United States",39.76268717241859,-84.22105155525216
R72 07608 0043,1,1,Residential Wrecking Permit,0,2026-06-09,2026-06-09,"831 EASTON ST, DAYTON OH 45402-6317 United States",39.76475622044349,-84.21441013044607
R72 07611 0018,1,1,Residential Wrecking Permit,0,2026-04-13,2026-04-13,"634 FERGUSON AVE, DAYTON OH 45402-6223 United States",39.76168091406634,-84.21721096041928
R72 07611 0027,1,1,Commercial Electrical Permit,0,2026-06-22,2026-06-22,"1416 W RIVERVIEW AVE, DAYTON OH 45402 United States",39.76173388538554,-84.21828494106383
R72 07701 0048,2,2,Residential Building Permit,14000,2026-04-17,2026-04-30,"605 OXFORD AVE, DAYTON OH 45402-5821 United States",39.76897069384706,-84.22489302679581
R72 07702 0011,2,2,Residential Gas Permit,0,2026-03-17,2026-03-25,"527 LEXINGTON AVE, DAYTON OH 45402-5813 United States",39.76814836046655,-84.22200126610616
R72 07704 0002,1,1,Residential Building Permit,0,2026-03-20,2026-03-20,"1603 W GRAND AVE, DAYTON OH 45402-5839 United States",39.76710188468885,-84.22314242653201
R72 07704 0018,1,1,Commercial Wrecking Permit,0,2026-04-15,2026-04-15,"548 LEXINGTON AVE, DAYTON OH 45402-5800 United States",39.76769056650806,-84.22282947651657
R72 07705 0022,2,2,Residential Electrical Permit,0,2026-01-05,2026-03-06,"434 LEXINGTON AVE, DAYTON OH 45402-6046 United States",39.76772674940231,-84.2207988622125
R72 07705 0040,1,1,Residential Building Permit,13000,2026-03-06,2026-03-06,"302 LEXINGTON AVE, DAYTON OH 45402-6044 United States",39.76776916800765,-84.21809927635317
R72 07705 0042,2,1,Residential Plumbing Permit,0,2026-02-23,2026-05-13,"1407 W GRAND AVE, DAYTON OH 45402-6037 United States",39.76715220233978,-84.21990936124759
R72 07706 0036,1,1,Special Service Inspection,0,2026-04-21,2026-04-21,"222 LEXINGTON AVE, DAYTON OH 45402 United States",39.76783416668272,-84.21610125669095
R72 07708 0012,1,1,Residential Wrecking Permit,0,2026-05-06,2026-05-06,"822 N EUCLID AVE, DAYTON OH 45402-5908 United States",39.76365155965879,-84.22171578116513
R72 07709 0018,1,1,Residential Plumbing Permit,0,2026-03-04,2026-03-04,"840 SAINT AGNES ST, DAYTON OH 45402-5925 United States",39.763963268440236,-84.22054223181992
R72 07709 0056,1,1,Residential Plumbing Permit,0,2026-02-11,2026-02-11,"810 N PAUL LAURENCE DUNBAR ST, DAYTON OH 45402-5929 United States",39.764777845348064,-84.21948431799711
R72 07709 0114,1,1,Residential Plumbing Permit,0,2026-01-15,2026-01-15,"924 SUPERIOR AVE, DAYTON OH 45402-6250 United States",39.76529026624696,-84.21805954518378
R72 07710 0040,2,1,Residential Plumbing Permit,0,2026-01-06,2026-01-06,"930 CATALPA DR, DAYTON OH 45402-5824 United States",39.76630404862992,-84.22417946855028
R72 07711 0057,2,2,Residential Sewer Permit,0,2026-04-02,2026-04-02,"1428 W GRAND AVE, DAYTON OH 45402-6057 United States",39.7666834932834,-84.22134596568944
R72 07711 0103,1,1,Residential Plumbing Permit,0,2026-04-10,2026-04-10,"1210 SUPERIOR AVE, DAYTON OH 45402-5933 United States",39.76520906201254,-84.22246230859669
R72 07712 0010,1,1,Residential Plumbing Permit,0,2026-06-05,2026-06-05,"1216 W GRAND AVE, DAYTON OH 45402-6260 United States",39.76673111052589,-84.21698495459881
R72 07712 0033,1,1,Residential Wrecking Permit,0,2026-01-21,2026-01-21,"916 BRYN MAWR DR, DAYTON OH 45402-6001 United States",39.7660706551635,-84.21745963830895
R72 07712 0051,2,2,Residential Gas Permit,0,2026-04-02,2026-06-05,"925 FERGUSON AVE, DAYTON OH 45402-6115 United States",39.766274464044805,-84.21666771052547
R72 07712 0052,2,2,Residential Gas Permit,0,2026-06-24,2026-06-24,"929 FERGUSON AVE, DAYTON OH 45402-6115 United States",39.76636782394304,-84.21667001070564
R72 07801 0007,3,3,Residential Mechanical Permit,0,2026-03-13,2026-05-14,"1237 ROSEDALE DR, DAYTON OH 45402-5711 United States",39.76995098637167,-84.22693837789589
R72 07801 0026,1,1,Residential Gas Permit,0,2026-05-20,2026-05-20,"1216 WINDSOR AVE, DAYTON OH 45402-5718 United States",39.76993427377205,-84.2278844932343
R72 07801 0029,1,1,Residential Wrecking Permit,0,2026-01-29,2026-01-29,"1204 WINDSOR AVE, DAYTON OH 45402-5718 United States",39.76956924366844,-84.22787544050144
R72 07803 0007,1,1,Residential Water Permit,0,2026-04-21,2026-04-21,"627 YALE AVE, DAYTON OH 45402-5823 United States",39.77077699089979,-84.22567073772724
R72 07804 0035,1,1,Residential Wrecking Permit,0,2026-05-06,2026-05-06,"1242 CATALPA DR, DAYTON OH 45402-5805 United States",39.77006687254806,-84.22429392466857
R72 07804 0036,1,1,Residential Wrecking Permit,0,2026-03-27,2026-03-27,"1238 CATALPA DR, DAYTON OH 45402-5805 United States",39.76996253259389,-84.2242948983023
R72 07807 0015,7,3,Permit Revision,0,2026-02-16,2026-06-29,"1306 Bryn Mawr DR, DAYTON OH 45402",39.770346524589485,-84.21760421780495
R72 07808 0009,2,2,Residential Building Permit,0,2026-04-08,2026-04-08,"403 LEXINGTON AVE, DAYTON OH 45402-6047 United States",39.76820911209899,-84.21973974872766
R72 07901 0021,1,1,Residential Plumbing Permit,0,2026-03-03,2026-03-03,"1238 EVERETT DR, DAYTON OH 45402-5603 United States",39.770357024024094,-84.2303074304434
R72 07901 0025,1,1,Residential Zoning Only Permit,0,2026-02-24,2026-02-24,"1222 EVERETT DR, DAYTON OH 45402-5603 United States",39.769920572945516,-84.23030014713483
R72 07901 0036,1,1,Residential Wrecking Permit,0,2026-01-21,2026-01-21,"1241 VERNON DR, DAYTON OH 45402-5715 United States",39.77037540367355,-84.2296211876368
R72 07901 0037,1,1,Residential Wrecking Permit,0,2026-01-21,2026-01-21,"1237 VERNON DR, DAYTON OH 45402-5715 United States",39.7702408878927,-84.22962140417914
R72 07901 0042,1,1,Residential Wrecking Permit,0,2026-01-21,2026-01-21,"1215 VERNON DR, DAYTON OH 45402-5715 United States",39.76970791286288,-84.22964017959542
R72 07901 0046,1,1,Special Service Inspection,0,2026-06-24,2026-06-24,"1256 Vernon DR, DAYTON OH 45402-5714",39.77090999034118,-84.22912206839334
R72 07901 0061,1,1,Residential Wrecking Permit,0,2026-01-21,2026-01-21,"1257 WINDSOR AVE, DAYTON OH 45402-5719 United States",39.770919923907535,-84.22844977705984
R72 07901 0069,1,1,Residential Wrecking Permit,0,2026-01-21,2026-01-21,"1225 WINDSOR AVE, DAYTON OH 45402-5719 United States",39.770058316212484,-84.22841062138218
R72 07901 0072,3,3,Residential Building Permit,5000,2026-03-11,2026-04-06,"1215 Windsor AVE, DAYTON OH 45402-5719",39.76972879043612,-84.2284131154791
R72 07904 0015,1,1,Residential Wrecking Permit,0,2026-03-12,2026-03-12,"1951 W GRAND AVE, DAYTON OH 45402-5723 United States",39.76697287563891,-84.22983916164816
R72 07905 0016,7,4,Residential Gas Permit,0,2026-04-28,2026-06-29,"1809 W GRAND AVE, 1811, DAYTON OH 45402-5721 United States",39.76702525539729,-84.22703666899116
R72 07905 0017,1,1,Residential Wrecking Permit,0,2026-05-08,2026-05-08,"1805 W GRAND AVE, DAYTON OH 45402-5721 United States",39.76702471700971,-84.22688718460915
R72 07905 0028,2,1,Residential Gas Permit,0,2026-04-08,2026-04-08,"924 WINDSOR AVE, DAYTON OH 45402-5750 United States",39.76611916891354,-84.22759063104188
R72 07907 0001,1,1,Residential Plumbing Permit,0,2026-01-05,2026-01-05,"1620 SUPERIOR AVE, DAYTON OH 45402-5745 United States",39.765106843521664,-84.22734488714521
R72 07907 0013,1,1,Residential Wrecking Permit,0,2026-04-15,2026-04-15,"817 ROSEDALE DR, DAYTON OH 45402-5738 United States",39.76390264787446,-84.226891652433
R72 07908 0036,1,1,Residential Wrecking Permit,0,2026-01-21,2026-01-21,"941 VERNON DR, DAYTON OH 45402-5749 United States",39.76603593761548,-84.22969488063272
R72 07908 0039,1,1,Residential Wrecking Permit,0,2026-01-21,2026-01-21,"929 VERNON DR, DAYTON OH 45402-5749 United States",39.76570656909511,-84.2296867042078
R72 08001 0002,1,1,Residential Gas Permit,0,2026-01-30,2026-01-30,"1312 PHILADELPHIA DR, DAYTON OH 45406-4641 United States",39.7707134411676,-84.23405248484151
R72 08001 0016,2,2,Residential Building Permit,0,2026-01-12,2026-06-23,"1215 OXFORD AVE, DAYTON OH 45402-5614 United States",39.76933013528669,-84.23364448452162
R72 08001 0029,1,1,Residential Mechanical Permit,0,2026-05-18,2026-05-18,"1209 SENECA DR, DAYTON OH 45402-5618 United States",39.76953031713008,-84.23329005884419
R72 08001 0034,1,1,Residential Plumbing Permit,0,2026-03-27,2026-03-27,"1250 SENECA DR, DAYTON OH 45402-5617 United States",39.770647748355145,-84.23274139811642
R72 08001 0050,1,1,Residential Wrecking Permit,0,2026-01-21,2026-01-21,"1245 WILSON DR, DAYTON OH 45402-5622 United States",39.770550354798466,-84.2320878374203
R72 08001 0076,1,1,Residential Building Permit,23752,2026-04-28,2026-04-28,"1200 WILSON DR, DAYTON OH 45402-5621 United States",39.76935356208743,-84.23150652904117
R72 08002 0020,1,1,Residential Mechanical Permit,0,2026-04-30,2026-04-30,"1020 PHILADELPHIA DR, DAYTON OH 45402-5638 United States",39.767722875996974,-84.23407768476928
R72 08003 0009,3,2,Residential Gas Permit,0,2026-03-25,2026-03-30,"1108 Oxford AVE, DAYTON OH 45402-5658",39.76904199146853,-84.2321499698342
R72 08003 0011,1,1,Residential Wrecking Permit,0,2026-03-09,2026-03-09,"1135 WILSON DR, DAYTON OH 45402-5620 United States",39.768851882941334,-84.2320064955145
R72 08004 0021,1,1,Residential Wrecking Permit,0,2026-05-08,2026-05-08,"2011 W GRAND AVE, DAYTON OH 45402-5631 United States",39.76696780452516,-84.23092421150956
R72 08004 0027,1,1,Residential Wrecking Permit,0,2026-05-08,2026-05-08,"2016 W GRAND AVE, DAYTON OH 45402-5630 United States",39.76647804066584,-84.2313639495749
R72 08004 0029,1,1,Residential Wrecking Permit,0,2026-05-08,2026-05-08,"2010 W GRAND AVE, DAYTON OH 45402-5630 United States",39.76648494171359,-84.2310830215218
R72 08105 0042,1,1,Residential Water Permit,0,2026-04-06,2026-04-06,"420 N WOODWARD AVE, DAYTON OH 45417-2461 United States",39.75883790206848,-84.23033447058594
R72 08105 0043,1,1,Residential Water Permit,0,2026-04-06,2026-04-06,"418 N WOODWARD AVE, DAYTON OH 45417-2461 United States",39.75879670818707,-84.23033344769169
R72 08108 0056,1,1,Residential Plumbing Permit,0,2026-01-07,2026-01-07,"518 N WOODWARD AVE, DAYTON OH 45417",39.7604424158277,-84.23028693624806
R72 08109 0003,1,1,Residential Building Permit,0,2026-06-01,2026-06-01,"1303 EDISON ST, DAYTON OH 45417-2474 United States",39.75659414630908,-84.23147410823415
R72 08109 0008,1,1,Residential Sewer Permit,0,2026-01-29,2026-01-29,"1209 EDISON ST, DAYTON OH 45417-2472 United States",39.756605995062074,-84.23085894911598
R72 08109 0079,1,1,Residential Gas Permit,0,2026-01-14,2026-01-14,"1514 OAKRIDGE DR, DAYTON OH 45417-2417 United States",39.75814126904268,-84.23102158734744
R72 08110 0054,3,3,Residential Plumbing Permit,0,2026-03-03,2026-04-23,"1716 OAKRIDGE DR, DAYTON OH 45417-2313 United States",39.75809105386568,-84.23330081333354
R72 08201 0023,2,2,Residential Building Permit,7000,2026-01-06,2026-01-22,"167 N MARION ST, DAYTON OH 45417-2207 United States",39.75587411199691,-84.23355517376483
R72 08201 0030,1,1,Residential Electrical Permit,0,2026-02-23,2026-02-23,"180 N ARDMORE AVE, DAYTON OH 45417-2204 United States",39.75597085462188,-84.23406986158683
R72 08202 0062,1,1,Residential Wrecking Permit,0,2026-01-29,2026-01-29,"156 N KILMER ST, DAYTON OH 45417 United States",39.7560081172341,-84.23206491258918
R72 08203 0024,1,1,Residential Plumbing Permit,0,2026-03-10,2026-03-10,"2302 W SECOND ST, DAYTON OH 45417-2427 United States",39.75431507157108,-84.2320329158116
R72 08205 0034,1,1,Residential Wrecking Permit,0,2026-01-29,2026-01-29,"142 N ORCHARD AVE, DAYTON OH 45417-2551 United States",39.756012062228024,-84.22905835523059
R72 08207 0038,1,1,Commercial Electrical Permit,0,2026-06-23,2026-06-23,"1819 W THIRD ST, DAYTON OH 45417 United States",39.75453818026039,-84.22511212343791
R72 08207 0091,2,2,Commercial Fire Sprinkler Permit,0,2026-01-13,2026-04-17,"119 N JAMES H MCGEE BLVD, DAYTON OH 45402-6736 United States",39.755435348403225,-84.22578154061931
R72 08207 0094,1,1,Permit Revision,0,2026-06-17,2026-06-17,"1923 W THIRD ST, DAYTON OH 45417 United States",39.75399826407294,-84.22686647970743
R72 08208 0017,1,1,Residential Plumbing Permit,0,2026-04-06,2026-04-06,"200 N ORCHARD AVE, DAYTON OH 45417-2453 United States",39.75661119596848,-84.2292083882014
R72 08210 0034,1,1,Commercial Building Permit,1300000,2026-05-07,2026-05-07,"510 N James H McGee BLVD, DAYTON OH 45402",,
R72 08212 0025,5,5,Residential Electrical Permit,0,2026-03-13,2026-04-29,"1727 W FIRST ST, DAYTON OH 45402 United States",39.756316543144614,-84.22447413006768
R72 08301 0072,5,5,Residential Gas Permit,0,2026-03-13,2026-03-27,"1360 W FIRST ST, DAYTON OH 45402 United States",39.75733492544659,-84.21665379255218
R72 08301 0077,4,4,Residential Gas Permit,0,2026-03-13,2026-03-18,"1344 W FIRST ST, DAYTON OH 45402 United States",39.75743607078305,-84.21609577761123
R72 08301 0079,5,5,Residential Electrical Permit,0,2026-03-13,2026-04-29,"1332 W FIRST ST, DAYTON OH 45402 United States",39.75751425322796,-84.21564065186966
R72 08301 0082,4,4,Residential Gas Permit,0,2026-03-13,2026-03-18,"1320 W FIRST ST, DAYTON OH 45402 United States",39.7575776617895,-84.2152175848645
R72 08301 0089,5,5,Residential Electrical Permit,0,2026-03-13,2026-04-29,"1356 W FIRST ST, DAYTON OH 45402 United States",39.75735818099574,-84.21653083748943
R72 08303 0039,4,4,Residential Gas Permit,0,2026-03-13,2026-03-18,"1329 W First ST, DAYTON OH 45402",39.75776732476367,-84.21558853568928
R72 08303 0044,4,4,Residential Gas Permit,0,2026-03-13,2026-03-18,"1317 W FIRST ST, DAYTON OH 45402 United States",39.7578331958782,-84.2151837289312
R72 08303 0064,27,5,Residential Gas Permit,0,2026-03-13,2026-04-29,"211 N BROADWAY ST, DAYTON OH 45402 United States",39.758108749199366,-84.21475970547357
R72 08303 0065,6,6,Commercial Mechanical Permit,0,2026-03-13,2026-06-23,"228 N BROADWAY ST, DAYTON OH 45402 United States",39.7585464546125,-84.2143213556005
R72 08305 0006,1,1,Residential Wrecking Permit,0,2026-04-14,2026-04-14,"540 BLAINE ST, DAYTON OH 45402-6608 United States",39.7600161360836,-84.21670921261392
R72 08305 0014,1,1,Residential Wrecking Permit,0,2026-05-06,2026-05-06,"551 DAKOTA ST, DAYTON OH 45402-6653 United States",39.759610438806945,-84.21703718048374
R72 08305 0021,1,1,Residential Wrecking Permit,0,2026-05-06,2026-05-06,"549 DAKOTA ST, DAYTON OH 45402-6653 United States",39.75948670960868,-84.21686334385954
R72 08305 0022,1,1,Residential Wrecking Permit,0,2026-05-06,2026-05-06,"543 DAKOTA ST, DAYTON OH 45402-6653 United States",39.75950604016187,-84.2166681423851
R72 08307 0048,4,4,Residential Gas Permit,0,2026-03-13,2026-03-18,"1541 W SECOND ST, DAYTON OH 45402 United States",39.75617778482438,-84.21981378574294
R72 08307 0057,2,2,Residential Building Permit,0,2026-04-21,2026-06-18,"1507 W SECOND ST, DAYTON OH 45402-6727 United States",39.75635325861731,-84.21876416325692
R72 08308 0027,1,1,Residential Building Permit,87500,2026-03-27,2026-03-27,"128 N PAUL LAURENCE DUNBAR ST, DAYTON OH 45402-6711 United States",39.75706621701635,-84.21830519017807
R72 08308 0029,2,2,Residential Building Permit,9082,2026-03-03,2026-04-30,"122 N PAUL LAURENCE DUNBAR ST, DAYTON OH 45402-6756 United States",39.75690705541279,-84.21826198069114
R72 08310 0009,1,1,Residential Water Permit,0,2026-02-16,2026-02-16,"356 EDISON ST, DAYTON OH 45402-6509 United States",39.75752319267632,-84.22080307118829
R72 08311 0014,2,2,Commercial Fire Alarm Permit,0,2026-04-21,2026-05-12,"1501 W THIRD ST, DAYTON OH 45402-6718 United States",39.75496032070702,-84.22087139475562
R72 08311 0055,4,4,Residential Gas Permit,0,2026-03-13,2026-03-18,"1628 W FIRST ST, DAYTON OH 45402 United States",39.756438226493074,-84.22216025679641
R72 08311 0056,4,4,Residential Gas Permit,0,2026-03-13,2026-03-18,"1622 W FIRST ST, DAYTON OH 45402 United States",39.756471592184816,-84.22195803539347
R72 08311 0058,5,5,Residential Electrical Permit,0,2026-03-13,2026-04-29,"1612 W FIRST ST, DAYTON OH 45402 United States",39.75651740175978,-84.2216796901008
R72 08311 0059,5,5,Residential Electrical Permit,0,2026-03-13,2026-04-29,"1608 W FIRST ST, DAYTON OH 45402 United States",39.7565468458594,-84.22154145154053
R72 08311 0060,4,4,Residential Gas Permit,0,2026-03-13,2026-03-18,"1604 W FIRST ST, DAYTON OH 45402 United States",39.75657025509236,-84.22140846664067
R72 08313 0059,4,4,Residential Gas Permit,0,2026-03-13,2026-03-18,"1707 W SECOND ST, DAYTON OH 45402 United States",39.75555541827927,-84.2235328627552
R72 08313 0060,4,4,Residential Gas Permit,0,2026-03-13,2026-03-18,"1701 W SECOND ST, DAYTON OH 45402 United States",39.75558863670253,-84.2233423311234
R72 08313 0074,5,5,Residential Electrical Permit,0,2026-03-13,2026-04-29,"1720 W FIRST ST, DAYTON OH 45402 United States",39.7560866060584,-84.22414572899646
R72 08401 0028,3,3,Residential Mechanical Permit,0,2026-03-06,2026-04-13,"412 N BROADWAY ST, DAYTON OH 45402-6614 United States",39.760028730438954,-84.21472784586639
R72 08401 0040,3,3,Residential Electrical Permit,0,2026-03-30,2026-04-08,"445 DAKOTA ST, DAYTON OH 45402-6624 United States",39.7598546549143,-84.21442826665464
R72 08403 0008,2,2,Commercial Building Permit,35000,2026-01-14,2026-03-12,"823 W THIRD ST, DAYTON OH 45402-6811 United States",39.7568793477604,-84.20889170284394
R72 08403 0040,1,1,Residential Water Permit,0,2026-06-22,2026-06-22,"1042 W Second ST, DAYTON OH 45402-6820",39.75759645069917,-84.20927958925529
R72 08405 0004,1,1,Residential Zoning Only Permit,0,2026-04-01,2026-04-01,"208 N WILLIAMS ST, DAYTON OH 45402-6605 United States",39.758629017481695,-84.21130648669002
R72 08406 0041,1,1,Residential Electrical Permit,0,2026-03-03,2026-03-03,"929 W THIRD ST, DAYTON OH 45402 United States",39.75669909833787,-84.21005127166542
R72 08407 0008,3,2,Permit Revision,0,2026-01-13,2026-03-03,"1163 W Third ST, DAYTON OH 45402-6813",39.75616093385978,-84.21352983462936
R72 08407 0018,1,1,Permit Revision,0,2026-03-18,2026-03-18,"13 N WILLIAMS ST, DAYTON OH 45402-6813 United States",39.75661702785248,-84.21201131015555
R72 08501 0023,1,1,Commercial Water Permit,0,2026-06-22,2026-06-22,"50 S Edwin C Moses BLVD, DAYTON OH 45402",39.75570295945439,-84.20661511110276
R72 08503 0083,1,1,Residential Plumbing Permit,0,2026-06-15,2026-06-15,"123 HORACE AVE, DAYTON OH 45402-8316 United States",39.75420975408984,-84.20782199217224
R72 08601 0005,1,1,Commercial Fire Alarm Permit,0,2026-02-18,2026-02-18,"1054 W Third St, Dayton OH 45402",39.756170908932326,-84.21161321100871
R72 08601 0052,2,1,Residential Gas Permit,0,2026-06-29,2026-06-29,"1015 W FOURTH ST, DAYTON OH 45402-8339 United States",39.75497700255374,-84.21075081332563
R72 08602 0024,1,1,Residential Plumbing Permit,0,2026-03-03,2026-03-03,"116 SHANNON ST, DAYTON OH 45402-8332 United States",39.75424935463478,-84.20998602920945
R72 08603 0043,2,2,Residential Gas Permit,0,2026-04-06,2026-04-06,"22 Hawthorn ST, DAYTON OH 45402",39.75417850627304,-84.21108692388763
R72 08603 0092,10,6,Permit Revision,200000,2026-02-04,2026-04-17,"136 S WILLIAMS ST, DAYTON OH 45402 United States",39.75382640622974,-84.21210917614891
R72 08604 0037,1,1,Commercial Wrecking Permit,0,2026-06-26,2026-06-26,"900 W THIRD ST, DAYTON OH 45402 United States",39.756409328462645,-84.20912812761817
R72 08609 0032,2,1,Permit Revision,0,2026-03-11,2026-06-09,"20 Kosmo DR, DAYTON OH 45402-8359",39.750612180797624,-84.2114298331064
R72 08610 0023,2,2,Commercial Fire Sprinkler Permit,0,2026-01-08,2026-06-10,"2 Kosmo DR, DAYTON OH 45402-8300",39.7503291327499,-84.21144421282808
R72 08706 0089,1,1,Residential Building Permit,200000,2026-03-02,2026-03-02,"18 MERCER AVE, DAYTON OH 45402",,
R72 08706 0095,2,1,Residential Building Permit,200000,2026-03-02,2026-03-02,"135 S WILLIAMS ST, DAYTON OH 45402 United States",,
R72 08708 0063,1,1,Residential Wrecking Permit,0,2026-04-13,2026-04-13,"24 BARNETT ST, DAYTON OH 45402-8205 United States",39.752568223223385,-84.21473638221794
R72 08709 0013,1,1,Residential Electrical Permit,0,2026-05-01,2026-05-01,"346 S BROADWAY ST, DAYTON OH 45402-8212 United States",39.75218548479313,-84.21386961894808
R72 08712 0027,1,1,Residential Wrecking Permit,0,2026-04-13,2026-04-13,"109 GORDON AVE, DAYTON OH 45402-8116 United States",39.75020323521388,-84.21685162953474
R72 08712 0028,1,1,Residential Gas Permit,0,2026-05-08,2026-05-08,"105 GORDON AVE, DAYTON OH 45402-8116 United States",39.750145238402744,-84.21668660395532
R72 08802 0025,1,1,Residential Wrecking Permit,0,2026-03-27,2026-03-27,"121 S PAUL LAURENCE DUNBAR ST, DAYTON OH 45402-6948 United States",39.753545343918596,-84.21831781017747
R72 08802 0055,1,1,Special Service Inspection,0,2026-06-15,2026-06-15,"325 MERCER AVE, DAYTON OH 45402-6943 United States",39.754379736445685,-84.21908897989016
R72 08802 0061,1,1,Commercial Electrical Permit,0,2026-06-22,2026-06-22,"1470 W THIRD ST, DAYTON OH 45402-6715 United States",39.75458900752758,-84.220353512253
R72 08803 0004,1,1,Residential Zoning Only Permit,0,2026-03-23,2026-03-23,"1518 W FIFTH ST, DAYTON OH 45402 United States",39.75302114698523,-84.21885980695947
R72 08804 0029,1,1,Special Service Inspection,0,2026-03-10,2026-03-10,"1700 W FIFTH ST, DAYTON OH 45402-6912 United States",39.75297226185811,-84.22236974167103
R72 08807 0023,1,1,Residential Water Permit,0,2026-03-02,2026-03-02,"532 S EUCLID AVE, DAYTON OH 45402-8105 United States",39.748874217951865,-84.22021600099701
R72 08909 0040,1,1,Commercial Wrecking Permit,0,2026-03-20,2026-03-20,"11 CELINA ST, DAYTON OH 45402-8001 United States",39.74658247560821,-84.2225711216626
R72 08909 0045,1,1,Commercial Building Permit,100000,2026-03-16,2026-03-16,"1711 MCCALL ST, DAYTON OH 45402 United States",39.746407122880285,-84.22198697589326
R72 09004 0037,1,1,Commercial Mechanical Permit,0,2026-06-05,2026-06-05,"1900 W THIRD ST, DAYTON OH 45417-2538 United States",39.75353390958989,-84.22673787913885
R72 09007 0031,2,1,Special Service Inspection,0,2026-01-28,2026-03-26,"213 S WOODWARD AVE, DAYTON OH 45417-2150 United States",39.75129533404946,-84.2306879465584
R72 09008 0007,1,1,Residential Wrecking Permit,0,2026-01-30,2026-01-30,"100 S MATHISON ST, DAYTON OH 45417",39.75216405257469,-84.22746167971685
R72 09104 0017,1,1,Miscellaneous Permit,0,2026-06-30,2026-06-30,"365 ADELITE AVE, DAYTON OH",39.74666070839453,-84.2323335787714
R72 09104 0051,1,1,Residential Wrecking Permit,0,2026-05-01,2026-05-01,"358 ROYAL ST, DAYTON OH 45417-2145 United States",39.746689575991844,-84.23316663435135
R72 09107 0066,1,1,Miscellaneous Permit,0,2026-02-09,2026-02-09,"2333 MCCALL ST, DAYTON OH 45417-3200 United States",39.74674651488484,-84.23095916384297
R72 09203 0003,1,1,Residential Water Permit,0,2026-05-21,2026-05-21,"162 BROOKLYN AVE, DAYTON OH 45417-2237 United States",39.753799868283295,-84.23973620454164
R72 09203 0052,1,1,Residential Water Permit,0,2026-06-25,2026-06-25,"102 WESTWOOD AVE, DAYTON OH 45417-1736 United States",39.752731788963,-84.24102576816678
R72 09302 0058,1,1,Residential Building Permit,10000,2026-02-04,2026-02-04,"52 BISH AVE, DAYTON OH 45417-2123 United States",39.750863288256554,-84.23575698731072
R72 09309 0002,3,3,Residential Electrical Permit,0,2026-01-28,2026-02-13,"27 UPPER AVE, DAYTON OH 45417-1815 United States",39.75009987970752,-84.24332911529703
R72 09309 0039,2,2,Residential Building Permit,20000,2026-02-19,2026-06-17,"25 S MOSS AVE, DAYTON OH 45417-1803 United States",39.75038943143291,-84.24232609797026
R72 09401 0051,1,1,Residential Electrical Permit,0,2026-04-13,2026-04-13,"32 S PLAZA AVE, DAYTON OH 45417-1806 United States",39.7499472200284,-84.24399407933397
R72 09403 0001,2,2,Commercial Fire Sprinkler Permit,0,2026-02-23,2026-03-18,"329 Abbey AVE, DAYTON OH 45417",39.74781259903971,-84.24025096422572
R72 09502 0024,2,2,Residential Gas Permit,0,2026-03-31,2026-06-15,"3224 MCCALL ST, DAYTON OH 45417-1908 United States",39.74643938014176,-84.2433478181054
R72 09503 0037,1,1,Residential Gas Permit,0,2026-06-30,2026-06-30,"467 GROVELAND AVE, DAYTON OH 45417 United States",39.74483854867876,-84.2403981614272
R72 09504 0008,1,1,Residential Building Permit,9916,2026-01-27,2026-01-27,"427 DEARBORN AVE, DAYTON OH 45417",39.74584605453631,-84.23930641787402
R72 09505 0022,2,1,Permit Revision,0,2026-04-24,2026-06-30,"2723 JEROME AVE, DAYTON OH 45417-3271 United States",39.74436513544802,-84.23862899751919
R72 09602 0015,1,1,Residential Wrecking Permit,0,2026-05-01,2026-05-01,"433 ETHEL AVE, DAYTON OH 45417-3230 United States",39.745636499350425,-84.23529958690305
R72 09602 0016,1,1,Residential Water Permit,0,2026-04-13,2026-04-13,"437 ETHEL AVE, DAYTON OH 45417-3230 United States",39.74549360214706,-84.23530669423795
R72 09602 0043,3,3,Residential Electrical Permit,0,2026-05-26,2026-06-09,"530 ELEANOR AVE, DAYTON OH 45417-2006 United States",39.74444991962614,-84.23613475836729
R72 09602 0045,3,3,Residential Gas Permit,0,2026-02-13,2026-04-17,"2525 JEROME AVE, DAYTON OH 45417",39.74428091672911,-84.23609424298606
R72 09602 0060,1,1,Residential Wrecking Permit,0,2026-05-01,2026-05-01,"524 ETHEL AVE, DAYTON OH 45417-3233 United States",39.744531243850105,-84.23483808012885
R72 09604 0030,1,1,Residential Plumbing Permit,0,2026-02-19,2026-02-19,"439 ADELITE AVE, DAYTON OH 45417-3270 United States",39.7452733985285,-84.23237736352893
R72 09606 0007,1,1,Residential Wrecking Permit,0,2026-02-27,2026-02-27,"626 ELEANOR AVE, DAYTON OH 45417-3225 United States",39.74340556265316,-84.23612611127119
R72 09606 0018,1,1,Residential Wrecking Permit,0,2026-05-01,2026-05-01,"724 ELEANOR AVE, DAYTON OH 45417-3227 United States",39.742134453020824,-84.23611228205894
R72 09607 0034,1,1,Residential Plumbing Permit,0,2026-06-22,2026-06-22,"2323 LAKEVIEW AVE, DAYTON OH 45417-3635 United States",39.742716629666695,-84.23277623161613
R72 09610 0007,1,1,Residential Plumbing Permit,0,2026-06-24,2026-06-24,"2324 LAKEVIEW AVE, DAYTON OH 45417-3636 United States",39.74222205172321,-84.23298444993509
R72 09610 0031,1,1,Residential Plumbing Permit,0,2026-03-04,2026-03-04,"619 Adelite AVE, DAYTON OH 45417-3665",39.74201842457587,-84.23227157926311
R72 09611 0010,2,2,Commercial Building Permit,510000,2026-02-25,2026-05-18,"2521 S EDWIN C MOSES BLVD, DAYTON OH 45417-4659 United States",39.732829213022306,-84.21468114301236
R72 09703 0006,1,1,Commercial Building Permit,8000,2026-05-06,2026-05-06,"1711 GERMANTOWN ST, DAYTON OH 45402",,
R72 09706 0051,1,1,Residential Wrecking Permit,0,2026-05-21,2026-05-21,"625 RANDOLPH ST, DAYTON OH 45417-3203 United States",39.745691170906305,-84.22938206112384
R72 09706 0081,1,1,Residential Wrecking Permit,0,2026-05-21,2026-05-21,"658 RANDOLPH ST, DAYTON OH 45417-3204 United States",39.74491088185377,-84.22904258342956
R72 09706 0082,1,1,Residential Wrecking Permit,0,2026-05-21,2026-05-21,"662 RANDOLPH ST, DAYTON OH 45417-3204 United States",39.74481223730447,-84.22902947127557
R72 09706 0083,1,1,Residential Wrecking Permit,0,2026-05-21,2026-05-21,"666 RANDOLPH ST, DAYTON OH 45417-3204 United States",39.744721559152254,-84.22903433218139
R72 09706 0084,1,1,Residential Wrecking Permit,0,2026-05-21,2026-05-21,"670 RANDOLPH ST, DAYTON OH 45417-3204 United States",39.744625395858,-84.22903905583505
R72 09706 0088,1,1,Residential Wrecking Permit,0,2026-05-21,2026-05-21,"686 RANDOLPH ST, DAYTON OH 45417-3204 United States",39.7442548837445,-84.22902630982385
R72 09708 0025,1,1,Residential Gas Permit,0,2026-03-11,2026-03-11,"2027 GERMANTOWN ST, DAYTON OH 45417-3345 United States",39.743369364389146,-84.22781632831688
R72 09709 0041,2,1,Permit Revision,0,2026-05-06,2026-05-06,"1812 Germantown ST, DAYTON OH 45417-3714",39.7440255710398,-84.22502978587217
R72 09709 0064,2,2,Commercial Fire Alarm Permit,0,2026-05-05,2026-05-29,"811 OLDFIELD AVE, DAYTON OH 45417-3713 United States",39.74358360184467,-84.2259542967175
R72 09801 0007,3,1,Permit Revision,0,2026-05-06,2026-05-06,"813 Danner AVE, DAYTON OH 45417-3703",39.744571957692926,-84.22242539286538
R72 09801 0009,1,1,Permit Revision,0,2026-05-06,2026-05-06,"1800 Germantown ST, DAYTON OH 45417-3703",39.74411712389552,-84.22477948178961
R72 09804 0033,1,1,Residential Wrecking Permit,0,2026-02-27,2026-02-27,"1633 WEAVER ST, DAYTON OH 45417-4536 United States",39.73924861232682,-84.2233003898754
R72 09809 0026,1,1,Residential Wrecking Permit,0,2026-04-15,2026-04-15,"555 S BROADWAY ST, DAYTON OH 45417-3431 United States",39.74655290514955,-84.2148694070786
R72 09809 0052,1,1,Special Service Inspection,0,2026-06-29,2026-06-29,"1434 GERMANTOWN ST, DAYTON OH 45417-3340 United States",39.74695395052139,-84.21733904914709
R72 09810 0025,1,1,Commercial Zoning Only Permit,0,2026-03-11,2026-03-11,"603 S BROADWAY ST, DAYTON OH 45417-3433 United States",39.74582444889407,-84.2149225827362
R72 09904 0057,1,1,Residential Wrecking Permit,0,2026-04-13,2026-04-13,"719 WARD ST, DAYTON OH 45417-3451 United States",39.74643068135242,-84.21309141506576
R72 10011 0005,4,4,Commercial Building Permit,96000,2026-02-25,2026-06-30,"1 ELIZABETH PL, DAYTON OH 45417-3424 United States",39.747777352397364,-84.19983168108485
R72 10014 0003,3,3,Commercial Building Permit,750750,2026-03-18,2026-04-15,"741 WASHINGTON ST, DAYTON OH 45402-8446 United States",39.749846193881545,-84.20238991687164
R72 10016 0001,2,1,Permit Revision,0,2026-01-22,2026-03-26,"10 ARMOR PL, DAYTON OH 45417 United States",39.74932896128422,-84.21045314197515
R72 10105 0018,1,1,Commercial Building Permit,0,2026-04-08,2026-04-08,"257 Hopeland ST, DAYTON OH 45417-3420",39.74444953582752,-84.19982517334057
R72 10106 0020,1,1,Miscellaneous Permit,0,2026-02-09,2026-02-09,"707 S EDWIN C MOSES BLVD, DAYTON OH 45417-3462 United States",39.74689196950041,-84.19802798708365
R72 10110 0006,1,1,Residential Wrecking Permit,0,2026-05-01,2026-05-01,"321 BOLANDER AVE, DAYTON OH 45417-4001 United States",39.74198663153132,-84.1988724033678
R72 10110 0023,1,1,Residential Wrecking Permit,0,2026-05-01,2026-05-01,"340 BOLANDER AVE, DAYTON OH 45417-4002 United States",39.74164340474929,-84.1994401943897
R72 10111 0002,1,1,Commercial Fire Alarm Permit,0,2026-01-08,2026-01-08,"945 S EDWIN C MOSES BLVD, DAYTON OH 45417-3464 United States",39.74379614473926,-84.19622392564548
R72 10208 0027,1,1,Special Service Inspection,0,2026-04-13,2026-04-13,"723 CLEGG ST, DAYTON OH 45417-4632 United States",39.74000653224364,-84.20719300103437
R72 10208 0037,1,1,Residential Wrecking Permit,0,2026-05-18,2026-05-18,"712 CLEGG ST, DAYTON OH 45417-4633 United States",39.73969973591322,-84.20695431942931
R72 10208 0039,2,2,Residential Building Permit,20000,2026-02-17,2026-04-13,"704 CLEGG ST, DAYTON OH 45417-4633 United States",39.73968126609214,-84.20671558986616
R72 10209 0116,1,1,Commercial Electrical Permit,0,2026-06-23,2026-06-23,"809 CINCINNATI ST, DAYTON OH 45417 United States",39.7415954642121,-84.20273617839072
R72 10210 0041,2,2,Residential Mechanical Permit,0,2026-04-06,2026-05-11,"1427 PERSHING BLVD, DAYTON OH 45410-3114 United States",39.747660850875334,-84.14538445204107
R72 10211 0043,1,1,Commercial Tent permit,0,2026-06-25,2026-06-25,"721 MIAMI CHAPEL RD, DAYTON OH 45417 United States",39.738483214082336,-84.20715213799599
R72 10212 0037,1,1,Residential Plumbing Permit,0,2026-01-20,2026-01-20,"633 MIAMI CHAPEL RD, DAYTON OH 45417-4648 United States",39.73823550951617,-84.20587284047255
R72 10212 0041,2,2,Permit Revision,0,2026-05-26,2026-06-29,"617 MIAMI CHAPEL RD, DAYTON OH 45417 United States",39.73823717931981,-84.20538206140704
R72 10213 0013,1,1,Residential Gas Permit,0,2026-05-05,2026-05-05,"1317 CINCINNATI ST, DAYTON OH 45417-4628 United States",39.736703747868994,-84.20603452239224
R72 10302 0060,1,1,Residential Electrical Permit,0,2026-02-03,2026-02-03,"509 PONTIAC AVE, DAYTON OH 45417-3927 United States",39.74294606230234,-84.21103885655062
R72 10303 0022,1,1,Residential Water Permit,0,2026-06-04,2026-06-04,"1232 Wisconsin BLVD, DAYTON OH 45417-3947",39.73971437671226,-84.2121509722758
R72 10305 0020,1,1,Residential Wrecking Permit,0,2026-04-15,2026-04-15,"1157 WILDWOOD AVE, DAYTON OH 45417-3942 United States",39.74026101351369,-84.2100730915745
R72 10311 0014,1,1,Residential Wrecking Permit,0,2026-02-27,2026-02-27,"739 HECK AVE, DAYTON OH 45417-4640 United States",39.73735497920114,-84.20769357875518
R72 10311 0016,1,1,Residential Plumbing Permit,0,2026-04-06,2026-04-06,"747 HECK AVE, DAYTON OH 45417-4640 United States",39.73735414013277,-84.20793893599702
R72 10311 0061,1,1,Permit Revision,0,2026-06-03,2026-06-03,"1 SPECIALTY PL, DAYTON OH 45417-4601 United States",39.73788869346826,-84.20931779312778
R72 10403 0010,1,1,Residential Gas Permit,0,2026-06-18,2026-06-18,"1430 STEINER AVE, DAYTON OH 45417-3814 United States",39.74234509818439,-84.21868901217908
R72 10403 0020,1,1,Residential Plumbing Permit,0,2026-06-22,2026-06-22,"1431 W STEWART ST, DAYTON OH 45417-3817 United States",39.74193779911808,-84.21856515850466
R72 10403 0038,1,1,Miscellaneous Permit,0,2026-01-14,2026-01-14,"1638 BANCROFT ST, DAYTON OH 45417 United States",39.74307075704872,-84.221438575771
R72 10403A0012,2,2,Residential Electrical Permit,0,2026-02-12,2026-05-18,"1324 BANCROFT ST, DAYTON OH 45417-3810 United States",39.743109015804826,-84.21659512333926
R72 10403B0054,1,1,Residential Electrical Permit,0,2026-06-18,2026-06-18,"1551 TAMPA AVE, DAYTON OH 45417-3851 United States",39.74032656236071,-84.22188658043117
R72 10403B0055,1,1,Residential Plumbing Permit,0,2026-01-06,2026-01-06,"1545 TAMPA AVE, DAYTON OH 45417-3851 United States",39.74033793290099,-84.22167340574396
R72 10403B0066,1,1,Residential Plumbing Permit,0,2026-01-27,2026-01-27,"1503 Tampa AVE, DAYTON OH 45417-3851",39.74036978145276,-84.22025506044923
R72 10405 0015,1,1,Residential Building Permit,0,2026-01-07,2026-01-07,"1318 Danner AVE, DAYTON OH 45417",39.73864767276713,-84.22177570520283
R72 10405 0028,1,1,Residential Plumbing Permit,0,2026-04-13,2026-04-13,"1510 ROOSEVELT AVE, DAYTON OH 45417-4561 United States",39.73846597040488,-84.22050683559189
R72 10412 0068,1,1,Residential Wrecking Permit,0,2026-01-29,2026-01-29,"1258 ALWILDY AVE, DAYTON OH 45417-3951 United States",39.738685193052895,-84.21305402099267
R72 10413 0024,1,1,Residential Gas Permit,0,2026-04-27,2026-04-27,"1322 ALWILDY AVE, DAYTON OH 45417-4606 United States",39.737150539860274,-84.21303763390613
R72 10502 0020,1,1,Commercial Building Permit,264200,2026-03-24,2026-03-24,"1828 W Stewart ST, DAYTON OH 45417-3741",39.74159504551482,-84.22822408841644
R72 10502 0033,8,5,Commercial Sewer Permit,0,2026-03-03,2026-06-01,"1828 W Stewart ST, DAYTON OH 45417-3741",39.74159504551482,-84.22822408841644
R72 10506 0036,1,1,Residential Wrecking Permit,0,2026-05-21,2026-05-21,"1020 RANDOLPH ST, DAYTON OH 45417-3737 United States",39.73942428989376,-84.22907011418252
R72 10602 0052,1,1,Residential Water Permit,0,2026-01-20,2026-01-20,"564 W STEWART ST, DAYTON OH 45417-4051 United States",39.7397736286552,-84.20263829712349
R72 10608 0027,1,1,Residential Gas Permit,0,2026-05-13,2026-05-13,"301 SMITH ST, DAYTON OH 45417-4040 United States",39.741093779447596,-84.19833847352652
R72 10608 0062,1,1,Residential Electrical Permit,0,2026-03-02,2026-03-02,"268 SMITH ST, DAYTON OH 45417-4039 United States",39.740740778525904,-84.19749755319985
R72 10609 0040,1,1,Residential Plumbing Permit,0,2026-06-10,2026-06-10,"402 HARRIET ST, DAYTON OH 45417-4024 United States",39.73895230061558,-84.19831828764472
R72 10702 0001,5,3,Permit Revision,1200000,2026-02-03,2026-06-22,"1000 CARILLON BLVD, DAYTON OH 45409",39.730666670736156,-84.19841871469411
R72 10901 0046,1,1,Residential Plumbing Permit,0,2026-02-11,2026-02-11,"347 E SIEBENTHALER AVE, DAYTON OH 45405-2433 United States",39.798787374850825,-84.21049210903821
R72 10909 0002,3,3,Residential Building Permit,150000,2026-03-11,2026-04-06,"105 FERNWOOD AVE, DAYTON OH 45405-2620 United States",39.794089378267714,-84.21161540883868
R72 10911 0024,3,1,Commercial Electrical Permit,0,2026-06-17,2026-06-17,"410 E BRUCE AVE, DAYTON OH 45405-2511 United States",39.795603433556764,-84.20796496156467
R72 11003 0040,1,1,Residential Sewer Permit,0,2026-01-16,2026-01-16,"136 ASHWOOD AVE, DAYTON OH 45405-2642 United States",39.797553471586696,-84.21281471120817
R72 11006 0005,1,1,Residential Mechanical Permit,0,2026-01-12,2026-01-12,"57 REDWOOD AVE, DAYTON OH 45405-5111 United States",39.80054209469574,-84.2166686964794
R72 11008 0020,1,1,Residential Water Permit,0,2026-01-20,2026-01-20,"52 E SIEBENTHALER AVE, DAYTON OH 45405-2424 United States",39.798361659935054,-84.21593865018413
R72 11102 0006,1,1,Residential Building Permit,0,2026-04-24,2026-04-24,"22 MAYLAN DR, DAYTON OH 45405-2736 United States",39.79654684218227,-84.21798693686273
R72 11103 0042,1,1,Residential Plumbing Permit,0,2026-02-13,2026-02-13,"24 MAYLAN DR, DAYTON OH 45405-2736 United States",39.7965423235227,-84.218107840774
R72 11105 0012,1,1,Residential Electrical Permit,0,2026-05-12,2026-05-12,"29 FOREST GLENN AVE, DAYTON OH 45405-2730 United States",39.79590569018959,-84.21770774949103
R72 11105 0035,1,1,Residential Plumbing Permit,0,2026-01-13,2026-01-13,"34 W BRUCE AVE, DAYTON OH 45405-2714 United States",39.794850382453916,-84.21758205532502
R72 11106 0014,1,1,Commercial Plumbing Permit,0,2026-01-23,2026-01-23,"45 KURTZ AVE, DAYTON OH 45405 United States",39.79364631776903,-84.21711806890139
R72 11106 0041,1,1,Residential Plumbing Permit,0,2026-06-03,2026-06-03,"51 CLIFF ST, DAYTON OH 45405-2805 United States",39.792671493803056,-84.2169338961582
R72 11110 0087,1,1,Residential Plumbing Permit,0,2026-03-31,2026-03-31,"2414 WOODWAY AVE, DAYTON OH 45406-2148 United States",39.79159805800643,-84.22364879378998
R72 11111 0006,1,1,Residential Plumbing Permit,0,2026-04-16,2026-04-16,"474 ROCKCLIFF CIR, DAYTON OH 45406-2124 United States",39.79235036194455,-84.223090832366
R72 11201 0033,1,1,Residential Gas Permit,0,2026-05-29,2026-05-29,"2356 RUGBY RD, DAYTON OH 45406-2126 United States",39.79029019343822,-84.22407915926267
R72 11201 0040,1,1,Residential Water Permit,0,2026-02-10,2026-02-10,"2330 RUGBY RD, DAYTON OH 45406-2126 United States",39.78958778650291,-84.2240439872114
R72 11201 0053,1,1,Residential Wrecking Permit,0,2026-05-06,2026-05-06,"2308 CATALPA DR, DAYTON OH 45406-2103 United States",39.78983825656788,-84.22549522847957
R72 11203 0085,1,1,Residential Plumbing Permit,0,2026-04-28,2026-04-28,"515 CHERRY DR, DAYTON OH 45405-2932 United States",39.788689519703404,-84.21940545609229
R72 11205 0005,1,1,Residential Mechanical Permit,0,2026-06-25,2026-06-25,"136 CLIFF ST, DAYTON OH 45405-2806 United States",39.79226003526683,-84.21858951434555
R72 11206 0036,2,2,Residential Electrical Permit,0,2026-05-06,2026-05-07,"423 SANDALWOOD DR, DAYTON OH 45405-2926 United States",39.79055024345808,-84.21722327629482
R72 11206 0038,1,1,Residential Plumbing Permit,0,2026-01-27,2026-01-27,"411 SANDALWOOD DR, DAYTON OH 45405-2926 United States",39.790253474921094,-84.21724086047962
R72 11207 0026,1,1,Residential Plumbing Permit,0,2026-06-15,2026-06-15,"447 CHERRY DR, DAYTON OH 45405-3052 United States",39.7886147024287,-84.21814368272831
R72 11209 0012,1,1,Residential Wrecking Permit,0,2026-04-28,2026-04-28,"415 Willowwood DR, DAYTON OH 45405-2930",39.79039915180983,-84.21610549855683
R72 11209 0021,1,1,Residential Plumbing Permit,0,2026-02-19,2026-02-19,"414 WILLOWWOOD DR, DAYTON OH 45405-2929 United States",39.79051105468229,-84.21558860734746
R72 11211 0001,1,1,Commercial Wrecking Permit,0,2026-04-16,2026-04-16,"2735 N MAIN ST, DAYTON OH 45405-3009 United States",39.79022029996799,-84.21416421594347
R72 11211 0003,1,1,Residential Plumbing Permit,0,2026-03-04,2026-03-04,"2721 N MAIN ST, DAYTON OH 45405-3009 United States",39.78997105547659,-84.21402704844427
R72 11212 0020,1,1,Residential Plumbing Permit,0,2026-05-11,2026-05-11,"2444 MAYFAIR RD, DAYTON OH 45405-2823 United States",39.79238677214191,-84.2204292736752
R72 11301 0008,1,1,Residential Sewer Permit,0,2026-02-17,2026-02-17,"705 SUNNYVIEW AVE, DAYTON OH 45406-1955 United States",39.793155272083254,-84.22623236929401
R72 11302 0026,1,1,Residential Plumbing Permit,0,2026-01-06,2026-01-06,"1006 SUNNYVIEW AVE, DAYTON OH 45406-1960 United States",39.79267942028372,-84.22963755841234
R72 11303 0024,1,1,Residential Sewer Permit,0,2026-02-24,2026-02-24,"805 W HILLCREST AVE, DAYTON OH 45406-1902 United States",39.791244521999616,-84.22732754098043
R72 11303 0028,1,1,Residential Plumbing Permit,0,2026-06-25,2026-06-25,"821 W HILLCREST AVE, DAYTON OH 45406-1902 United States",39.79123833632498,-84.2279324744937
R72 11304 0003,1,1,Residential Plumbing Permit,0,2026-06-18,2026-06-18,"1205 W HILLCREST AVE, DAYTON OH 45406-1916 United States",39.79118043510653,-84.23184981647074
R72 11304 0012,1,1,Residential Water Permit,0,2026-02-13,2026-02-13,"1019 W HILLCREST AVE, DAYTON OH 45406-1908 United States",39.79121487070985,-84.23007815584653
R72 11304 0024,1,1,Residential Plumbing Permit,0,2026-06-23,2026-06-23,"2445 MALVERN AVE, DAYTON OH 45406-1947 United States",39.79243112465714,-84.22953172847131
R72 11305 0007,1,1,Residential Plumbing Permit,0,2026-06-09,2026-06-09,"725 UHRIG AVE, DAYTON OH 45406-2837 United States",39.79045667741462,-84.22675628158433
R72 11305 0010,1,1,Residential Plumbing Permit,0,2026-02-26,2026-02-26,"2317 Catalpa DR, DAYTON OH 45406-2104",39.79004791849441,-84.22598805258897
R72 11305 0012,1,1,Residential Wrecking Permit,0,2026-05-06,2026-05-06,"2309 CATALPA DR, DAYTON OH 45406-2104 United States",39.78977573988679,-84.2260097655969
R72 11305 0022,1,1,Residential Water Permit,0,2026-06-02,2026-06-02,"742 UHRIG AVE, DAYTON OH 45406-2836 United States",39.790037946623876,-84.22740795100529
R72 11306 0049,3,2,Permit Revision,0,2026-01-22,2026-06-17,"2314 ELSMERE AVE, DAYTON OH 45406 United States",39.78993480703365,-84.22970650059739
R72 11307 0036,1,1,Residential Electrical Permit,0,2026-03-19,2026-03-19,"1012 SHERWOOD DR, DAYTON OH 45406-5735 United States",39.789149146638245,-84.23255034044088
R72 11307 0048,1,1,Commercial Wrecking Permit,0,2026-02-23,2026-02-23,"2316 DAVUE CIR, DAYTON OH 45406-5721 United States",39.789558053294996,-84.23070972063837
R72 11402 0006,1,1,Residential Plumbing Permit,0,2026-03-19,2026-03-19,"1237 BRENTWOOD DR, DAYTON OH 45406-5714 United States",39.78890095182481,-84.23058306262138
R72 11403 0009,1,1,Residential Wrecking Permit,0,2026-05-06,2026-05-06,"1131 W FAIRVIEW AVE, DAYTON OH 45406-2811 United States",39.78755674759479,-84.22919715465791
R72 11403 0021,2,1,Residential Water Permit,0,2026-06-23,2026-06-25,"2219 RAVENWOOD AVE, DAYTON OH 45406-2834 United States",39.78799537367148,-84.22775948245231
R72 11404 0006,1,1,Residential Wrecking Permit,0,2026-05-06,2026-05-06,"933 W FAIRVIEW AVE, DAYTON OH 45406-2807 United States",39.7875683185855,-84.22692673434726
R72 11408 0002,1,1,Special Service Inspection,0,2026-02-03,2026-02-03,"427 W FAIRVIEW AVE, DAYTON OH 45405-3308 United States",39.785630373434245,-84.21961467792082
R72 11408 0003,1,1,Residential Plumbing Permit,0,2026-05-27,2026-05-27,"431 W FAIRVIEW AVE, DAYTON OH 45405-3308 United States",39.78566927360241,-84.21976870458946
R72 11408 0032,1,1,Residential Electrical Permit,0,2026-06-17,2026-06-17,"509 W PARKWOOD DR, DAYTON OH 45405-3232 United States",39.78711990285147,-84.22045936995086
R72 11409 0005,1,1,Residential Electrical Permit,0,2026-06-24,2026-06-24,"401 W FAIRVIEW AVE, DAYTON OH 45405-3242 United States",39.78532511379284,-84.21888426075621
R72 11409 0050,1,1,Residential Wrecking Permit,0,2026-03-27,2026-03-27,"41 MARIE AVE, DAYTON OH 45405-3211 United States",39.78598536876125,-84.21769088097764
R72 11501 0011,2,2,Residential Gas Permit,0,2026-04-09,2026-04-09,"2109 CATALPA DR, DAYTON OH 45406-3040 United States",39.786013463720394,-84.2258596279023
R72 11501 0012,6,6,Residential Electrical Permit,0,2026-03-19,2026-05-20,"2105 CATALPA DR, DAYTON OH 45406-3040 United States",39.785897791703455,-84.22588166006649
R72 11501 0015,4,4,Residential Gas Permit,0,2026-04-02,2026-05-20,"2053 CATALPA DR, DAYTON OH 45406-3037 United States",39.78543011174718,-84.22585911740522
R72 11501 0019,4,2,Residential Sewer Permit,0,2026-01-22,2026-04-01,"2068 Ravenwood AVE, DAYTON OH 45406-2902",39.78530858013181,-84.22655040883595
R72 11501 0052,1,1,Residential Wrecking Permit,0,2026-05-05,2026-05-05,"2115 RAVENWOOD AVE, DAYTON OH 45406-2907 United States",39.78620418589326,-84.22707799622547
R72 11501 0055,4,4,Residential Gas Permit,0,2026-04-02,2026-05-20,"2103 RAVENWOOD AVE, DAYTON OH 45406 United States",39.78588042227781,-84.22702277633012
R72 11502 0036,1,1,Residential Wrecking Permit,0,2026-05-05,2026-05-05,"2134 ELSMERE AVE, DAYTON OH 45406-2919 United States",39.78626639080508,-84.23011543037454
R72 11502 0072,1,1,Residential Plumbing Permit,0,2026-03-26,2026-03-26,"2138 MALVERN AVE, DAYTON OH 45406-2923 United States",39.78583933253442,-84.22891252733672
R72 11502 0091,1,1,Residential Electrical Permit,0,2026-03-20,2026-03-20,"2121 AUBURN AVE, DAYTON OH 45406-2913 United States",39.78639321090896,-84.22822157485881
R72 11503 0013,1,1,Residential Electrical Permit,0,2026-06-04,2026-06-04,"1325 WAKEFIELD AVE, DAYTON OH 45406-2926 United States",39.786679728323925,-84.2313143922934
R72 11503 0039,1,1,Residential Electrical Permit,0,2026-05-08,2026-05-08,"2046 BURROUGHS DR, DAYTON OH 45406-4420 United States",39.78525502181372,-84.23110463148356
R72 11505 0027,1,1,Residential Building Permit,30000,2026-04-30,2026-04-30,"2025 Philadelphia DR, DAYTON OH 45406-2721",39.78451117481315,-84.2351647291541
R72 11505 0028,3,3,Residential Electrical Permit,0,2026-04-30,2026-04-30,"2025 PHILADELPHIA DR, DAYTON OH 45406-2721 United States",39.78451117481315,-84.2351647291541
R72 11506 0004,1,1,Residential Plumbing Permit,0,2026-02-05,2026-02-05,"2043 BURBANK DR, DAYTON OH 45406-4414 United States",39.78512715455982,-84.23306600863009
R72 11507 0049,1,1,Residential Plumbing Permit,0,2026-05-07,2026-05-07,"2020 ELSMERE AVE, DAYTON OH 45406-4431 United States",39.784084161002326,-84.23005038355096
R72 11508 0018,1,1,Residential Building Permit,16000,2026-02-23,2026-02-23,"2247 Salem AVE, DAYTON OH 45406-5629",39.78461775711912,-84.22870780105028
R72 11508 0056,1,1,Residential Wrecking Permit,0,2026-05-05,2026-05-05,"1935 MALVERN AVE, DAYTON OH 45406-4450 United States",39.78309888607697,-84.22929290809792
R72 11508 0057,1,1,Residential Wrecking Permit,0,2026-05-05,2026-05-05,"1931 MALVERN AVE, DAYTON OH 45406-4450 United States",39.78299137592537,-84.22930749888761
R72 11509 0003,1,1,Residential Building Permit,0,2026-06-16,2026-06-16,"2033 CATALPA DR, DAYTON OH 45406-3037 United States",39.784851933590964,-84.22586286157858
R72 11509 0033,2,2,Residential Sewer Permit,0,2026-01-22,2026-01-22,"2052 Ravenwood AVE, DAYTON OH 45406-2902",39.78488574169488,-84.22655059935505
R72 11509 0035,2,2,Residential Sewer Permit,0,2026-01-22,2026-01-22,"2060 Ravenwood AVE, DAYTON OH 45406-2902",39.78507273900611,-84.22653027694483
R72 11509 0037,2,2,Residential Sewer Permit,0,2026-01-22,2026-01-22,"2047 Ravenwood AVE, DAYTON OH 45406",39.784985843735605,-84.22702283245758
R72 11509 0041,2,2,Residential Sewer Permit,0,2026-01-22,2026-01-22,"2031 Ravenwood AVE, DAYTON OH 45406-2903",39.784544124754284,-84.22699765316516
R72 11601 0037,1,1,Residential Plumbing Permit,0,2026-06-05,2026-06-05,"1835 RAVENWOOD AVE, DAYTON OH 45406-5622 United States",39.782054370147335,-84.22695015497175
R72 11602 0011,1,1,Residential Wrecking Permit,0,2026-05-06,2026-05-06,"1822 AUBURN AVE, DAYTON OH 45406-5612 United States",39.78168469334925,-84.22762785789246
R72 11602 0025,1,1,Residential Building Permit,0,2026-05-18,2026-05-18,"1911 AUBURN AVE, DAYTON OH 45406-5615 United States",39.7824325506217,-84.22811619866582
R72 11602 0056,2,2,Residential Building Permit,0,2026-03-09,2026-05-05,"1907 MALVERN AVE, DAYTON OH 45406-4450 United States",39.7823054868001,-84.22928388286871
R72 11604 0009,2,2,Permit Revision,0,2026-02-19,2026-03-31,"1926 BENSON DR, DAYTON OH 45406-4404 United States",39.782837521307364,-84.23229726527525
R72 11608 0007,1,1,Residential Water Permit,0,2026-06-02,2026-06-02,"1739 BURROUGHS DR, DAYTON OH 45406-4527 United States",39.780354070367814,-84.23126749690061
R72 11611 0015,1,1,Special Service Inspection,0,2026-06-03,2026-06-03,"114 OTTERBEIN AVE, DAYTON OH 45406-4551 United States",39.78079861498451,-84.22608272194164
R72 11701 0014,1,1,Special Service Inspection,0,2026-04-15,2026-04-15,"228 W FAIRVIEW AVE, DAYTON OH 45405-3302 United States",39.7845902392959,-84.21752125608879
R72 11701 0040,1,1,Residential Sewer Permit,0,2026-02-27,2026-02-27,"333 W NORMAN AVE, DAYTON OH 45405-3341 United States",39.78403977074539,-84.21910560835279
R72 11702 0030,1,1,Commercial Electrical Permit,0,2026-05-27,2026-05-27,"501 W NORMAN AVE, DAYTON OH 45406-4853 United States",39.784007465189404,-84.22055690181986
R72 11703 0008,1,1,Residential Plumbing Permit,0,2026-06-09,2026-06-09,"602 W FAIRVIEW AVE, DAYTON OH 45405-3206 United States",39.7861683641504,-84.22224032360336
R72 11704 0022,1,1,Permit Revision,0,2026-03-31,2026-03-31,"2024 RUSTIC RD, DAYTON OH 45405-3233 United States",39.78460313471141,-84.2216891338089
R72 11705 0010,1,1,Residential Water Permit,0,2026-05-27,2026-05-27,"728 W FAIRVIEW AVE, DAYTON OH 45406-3027 United States",39.78683589581502,-84.2242712843369
R72 11705 0039,1,1,Residential Water Permit,0,2026-01-08,2026-01-08,"2107 RUGBY RD, DAYTON OH 45406-3055 United States",39.78600361013599,-84.22466352833509
R72 11706 0004,1,1,Commercial Building Permit,28143,2026-01-22,2026-01-22,"2032 Catalpa DR, DAYTON OH 45406-3057",39.78481539390837,-84.22536013496547
R72 11706 0024,1,1,Residential Water Permit,0,2026-03-30,2026-03-30,"2056 RUGBY RD, DAYTON OH 45406-3052 United States",39.78545396918217,-84.2241374225197
R72 11709 0009,1,1,Residential Plumbing Permit,0,2026-05-20,2026-05-20,"312 W NORMAN AVE, DAYTON OH 45405-3340 United States",39.783644389751835,-84.21854424165704
R72 11710 0002,1,1,Residential Water Permit,0,2026-02-24,2026-02-24,"204 W NORMAN AVE, DAYTON OH 45405-3337 United States",39.78362759866465,-84.21669675599213
R72 11710 0020,1,1,Residential Plumbing Permit,0,2026-03-12,2026-03-12,"206 W HUDSON AVE, DAYTON OH 45405-3329 United States",39.78263061842374,-84.21652623986061
R72 11801 0006,2,2,Commercial Building Permit,25000,2026-04-06,2026-05-14,"1900 SALEM AVE, DAYTON OH 45406-4905 United States",39.78168586517522,-84.22494099562907
R72 11801 0022,2,2,Commercial Electrical Permit,0,2026-05-20,2026-05-29,"1821 EMERSON AVE, DAYTON OH 45406 United States",39.781638521987894,-84.22349489358821
R72 11801 0028,1,1,Residential Plumbing Permit,0,2026-03-06,2026-03-06,"1861 Emerson AVE, DAYTON OH 45406-4802",39.782477796849825,-84.22337332714355
R72 11802 0009,1,1,Residential Plumbing Permit,0,2026-01-12,2026-01-12,"460 W Hudson AVE, DAYTON OH 45406-4832",39.782218250758056,-84.22123159346421
R72 11804 0004,1,1,Residential Plumbing Permit,0,2026-03-03,2026-03-03,"346 MARATHON AVE, DAYTON OH 45406-4837 United States",39.7811303277934,-84.21753559817472
R72 11805 0004,1,1,Residential Sewer Permit,0,2026-03-16,2026-03-16,"633 RIDGEDALE RD, DAYTON OH 45406-4855 United States",39.780623152662685,-84.22065838017603
R72 11805 0008,1,1,Residential Plumbing Permit,0,2026-05-26,2026-05-26,"601 RIDGEDALE RD, DAYTON OH 45406-4855 United States",39.78071224809106,-84.21945414824054
R72 11806 0028,1,1,Residential Plumbing Permit,0,2026-05-21,2026-05-21,"21 VASSAR DR, DAYTON OH 45406-4929 United States",39.77925005802704,-84.2221653745725
R72 11809 0042,1,1,Residential Plumbing Permit,0,2026-02-16,2026-02-16,"1520 KUMLER AVE, DAYTON OH 45406-5933 United States",39.77590204432221,-84.22334230762583
R72 11903 0005,1,1,Commercial Building Permit,40000,2026-04-13,2026-04-13,"1816 HARVARD BLVD, DAYTON OH 45406",39.77843753005378,-84.22860353369823
R72 11906 0001,1,1,Residential Gas Permit,0,2026-05-05,2026-05-05,"1521 PHILADELPHIA DR, DAYTON OH 45406-4113 United States",39.77616754702226,-84.23491773597962
R72 11906 0002,1,1,Residential Gas Permit,0,2026-05-05,2026-05-05,"1517 PHILADELPHIA DR, DAYTON OH 45406-4113 United States",39.776047432615485,-84.23487206664632
R72 11906 0007,1,1,Residential Gas Permit,0,2026-05-05,2026-05-05,"1485 PHILADELPHIA DR, DAYTON OH 45406-4646 United States",39.77535610342002,-84.2348299553011
R72 11906 0012,1,1,Residential Gas Permit,0,2026-06-01,2026-06-01,"1461 PHILADELPHIA DR, DAYTON OH 45406-4646 United States",39.774672688611815,-84.2348093810777
R72 11906 0017,1,1,Residential Plumbing Permit,0,2026-01-12,2026-01-12,"1411 PHILADELPHIA DR, DAYTON OH 45406-4646 United States",39.77311611526917,-84.23478840284636
R72 11906 0019,1,1,Residential Plumbing Permit,0,2026-04-23,2026-04-23,"1423 PHILADELPHIA DR, DAYTON OH 45406-4646 United States",39.77344573768643,-84.23478238510728
R72 11907 0011,1,1,Residential Building Permit,10031,2026-05-04,2026-05-04,"1652 CORNELL DR, DAYTON OH 45406-4627 United States",39.77612813136946,-84.2338741131737
R72 11908 0029,1,1,Residential Building Permit,19225,2026-04-24,2026-04-24,"1575 EARLHAM DR, DAYTON OH 45406-4734 United States",39.77583805021651,-84.23102717791788
R72 11909 0006,1,1,Residential Plumbing Permit,0,2026-01-15,2026-01-15,"1428 CORNELL DR, DAYTON OH 45406-4726 United States",39.776225514373415,-84.22654592068054
R72 11909 0043,1,1,Residential Gas Permit,0,2026-05-05,2026-05-05,"1460 EARLHAM DR, DAYTON OH 45406-4731 United States",39.77540278184298,-84.22796316161784
R72 11910 0005,1,1,Residential Plumbing Permit,0,2026-02-23,2026-02-23,"3555 CORNELL DR, DAYTON OH 45406-4262 United States",39.776453717152236,-84.24613796921618
R72 11910 0059,1,1,Commercial Water Permit,0,2026-03-18,2026-03-18,"3534 STANFORD PL, DAYTON OH 45406-3639 United States",39.777547639545055,-84.24477755911863
R72 11910 0066,1,1,Commercial Zoning Only Permit,0,2026-02-17,2026-02-17,"3515 Cornell Dr, Dayton OH 45406-4262",39.776693283209106,-84.244436363679
R72 11913 0001,1,1,Residential Gas Permit,0,2026-05-05,2026-05-05,"2720 CORNELL DR, DAYTON OH 45406-4629 United States",39.77616247444709,-84.2354478801255
R72 11913 0002,1,1,Residential Gas Permit,0,2026-04-27,2026-04-27,"1516 RUSKIN RD, DAYTON OH 45406-4653 United States",39.776050017849506,-84.23543796512996
R72 11913 0005,1,1,Residential Gas Permit,0,2026-05-05,2026-05-05,"2719 EARLHAM DR, DAYTON OH 45406-4631 United States",39.775681884166694,-84.2352650800234
R72 11913 0007,1,1,Residential Gas Permit,0,2026-04-27,2026-04-27,"2724 EARLHAM DR, DAYTON OH 45406-4630 United States",39.77515480960783,-84.23544411679529
R72 11913 0009,1,1,Residential Gas Permit,0,2026-04-27,2026-04-27,"1460 RUSKIN RD, DAYTON OH 45406-4651 United States",39.774816640131284,-84.23547125789058
R72 11913 0011,1,1,Residential Gas Permit,0,2026-04-27,2026-04-27,"1454 RUSKIN RD, DAYTON OH 45406-4651 United States",39.77449545003431,-84.23546681296456
R72 11913 0013,1,1,Residential Gas Permit,0,2026-04-27,2026-04-27,"1450 RUSKIN RD, DAYTON OH 45406-4651 United States",39.774373700288315,-84.23553141080093
R72 11913 0014,1,1,Residential Gas Permit,0,2026-04-27,2026-04-27,"1444 RUSKIN RD, DAYTON OH 45406-4651 United States",39.77424420467495,-84.23556019232842
R72 11913 0016,1,1,Residential Gas Permit,0,2026-04-24,2026-04-24,"1436 RUSKIN RD, DAYTON OH 45406-4651 United States",39.77398356829714,-84.23554658602689
R72 11913 0021,1,1,Residential Gas Permit,0,2026-04-24,2026-04-24,"1416 RUSKIN RD, DAYTON OH 45406-4651 United States",39.77327688744235,-84.23561439284605
R72 11913 0022,1,1,Residential Gas Permit,0,2026-05-05,2026-05-05,"1412 RUSKIN RD, DAYTON OH 45406-4651 United States",39.77313699892171,-84.23560379577519
R72 11913 0023,1,1,Residential Gas Permit,0,2026-04-24,2026-04-24,"1408 RUSKIN RD, DAYTON OH 45406-4651 United States",39.77302459496716,-84.23559032621031
R72 11913 0030,1,1,Residential Gas Permit,0,2026-04-24,2026-04-24,"1415 RUSKIN RD, DAYTON OH 45406-4652 United States",39.773203300303116,-84.23613208106548
R72 11913 0031,1,1,Residential Gas Permit,0,2026-04-24,2026-04-24,"1419 RUSKIN RD, DAYTON OH 45406-4652 United States",39.77333776413484,-84.23613543186929
R72 11913 0033,1,1,Residential Gas Permit,0,2026-05-18,2026-05-18,"1425 RUSKIN RD, DAYTON OH 45406-4652 United States",39.77360145138388,-84.23613133348272
R72 11913 0035,1,1,Residential Gas Permit,0,2026-04-24,2026-04-24,"1435 RUSKIN RD, DAYTON OH 45406-4652 United States",39.773876278391064,-84.23611328707692
R72 11913 0038,1,1,Residential Gas Permit,0,2026-04-27,2026-04-27,"1447 RUSKIN RD, DAYTON OH 45406-4652 United States",39.77430517847857,-84.23607768365724
R72 11913 0039,1,1,Residential Gas Permit,0,2026-04-24,2026-04-24,"1451 RUSKIN RD, DAYTON OH 45406-4652 United States",39.77441795929347,-84.23606271224855
R72 11913 0040,1,1,Residential Gas Permit,0,2026-04-15,2026-04-15,"1455 RUSKIN RD, DAYTON OH 45406-4652 United States",39.77457193376405,-84.23604876612792
R72 11913 0041,1,1,Residential Gas Permit,0,2026-06-01,2026-06-01,"1459 RUSKIN RD, DAYTON OH 45406-4652 United States",39.774698580982694,-84.2360270278549
R72 11913 0042,1,1,Residential Gas Permit,0,2026-04-24,2026-04-24,"2800 EARLHAM DR, DAYTON OH 45406-4251 United States",39.775004842622,-84.23592790693147
R72 11913 0044,1,1,Residential Gas Permit,0,2026-05-12,2026-05-12,"2816 EARLHAM DR, DAYTON OH 45406 United States",39.77484307578825,-84.23632149885428
R72 11913 0048,1,1,Residential Gas Permit,0,2026-05-05,2026-05-05,"1452 NEWTON AVE, DAYTON OH 45406-4255 United States",39.774395322300435,-84.23666353379232
R72 11913 0049,1,1,Residential Gas Permit,0,2026-04-27,2026-04-27,"1448 NEWTON AVE, DAYTON OH 45406-4255 United States",39.7742499470353,-84.23665279650297
R72 11913 0052,1,1,Residential Gas Permit,0,2026-04-24,2026-04-24,"1434 NEWTON AVE, DAYTON OH 45406-4255 United States",39.77384287929836,-84.23669961007434
R72 11913 0055,1,1,Residential Gas Permit,0,2026-05-05,2026-05-05,"1424 NEWTON AVE, DAYTON OH 45406-4255 United States",39.773432963813235,-84.23675340707149
R72 11913 0057,1,1,Residential Gas Permit,0,2026-04-24,2026-04-24,"1414 NEWTON AVE, DAYTON OH 45406-4255 United States",39.77316384240724,-84.23675381039136
R72 11913 0063,1,1,Residential Gas Permit,0,2026-04-24,2026-04-24,"1415 NEWTON AVE, DAYTON OH 45406-4256 United States",39.773145158934156,-84.23727292297797
R72 11913 0064,1,1,Residential Gas Permit,0,2026-04-27,2026-04-27,"1419 NEWTON AVE, DAYTON OH 45406-4256 United States",39.773313061497475,-84.23724504440722
R72 11913 0066,1,1,Residential Gas Permit,0,2026-04-24,2026-04-24,"1427 NEWTON AVE, DAYTON OH 45406-4256 United States",39.773543416455254,-84.23726501401657
R72 11913 0068,1,1,Residential Gas Permit,0,2026-05-05,2026-05-05,"1437 NEWTON AVE, DAYTON OH 45406-4256 United States",39.77382920787518,-84.23725080277228
R72 11913 0071,1,1,Residential Gas Permit,0,2026-04-27,2026-04-27,"2900 EARLHAM DR, DAYTON OH 45406-4253 United States",39.77442949278804,-84.23713768186632
R72 11913 0072,1,1,Residential Gas Permit,0,2026-03-30,2026-03-30,"2910 EARLHAM DR, DAYTON OH 45406-4253 United States",39.77437500294618,-84.23729286420688
R72 11913 0073,1,1,Residential Gas Permit,0,2026-03-30,2026-03-30,"2914 EARLHAM DR, DAYTON OH 45406-4253 United States",39.77434814813614,-84.2374381243141
R72 11913 0075,1,1,Residential Gas Permit,0,2026-04-09,2026-04-09,"2920 EARLHAM DR, DAYTON OH 45406-4253 United States",39.774251923456006,-84.23781649390965
R72 11913 0077,1,1,Residential Gas Permit,0,2026-05-05,2026-05-05,"1440 TENNYSON AVE, DAYTON OH 45406-4259 United States",39.773944868991975,-84.23796893088509
R72 11913 0078,1,1,Residential Gas Permit,0,2026-03-30,2026-03-30,"1438 TENNYSON AVE, DAYTON OH 45406-4259 United States",39.77380756439122,-84.23796906291639
R72 11913 0079,1,1,Residential Gas Permit,0,2026-03-30,2026-03-30,"1434 TENNYSON AVE, DAYTON OH 45406-4259 United States",39.77368962192882,-84.23795900733248
R72 11913 0080,2,1,Residential Gas Permit,0,2026-03-30,2026-06-16,"1430 TENNYSON AVE, DAYTON OH 45406-4259 United States",39.77355521186437,-84.2379520982416
R72 11913 0081,1,1,Residential Gas Permit,0,2026-04-15,2026-04-15,"1424 TENNYSON AVE, DAYTON OH 45406-4259 United States",39.773409835781415,-84.23794135837073
R72 11913 0082,1,1,Residential Gas Permit,0,2026-04-09,2026-04-09,"1420 TENNYSON AVE, DAYTON OH 45406-4259 United States",39.77326762690792,-84.23790224777768
R72 11913 0083,1,1,Residential Gas Permit,0,2026-04-09,2026-04-09,"1416 TENNYSON AVE, DAYTON OH 45406-4259 United States",39.77314424941686,-84.23788850073929
R72 11913 0084,1,1,Residential Gas Permit,0,2026-04-09,2026-04-09,"1414 TENNYSON AVE, DAYTON OH 45406-4259 United States",39.77301875652254,-84.23783552357907
R72 11913 0086,1,1,Residential Gas Permit,0,2026-04-09,2026-04-09,"1408 TENNYSON AVE, DAYTON OH 45406-4259 United States",39.772754486590074,-84.23787877820436
R72 11913 0090,1,1,Residential Gas Permit,0,2026-04-09,2026-04-09,"1415 TENNYSON AVE, DAYTON OH 45406-4260 United States",39.77302190929924,-84.23836223351717
R72 11913 0091,1,1,Residential Gas Permit,0,2026-04-09,2026-04-09,"1417 TENNYSON AVE, DAYTON OH 45406-4260 United States",39.77315346292774,-84.23837974145205
R72 11913 0095,1,1,Residential Gas Permit,0,2026-04-09,2026-04-09,"1435 TENNYSON AVE, DAYTON OH 45406-4260 United States",39.77368475551452,-84.23847129786252
R72 11913 0099,1,1,Residential Plumbing Permit,0,2026-05-21,2026-05-21,"1447 TENNYSON AVE, DAYTON OH 45406-4260 United States",39.77416097760596,-84.2383906556138
R72 11913 0100,1,1,Residential Gas Permit,0,2026-05-05,2026-05-05,"3001 EARLHAM DR, DAYTON OH 45406 United States",39.77476822410459,-84.23836313070939
R72 11913 0102,2,2,Residential Electrical Permit,0,2026-02-20,2026-05-12,"3011 EARLHAM DR, DAYTON OH 45406-4210 United States",39.774560590568015,-84.2386639788426
R72 11913 0103,1,1,Residential Gas Permit,0,2026-05-12,2026-05-12,"1515 TENNYSON AVE, DAYTON OH 45406-4245 United States",39.77491919173426,-84.23836689770651
R72 11913 0104,1,1,Residential Gas Permit,0,2026-05-12,2026-05-12,"1521 TENNYSON AVE, DAYTON OH 45406-4245 United States",39.77505354110243,-84.2383809197226
R72 11913 0105,1,1,Residential Gas Permit,0,2026-05-12,2026-05-12,"1525 TENNYSON AVE, DAYTON OH 45406-4245 United States",39.7751798718387,-84.23838051584177
R72 11913 0106,1,1,Residential Gas Permit,0,2026-05-12,2026-05-12,"1527 TENNYSON AVE, DAYTON OH 45406-4245 United States",39.7753140177258,-84.23840520140165
R72 11913 0107,1,1,Residential Gas Permit,0,2026-05-18,2026-05-18,"1531 TENNYSON AVE, DAYTON OH 45406-4245 United States",39.77544572970451,-84.23841204538493
R72 11913 0108,1,1,Residential Gas Permit,0,2026-05-12,2026-05-12,"1535 TENNYSON AVE, DAYTON OH 45406-4245 United States",39.775588361775974,-84.23842271691484
R72 11913 0109,1,1,Residential Gas Permit,0,2026-05-05,2026-05-05,"1541 TENNYSON AVE, DAYTON OH 45406-4245 United States",39.775728250824514,-84.23843332120771
R72 11913 0111,1,1,Residential Gas Permit,0,2026-05-12,2026-05-12,"1549 TENNYSON AVE, DAYTON OH 45406-4245 United States",39.776003183662844,-84.23840817236793
R72 11913 0112,1,1,Residential Gas Permit,0,2026-05-12,2026-05-12,"3004 CORNELL DR, DAYTON OH 45406-4106 United States",39.77616016540931,-84.2383765250298
R72 11913 0115,1,1,Residential Gas Permit,0,2026-04-15,2026-04-15,"1544 TENNYSON AVE, DAYTON OH 45406-4244 United States",39.775887362587135,-84.23788574170517
R72 11913 0116,1,1,Residential Gas Permit,0,2026-06-01,2026-06-01,"1540 TENNYSON AVE, DAYTON OH 45406-4244 United States",39.77575321661289,-84.23786105694222
R72 11913 0119,1,1,Residential Gas Permit,0,2026-06-24,2026-06-24,"1526 TENNYSON AVE, DAYTON OH 45406-4244 United States",39.77534093524176,-84.237886336613
R72 11913 0120,1,1,Residential Gas Permit,0,2026-04-15,2026-04-15,"1522 TENNYSON AVE, DAYTON OH 45406-4244 United States",39.775198400953016,-84.23787211131774
R72 11913 0128,1,1,Residential Gas Permit,0,2026-04-24,2026-04-24,"1507 NEWTON AVE, DAYTON OH 45406-4258 United States",39.775042066618475,-84.23712094727586
R72 11913 0131,1,1,Residential Gas Permit,0,2026-04-15,2026-04-15,"1521 NEWTON AVE, DAYTON OH 45406-4258 United States",39.775482053079735,-84.2370749561568
R72 11913 0138,1,1,Residential Gas Permit,0,2026-04-24,2026-04-24,"1534 NEWTON AVE, DAYTON OH 45406-4257 United States",39.77603091426053,-84.23654064807793
R72 11913 0140,1,1,Residential Gas Permit,0,2026-04-24,2026-04-24,"1526 NEWTON AVE, DAYTON OH 45406-4257 United States",39.77576742960038,-84.23653408032892
R72 11913 0141,1,1,Residential Gas Permit,0,2026-04-27,2026-04-27,"1524 NEWTON AVE, DAYTON OH 45406-4257 United States",39.77563323917607,-84.2365093387353
R72 11913 0142,1,1,Residential Gas Permit,0,2026-04-27,2026-04-27,"1518 NEWTON AVE, DAYTON OH 45406-4257 United States",39.77546538875874,-84.23653366511284
R72 11913 0144,1,1,Residential Gas Permit,0,2026-04-24,2026-04-24,"2811 EARLHAM DR, DAYTON OH 45406-4252 United States",39.77534850438589,-84.23626739692533
R72 11913 0146,1,1,Residential Gas Permit,0,2026-05-05,2026-05-05,"1507 RUSKIN RD, DAYTON OH 45406-4654 United States",39.775619790851806,-84.23593611760126
R72 11913 0147,1,1,Residential Gas Permit,0,2026-05-05,2026-05-05,"1509 RUSKIN RD, DAYTON OH 45406-4654 United States",39.77575710219032,-84.23593242552857
R72 11913 0159,1,1,Residential Gas Permit,0,2026-04-27,2026-04-27,"2807 EARLHAM DR, DAYTON OH 45406-4252 United States",39.77546201678649,-84.23602115627516
R72 12001 0044,1,1,Residential Plumbing Permit,0,2026-02-04,2026-02-04,"1455 CORY DR, DAYTON OH 45406-5912 United States",39.77507099302639,-84.22290541241954
R72 12004 0023,1,1,Residential Water Permit,0,2026-06-02,2026-06-02,"1223 EARLHAM DR, DAYTON OH 45406-4712 United States",39.7755883877467,-84.22431671974127
R72 12006 0017,1,1,Residential Plumbing Permit,0,2026-06-18,2026-06-18,"1346 PHILADELPHIA DR, DAYTON OH 45406-4644 United States",39.77166597933194,-84.23407263683114
R72 12012 0024,1,1,Residential Plumbing Permit,0,2026-02-12,2026-02-12,"1622 EARLHAM DR, DAYTON OH 45406-4611 United States",39.77536529541598,-84.2321719831034
R72 12013 0016,1,1,Residential Plumbing Permit,0,2026-05-29,2026-05-29,"1402 CHADWICK DR, DAYTON OH 45406-4724 United States",39.772080736339234,-84.22495935577703
R72 12018 0001,1,1,Residential Plumbing Permit,0,2026-03-10,2026-03-10,"1710 ACADEMY PL, DAYTON OH 45406-4601 United States",39.77445798816281,-84.23132380991656
R72 12102 0006,1,1,Residential Plumbing Permit,0,2026-03-12,2026-03-12,"1419 LEXINGTON AVE, DAYTON OH 45402-5635 United States",39.76876430480601,-84.2353240584925
R72 12102 0031,1,1,Residential Water Permit,0,2026-01-20,2026-01-20,"1026 SHAKESPEARE AVE, DAYTON OH 45402-5652 United States",39.76772831589335,-84.2351915146068
R72 12104 0019,3,1,Residential Plumbing Permit,0,2026-03-31,2026-03-31,"607 ANNA ST, DAYTON OH 45402-5436 United States",39.764197950834344,-84.23662284356847
R72 12107 0046,1,1,Residential Gas Permit,0,2026-04-27,2026-04-27,"1227 ALCOTT AVE, DAYTON OH 45406-4202 United States",39.7704108993393,-84.24166681443141
R72 12108 0005,1,1,Residential Gas Permit,0,2026-04-27,2026-04-27,"1316 KINGSLEY AVE, DAYTON OH 45406-4219 United States",39.77050365418925,-84.24225975854976
R72 12110 0007,1,1,Residential Plumbing Permit,0,2026-05-26,2026-05-26,"1412 N JAMES H MCGEE BLVD, DAYTON OH 45402-5410 United States",39.767112504715975,-84.23912567198481
R72 12111 0001,1,1,Residential Plumbing Permit,0,2026-05-12,2026-05-12,"3008 PRINCETON DR, DAYTON OH 45406-4311 United States",39.77227708831105,-84.23859276714587
R72 12111 0034,1,1,Residential Plumbing Permit,0,2026-03-04,2026-03-04,"2804 PRINCETON DR, DAYTON OH 45406-4340 United States",39.77248126867607,-84.2361247565514
R72 12111 0078,1,1,Residential Gas Permit,0,2026-03-25,2026-03-25,"2815 ATHENS AVE, DAYTON OH 45406-4325 United States",39.770517477030225,-84.23615767344783
R72 12111 0103,1,1,Residential Plumbing Permit,0,2026-01-06,2026-01-06,"2721 OXFORD AVE, DAYTON OH 45406-4337 United States",39.76944287508392,-84.23529828540308
R72 12112 0015,1,1,Residential Gas Permit,0,2026-05-18,2026-05-18,"3017 EARLHAM DR, DAYTON OH 45406-4210 United States",39.77454776175086,-84.23897324266888
R72 12112 0017,1,1,Residential Gas Permit,0,2026-05-05,2026-05-05,"1520 CANFIELD AVE, DAYTON OH 45406-4207 United States",39.774905770386326,-84.23908537532515
R72 12112 0020,1,1,Residential Gas Permit,0,2026-05-05,2026-05-05,"1532 CANFIELD AVE, DAYTON OH 45406-4207 United States",39.77530645382871,-84.23909893371074
R72 12112 0022,1,1,Residential Gas Permit,0,2026-05-12,2026-05-12,"1540 CANFIELD AVE, DAYTON OH 45406-4207 United States",39.7755783180904,-84.23909860674335
R72 12112 0023,1,1,Residential Gas Permit,0,2026-05-12,2026-05-12,"1544 CANFIELD AVE, DAYTON OH 45406-4207 United States",39.77571278084349,-84.23910196336391
R72 12112 0026,1,1,Residential Gas Permit,0,2026-05-18,2026-05-18,"3024 CORNELL DR, DAYTON OH 45406-4106 United States",39.776111452228704,-84.23906923738804
R72 12112 0028,1,1,Residential Gas Permit,0,2026-06-09,2026-06-09,"3415 EARLHAM DR, DAYTON OH 45406-4218 United States",39.77468216403471,-84.2432254396965
R72 12112 0029,1,1,Residential Gas Permit,0,2026-04-24,2026-04-24,"3411 EARLHAM DR, DAYTON OH 45406-4218 United States",39.774698264980614,-84.2430656861035
R72 12112 0034,1,1,Residential Gas Permit,0,2026-03-30,2026-03-30,"3401 EARLHAM DR, DAYTON OH 45406-4218 United States",39.77477112855843,-84.24278287652052
R72 12112 0037,1,1,Residential Gas Permit,0,2026-04-24,2026-04-24,"1521 KIPLING DR, DAYTON OH 45406-4228 United States",39.775235944685896,-84.24291548216361
R72 12112 0049,1,1,Residential Gas Permit,0,2026-04-09,2026-04-09,"1428 CANFIELD AVE, DAYTON OH 45406-4205 United States",39.773405270756435,-84.2389874019605
R72 12112 0050,1,1,Residential Gas Permit,0,2026-04-15,2026-04-15,"1432 CANFIELD AVE, DAYTON OH 45406-4205 United States",39.773528443699846,-84.2390118737047
R72 12112 0051,1,1,Residential Gas Permit,0,2026-03-30,2026-03-30,"1436 CANFIELD AVE, DAYTON OH 45406-4205 United States",39.77365445747768,-84.23903280081011
R72 12112 0052,1,1,Residential Gas Permit,0,2026-04-15,2026-04-15,"1440 CANFIELD AVE, DAYTON OH 45406-4205 United States",39.77382183120086,-84.23904053482505
R72 12112 0060,1,1,Residential Gas Permit,0,2026-04-15,2026-04-15,"1417 CANFIELD AVE, DAYTON OH 45406-4206 United States",39.77303047419266,-84.23944777774959
R72 12112 0062,1,1,Residential Gas Permit,0,2026-06-29,2026-06-29,"1425 CANFIELD AVE, DAYTON OH 45406-4206 United States",39.77324421133426,-84.23947800905741
R72 12112 0063,1,1,Residential Gas Permit,0,2026-04-27,2026-04-27,"1429 CANFIELD AVE, DAYTON OH 45406-4206 United States",39.773348339907294,-84.23949127832819
R72 12112 0066,1,1,Residential Gas Permit,0,2026-04-09,2026-04-09,"1441 CANFIELD AVE, DAYTON OH 45406-4206 United States",39.77368307949247,-84.23951030443288
R72 12112 0067,1,1,Residential Gas Permit,0,2026-03-30,2026-03-30,"1445 CANFIELD AVE, DAYTON OH 45406-4206 United States",39.773790269054885,-84.23950231247412
R72 12112 0075,1,1,Residential Gas Permit,0,2026-03-30,2026-03-30,"1451 CANFIELD AVE, DAYTON OH 45406-4206 United States",39.77404293936292,-84.23949795172598
R72 12112 0087,1,1,Residential Gas Permit,0,2026-04-15,2026-04-15,"1515 CANFIELD AVE, DAYTON OH 45406-4208 United States",39.77483237936406,-84.23958885029711
R72 12112 0089,1,1,Residential Gas Permit,0,2026-03-30,2026-03-30,"1523 CANFIELD AVE, DAYTON OH 45406-4208 United States",39.775052130914275,-84.23958366782026
R72 12112 0090,1,1,Residential Gas Permit,0,2026-04-09,2026-04-09,"1527 CANFIELD AVE, DAYTON OH 45406-4208 United States",39.775164534342636,-84.23959714421927
R72 12112 0091,1,1,Residential Gas Permit,0,2026-04-09,2026-04-09,"1531 CANFIELD AVE, DAYTON OH 45406-4208 United States",39.775271512462076,-84.23960337166345
R72 12112 0092,1,1,Residential Gas Permit,0,2026-05-18,2026-05-18,"1535 CANFIELD AVE, DAYTON OH 45406-4208 United States",39.775386931893976,-84.23959558400082
R72 12112 0093,1,1,Residential Gas Permit,0,2026-04-15,2026-04-15,"1539 CANFIELD AVE, DAYTON OH 45406-4208 United States",39.7754911582658,-84.23960530010868
R72 12112 0094,1,1,Residential Gas Permit,0,2026-04-15,2026-04-15,"1543 CANFIELD AVE, DAYTON OH 45406-4208 United States",39.77560372807289,-84.23960455482927
R72 12112 0096,1,1,Residential Gas Permit,0,2026-04-09,2026-04-09,"1551 CANFIELD AVE, DAYTON OH 45406-4208 United States",39.77582358529296,-84.23959226140155
R72 12112 0098,1,1,Residential Gas Permit,0,2026-04-15,2026-04-15,"1561 CANFIELD AVE, DAYTON OH 45406-4208 United States",39.77602107385776,-84.23960786259074
R72 12112 0100,1,1,Residential Gas Permit,0,2026-04-27,2026-04-27,"1512 SHAFTESBURY RD, DAYTON OH 45406-4240 United States",39.77481283738102,-84.24016485659874
R72 12112 0101,1,1,Residential Gas Permit,0,2026-04-09,2026-04-09,"1516 SHAFTESBURY RD, DAYTON OH 45406-4240 United States",39.77492276210965,-84.24016048999852
R72 12112 0111,1,1,Residential Gas Permit,0,2026-04-15,2026-04-15,"1558 SHAFTESBURY RD, DAYTON OH 45406-4240 United States",39.7760426274657,-84.24018846262574
R72 12112 0116,1,1,Residential Gas Permit,0,2026-03-30,2026-03-30,"1412 KIPLING DR, DAYTON OH 45406-4223 United States",39.77321429025733,-84.24093624740023
R72 12112 0118,1,1,Residential Gas Permit,0,2026-03-30,2026-03-30,"1420 KIPLING DR, DAYTON OH 45406-4223 United States",39.77337563939182,-84.2411644468491
R72 12112 0122,1,1,Residential Gas Permit,0,2026-04-09,2026-04-09,"1432 KIPLING DR, DAYTON OH 45406-4223 United States",39.77355718690699,-84.24151057219417
R72 12112 0123,1,1,Residential Gas Permit,0,2026-04-09,2026-04-09,"1436 KIPLING DR, DAYTON OH 45406-4223 United States",39.77367364658042,-84.24162023404222
R72 12112 0125,1,1,Residential Gas Permit,0,2026-04-09,2026-04-09,"1444 KIPLING DR, DAYTON OH 45406-4223 United States",39.773833203956826,-84.24178437720622
R72 12112 0130,1,1,Residential Gas Permit,0,2026-04-24,2026-04-24,"1464 KIPLING DR, DAYTON OH 45406-4223 United States",39.77429484388024,-84.24213039710521
R72 12112 0140,1,1,Residential Gas Permit,0,2026-04-09,2026-04-09,"3214 EARLHAM DR, DAYTON OH 45406-4213 United States",39.77423445476109,-84.24102219917079
R72 12112 0142,1,1,Residential Gas Permit,0,2026-04-15,2026-04-15,"3220 EARLHAM DR, DAYTON OH 45406-4213 United States",39.77431884171416,-84.24125565041
R72 12112 0143,1,1,Residential Gas Permit,0,2026-04-09,2026-04-09,"3226 EARLHAM DR, DAYTON OH 45406-4213 United States",39.774388570001676,-84.24136770109797
R72 12112 0146,1,1,Residential Gas Permit,0,2026-04-09,2026-04-09,"3308 EARLHAM DR, DAYTON OH 45406-4215 United States",39.77448713966032,-84.24175443474486
R72 12112 0148,1,1,Residential Gas Permit,0,2026-04-27,2026-04-27,"1513 SHAFTESBURY RD, DAYTON OH 45406-4241 United States",39.77475890107642,-84.24065459017788
R72 12112 0153,1,1,Residential Gas Permit,0,2026-04-09,2026-04-09,"1535 SHAFTESBURY RD, DAYTON OH 45406-4241 United States",39.77537622967175,-84.2406842402991
R72 12112 0158,1,1,Residential Gas Permit,0,2026-04-09,2026-04-09,"1555 SHAFTESBURY RD, DAYTON OH 45406-4241 United States",39.77592228680232,-84.24070855391297
R72 12112 0159,1,1,Residential Gas Permit,0,2026-04-09,2026-04-09,"1559 SHAFTESBURY RD, DAYTON OH 45406-4241 United States",39.77602962718829,-84.24069345370349
R72 12112 0161,1,1,Residential Gas Permit,0,2026-04-09,2026-04-09,"3221 EARLHAM DR, DAYTON OH 45406-4214 United States",39.774683352535114,-84.24093377856266
R72 12112 0169,1,1,Residential Building Permit,14919,2026-05-04,2026-05-04,"1536 SHELLEY DR, DAYTON OH 45406-4242 United States",39.775683033669914,-84.24128974723435
R72 12112 0176,1,1,Residential Gas Permit,0,2026-04-15,2026-04-15,"3311 EARLHAM DR, DAYTON OH 45406-4216 United States",39.77488660385771,-84.24184983501598
R72 12112 0177,2,2,Residential Gas Permit,0,2026-04-15,2026-05-12,"3315 EARLHAM DR, DAYTON OH 45406-4216 United States",39.77488712314611,-84.24199933521147
R72 12112 0178,1,1,Residential Gas Permit,0,2026-04-09,2026-04-09,"3317 EARLHAM DR, DAYTON OH 45406-4216 United States",39.77486859821439,-84.24213763232433
R72 12112 0179,1,1,Residential Gas Permit,0,2026-04-15,2026-04-15,"3323 EARLHAM DR, DAYTON OH 45406-4216 United States",39.77485814334555,-84.24228685804354
R72 12112 0193,1,1,Residential Gas Permit,0,2026-04-24,2026-04-24,"1528 KIPLING DR, DAYTON OH 45406-4227 United States",39.77550130721092,-84.2424274785102
R72 12112 0198,1,1,Residential Gas Permit,0,2026-04-15,2026-04-15,"1550 KIPLING DR, DAYTON OH 45406-4227 United States",39.77599809231901,-84.24244345986973
R72 12112 0206,1,1,Residential Gas Permit,0,2026-03-30,2026-03-30,"1429 KIPLING DR, DAYTON OH 45406-4224 United States",39.77343699115601,-84.24202353424312
R72 12112 0209,1,1,Residential Gas Permit,0,2026-04-27,2026-04-27,"3305 PRINCETON DR, DAYTON OH 45406-4263 United States",39.77279162416026,-84.24166225696986
R72 12112 0211,1,1,Residential Gas Permit,0,2026-04-15,2026-04-15,"3309 PRINCETON DR, DAYTON OH 45406-4263 United States",39.7727200325503,-84.24185973919748
R72 12112 0214,1,1,Residential Gas Permit,0,2026-03-09,2026-03-09,"1408 Kingsley AVE, DAYTON OH 45406-4221",39.77278188024443,-84.24231673130002
R72 12112 0217,1,1,Residential Gas Permit,0,2026-03-09,2026-03-09,"1420 KINGSLEY AVE, DAYTON OH 45406-4221 United States",39.77310850330418,-84.24232489963644
R72 12112 0218,1,1,Residential Gas Permit,0,2026-03-09,2026-03-09,"1424 KINGSLEY AVE, DAYTON OH 45406-4221 United States",39.77321273834408,-84.24233106248599
R72 12112 0225,1,1,Residential Gas Permit,0,2026-03-09,2026-03-09,"1421 KINGSLEY AVE, DAYTON OH 45406-4222 United States",39.77308468066719,-84.24281892917271
R72 12112 0226,1,1,Residential Gas Permit,0,2026-03-09,2026-03-09,"1425 KINGSLEY AVE, DAYTON OH 45406-4222 United States",39.77319160481323,-84.24282871727311
R72 12112 0231,1,1,Residential Gas Permit,0,2026-03-09,2026-03-09,"1447 KINGSLEY AVE, DAYTON OH 45406-4222 United States",39.77372432879625,-84.24264276905572
R72 12112 0235,1,1,Residential Gas Permit,0,2026-04-15,2026-04-15,"1457 KIPLING DR, DAYTON OH 45406-4225 United States",39.77419970575173,-84.2426190951381
R72 12112 0236,1,1,Residential Gas Permit,0,2026-04-15,2026-04-15,"1461 KIPLING DR, DAYTON OH 45406-4225 United States",39.77430588864935,-84.24267871227943
R72 12112 0273,1,1,Residential Gas Permit,0,2026-05-18,2026-05-18,"1500 CANFIELD AVE, DAYTON OH 45406-4207 United States",39.774542277206095,-84.23915460092947
R72 12112 0289,1,1,Residential Gas Permit,0,2026-05-12,2026-05-12,"3013 EARLHAM DR, DAYTON OH 45406-4210 United States",39.77455800020101,-84.23883829593267
R72 12113 0067,1,1,Residential Gas Permit,0,2026-04-15,2026-04-15,"3210 PRINCETON DR, DAYTON OH 45406-4229 United States",39.77255820211502,-84.24092340882811
R72 12113 0093,1,1,Residential Building Permit,0,2026-06-10,2026-06-10,"1331 ALCOTT AVE, DAYTON OH 45406-4204 United States",39.77153377428063,-84.24167704400735
R72 12113 0094,1,1,Residential Gas Permit,0,2026-04-15,2026-04-15,"1335 ALCOTT AVE, DAYTON OH 45406-4204 United States",39.77164359334285,-84.24167978934447
R72 12113 0102,1,1,Residential Gas Permit,0,2026-03-16,2026-03-16,"3320 PRINCETON DR, DAYTON OH 45406-4230 United States",39.77227333734033,-84.24216881445584
R72 12113 0103,1,1,Residential Gas Permit,0,2026-04-27,2026-04-27,"1374 KINGSLEY AVE, DAYTON OH 45406-4219 United States",39.772131065550724,-84.2423182953098
R72 12113 0109,1,1,Residential Gas Permit,0,2026-04-24,2026-04-24,"1350 KINGSLEY AVE, DAYTON OH 45406-4219 United States",39.77149728576124,-84.2422846063338
R72 12113 0111,1,1,Residential Gas Permit,0,2026-04-24,2026-04-24,"1344 KINGSLEY AVE, DAYTON OH 45406-4219 United States",39.77132157727495,-84.24228376831255
R72 12113 0118,1,1,Residential Gas Permit,0,2026-03-16,2026-03-16,"1319 KINGSLEY AVE, DAYTON OH 45406-4220 United States",39.77063111628122,-84.24273621700456
R72 12113 0120,1,1,Residential Gas Permit,0,2026-03-16,2026-03-16,"1327 KINGSLEY AVE, DAYTON OH 45406-4220 United States",39.77087260223896,-84.24274581340809
R72 12113 0125,1,1,Residential Gas Permit,0,2026-03-16,2026-03-16,"1343 KINGSLEY AVE, DAYTON OH 45406-4220 United States",39.77136116599424,-84.24275803432704
R72 12113 0126,1,1,Residential Gas Permit,0,2026-03-16,2026-03-16,"1347 KINGSLEY AVE, DAYTON OH 45406-4220 United States",39.77146829408325,-84.24275715806118
R72 12113 0128,1,1,Residential Gas Permit,0,2026-03-16,2026-03-16,"1357 KINGSLEY AVE, DAYTON OH 45406-4220 United States",39.771712576827404,-84.2427632686138
R72 12113 0130,1,1,Residential Gas Permit,0,2026-03-16,2026-03-16,"1365 KINGSLEY AVE, DAYTON OH 45406-4220 United States",39.77194572689692,-84.24277976993505
R72 12113 0132,1,1,Residential Gas Permit,0,2026-03-16,2026-03-16,"1371 KINGSLEY AVE, DAYTON OH 45406-4220 United States",39.772170752963845,-84.24278895493053
R72 12113 0153,1,1,Residential Gas Permit,0,2026-03-16,2026-03-16,"1351 KINGSLEY AVE, DAYTON OH 45406-4220 United States",39.77159173194755,-84.24276380175694
R72 12113 0162,1,1,Residential Gas Permit,0,2026-04-24,2026-04-24,"1339 KINGSLEY AVE, DAYTON OH 45406-4220 United States",39.771234826264084,-84.24276198717145
R72 12113 0165,1,1,Residential Gas Permit,0,2026-03-30,2026-03-30,"1331 KINGSLEY AVE, DAYTON OH 45406-4220 United States",39.77099075618981,-84.24274165696475
R72 12113 0168,1,1,Residential Gas Permit,0,2026-04-15,2026-04-15,"1334 ALCOTT AVE, DAYTON OH 45406-4203 United States",39.771654012705156,-84.24116409647455
R72 12113 0173,1,1,Residential Gas Permit,0,2026-04-24,2026-04-24,"1328 ALCOTT AVE, DAYTON OH 45406-4203 United States",39.771417696149236,-84.24117597287503
R72 12113 0174,2,2,Residential Gas Permit,0,2026-01-30,2026-04-15,"1324 ALCOTT AVE, DAYTON OH 45406-4203 United States",39.771294054498505,-84.24118005322258
R72 12114 0005,1,1,Residential Plumbing Permit,0,2026-05-07,2026-05-07,"1525 WESLEYAN RD, DAYTON OH 45406-4250 United States",39.77512238920438,-84.24440729015164
R72 12114 0020,1,1,Commercial Wrecking Permit,0,2026-05-08,2026-05-08,"1441 WESLEYAN RD, DAYTON OH 45406 United States",39.772786083842334,-84.24398225645163
R72 12205 0011,1,1,Special Service Inspection,0,2026-05-08,2026-05-08,"821 WESTWOOD AVE, DAYTON OH 45402-5342 United States",39.764471971450185,-84.24164643665362
R72 12205 0052,1,1,Residential Building Permit,1800,2026-02-23,2026-02-23,"712 BROOKLYN AVE, DAYTON OH 45402-5401 United States",39.76429139159123,-84.23994120543843
R72 12208 0017,1,1,Residential Electrical Permit,0,2026-02-25,2026-02-25,"519 Anna ST, DAYTON OH 45402-5509",39.76223262488716,-84.23657386225763
R72 12208 0072,1,1,Residential Gas Permit,0,2026-03-20,2026-03-20,"545 Gramont AVE, DAYTON OH 45402-5522",39.762907795525315,-84.23770430822049
R72 12209 0007,1,1,Residential Gas Permit,0,2026-02-06,2026-02-06,"2909 HOOVER AVE, DAYTON OH 45402-5540 United States",39.76172295662606,-84.23918748269645
R72 12209 0057,1,1,Special Service Inspection,0,2026-06-16,2026-06-16,"632 BROOKLYN AVE, DAYTON OH 45402-5501 United States",39.76252687306953,-84.23987225351878
R72 12209 0060,1,1,Residential Plumbing Permit,0,2026-04-28,2026-04-28,"644 BROOKLYN AVE, DAYTON OH 45402-5501 United States",39.76281499456842,-84.23988300333886
R72 12210 0060,1,1,Residential Building Permit,0,2026-05-21,2026-05-21,"709 WESTWOOD AVE, DAYTON OH 45402-5340 United States",39.76302542574033,-84.2416138355934
R72 12210 0062,1,1,Residential Sewer Permit,0,2026-01-05,2026-01-05,"701 WESTWOOD AVE, DAYTON OH 45402-5340 United States",39.76284988345719,-84.2415987801745
R72 12211 0028,1,1,Residential Mechanical Permit,0,2026-02-05,2026-02-05,"15 EDITH ST, DAYTON OH 45402-5314 United States",39.762843665446205,-84.24238493178514
R72 12211 0051,1,1,Residential Sewer Permit,0,2026-05-11,2026-05-11,"816 WALTON AVE, DAYTON OH 45402-5331 United States",39.76324073106749,-84.24356538037489
R72 12302 0008,1,1,Residential Water Permit,0,2026-01-13,2026-01-13,"1005 LELAND AVE, DAYTON OH 45402-4132 United States",39.7656468147156,-84.2451733169115
R72 12302 0034,1,1,Residential Plumbing Permit,0,2026-06-09,2026-06-09,"945 LELAND AVE, DAYTON OH 45402-5311 United States",39.764993521622664,-84.24515695421275
R72 12304 0030,1,1,Residential Electrical Permit,0,2026-06-03,2026-06-03,"808 LELAND AVE, DAYTON OH 45402-5308 United States",39.763092369715544,-84.24467529058579
R72 12304 0066,1,1,Residential Electrical Permit,0,2026-06-24,2026-06-24,"816 BURLEIGH AVE, DAYTON OH 45402-5205 United States",39.76328496598306,-84.24575462527399
R72 12305 0037,1,1,Residential Electrical Permit,0,2026-05-01,2026-05-01,"3609 HOOVER AVE, DAYTON OH 45402-5230 United States",39.76165521464825,-84.24750689915244
R72 12306 0031,4,4,Residential Building Permit,20000,2026-01-15,2026-03-02,"854 OSMOND AVE, DAYTON OH 45402-5239 United States",39.763151274818,-84.2490067521131
R72 12306 0054,1,1,Special Service Inspection,0,2026-04-22,2026-04-22,"867 OSMOND AVE, DAYTON OH 45402-5240 United States",39.76343000540198,-84.24946202272668
R72 12307 0022,1,1,Residential Electrical Permit,0,2026-02-24,2026-02-24,"4020 DELPHOS AVE, DAYTON OH 45402-5219 United States",39.76213852994537,-84.25117654967043
R72 12307 0034,1,1,Residential Plumbing Permit,0,2026-06-17,2026-06-17,"4066 DELPHOS AVE, DAYTON OH 45402-5219 United States",39.7634299425139,-84.25112004942686
R72 12308 0031,1,1,Commercial Gas Permit,0,2026-03-04,2026-03-04,"4027 FAIRBANKS AVE, DAYTON OH 45402-5226 United States",39.763906179574086,-84.2525053537661
R72 12311 0003,1,1,Residential Water Permit,0,2026-06-08,2026-06-08,"3939 NECCO AVE, DAYTON OH 45406-3557 United States",39.77927152648967,-84.2528954565259
R72 12313 0001,1,1,Commercial Fire Sprinkler Permit,0,2026-06-15,2026-06-15,"2080 N GETTYSBURG AVE, DAYTON OH 45406-3562 United States",39.780126567470916,-84.25337252395335
R72 12401 0005,1,1,Residential Zoning Only Permit,0,2026-03-05,2026-03-05,"648 LELAND AVE, DAYTON OH 45417-1548 United States",39.76092137286197,-84.24461026713203
R72 12403 0017,1,1,Residential Water Permit,0,2026-02-23,2026-02-23,"731 CLARKSON AVE, DAYTON OH 45402-5210 United States",39.76069324015417,-84.25050689784489
R72 12403 0034,1,1,Permit Revision,0,2026-06-17,2026-06-17,"3822 HOOVER AVE, DAYTON OH 45402-5233 United States",39.761251222843164,-84.2501011022826
R72 12403 0035,1,1,Residential Gas Permit,0,2026-01-09,2026-01-09,"3818 HOOVER AVE, DAYTON OH 45402-5233 United States",39.76125883661,-84.24995900457823
R72 12403 0061,1,1,Residential Electrical Permit,0,2026-04-13,2026-04-13,"744 OSMOND AVE, DAYTON OH 45417-1560 United States",39.760760156488125,-84.24897162556935
R72 12407 0035,1,1,Residential Water Permit,0,2026-01-15,2026-01-15,"528 CRESTMORE AVE, DAYTON OH 45417-1534 United States",39.7589593147504,-84.24784131300613
R72 12408 0015,1,1,Residential Gas Permit,0,2026-05-29,2026-05-29,"514 LELAND AVE, DAYTON OH 45417-1546 United States",39.75865410507942,-84.24455705894849
R72 12408 0019,1,1,Special Service Inspection,0,2026-03-10,2026-03-10,"530 LELAND AVE, DAYTON OH 45417-1546 United States",39.759109751567394,-84.2445684662784
R72 12409 0007,1,1,Residential Electrical Permit,0,2026-05-07,2026-05-07,"4108 SHENANDOAH DR, DAYTON OH 45417-1155 United States",39.758535060619494,-84.25618412252601
R72 12411 0046,3,2,Residential Plumbing Permit,0,2026-04-14,2026-05-27,"728 Whitmore AVE, DAYTON OH 45417-1165",39.75847717017387,-84.26459301262616
R72 12414 0089,3,2,Residential Plumbing Permit,0,2026-03-24,2026-04-02,"822 SUNLIGHT AVE, DAYTON OH 45417-9255 United States",39.760076097155306,-84.2708951806215
R72 12414 0186,1,1,Residential Plumbing Permit,0,2026-01-07,2026-01-07,"837 LILAC AVE, DAYTON OH 45417-9128 United States",39.76065958725707,-84.26842710651084
R72 12501 0034,1,1,Residential Plumbing Permit,0,2026-05-04,2026-05-04,"525 HURON AVE, DAYTON OH 45417-1508 United States",39.76017526771506,-84.24271662312988
R72 12502 0060,1,1,Residential Plumbing Permit,0,2026-04-21,2026-04-21,"545 WESTWOOD AVE, DAYTON OH 45417-1530 United States",39.76067608882504,-84.24153733834522
R72 12505 0048,3,3,Residential Gas Permit,0,2026-03-26,2026-05-05,"420 LORENZ AVE, DAYTON OH 45417-2340 United States",39.76028201410063,-84.23479618817952
R72 12505 0059,1,1,Residential Plumbing Permit,0,2026-06-09,2026-06-09,"454 LORENZ AVE, DAYTON OH 45417-2340 United States",39.761091718871505,-84.23481634666629
R72 12505 0067,1,1,Residential Plumbing Permit,0,2026-03-16,2026-03-16,"442 ANNA ST, DAYTON OH 45417-2322 United States",39.76080470350303,-84.23602596044586
R72 12601 0050,6,6,Residential Building Permit,30000,2026-04-10,2026-06-26,"1804 Oakridge DR, DAYTON OH 45417-2315",39.75806696034017,-84.2345560370266
R72 12602 0081,1,1,Special Service Inspection,0,2026-06-05,2026-06-05,"224 GRAMONT AVE, DAYTON OH 45417-2324 United States",39.75713712626324,-84.2376315776398
R72 12603 0026,2,2,Miscellaneous Permit,0,2026-04-01,2026-04-27,"344 WESTWOOD AVE, DAYTON OH 45417-1628 United States",39.75745117417002,-84.24107250848002
R72 12603 0027,1,1,Special Service Inspection,0,2026-03-09,2026-03-09,"348 WESTWOOD AVE, DAYTON OH 45417-1628 United States",39.757544594604425,-84.24106773086031
R72 12603 0028,2,2,Residential Plumbing Permit,0,2026-04-01,2026-05-18,"352 WESTWOOD AVE, DAYTON OH 45417-1628 United States",39.75764344904684,-84.24106664544377
R72 12606 0022,1,1,Residential Building Permit,23500,2026-01-09,2026-01-09,"415 BURLEIGH AVE, DAYTON OH 45417-1633 United States",39.75678910369895,-84.2462535706402
R72 12606 0044,4,4,Residential Building Permit,10000,2026-01-30,2026-03-25,"400 BURLEIGH AVE, DAYTON OH 45417-1634 United States",39.75645276840241,-84.24578980415247
R72 12608 0010,1,1,Residential Plumbing Permit,0,2026-05-12,2026-05-12,"2915 EDISON ST, DAYTON OH 45417-1603 United States",39.75637939431881,-84.25051598407056
R72 12609 0003,1,1,Permit Revision,0,2026-01-21,2026-01-21,"814 N Gettysburg AVE, DAYTON OH 45417-1614",39.75752560228934,-84.25300307826775
R72 12610 0036,1,1,Residential Water Permit,0,2026-06-25,2026-06-25,"4129 SYLVAN DR, DAYTON OH 45417",39.75706226650925,-84.25549033608242
R72 12701 0022,1,1,Residential Water Permit,0,2026-02-12,2026-02-12,"450 LINDENWOOD RD, DAYTON OH 45417-1306 United States",39.75595809112445,-84.25407715866943
R72 12704 0032,2,2,Residential Gas Permit,0,2026-02-17,2026-04-23,"3506 DELPHOS AVE, DAYTON OH 45417-1644 United States",39.75489474474836,-84.24752237101987
R72 12706 0002,2,2,Commercial Zoning Only Permit,0,2026-03-27,2026-06-23,"207 BURLEIGH AVE, DAYTON OH 45417-1629 United States",39.75450500987063,-84.24622128202684
R72 12706 0007,1,1,Residential Zoning Only Permit,0,2026-03-23,2026-03-23,"3341 W SECOND ST, DAYTON OH 45417-1745 United States",39.75422078353787,-84.24521095369798
R72 12706 0008,1,1,Special Service Inspection,0,2026-03-10,2026-03-10,"3337 W SECOND ST, DAYTON OH 45417-1745 United States",39.75421462325678,-84.24507202294458
R72 12706 0015,1,1,Permit Revision,0,2026-06-24,2026-06-24,"3309 W Second ST, DAYTON OH 45417-1745",39.75421280197719,-84.24409016156804
R72 12706 0039,1,1,Residential Plumbing Permit,0,2026-05-22,2026-05-22,"2316 GREENWAY ST, DAYTON OH 45417-1653 United States",39.75483754584063,-84.24436190499897
R72 12709 0042,1,1,Residential Electrical Permit,0,2026-04-30,2026-04-30,"121 SHOOP AVE, DAYTON OH 45417-2245 United States",39.75479653985466,-84.23900331376421
R72 12709 0096,1,1,Residential Gas Permit,0,2026-05-26,2026-05-26,"115 GRAMONT AVE, DAYTON OH 45417-2217 United States",39.75458298549535,-84.23803749806456
R72 12711 0057,1,1,Residential Wrecking Permit,0,2026-05-15,2026-05-15,"167 LORENZ AVE, DAYTON OH 45417-2221 United States",39.75580327454114,-84.2355563097922
R72 12711 0058,1,1,Residential Wrecking Permit,0,2026-05-15,2026-05-15,"171 LORENZ AVE, DAYTON OH 45417-2221 United States",39.755902076253214,-84.23555877046041
R72 12803 0004,1,1,Special Service Inspection,0,2026-03-04,2026-03-04,"3360 DELPHOS AVE, DAYTON OH 45417-1744 United States",39.75382648519959,-84.24569195480294
R72 12803 0030,1,1,Residential Water Permit,0,2026-06-08,2026-06-08,"101 N UPLAND AVE, DAYTON OH 45417-1751 United States",39.75234589403105,-84.24701736675273
R72 12805 0026,1,1,Residential Plumbing Permit,0,2026-03-23,2026-03-23,"59 N HATFIELD ST, DAYTON OH 45417-1722 United States",39.75132082742409,-84.25203238326968
R72 12807 0014,1,1,Residential Gas Permit,0,2026-01-16,2026-01-16,"18 N ALDER ST, DAYTON OH 45417-1765 United States",39.750434076466206,-84.25037020537697
R72 12808 0014,2,2,Residential Mechanical Permit,0,2026-06-02,2026-06-02,"53 N UPLAND AVE, DAYTON OH 45417-1749 United States",39.75204691359361,-84.24699565068056
R72 12810 0007,1,1,Special Service Inspection,0,2026-05-04,2026-05-04,"3811 W THIRD ST, DAYTON OH 45417-1842 United States",39.75013338167664,-84.24972942034337
R72 12905 0026,1,1,Residential Plumbing Permit,0,2026-04-02,2026-04-02,"645 WHITMORE AVE, DAYTON OH 45417-1236 United States",39.75676749563278,-84.26507267727081
R72 12906 0020,1,1,Residential Electrical Permit,0,2026-02-25,2026-02-25,"521 WHITMORE AVE, DAYTON OH 45417-1249 United States",39.75476102980697,-84.26502185676998
R72 12907 0010,1,1,Residential Plumbing Permit,0,2026-05-13,2026-05-13,"4644 LAUREL DR, DAYTON OH 45417-1259 United States",39.755301079577876,-84.26417108951622
R72 12909 0023,2,2,Permit Revision,24421,2026-01-30,2026-02-12,"736 GENEVA RD, DAYTON OH 45417-1215 United States",39.756697621156526,-84.26005118255597
R72 12910 0048,1,1,Commercial Water Permit,0,2026-05-12,2026-05-12,"414 Elmhurst RD, DAYTON OH 45417",39.75400338975678,-84.25880915491474
R72 13003 0017,1,1,Commercial Wrecking Permit,0,2026-03-05,2026-03-05,"369 GENEVA RD, DAYTON OH 45417-1367 United States",39.75301656046059,-84.2605238067652
R72 13004 0037,1,1,Residential Electrical Permit,0,2026-06-18,2026-06-18,"4317 MIDWAY AVE, DAYTON OH 45417-1315 United States",39.751580668186556,-84.25850258028706
R72 13007 0013,2,2,Residential Mechanical Permit,0,2026-04-07,2026-04-07,"335 BUNGALOW RD, DAYTON OH 45417-1303 United States",39.75282726011223,-84.25704347404702
R72 13008 0046,1,1,Residential Building Permit,8945,2026-04-23,2026-04-23,"322 BUNGALOW RD, DAYTON OH 45417-1304 United States",39.7526461209707,-84.25648748170465
R72 13101 0011,1,1,Residential Plumbing Permit,0,2026-06-02,2026-06-02,"23 S HATFIELD ST, DAYTON OH 45417-1827 United States",39.74881718439566,-84.25199433037326
R72 13101 0019,2,1,Commercial Electrical Permit,0,2026-03-12,2026-03-12,"34 S HATFIELD ST, APT/UNIT B, DAYTON OH 45417-1880 United States",39.74858488442342,-84.25155453338908
R72 13206 0072,1,1,Residential Wrecking Permit,0,2026-05-06,2026-05-06,"539 FLEETFOOT ST, DAYTON OH 45417 United States",39.74206923731827,-84.24529078660314
R72 13208 0058,1,1,Residential Wrecking Permit,0,2026-06-09,2026-06-09,"611 FLEETFOOT ST, DAYTON OH 45417-3107 United States",39.74134951773736,-84.24531192600975
R72 13213 0005,1,1,Residential Gas Permit,0,2026-04-06,2026-04-06,"3612 GERMANTOWN ST, DAYTON OH 45417-4130 United States",39.73419704369148,-84.25170513587845
R72 13214 0052,3,3,Residential Electrical Permit,0,2026-04-22,2026-05-07,"525 BOWIE DR, DAYTON OH 45417-3102 United States",39.74125154263951,-84.2491116475943
R72 13215 0007,1,1,Permit Revision,0,2026-02-12,2026-02-12,"3622 MODENA ST, DAYTON OH 45417-4104 United States",39.73218131069457,-84.2520918933856
R72 13216 0021,1,1,Residential Plumbing Permit,0,2026-01-06,2026-01-06,"3568 ROEJACK DR, DAYTON OH 45417-3546 United States",39.73772288283465,-84.2493111972049
R72 13302 0023,1,1,Residential Electrical Permit,0,2026-06-17,2026-06-17,"716 MOUNT CLAIR AVE, DAYTON OH 45417-3563 United States",39.73965060707513,-84.24654620845462
R72 13306 0011,1,1,Residential Plumbing Permit,0,2026-03-31,2026-03-31,"3032 GERMANTOWN ST, DAYTON OH 45417-4138 United States",39.73713427251855,-84.2436770612785
R72 13306 0021,1,1,Commercial Water Permit,0,2026-03-09,2026-03-09,"3037 GERMANTOWN ST, DAYTON OH 45417 United States",39.73765241223817,-84.24391763077375
R72 13308 0016,1,1,Residential Wrecking Permit,0,2026-03-03,2026-03-03,"2826 GERMANTOWN ST, DAYTON OH 45417-4134 United States",39.73819950414097,-84.24092594742623
R72 13310 0027,1,1,Residential Wrecking Permit,0,2026-02-27,2026-02-27,"1116 MCARTHUR AVE, DAYTON OH 45417-4205 United States",39.736238543439754,-84.23966064051702
R72 13310 0043,3,1,Commercial Water Permit,0,2026-04-20,2026-04-20,"1118 CROCUS DR, APT/UNIT C, DAYTON OH 45417-4478 United States",39.73623071905795,-84.23852592545208
R72 13310 0044,3,1,Commercial Water Permit,0,2026-04-20,2026-04-20,"1120 CROCUS DR, APT/UNIT C, DAYTON OH 45417-4476 United States",39.73617306590601,-84.2385244875512
R72 13312 0015,1,1,Residential Wrecking Permit,0,2026-05-11,2026-05-11,"2932 TUBMAN AVE, DAYTON OH 45417-4243 United States",39.734703984857035,-84.24295474316537
R72 13312 0032,1,1,Residential Wrecking Permit,0,2026-05-11,2026-05-11,"2823 TUBMAN AVE, DAYTON OH 45417-4240 United States",39.73509440606014,-84.2407097177339
R72 13312 0033,1,1,Residential Wrecking Permit,0,2026-05-11,2026-05-11,"2817 TUBMAN AVE, DAYTON OH 45417-4240 United States",39.735081279625504,-84.24048534556279
R72 13312 0044,1,1,Residential Water Permit,0,2026-04-21,2026-04-21,"2824 REVELS AVE, DAYTON OH 45417-4227 United States",39.736307915653555,-84.24071869507868
R72 13312 0047,1,1,Residential Plumbing Permit,0,2026-05-13,2026-05-13,"2846 REVELS AVE, DAYTON OH 45417-4227 United States",39.736152227523206,-84.24121627987431
R72 13313 0025,1,1,Residential Wrecking Permit,0,2026-05-18,2026-05-18,"3132 GERMANTOWN ST, DAYTON OH 45417-4140 United States",39.73647455263877,-84.24538192532874
R72 13313 0026,1,1,Residential Wrecking Permit,0,2026-02-27,2026-02-27,"3128 GERMANTOWN ST, DAYTON OH 45417-4140 United States",39.73653970859914,-84.24524836967846
R72 13313 0028,1,1,Residential Wrecking Permit,0,2026-05-18,2026-05-18,"3120 GERMANTOWN ST, DAYTON OH 45417-4140 United States",39.7366429141594,-84.24495575442779
R72 13318 0006,1,1,Residential Plumbing Permit,0,2026-02-26,2026-02-26,"1220 GLENNELLE DR, DAYTON OH 45417-4436 United States",39.735249662443145,-84.23710019673997
R72 13406 0007,1,1,Special Service Inspection,0,2026-02-17,2026-02-17,"1136 HALLER AVE, DAYTON OH 45417-4510 United States",39.73669247496013,-84.23109000650166
R72 13407 0006,1,1,Residential Mechanical Permit,0,2026-04-16,2026-04-16,"1020 HALLER AVE, DAYTON OH 45417-4508 United States",39.73857036396298,-84.23110820658249
R72 13408 0037,1,1,Residential Water Permit,0,2026-05-15,2026-05-15,"2019 WEAVER ST, DAYTON OH 45417-4516 United States",39.73935907591366,-84.23106375329569
R72 13501 0022,2,2,Commercial Gas Permit,0,2026-01-05,2026-03-06,"1515 NICHOLAS RD, DAYTON OH 45417 United States",39.73290423994974,-84.22041583141232
R72 13605 0009,1,1,Permit Revision,0,2026-04-14,2026-04-14,"2521 S EDWIN C MOSES BLVD, DAYTON OH 45417-4659 United States",39.732829213022306,-84.21468114301236
R72 13608 0020,1,1,Residential Gas Permit,0,2026-03-19,2026-03-19,"1530 DIETZEN ST, DAYTON OH 45417-4635 United States",39.7355250562021,-84.2141570717737
R72 13608 0051,2,2,Residential Gas Permit,0,2026-03-19,2026-05-28,"1528 DIETZEN ST, DAYTON OH 45417-4635 United States",39.73556350745149,-84.21415801731483
R72 13803 0025,1,1,Residential Water Permit,0,2026-01-20,2026-01-20,"332 KLING DR, DAYTON OH 45419-4001 United States",39.73125285508393,-84.1610534330926
R72 13803 0035,1,1,Residential Building Permit,15946,2026-05-08,2026-05-08,"329 KLING DR, DAYTON OH 45419-4002 United States",39.73136074543662,-84.16157520423602
R72 13804 0015,1,1,Residential Plumbing Permit,0,2026-04-14,2026-04-14,"218 SHADOWLAWN AVE, DAYTON OH 45419-4029 United States",39.73134311450483,-84.15875475223618
R72 13806 0025,1,1,Residential Water Permit,0,2026-04-10,2026-04-10,"420 SHADOWLAWN AVE, DAYTON OH 45419-4033 United States",39.729362271464275,-84.15902766167838
R72 13806 0026,1,1,Residential Mechanical Permit,0,2026-03-23,2026-03-23,"423 SHADOWLAWN AVE, DAYTON OH 45419-4034 United States",39.72933245592648,-84.15958167851524
R72 13810 0022,1,1,Residential Plumbing Permit,0,2026-06-01,2026-06-01,"552 KLING DR, DAYTON OH 45419-4007 United States",39.726752891085845,-84.16140852176221
R72 13901 0019,1,1,Permit Revision,0,2026-01-14,2026-01-14,"617 SHROYER RD, DAYTON OH 45419-4055 United States",39.725383588312454,-84.16096340888583
R72 13903 0011,1,1,Residential Building Permit,27104,2026-02-09,2026-02-09,"921 Shroyer RD, DAYTON OH 45419-3633",39.72192029873997,-84.16121157225089
R72 13906 0029,1,1,Residential Plumbing Permit,0,2026-01-27,2026-01-27,"806 WARRINGTON PL, DAYTON OH 45419-3646 United States",39.72361052208827,-84.15820095580357
R72 13913 0028,1,1,Commercial Building Permit,20350,2026-01-09,2026-01-09,"1105 Wilmington AVE, DAYTON OH 45420-1684",39.72560008054643,-84.15382469004328
R72 13913 0033,1,1,Commercial Plumbing Permit,0,2026-02-13,2026-02-13,"1105 Wilmington AVE, DAYTON OH 45420-1684",39.72560008054643,-84.15382469004328
R72 14002 0009,1,1,Residential Electrical Permit,0,2026-03-04,2026-03-04,"920 WESTMINSTER PL, DAYTON OH 45419-3759 United States",39.7218641061913,-84.15627130597983
R72 14002 0022,1,1,Residential Plumbing Permit,0,2026-06-11,2026-06-11,"1010 BROADVIEW BLVD, DAYTON OH 45419-3701 United States",39.72113263005267,-84.15770469342534
R72 14003 0012,1,1,Residential Plumbing Permit,0,2026-03-02,2026-03-02,"1011 HAMPSHIRE RD, DAYTON OH 45419-3714 United States",39.71986059655319,-84.15910736113571
R72 14005 0035,1,1,Residential Water Permit,0,2026-02-27,2026-02-27,"800 GREENMOUNT BLVD, DAYTON OH 45419-2840 United States",39.71735303986354,-84.15721661586448
R72 14007 0047,1,1,Residential Plumbing Permit,0,2026-01-29,2026-01-29,"1010 YORKSHIRE PL, DAYTON OH 45419-3729 United States",39.71979939157946,-84.15529069719378
R72 14009 0039,1,1,Residential Building Permit,13022,2026-03-03,2026-03-03,"915 GAINSBOROUGH RD, DAYTON OH 45419-3709 United States",39.720454850891,-84.15573292519167
R72 14010 0039,1,1,Residential Plumbing Permit,0,2026-01-06,2026-01-06,"932 BERKSHIRE RD, DAYTON OH 45419-3737 United States",39.72021508214807,-84.15424456476774
R72 14011 0006,1,1,Residential Plumbing Permit,0,2026-01-13,2026-01-13,"1001 BUCKINGHAM RD, DAYTON OH 45419-3746 United States",39.722943080617206,-84.15414570160452
R72 14011 0022,1,1,Residential Plumbing Permit,0,2026-03-26,2026-03-26,"711 BROADMOOR DR, DAYTON OH 45419-2803 United States",39.7236957884855,-84.1533457250987
R72 14011 0047,4,3,Permit Revision,35500,2026-03-27,2026-04-28,"972 PATTERSON RD, DAYTON OH 45419-4337 United States",39.723904121460464,-84.15239766839758
R72 14012 0001,1,1,Residential Zoning Only Permit,0,2026-03-11,2026-03-11,"900 PATTERSON RD, DAYTON OH 45419-4334 United States",39.72414440019034,-84.15560009412606
R72 14101 0003,1,1,Commercial Electrical Permit,0,2026-01-06,2026-01-06,"1417 WILMINGTON AVE, DAYTON OH 45420-1542 United States",39.721612634371546,-84.15094601085528
R72 14103 0023,1,1,Residential Plumbing Permit,0,2026-01-12,2026-01-12,"1129 ASHLAND AVE, DAYTON OH 45420-1501 United States",39.72201567137289,-84.14768068391427
R72 14106 0022,1,1,Residential Plumbing Permit,0,2026-06-02,2026-06-02,"1327 PATTERSON RD, DAYTON OH 45420-1527 United States",39.72386100727925,-84.14279240535885
R72 14107 0022,1,1,Residential Plumbing Permit,0,2026-06-08,2026-06-08,"1245 Patterson RD, DAYTON OH 45420-1525",39.723979965067386,-84.1444877418441
R72 14108 0001,2,2,Residential Mechanical Permit,0,2026-01-29,2026-01-29,"3121 KENMORE AVE, DAYTON OH 45420-2237 United States",39.72418772269172,-84.14640534238191
R72 14111 0005,1,1,Residential Sewer Permit,0,2026-03-05,2026-03-05,"637 HAMPSHIRE RD, DAYTON OH 45419-4204 United States",39.72488018857775,-84.15579892825644
R72 14111 0023,1,1,Residential Mechanical Permit,0,2026-01-29,2026-01-29,"912 Danbury RD, DAYTON OH 45420-1607",39.7248878864275,-84.15486748082324
R72 14201 0009,1,1,Residential Sewer Permit,0,2026-05-08,2026-05-08,"925 CROYDEN DR, DAYTON OH 45420-1711 United States",39.72628433787259,-84.15320442297465
R72 14201 0025,1,1,Residential Sewer Permit,0,2026-02-19,2026-02-19,"2901 LANSING DR, DAYTON OH 45420-1719 United States",39.72747674656241,-84.15237566754176
R72 14201 0031,1,1,Residential Water Permit,0,2026-04-23,2026-04-23,"2920 LANSING DR, DAYTON OH 45420-1720 United States",39.72688746662848,-84.15191011825125
R72 14202 0007,1,1,Residential Plumbing Permit,0,2026-02-24,2026-02-24,"2934 REVERE AVE, DAYTON OH 45420-1726 United States",39.72649309769929,-84.15086600015418
R72 14203 0020,1,1,Residential Mechanical Permit,0,2026-06-26,2026-06-26,"1127 CROYDEN DR, DAYTON OH 45420-2271 United States",39.72585585927168,-84.14718114673278
R72 14204 0009,1,1,Residential Plumbing Permit,0,2026-01-21,2026-01-21,"3005 MARTEL DR, DAYTON OH 45420-2247 United States",39.725390357641956,-84.14396987083883
R72 14208 0012,1,1,Residential Plumbing Permit,0,2026-06-10,2026-06-10,"618 BELLAIRE AVE, DAYTON OH 45420-2306 United States",39.72874623247893,-84.14724943831858
R72 14208 0017,1,1,Residential Zoning Only Permit,0,2026-03-23,2026-03-23,"600 BELLAIRE AVE, DAYTON OH 45420-2306 United States",39.72865572399131,-84.14782695623207
R72 14209 0007,1,1,Residential Water Permit,0,2026-04-22,2026-04-22,"2802 KENVIEW AVE, DAYTON OH 45420-2240 United States",39.72777035662517,-84.14966586803888
R72 14209 0035,1,1,Residential Plumbing Permit,0,2026-03-04,2026-03-04,"522 BELLAIRE AVE, DAYTON OH 45420-2304 United States",39.728826248831155,-84.14858490772951
R72 14209 0047,1,1,Residential Plumbing Permit,0,2026-03-31,2026-03-31,"2721 WINBURN AVE, DAYTON OH 45420-2257 United States",39.728368587981265,-84.14930306579431
R72 14209 0061,1,1,Permit Revision,0,2026-02-23,2026-02-23,"2842 Revere AVE, DAYTON OH 45420-1724",39.72816154164635,-84.15074190856936
R72 14301 0038,4,2,Commercial Building Permit,24500,2026-02-18,2026-06-30,"25 THORPE DR, DAYTON OH 45420-1823 United States",39.733068192737434,-84.1567687081358
R72 14301 0039,2,2,Commercial Fire Sprinkler Permit,0,2026-03-31,2026-05-29,"2801 Wayne AVE, DAYTON OH 45420-1836",39.73883031166576,-84.15375802175969
R72 14301 0047,1,1,Commercial Plumbing Permit,0,2026-02-12,2026-02-12,"324 WILMINGTON AVE, DAYTON OH 45420 United States",39.73504718295283,-84.1606922086417
R72 14301 0058,2,2,Commercial Building Permit,708184,2026-03-18,2026-04-10,"2615 WAYNE AVE, DAYTON OH 45420 United States",39.73892543687086,-84.1555275335662
R72 14302 0014,1,1,Residential Electrical Permit,0,2026-03-12,2026-03-12,"159 BELLAIRE AVE, DAYTON OH 45420-1705 United States",39.72979787760735,-84.15347622622346
R72 14303 0019,1,1,Residential Plumbing Permit,0,2026-06-11,2026-06-11,"216 NORDALE AVE, DAYTON OH 45420-1740 United States",39.73031958001698,-84.15250352729323
R72 14303 0055,2,2,Commercial Building Permit,25000,2026-04-27,2026-06-08,"2605 REVERE AVE, APT/UNIT B, DAYTON OH 45420-4826 United States",39.73156146037616,-84.15108915366471
R72 14304 0032,2,2,Residential Sewer Permit,0,2026-05-07,2026-05-19,"412 NORDALE AVE, DAYTON OH 45420-2332 United States",39.730070921835384,-84.15008655469038
R72 14307 0009,1,1,Residential Mechanical Permit,0,2026-05-05,2026-05-05,"925 NORDALE AVE, DAYTON OH 45420-2341 United States",39.73007218418085,-84.1434962971539
R72 14309 0005,1,1,Residential Water Permit,0,2026-04-08,2026-04-08,"400 MORSE AVE, DAYTON OH 45420-2318 United States",39.73133672615244,-84.15047571971999
R72 14404 0006,1,1,Residential Zoning Only Permit,0,2026-02-10,2026-02-10,"3061 Wayland AVE, DAYTON OH 45420-2142",39.72179497857497,-84.13543312608473
R72 14404 0065,1,1,Residential Water Permit,0,2026-05-05,2026-05-05,"3030 COURTLAND AVE, DAYTON OH 45420-2153 United States",39.72222527872828,-84.13391781351264
R72 14410 0061,1,1,Residential Plumbing Permit,0,2026-05-18,2026-05-18,"2827 DWIGHT AVE, DAYTON OH 45420-2607 United States",39.72609135256007,-84.13960905473058
R72 14504 0044,1,1,Residential Plumbing Permit,0,2026-02-23,2026-02-23,"2745 DWIGHT AVE, DAYTON OH 45420-2605 United States",39.727012699807915,-84.13950266463411
R72 14504 0047,1,1,Residential Plumbing Permit,0,2026-06-22,2026-06-22,"2733 DWIGHT AVE, DAYTON OH 45420-2605 United States",39.727342425878795,-84.13948554071375
R72 14506 0008,1,1,Residential Plumbing Permit,0,2026-03-26,2026-03-26,"1009 WATERVLIET AVE, DAYTON OH 45420-2717 United States",39.72841084532149,-84.1384829765518
R72 14506 0029,1,1,Commercial Electrical Permit,0,2026-06-08,2026-06-08,"842 WATERVLIET AVE, DAYTON OH 45420-2714 United States",39.729901581181736,-84.13967728528785
R72 14510 0023,1,1,Residential Electrical Permit,0,2026-06-04,2026-06-04,"2650 FERNCLIFF AVE, APT/UNIT C, DAYTON OH 45420-3371 United States",39.72761585027152,-84.13033882377046
R72 14601 0031,1,1,Residential Plumbing Permit,0,2026-04-28,2026-04-28,"1156 HIGHRIDGE AVE, DAYTON OH 45420-3067 United States",39.73098069555963,-84.13300282737539
R72 14601 0058,1,1,Residential Plumbing Permit,0,2026-02-26,2026-02-26,"2405 KENNEDY AVE, DAYTON OH 45420-3012 United States",39.73055059905931,-84.13194726106953
R72 14602 0045,1,1,Residential Water Permit,0,2026-01-05,2026-01-05,"1009 CHELSEA AVE, DAYTON OH 45420-2726 United States",39.73059498690856,-84.13663175038164
R72 14603 0001,1,1,Residential Plumbing Permit,0,2026-01-02,2026-01-02,"948 CHELSEA AVE, DAYTON OH 45420-2725 United States",39.7303156656521,-84.13755689225896
R72 14604 0007,1,1,Residential Electrical Permit,0,2026-06-18,2026-06-18,"2417 S SMITHVILLE RD, DAYTON OH 45420-2757 United States",39.73114284815271,-84.14135263312104
R72 14605 0071,1,1,Sign Permit,0,2026-01-30,2026-01-30,"649 WATERVLIET AVE, DAYTON OH 45420-2568 United States",39.73165487791635,-84.14289781929371
R72 14606 0042,1,1,Residential Plumbing Permit,0,2026-01-22,2026-01-22,"2621 Westfield AVE, DAYTON OH 45420-2377",39.73235807781972,-84.14580559801429
R72 14607 0065,1,1,Residential Building Permit,5420,2026-03-12,2026-03-12,"2538 REVERE AVE, DAYTON OH 45420-1804 United States",39.732189518314534,-84.150168748067
R72 14609 0072,1,1,Residential Water Permit,0,2026-02-18,2026-02-18,"450 WATERVLIET AVE, DAYTON OH 45420-2467 United States",39.7346928575218,-84.14535571491851
R72 14611 0027,4,4,Residential Building Permit,75000,2026-04-06,2026-06-10,"2313 FAUVER AVE, DAYTON OH 45420-2524 United States",39.73349140060176,-84.14214447974645
R72 14611 0058,1,1,Residential Plumbing Permit,0,2026-06-26,2026-06-26,"2227 S SMITHVILLE RD, DAYTON OH 45420-2753 United States",39.73502841903964,-84.14101416191218
R72 14701 0010,1,1,Residential Plumbing Permit,0,2026-05-13,2026-05-13,"819 HIGHRIDGE AVE, DAYTON OH 45420-2738 United States",39.73175859611566,-84.14020106834123
R72 14701 0030,1,1,Residential Water Permit,0,2026-04-10,2026-04-10,"2350 S SMITHVILLE RD, DAYTON OH 45420-2756 United States",39.73245375816308,-84.14075440270058
R72 14702 0003,2,2,Commercial Plumbing Permit,0,2026-02-19,2026-06-10,"2366 Glenarm AVE, DAYTON OH 45420-2729",39.73303713201385,-84.13850990626285
R72 14703 0011,1,1,Residential Plumbing Permit,0,2026-04-14,2026-04-14,"2137 MORELAND AVE, DAYTON OH 45420-2813 United States",39.7360993843627,-84.13963818360925
R72 14705 0005,1,1,Commercial Building Permit,5000,2026-02-05,2026-02-05,"1930 S SMITHVILLE RD, DAYTON OH 45420-2854 United States",39.7384317032065,-84.14014470161567
R72 14705 0039,1,1,Residential Mechanical Permit,0,2026-06-16,2026-06-16,"4115 FARNHAM AVE, DAYTON OH 45420-2822 United States",39.738031039381795,-84.13836408481487
R72 14705 0058,1,1,Residential Gas Permit,0,2026-03-31,2026-03-31,"4022 FARNHAM AVE, DAYTON OH 45420-2861 United States",39.737778685535126,-84.13952117035228
R72 14707 0054,1,1,Residential Wrecking Permit,0,2026-04-15,2026-04-15,"1928 WARD HILL AVE, DAYTON OH 45420-3159 United States",39.73803065351642,-84.13368367972768
R72 14711 0030,1,1,Residential Plumbing Permit,0,2026-05-27,2026-05-27,"4014 WOODCLIFFE AVE, DAYTON OH 45420-2849 United States",39.73917644031484,-84.1397069502573
R72 14711 0060,1,1,Residential Plumbing Permit,0,2026-03-06,2026-03-06,"4039 WOODCLIFFE AVE, DAYTON OH 45420-2848 United States",39.73947323764121,-84.13890657850582
R72 14711 0098,1,1,Residential Plumbing Permit,0,2026-03-03,2026-03-03,"4140 ARCADIA BLVD, DAYTON OH 45420-2818 United States",39.739743382405315,-84.13745828880391
R72 14713 0074,1,1,Permit Revision,0,2026-01-13,2026-01-13,"4432 WOODBINE AVE, DAYTON OH 45420-3113 United States",39.734967514288755,-84.1328117004745
R72 14801 0005,2,2,Residential Plumbing Permit,0,2026-05-29,2026-05-29,"2225 KING AVE, DAYTON OH 45420-2361 United States",39.7358501249381,-84.14877234820709
R72 14801 0070,1,1,Residential Plumbing Permit,0,2026-06-01,2026-06-01,"2151 MAPLEVIEW AVE, DAYTON OH 45420-1813 United States",39.73677374326344,-84.15142599551378
R72 14802 0026,1,1,Residential Sewer Permit,0,2026-04-28,2026-04-28,"322 WATERVLIET AVE, DAYTON OH 45420-2457 United States",39.736141043604825,-84.14722501996552
R72 14802 0056,4,4,Residential Building Permit,90000,2026-03-04,2026-06-05,"2217 NILL AVE, DAYTON OH 45420-2368 United States",39.735259634373755,-84.1474211829501
R72 14805 0023,1,1,Residential Sewer Permit,0,2026-06-29,2026-06-29,"2125 JOHN GLENN RD, DAYTON OH 45420-2418 United States",39.737088609405376,-84.14545142174372
R72 14805 0075,1,1,Residential Building Permit,26135,2026-01-09,2026-01-09,"2213 ROSEMONT BLVD, DAYTON OH 45420-2536 United States",39.73647591100775,-84.14352357196847
R72 14806 0061,1,1,Permit Revision,0,2026-03-31,2026-03-31,"2035 Pershing BLVD, DAYTON OH 45420-2430",39.73767245350649,-84.14649658692616
R72 14808 0005,1,1,Residential Zoning Only Permit,0,2026-03-23,2026-03-23,"3143 HASSLER ST, DAYTON OH 45420-1976 United States",39.73986558921697,-84.14927989530192
R72 14809 0016,1,1,Residential Water Permit,0,2026-02-27,2026-02-27,"3609 WAYNE AVE, DAYTON OH 45420-2438 United States",39.73881352571029,-84.14463141639197
R72 14902 0014,1,1,Residential Electrical Permit,0,2026-01-12,2026-01-12,"1833 COVENTRY RD, DAYTON OH 45420-2403 United States",39.74008232090555,-84.14402828377527
R72 14902 0089,1,1,Residential Plumbing Permit,0,2026-04-13,2026-04-13,"1832 KING AVE, DAYTON OH 45420-2447 United States",39.740260754347034,-84.14695607668874
R72 14903 0037,1,1,Residential Plumbing Permit,0,2026-05-27,2026-05-27,"1900 ROSEMONT BLVD, DAYTON OH 45420-2513 United States",39.739435629181806,-84.14236988589577
R72 14903 0051,1,1,Residential Plumbing Permit,0,2026-02-24,2026-02-24,"1817 ROSEMONT BLVD, DAYTON OH 45420-2510 United States",39.740450431850654,-84.14284191228357
R72 14903 0079,1,1,Residential Plumbing Permit,0,2026-06-15,2026-06-15,"1812 COVENTRY RD, DAYTON OH 45420-2404 United States",39.74059206201276,-84.1435103739084
R72 14906 0012,1,1,Residential Plumbing Permit,0,2026-02-17,2026-02-17,"1722 ROSEMONT BLVD, DAYTON OH 45420-2509 United States",39.74211966789948,-84.14207387083667
R72 14906 0027,1,1,Residential Plumbing Permit,0,2026-03-05,2026-03-05,"1755 ROSEMONT BLVD, DAYTON OH 45420-2508 United States",39.741253424731106,-84.14275414058197
R72 14907 0003,1,1,Residential Water Permit,0,2026-03-12,2026-03-12,"3517 CLEVELAND AVE, DAYTON OH 45410-3201 United States",39.74317070272135,-84.14524284887494
R72 14907 0026,1,1,Residential Plumbing Permit,0,2026-02-19,2026-02-19,"1724 PERSHING BLVD, DAYTON OH 45420-2425 United States",39.74231058740743,-84.14568139694275
R72 14909 0018,1,1,Residential Sewer Permit,0,2026-01-05,2026-01-05,"1632 PERSHING BLVD, DAYTON OH 45410-3119 United States",39.74387198445256,-84.14555462612165
R72 14909 0025,1,1,Residential Sewer Permit,0,2026-02-23,2026-02-23,"1604 PERSHING BLVD, DAYTON OH 45410-3119 United States",39.744694876903814,-84.14542113730481
R72 14911 0001,1,1,Permit Revision,0,2026-02-02,2026-02-02,"2918 MARIMONT DR, DAYTON OH 45420 United States",39.74456276023402,-84.1401644982797
R72 14911 0052,1,1,Residential Water Permit,0,2026-05-28,2026-05-28,"1612 ROSEMONT BLVD, DAYTON OH 45410-3231 United States",39.744401304166026,-84.14188933453968
R72 15004 0027,1,1,Residential Electrical Permit,0,2026-02-26,2026-02-26,"1854 RUSSET AVE, DAYTON OH 45410-3447 United States",39.74047076219777,-84.13040116151686
R72 15006 0042,1,1,Residential Water Permit,0,2026-06-30,2026-06-30,"4403 CORINTH DR, DAYTON OH 45410-3415 United States",39.74218891959549,-84.13320854300876
R72 15007 0068,1,1,Residential Plumbing Permit,0,2026-01-08,2026-01-08,"3222 MESMER AVE, DAYTON OH 45410-3453 United States",39.74326731456333,-84.13600809854265
R72 15008 0065,1,1,Residential Building Permit,13000,2026-01-05,2026-01-05,"3046 MESMER AVE, DAYTON OH 45410-3448 United States",39.743387428750964,-84.13821615722341
R72 15009 0034,1,1,Residential Plumbing Permit,0,2026-02-03,2026-02-03,"3015 MESMER AVE, DAYTON OH 45410-3449 United States",39.74378599741613,-84.13916451496075
R72 15010 0027,1,1,Residential Plumbing Permit,0,2026-03-10,2026-03-10,"1601 WESTONA DR, DAYTON OH 45410-3339 United States",39.74490526757119,-84.13609986838013
R72 15011 0002,1,1,Residential Plumbing Permit,0,2026-06-25,2026-06-25,"1671 PELL DR, DAYTON OH 45410-3310 United States",39.743498782338406,-84.13162443627027
R72 15011 0013,1,1,Residential Zoning Only Permit,0,2026-03-11,2026-03-11,"1629 PELL DR, DAYTON OH 45410-3310 United States",39.74476091350045,-84.13149389819775
R72 15104 0042,9,5,Permit Revision,0,2026-01-21,2026-06-22,"2916 Linden AVE, DAYTON OH 45410-3027",39.74777482615213,-84.14065905430063
R72 15105 0012,1,1,Permit Revision,0,2026-02-10,2026-02-10,"2702 Linden AVE, DAYTON OH 45410-3045",39.7482181535818,-84.14402455452765
R72 15105 0016,1,1,Commercial Electrical Permit,0,2026-05-22,2026-05-22,"2718 LINDEN AVE, DAYTON OH 45410 United States",39.748026098146276,-84.14362162961835
R72 15105 0075,3,2,Residential Water Permit,0,2026-06-04,2026-06-04,"1423 JOHN GLENN RD, DAYTON OH 45410-3112 United States",39.7476642736221,-84.14455569463122
R72 15106 0005,1,1,Residential Plumbing Permit,0,2026-05-05,2026-05-05,"819 SANTA CRUZ AVE, DAYTON OH 45410-3128 United States",39.74800181492299,-84.14866497714601
R72 15106 0020,1,1,Residential Zoning Only Permit,0,2026-01-15,2026-01-15,"826 SANTA CRUZ AVE, DAYTON OH 45410-3129 United States",39.747736414087896,-84.14820692329438
R72 15108 0052,1,1,Residential Water Permit,0,2026-02-06,2026-02-06,"2515 SAINT CHARLES AVE, DAYTON OH 45410-3126 United States",39.748730217669944,-84.14661025456157
R72 15110 0008,3,2,Permit Revision,0,2026-02-26,2026-05-08,"2915 LINDEN AVE, DAYTON OH 45410-3038 United States",39.74864179323123,-84.14084025541707
R72 15111 0016,1,1,Residential Plumbing Permit,0,2026-01-30,2026-01-30,"1503 PERSHING BLVD, DAYTON OH 45410-3116 United States",39.74643930500387,-84.14555480709978
R72 15111 0023,1,1,Residential Plumbing Permit,0,2026-06-11,2026-06-11,"28 BRAD CIR, DAYTON OH 45410-3108 United States",39.74602036107897,-84.14644838753053
R72 15205 0002,1,1,Residential Plumbing Permit,0,2026-03-02,2026-03-02,"1407 HEARTHSTONE DR, DAYTON OH 45410 United States",39.74747543333417,-84.13314062875106
R72 15206 0034,1,1,Residential Plumbing Permit,0,2026-04-01,2026-04-01,"3414 LINDEN AVE, DAYTON OH 45410-3037 United States",39.74745684605962,-84.13427813508663
R72 15206 0044,1,1,Sign Permit,0,2026-01-29,2026-01-29,"3305 LINDEN AVE, DAYTON OH 45410-3034 United States",39.74796924595537,-84.13562350823815
R72 15209 0026,1,1,Residential Zoning Only Permit,0,2026-03-19,2026-03-19,"1739 GONDERT AVE, DAYTON OH 45403-3416 United States",39.75492811450657,-84.1350652147548
R72 15209 0055,1,1,Special Service Inspection,0,2026-05-19,2026-05-19,"1628 GONDERT AVE, DAYTON OH 45403-3330 United States",39.75470466650533,-84.13769244419132
R72 15209 0056,1,1,Residential Plumbing Permit,0,2026-03-24,2026-03-24,"1634 GONDERT AVE, DAYTON OH 45403-3330 United States",39.754692642808905,-84.13757122209152
R72 15210 0083,2,2,Residential Building Permit,0,2026-01-30,2026-05-01,"1805 TUTTLE AVE, DAYTON OH 45403-3429 United States",39.75397011550387,-84.13367132270339
R72 15213 0005,1,1,Commercial Fire Alarm Permit,0,2026-05-22,2026-05-22,"1065 WOODMAN DR, DAYTON OH 45432 United States",39.75118979833021,-84.1205601081277
R72 15213 0041,1,1,Commercial Wrecking Permit,0,2026-06-03,2026-06-03,"3816 LINDEN AVE, DAYTON OH",39.74705848563581,-84.1279942443896
R72 15301 0070,1,1,Commercial Building Permit,30000,2026-01-09,2026-01-09,"1332 Jordan AVE, UNIT F, DAYTON OH 45410-2845",39.75199821375098,-84.14584610644549
R72 15303 0042,1,1,Residential Water Permit,0,2026-01-09,2026-01-09,"1523 OHMER ST, DAYTON OH 45410-3013 United States",39.75013384383936,-84.1423267453723
R72 15306 0013,1,1,Residential Plumbing Permit,0,2026-03-20,2026-03-20,"715 GREENLAWN AVE, DAYTON OH 45403-3331 United States",39.75323436419844,-84.14295332776355
R72 15307 0010,2,2,Residential Plumbing Permit,0,2026-02-02,2026-02-13,"401 SANTA CRUZ AVE, DAYTON OH 45410-2824 United States",39.753531596747656,-84.14809854955516
R72 15402 0001,1,1,Residential Plumbing Permit,0,2026-05-04,2026-05-04,"1839 GUMMER AVE, DAYTON OH 45403-3442 United States",39.755660880778095,-84.13253528954668
R72 15403 0050,1,1,Residential Water Permit,0,2026-03-16,2026-03-16,"1819 SUMAN AVE, DAYTON OH 45403-3140 United States",39.756540462807614,-84.1330575033258
R72 15404 0022,1,1,Residential Gas Permit,0,2026-04-17,2026-04-17,"1718 HUFFMAN AVE, DAYTON OH 45403-3110 United States",39.7572209317146,-84.13545340174413
R72 15404 0070,1,1,Residential Plumbing Permit,0,2026-06-18,2026-06-18,"1704 SUMAN AVE, DAYTON OH 45403-3139 United States",39.75634415245839,-84.1359059886237
R72 15405 0011,1,1,Residential Electrical Permit,0,2026-05-15,2026-05-15,"1657 HUFFMAN AVE, DAYTON OH 45403-3107 United States",39.75764591621311,-84.1366729433507
R72 15407 0019,4,3,Residential Building Permit,70000,2026-02-06,2026-05-20,"1921 Tuttle AVE, DAYTON OH 45403-3431",39.75389446215779,-84.13122035393424
R72 15407 0086,1,1,Commercial Building Permit,25000,2026-02-17,2026-02-17,"1924 BROWN ST, DAYTON OH 45409-2456",39.73371537630397,-84.18030574225784
R72 15408 0145,2,2,Residential Electrical Permit,0,2026-06-22,2026-06-24,"432 ALEXANDER DR, DAYTON OH 45403-3250 United States",39.75800907042355,-84.12776623043966
R72 15408 0222,1,1,Residential Plumbing Permit,0,2026-05-12,2026-05-12,"4720 BURKHARDT AVE, DAYTON OH 45403-3204 United States",39.759714210192215,-84.13052766674464
R72 15409 0001,1,1,Residential Plumbing Permit,0,2026-04-10,2026-04-10,"119 BILLWOOD RD, DAYTON OH 45431 United States",39.762560127902816,-84.13181102478886
R72 15410 0019,1,1,Residential Plumbing Permit,0,2026-01-06,2026-01-06,"1812 DARST AVE, DAYTON OH 45403-3106 United States",39.758043286416026,-84.13299666397072
R72 15411 0003,1,1,Permit Revision,0,2026-01-06,2026-01-06,"4325 Merrydale AVE, DAYTON OH 45431-1818",39.76302089261181,-84.13695931828894
R72 15501 0072,1,1,Residential Plumbing Permit,0,2026-06-30,2026-06-30,"407 WHITMORE AVE, DAYTON OH 45417-1365 United States",39.753579861495425,-84.26523388227052
R72 15501 0079,1,1,Residential Gas Permit,0,2026-01-05,2026-01-05,"333 WHITMORE AVE, DAYTON OH 45417-1363 United States",39.75231321379161,-84.26492430781637
R72 15501 0087,1,1,Residential Water Permit,0,2026-04-20,2026-04-20,"314 MIA AVE, DAYTON OH 45417-9012 United States",39.75182951793962,-84.26568041032311
R72 15501 0102,1,1,Special Service Inspection,0,2026-01-13,2026-01-13,"508 MIA AVE, DAYTON OH 45417-9103 United States",39.75445583861909,-84.26577545509461
R72 15502 0007,1,1,Residential Sewer Permit,0,2026-03-04,2026-03-04,"4639 FRIDEN CT, DAYTON OH 45417-1422 United States",39.74947963435462,-84.26382096596939
R72 15504 0086,1,1,Residential Mechanical Permit,0,2026-01-29,2026-01-29,"27 STRAND AVE, DAYTON OH 45417-8930 United States",39.74585167303388,-84.27004643131595
R72 15505 0142,3,2,Permit Revision,20801,2026-03-26,2026-06-18,"70 HOLLENCAMP AVE, DAYTON OH 45417",39.74895881248158,-84.2681261847647
R72 15506 0006,1,1,Residential Plumbing Permit,0,2026-02-19,2026-02-19,"4913 W THIRD ST, DAYTON OH 45417-9047 United States",39.747386980346356,-84.26638960663546
R72 15508 0006,4,4,Commercial Fire Alarm Permit,0,2026-03-17,2026-05-07,"4389 W Third ST, DAYTON OH 45402",39.74883602212424,-84.25842266317747
R72 15603 0011,4,3,Commercial Wrecking Permit,0,2026-01-02,2026-04-29,"1803 Webster ST, DAYTON OH 45404-1153",39.78678996722427,-84.18214840907886
R72 15603 0029,3,2,Commercial Wrecking Permit,0,2026-01-21,2026-05-01,"1825 WEBSTER ST, DAYTON OH 45404 United States",39.7873136346847,-84.18220018322782
R72 15603 0030,1,1,Commercial Wrecking Permit,0,2026-04-30,2026-04-30,"1944 STANLEY AVE, DAYTON OH 45404-1121 United States",39.78801639443907,-84.18240224021051
R72 15603 0031,1,1,Commercial Wrecking Permit,0,2026-04-28,2026-04-28,"1934 STANLEY AVE, DAYTON OH 45404-1121 United States",39.78803260514124,-84.18280481507645
R72 15603 0032,1,1,Commercial Wrecking Permit,0,2026-04-28,2026-04-28,"1920 STANLEY AVE, DAYTON OH 45404-1121 United States",39.78807194360742,-84.18312252067847
R72 15603 0035,1,1,Sign Permit,0,2026-02-10,2026-02-10,"2030 WINNERS CIR, DAYTON OH 45404-1130 United States",39.78880976233988,-84.18050300740958
R72 15606 0035,1,1,Residential Plumbing Permit,0,2026-01-27,2026-01-27,"2961 LINDALE AVE, DAYTON OH 45414-5520 United States",39.793400551018784,-84.19801573784981
R72 15607 0116,1,1,Residential Plumbing Permit,0,2026-03-17,2026-03-17,"3455 LINDALE AVE, DAYTON OH 45414-5403 United States",39.79834165792337,-84.19791551933643
R72 15607 0136,1,1,Residential Plumbing Permit,0,2026-04-13,2026-04-13,"3436 RIDGE AVE, DAYTON OH 45414-5441 United States",39.797638522810324,-84.19982413857699
R72 15608 0004,1,1,Residential Mechanical Permit,0,2026-05-26,2026-05-26,"1855 FIELDSTONE DR, DAYTON OH 45414-5303 United States",39.800705177632025,-84.19568417733389
R72 15609 0003,1,1,Residential Electrical Permit,0,2026-01-13,2026-01-13,"3213 RIDGE AVE, DAYTON OH 45414-5438 United States",39.794683197258244,-84.2004496749821
R72 15609 0045,5,4,Residential Plumbing Permit,0,2026-03-12,2026-06-15,"3220 ZEPHYR DR, DAYTON OH 45414-5451 United States",39.794806638584234,-84.20102572825539
R72 15610 0129,1,1,Residential Plumbing Permit,0,2026-06-01,2026-06-01,"3809 HILLMONT AVE, DAYTON OH 45414-5311 United States",39.80167892045826,-84.20218679633714
R72 15611 0007,1,1,Residential Plumbing Permit,0,2026-05-15,2026-05-15,"3816 RIDGE AVE, DAYTON OH 45414-5326 United States",39.80132487955066,-84.19934096553857
R72 15611 0035,1,1,Residential Sewer Permit,0,2026-03-27,2026-03-27,"1640 PINECREST DR, DAYTON OH 45414-5318 United States",39.7992884195988,-84.19852235100068
R72 15612 0051,1,1,Residential Gas Permit,0,2026-02-20,2026-02-20,"3900 RIDGE AVE, DAYTON OH 45414-5328 United States",39.80132767560939,-84.19782454792987
R72 15612 0061,2,2,Residential Building Permit,45000,2026-01-30,2026-04-20,"3930 RIDGE AVE, DAYTON OH 45414-5328 United States",39.80139873186808,-84.19651981905751
R72 15613 0002,1,1,Residential Plumbing Permit,0,2026-05-29,2026-05-29,"2904 RIDGE AVE, DAYTON OH 45414-5437 United States",39.79180629034728,-84.19926892375791
R72 15614 0061,1,1,Residential Plumbing Permit,0,2026-03-09,2026-03-09,"3221 HILLPOINT LN, DAYTON OH 45414-5422 United States",39.79518823386603,-84.2027293905721
R72 15701 0137,1,1,Residential Electrical Permit,0,2026-06-29,2026-06-29,"3603 DANDRIDGE AVE, DAYTON OH 45402-4116 United States",39.76580966149335,-84.24732294181716
R72 15701 0158,1,1,Residential Plumbing Permit,0,2026-02-25,2026-02-25,"3525 DANDRIDGE AVE, DAYTON OH 45402-4115 United States",39.766453779983856,-84.24684807196037
R72 15701 0223,1,1,Special Service Inspection,0,2026-04-28,2026-04-28,"1100 CICILION AVE, DAYTON OH 45402-4111 United States",39.767567581408606,-84.2487546586336
R72 15704 0019,1,1,Commercial Building Permit,50000,2026-05-07,2026-05-07,"1431 N GETTYSBURG AVE, DAYTON OH 45417-9517 United States",39.766205376348715,-84.25409314672025
R72 15801 0004,6,3,Residential Electrical Permit,0,2026-02-12,2026-05-13,"3740 KINGS HWY, DAYTON OH 45406-3504 United States",39.7831522300154,-84.24530581433002
R72 15804 0068,1,1,Residential Plumbing Permit,0,2026-02-17,2026-02-17,"4033 PRESCOTT AVE, DAYTON OH 45406-3455 United States",39.78713297386728,-84.2493989384176
R72 15807 0043,1,1,Commercial Sewer Permit,0,2026-03-09,2026-03-09,"2152 N GETTYSBURG AVE, DAYTON OH 45406-3514 United States",39.78180788129662,-84.25239701090709
R72 15808 0010,1,1,Residential Gas Permit,0,2026-03-30,2026-03-30,"4111 KINGS HWY, DAYTON OH 45406-3526 United States",39.7837364178817,-84.25178353335194
R72 15808 0014,1,1,Residential Water Permit,0,2026-04-06,2026-04-06,"2253 N GETTYSBURG AVE, DAYTON OH 45406-3238 United States",39.78477693030906,-84.25399140442322
R72 15817 0012,1,1,Residential Sewer Permit,0,2026-03-17,2026-03-17,"1619 ENGLAND AVE, DAYTON OH 45406-3344 United States",39.78128987680791,-84.2592881206849
R72 15820 0008,1,1,Residential Sewer Permit,0,2026-04-22,2026-04-22,"4423 BLUEHAVEN DR, DAYTON OH 45406-3334 United States",39.780491450909985,-84.25668779507534
R72 15901 0033,1,1,Residential Plumbing Permit,0,2026-04-02,2026-04-02,"4405 GENESEE AVE, DAYTON OH 45406-3216 United States",39.785109669834284,-84.2552418710557
R72 15902 0041,1,1,Residential Sewer Permit,0,2026-05-06,2026-05-06,"4530 QUEENS AVE, DAYTON OH 45406-3230 United States",39.78396349205957,-84.25861183909801
R72 15904 0061,1,1,Residential Water Permit,0,2026-06-03,2026-06-03,"1957 ARLENE AVE, DAYTON OH 45406-3204 United States",39.78504248718104,-84.26245077059716
R72 15907 0002,1,1,Permit Revision,0,2026-03-11,2026-03-11,"2443 N GETTYSBURG AVE, DAYTON OH 45406",39.78955037978412,-84.25416852534777
R72 15907 0038,1,1,Residential Plumbing Permit,0,2026-04-28,2026-04-28,"4432 SAINT JOHNS AVE, DAYTON OH 45406-2329 United States",39.789597789466455,-84.25624480074647
R72 15907 0068,1,1,Residential Water Permit,0,2026-04-21,2026-04-21,"2203 BOHEMIAN AVE, DAYTON OH 45406-2304 United States",39.78917520635165,-84.25512721704689
R72 15909 0065,1,1,Residential Water Permit,0,2026-04-02,2026-04-02,"4626 GREENWICH VILLAGE AVE, DAYTON OH 45406-2410 United States",39.787970878738065,-84.26017225922868
R72 15910 0062,1,1,Residential Sewer Permit,0,2026-06-24,2026-06-24,"4621 SAINT JAMES AVE, DAYTON OH 45406-2324 United States",39.789102272815455,-84.25998374511181
R72 15910 0068,1,1,Residential Plumbing Permit,0,2026-02-10,2026-02-10,"4649 SAINT JAMES AVE, DAYTON OH 45406-2324 United States",39.789161934610476,-84.26094622058405
R72 16002 0025,1,1,Commercial Building Permit,0,2026-06-02,2026-06-02,"2765 WENTWORTH AVE, DAYTON OH 45406 United States",39.79664794563526,-84.2533862237841
R72 16004 0006,1,1,Residential Wrecking Permit,0,2026-06-09,2026-06-09,"2625 N GETTYSBURG AVE, DAYTON OH 45406-1711 United States",39.793204650930754,-84.25412176581294
R72 16004 0061,1,1,Permit Revision,0,2026-03-03,2026-03-03,"4122 Free PIKE, DAYTON OH 45416-1215",39.797565583298635,-84.25664862895361
R72 16006 0032,1,1,Residential Water Permit,0,2026-05-05,2026-05-05,"3431 BARBEE DR, DAYTON OH 45406-1106 United States",39.796557882500835,-84.26777195562644
R72 16008 0011,2,2,Residential Mechanical Permit,0,2026-02-25,2026-03-16,"4406 DANADO DR, DAYTON OH 45406-1417 United States",39.79240912944661,-84.25516957900957
R72 16009 0029,1,1,Residential Electrical Permit,0,2026-05-06,2026-05-06,"4154 MERRYFIELD AVE, DAYTON OH 45416-1220 United States",39.79857606141523,-84.25792711913587
R72 16101 0044,1,1,Residential Electrical Permit,0,2026-02-12,2026-02-12,"1618 HICKORYDALE DR, DAYTON OH 45406-3124 United States",39.780537161160254,-84.264963188462
R72 16102 0091,1,1,Residential Water Permit,0,2026-03-03,2026-03-03,"4936 BLUEBERRY AVE, DAYTON OH 45406-3103 United States",39.78124794034636,-84.26490533834468
R72 16103 0059,1,1,Residential Plumbing Permit,0,2026-02-25,2026-02-25,"4939 Queens AVE, DAYTON OH 45406-3141",39.784311161519796,-84.26506592756573
R72 16104 0079,1,1,Residential Electrical Permit,0,2026-03-12,2026-03-12,"5032 GENESEE AVE, DAYTON OH 45406-2232 United States",39.78463896524584,-84.26699610568673
R72 16104 0083,4,4,Miscellaneous Permit,0,2026-01-05,2026-06-15,"5304 W RIVERVIEW AVE, DAYTON OH",39.78436139800062,-84.2673770061466
R72 16109 0018,1,1,Residential Gas Permit,0,2026-05-11,2026-05-11,"4354 FREE PIKE, DAYTON OH 45416-1218 United States",39.7976385721816,-84.26184046735693
R72 16109 0020,1,1,Residential Mechanical Permit,0,2026-05-26,2026-05-26,"4322 FREE PIKE, DAYTON OH 45416-1218 United States",39.79765822072204,-84.2612642783919
R72 16115 0043,1,1,Residential Zoning Only Permit,0,2026-03-19,2026-03-19,"2448 WYTHE CT, DAYTON OH 45406-1253 United States",39.792900165180065,-84.26524446176491
R72 16116 0021,1,1,Residential Water Permit,0,2026-02-26,2026-02-26,"2410 MARCHMONT DR, DAYTON OH 45406-1231 United States",39.79167986859811,-84.26422757039143
R72 16117 0008,1,1,Residential Plumbing Permit,0,2026-05-08,2026-05-08,"5050 COPELAND ST, DAYTON OH 45406-1211 United States",39.79397771641765,-84.26625776898373
R72 16118 0013,1,1,Residential Plumbing Permit,0,2026-05-19,2026-05-19,"2134 HICKORYDALE DR, DAYTON OH 45406-2241 United States",39.788465410149534,-84.26398602175928
R72 16201 0007,1,1,Residential Gas Permit,0,2026-05-12,2026-05-12,"1676 KIPLING DR, DAYTON OH 45406-4136 United States",39.77859851879724,-84.24243375484788
R72 16201 0010,1,1,Residential Gas Permit,0,2026-05-12,2026-05-12,"1683 KIPLING DR, DAYTON OH 45406-4137 United States",39.77890331891894,-84.24298589740417
R72 16201 0016,1,1,Residential Gas Permit,0,2026-06-01,2026-06-01,"1656 WESLEYAN RD, DAYTON OH 45406-3609 United States",39.77828560488002,-84.24334761933248
R72 16201 0018,1,1,Residential Gas Permit,0,2026-06-01,2026-06-01,"1668 WESLEYAN RD, DAYTON OH 45406-3609 United States",39.778612227343075,-84.24335579314695
R72 16201 0019,2,1,Residential Gas Permit,0,2026-02-03,2026-06-29,"1674 WESLEYAN RD, DAYTON OH 45406-3609 United States",39.778768680628986,-84.24335970845968
R72 16201 0020,1,1,Residential Gas Permit,0,2026-06-10,2026-06-10,"1680 WESLEYAN RD, DAYTON OH 45406-3609 United States",39.77894169165924,-84.24336048178832
R72 16201 0021,1,1,Residential Gas Permit,0,2026-06-01,2026-06-01,"1681 WESLEYAN RD, DAYTON OH 45406-3608 United States",39.77890378498231,-84.24387554042373
R72 16201 0022,1,1,Residential Gas Permit,0,2026-06-10,2026-06-10,"1675 WESLEYAN RD, DAYTON OH 45406-3608 United States",39.77874448276564,-84.24387866534771
R72 16201 0024,1,1,Residential Gas Permit,0,2026-06-01,2026-06-01,"1663 WESLEYAN RD, DAYTON OH 45406-3608 United States",39.778407098515494,-84.24385599313004
R72 16201 0025,1,1,Residential Gas Permit,0,2026-06-01,2026-06-01,"1657 WESLEYAN RD, DAYTON OH 45406-3608 United States",39.778236876364254,-84.24385528955739
R72 16201 0026,1,1,Residential Gas Permit,0,2026-06-10,2026-06-10,"3503 STANFORD PL, DAYTON OH 45406-3640 United States",39.77810474006538,-84.24387693570833
R72 16201 0027,1,1,Residential Gas Permit,0,2026-06-29,2026-06-29,"3502 STANFORD PL, DAYTON OH 45406-3639 United States",39.77773122522553,-84.2438818120812
R72 16201 0029,1,1,Residential Gas Permit,0,2026-06-10,2026-06-10,"1635 WESLEYAN RD, DAYTON OH 45406-3607 United States",39.77740792939324,-84.24383453925793
R72 16201 0030,1,1,Residential Gas Permit,0,2026-06-10,2026-06-10,"1629 WESLEYAN RD, DAYTON OH 45406-3607 United States",39.77723491033522,-84.24383732085302
R72 16201 0032,1,1,Residential Gas Permit,0,2026-06-10,2026-06-10,"1617 WESLEYAN RD, DAYTON OH 45406-3607 United States",39.7769110307688,-84.24382921360422
R72 16201 0033,1,1,Residential Gas Permit,0,2026-06-10,2026-06-10,"1611 WESLEYAN RD, DAYTON OH 45406-3607 United States",39.77673727698034,-84.24387827119575
R72 16201 0035,1,1,Residential Gas Permit,0,2026-06-10,2026-06-10,"3411 CORNELL DR, DAYTON OH 45406-4152 United States",39.77645293380435,-84.24342990967912
R72 16201 0037,1,1,Residential Gas Permit,0,2026-06-10,2026-06-10,"1610 WESLEYAN RD, DAYTON OH 45406-3606 United States",39.77678405007336,-84.24332071346421
R72 16201 0039,1,1,Residential Gas Permit,0,2026-06-29,2026-06-29,"1622 WESLEYAN RD, DAYTON OH 45406-3606 United States",39.77712164556118,-84.2433291615667
R72 16201 0040,1,1,Residential Gas Permit,0,2026-06-10,2026-06-10,"1628 WESLEYAN RD, DAYTON OH 45406-3606 United States",39.77724518117988,-84.24333225298405
R72 16201 0042,1,1,Residential Gas Permit,0,2026-06-29,2026-06-29,"1640 WESLEYAN RD, DAYTON OH 45406-3606 United States",39.777607510397544,-84.24334132015618
R72 16201 0043,1,1,Residential Gas Permit,0,2026-06-29,2026-06-29,"1646 WESLEYAN RD, DAYTON OH 45406-3606 United States",39.777758485679826,-84.24334154198296
R72 16201 0046,1,1,Residential Gas Permit,0,2026-05-05,2026-05-05,"1635 KIPLING DR, DAYTON OH 45406-4134 United States",39.77742366948036,-84.24277804433075
R72 16201 0048,1,1,Residential Gas Permit,0,2026-05-05,2026-05-05,"1623 KIPLING DR, DAYTON OH 45406-4134 United States",39.777079686907385,-84.24282990041195
R72 16201 0049,1,1,Residential Gas Permit,0,2026-05-05,2026-05-05,"1617 KIPLING DR, DAYTON OH 45406-4134 United States",39.77692518133967,-84.2428794421541
R72 16201 0050,1,1,Residential Gas Permit,0,2026-05-12,2026-05-12,"1611 KIPLING DR, DAYTON OH 45406-4134 United States",39.776759968524445,-84.24291087379632
R72 16201 0051,1,1,Residential Gas Permit,0,2026-05-05,2026-05-05,"1605 KIPLING DR, DAYTON OH 45406-4134 United States",39.776589170836935,-84.24294578135603
R72 16201 0052,1,1,Residential Gas Permit,0,2026-06-29,2026-06-29,"3407 CORNELL DR, DAYTON OH 45406-4152 United States",39.776451752505224,-84.24295656946362
R72 16201 0053,1,1,Residential Gas Permit,0,2026-06-29,2026-06-29,"3325 CORNELL DR, DAYTON OH 45406-4150 United States",39.776488032688064,-84.24236318629927
R72 16201 0056,1,1,Residential Gas Permit,0,2026-05-05,2026-05-05,"1634 KIPLING DR, DAYTON OH 45406-4135 United States",39.77752213348039,-84.24225028430334
R72 16201 0057,2,2,Residential Gas Permit,0,2026-03-06,2026-05-12,"1640 KIPLING DR, DAYTON OH 45406-4135 United States",39.77771962159269,-84.24226589340702
R72 16201 0058,1,1,Residential Gas Permit,0,2026-05-05,2026-05-05,"1648 KIPLING DR, DAYTON OH 45406-4135 United States",39.777892375929326,-84.24228088284771
R72 16201 0060,1,1,Residential Gas Permit,0,2026-05-18,2026-05-18,"1631 KENSINGTON DR, DAYTON OH 45406-4132 United States",39.777803891118424,-84.24176978471216
R72 16201 0065,1,1,Residential Gas Permit,0,2026-04-27,2026-04-27,"3251 CAMPUS DR, DAYTON OH 45406-4125 United States",39.777153057297774,-84.24214141176599
R72 16201 0066,1,1,Residential Gas Permit,0,2026-04-27,2026-04-27,"3236 CAMPUS DR, DAYTON OH 45406-4123 United States",39.77684577371121,-84.24157144231853
R72 16201 0067,1,1,Residential Gas Permit,0,2026-06-29,2026-06-29,"3225 CORNELL DR, DAYTON OH 45406-4148 United States",39.776507913498726,-84.24158077854021
R72 16201 0068,1,1,Residential Gas Permit,0,2026-06-29,2026-06-29,"3305 CORNELL DR, DAYTON OH 45406-4150 United States",39.77650246904168,-84.2417621428008
R72 16201 0069,1,1,Residential Gas Permit,0,2026-05-05,2026-05-05,"3242 CAMPUS DR, DAYTON OH 45406-4123 United States",39.77679844074107,-84.24180155130428
R72 16201 0071,1,1,Residential Gas Permit,0,2026-06-29,2026-06-29,"3311 CORNELL DR, DAYTON OH 45406-4150 United States",39.77650656818376,-84.24203982964937
R72 16203 0001,2,2,Residential Gas Permit,0,2026-02-23,2026-06-10,"1601 SHAFTESBURY RD, DAYTON OH 45406-4141 United States",39.77652647319896,-84.24070231184943
R72 16203 0002,1,1,Residential Gas Permit,0,2026-06-29,2026-06-29,"3207 CORNELL DR, DAYTON OH 45406-4148 United States",39.77651496228169,-84.24092264561584
R72 16203 0005,1,1,Residential Gas Permit,0,2026-06-10,2026-06-10,"3117 CORNELL DR, DAYTON OH 45406-4109 United States",39.776525606136104,-84.24002258289603
R72 16203 0006,1,1,Residential Gas Permit,0,2026-06-10,2026-06-10,"3111 CORNELL DR, DAYTON OH 45406-4109 United States",39.77651775398836,-84.23981243532151
R72 16203 0007,1,1,Residential Gas Permit,0,2026-06-10,2026-06-10,"3105 CORNELL DR, DAYTON OH 45406-4109 United States",39.77652071580036,-84.23961322656594
R72 16203 0008,1,1,Residential Gas Permit,0,2026-06-10,2026-06-10,"3031 CORNELL DR, DAYTON OH 45406-4107 United States",39.77652114567258,-84.23939972844441
R72 16203 0009,1,1,Residential Gas Permit,0,2026-06-10,2026-06-10,"3025 CORNELL DR, DAYTON OH 45406-4107 United States",39.776524318152966,-84.23918629879847
R72 16203 0016,1,1,Residential Gas Permit,0,2026-04-27,2026-04-27,"3218 CAMPUS DR, DAYTON OH 45406-4123 United States",39.776946438427,-84.2410828613603
R72 16203 0017,1,1,Residential Gas Permit,0,2026-04-27,2026-04-27,"3210 CAMPUS DR, DAYTON OH 45406-4123 United States",39.776999521335036,-84.2408351126066
R72 16203 0018,2,1,Residential Gas Permit,0,2026-05-05,2026-06-10,"1617 SHAFTESBURY RD, DAYTON OH 45406-4141 United States",39.776991300454334,-84.24064984930553
R72 16203 0019,1,1,Residential Gas Permit,0,2026-06-29,2026-06-29,"3108 CAMPUS DR, DAYTON OH 45406-4121 United States",39.77698652454825,-84.23857147484219
R72 16203 0020,1,1,Residential Gas Permit,0,2026-06-10,2026-06-10,"3112 CAMPUS DR, DAYTON OH 45406-4121 United States",39.77697200961277,-84.23880957737657
R72 16203 0021,1,1,Residential Gas Permit,0,2026-06-10,2026-06-10,"3118 CAMPUS DR, DAYTON OH 45406-4121 United States",39.776960615751534,-84.23901924573428
R72 16203 0022,1,1,Residential Gas Permit,0,2026-06-10,2026-06-10,"3126 CAMPUS DR, DAYTON OH 45406-4121 United States",39.776946682061435,-84.2392181818306
R72 16203 0023,1,1,Residential Gas Permit,0,2026-06-10,2026-06-10,"3132 CAMPUS DR, DAYTON OH 45406-4121 United States",39.77695395389857,-84.23946743970359
R72 16203 0041,1,1,Residential Gas Permit,0,2026-06-29,2026-06-29,"3221 CORNELL DR, DAYTON OH 45406-4148 United States",39.776511354495064,-84.24134957325862
R72 16203 0042,1,1,Residential Gas Permit,0,2026-04-27,2026-04-27,"3228 CAMPUS DR, DAYTON OH 45406-4123 United States",39.776904548268064,-84.24131310819928
R72 16206 0003,1,1,Residential Gas Permit,0,2026-06-29,2026-06-29,"3205 OTTERBEIN AVE, DAYTON OH 45406-3925 United States",39.78137442445498,-84.24078071402738
R72 16206 0026,1,1,Residential Gas Permit,0,2026-05-18,2026-05-18,"1740 KENSINGTON DR, DAYTON OH 45406-3912 United States",39.78096148074329,-84.24122239477083
R72 16206 0028,1,1,Residential Gas Permit,0,2026-06-01,2026-06-01,"1730 KENSINGTON DR, DAYTON OH 45406-3912 United States",39.7805624840041,-84.24128000006324
R72 16206 0029,1,1,Residential Gas Permit,0,2026-05-18,2026-05-18,"1728 KENSINGTON DR, DAYTON OH 45406-3912 United States",39.7804413749159,-84.24129831262557
R72 16206 0032,1,1,Residential Gas Permit,0,2026-05-12,2026-05-12,"1714 KENSINGTON DR, DAYTON OH 45406-3912 United States",39.78001393842203,-84.24142290077218
R72 16206 0035,1,1,Residential Building Permit,0,2026-05-21,2026-05-21,"1719 SHAFTESBURY RD, DAYTON OH 45406-3942 United States",39.780284736620196,-84.24075348378726
R72 16206 0070,1,1,Residential Gas Permit,0,2026-05-18,2026-05-18,"1704 KENSINGTON DR, DAYTON OH 45406-3912 United States",39.77968119414031,-84.24145726319638
R72 16207 0001,1,1,Residential Gas Permit,0,2026-05-18,2026-05-18,"3300 HARVARD BLVD, DAYTON OH 45406-4128 United States",39.779218084185516,-84.24194746890127
R72 16207 0003,1,1,Residential Gas Permit,0,2026-05-18,2026-05-18,"3312 HARVARD BLVD, DAYTON OH 45406-4128 United States",39.77923061302688,-84.24239621459753
R72 16207 0005,1,1,Residential Sewer Permit,0,2026-02-23,2026-02-23,"1702 KIPLING DR, DAYTON OH 45406-3914 United States",39.77966514746352,-84.24253518266931
R72 16207 0006,1,1,Residential Gas Permit,0,2026-05-18,2026-05-18,"3311 HARVARD BLVD, DAYTON OH 45406-4129 United States",39.77967407722932,-84.24230410418824
R72 16207 0007,1,1,Residential Gas Permit,0,2026-05-18,2026-05-18,"3305 HARVARD BLVD, DAYTON OH 45406-4129 United States",39.779654779951876,-84.24212566935525
R72 16207 0008,1,1,Residential Gas Permit,0,2026-06-01,2026-06-01,"1701 KENSINGTON DR, DAYTON OH 45406-3913 United States",39.779676736733215,-84.24194115456369
R72 16207 0009,1,1,Residential Gas Permit,0,2026-05-18,2026-05-18,"1713 KENSINGTON DR, DAYTON OH 45406-3913 United States",39.77991838000146,-84.24194008298241
R72 16207 0011,1,1,Residential Gas Permit,0,2026-05-18,2026-05-18,"1721 KENSINGTON DR, DAYTON OH 45406-3913 United States",39.78022132102291,-84.24188002175799
R72 16207 0014,1,1,Residential Gas Permit,0,2026-05-12,2026-05-12,"1733 KENSINGTON DR, DAYTON OH 45406-3913 United States",39.780515932376595,-84.24182336773282
R72 16207 0016,2,1,Residential Gas Permit,0,2026-05-12,2026-05-18,"1741 KENSINGTON DR, DAYTON OH 45406-3913 United States",39.78093286473579,-84.2416700644118
R72 16207 0019,1,1,Residential Gas Permit,0,2026-06-01,2026-06-01,"3314 OTTERBEIN AVE, DAYTON OH 45406-3926 United States",39.78088082618647,-84.24221323914841
R72 16207 0020,1,1,Residential Gas Permit,0,2026-06-29,2026-06-29,"1740 KIPLING DR, DAYTON OH 45406-3914 United States",39.78082911686636,-84.24236855998018
R72 16207 0021,1,1,Residential Gas Permit,0,2026-05-18,2026-05-18,"1734 KIPLING DR, DAYTON OH 45406-3914 United States",39.780636957012284,-84.24236375368687
R72 16207 0022,1,1,Residential Gas Permit,0,2026-05-12,2026-05-12,"1730 KIPLING DR, DAYTON OH 45406-3914 United States",39.780499441819124,-84.2423780987571
R72 16207 0023,1,1,Residential Gas Permit,0,2026-05-12,2026-05-12,"1724 KIPLING DR, DAYTON OH 45406-3914 United States",39.78035637890501,-84.2423994167249
R72 16207 0024,1,1,Residential Gas Permit,0,2026-05-12,2026-05-12,"1720 KIPLING DR, DAYTON OH 45406-3914 United States",39.78020519901574,-84.24240992065764
R72 16207 0025,1,1,Residential Gas Permit,0,2026-05-18,2026-05-18,"1716 KIPLING DR, DAYTON OH 45406-3914 United States",39.780078550798265,-84.24243165021313
R72 16207 0026,1,1,Residential Gas Permit,0,2026-05-12,2026-05-12,"1712 KIPLING DR, DAYTON OH 45406-3914 United States",39.779949370444584,-84.24243908950453
R72 16207 0028,1,1,Residential Gas Permit,0,2026-04-24,2026-04-24,"3400 HARVARD BLVD, DAYTON OH 45406-4130 United States",39.77916331856602,-84.24304219549998
R72 16207 0030,1,1,Residential Gas Permit,0,2026-06-01,2026-06-01,"1690 WESLEYAN RD, DAYTON OH 45406-3609 United States",39.779190134689465,-84.2434556741834
R72 16207 0032,1,1,Residential Gas Permit,0,2026-05-12,2026-05-12,"3409 HARVARD BLVD, DAYTON OH 45406-4131 United States",39.77965239000532,-84.24320748773324
R72 16207 0034,1,1,Residential Gas Permit,0,2026-05-12,2026-05-12,"1701 KIPLING DR, DAYTON OH 45406-3915 United States",39.77967852223052,-84.24292698701231
R72 16207 0035,1,1,Residential Gas Permit,0,2026-05-18,2026-05-18,"1711 KIPLING DR, DAYTON OH 45406-3915 United States",39.77991689384062,-84.2429614046883
R72 16207 0037,1,1,Residential Gas Permit,0,2026-06-01,2026-06-01,"1721 KIPLING DR, DAYTON OH 45406-3915 United States",39.780186181537886,-84.242946802582
R72 16207 0038,1,1,Residential Gas Permit,0,2026-05-18,2026-05-18,"1727 KIPLING DR, DAYTON OH 45406-3915 United States",39.7803488559711,-84.24290457710372
R72 16207 0039,1,1,Residential Gas Permit,0,2026-05-18,2026-05-18,"1731 KIPLING DR, DAYTON OH 45406-3915 United States",39.78048358321654,-84.24289016334913
R72 16207 0040,1,1,Residential Gas Permit,0,2026-05-18,2026-05-18,"1737 KIPLING DR, DAYTON OH 45406-3915 United States",39.78079823796848,-84.24278060482021
R72 16207 0041,1,1,Residential Gas Permit,0,2026-05-18,2026-05-18,"3406 OTTERBEIN AVE, DAYTON OH 45406-3928 United States",39.780783556473125,-84.24302932772922
R72 16207 0042,1,1,Residential Gas Permit,0,2026-05-18,2026-05-18,"3410 OTTERBEIN AVE, DAYTON OH 45406-3928 United States",39.78076428889773,-84.24321747007713
R72 16207 0044,1,1,Residential Gas Permit,0,2026-06-01,2026-06-01,"1730 WESLEYAN RD, DAYTON OH 45406-3943 United States",39.78048149118255,-84.24339901701575
R72 16207 0045,1,1,Residential Gas Permit,0,2026-06-10,2026-06-10,"1726 WESLEYAN RD, DAYTON OH 45406-3943 United States",39.78034412683254,-84.24340624973883
R72 16207 0049,1,1,Residential Gas Permit,0,2026-06-10,2026-06-10,"1687 WESLEYAN RD, DAYTON OH 45406-3608 United States",39.77905738928302,-84.24388649835393
R72 16207 0050,1,1,Residential Gas Permit,0,2026-06-10,2026-06-10,"3504 HARVARD BLVD, DAYTON OH 45406-3601 United States",39.77920281666086,-84.24389369642071
R72 16207 0053,1,1,Residential Gas Permit,0,2026-06-10,2026-06-10,"1711 WESLEYAN RD, DAYTON OH 45406-3944 United States",39.77981512656223,-84.24389479788381
R72 16207 0054,1,1,Residential Gas Permit,0,2026-06-01,2026-06-01,"1713 WESLEYAN RD, DAYTON OH 45406-3944 United States",39.77994694404353,-84.24389454016283
R72 16207 0055,1,1,Residential Gas Permit,0,2026-06-01,2026-06-01,"1717 WESLEYAN RD, DAYTON OH 45406-3944 United States",39.78007591960249,-84.2438977688928
R72 16207 0056,1,1,Residential Gas Permit,0,2026-06-01,2026-06-01,"1721 WESLEYAN RD, DAYTON OH 45406-3944 United States",39.780218550962864,-84.24390845352957
R72 16207 0057,1,1,Residential Gas Permit,0,2026-06-01,2026-06-01,"1725 WESLEYAN RD, DAYTON OH 45406-3944 United States",39.78035870426741,-84.24390129162714
R72 16207 0059,1,1,Residential Gas Permit,0,2026-06-01,2026-06-01,"1735 WESLEYAN RD, DAYTON OH 45406-3944 United States",39.78064417891877,-84.24390843818881
R72 16207 0060,1,1,Residential Gas Permit,0,2026-06-01,2026-06-01,"3500 OTTERBEIN AVE, DAYTON OH 45406-3930 United States",39.78077837640734,-84.24392958119098
R72 16207 0061,1,1,Residential Gas Permit,0,2026-03-16,2026-03-16,"3501 OTTERBEIN AVE, DAYTON OH 45406-3933 United States",39.781137962212505,-84.24393858325956
R72 16207 0062,1,1,Residential Gas Permit,0,2026-03-16,2026-03-16,"1807 WESLEYAN RD, DAYTON OH 45406-3946 United States",39.78127811546372,-84.2439314224903
R72 16207 0064,1,1,Residential Gas Permit,0,2026-06-01,2026-06-01,"3415 OTTERBEIN AVE, DAYTON OH 45406-3929 United States",39.78118052783179,-84.24329196594144
R72 16207 0065,1,1,Residential Gas Permit,0,2026-06-01,2026-06-01,"3411 OTTERBEIN AVE, DAYTON OH 45406-3929 United States",39.78118845282115,-84.24312843638931
R72 16207 0066,1,1,Residential Gas Permit,0,2026-06-01,2026-06-01,"3407 OTTERBEIN AVE, DAYTON OH 45406-3929 United States",39.78121319833957,-84.24294404480008
R72 16207 0067,1,1,Residential Gas Permit,0,2026-02-24,2026-02-24,"1801 KIPLING DR, DAYTON OH 45406-3917 United States",39.781262429279046,-84.24277087790948
R72 16207 0070,1,1,Residential Gas Permit,0,2026-06-01,2026-06-01,"3311 OTTERBEIN AVE, DAYTON OH 45406-3927 United States",39.78135895618551,-84.24200456038766
R72 16209 0016,1,1,Residential Gas Permit,0,2026-02-23,2026-02-23,"1820 KIPLING DR, DAYTON OH 45406 United States",39.78177190427858,-84.24230316310296
R72 16209 0019,1,1,Residential Gas Permit,0,2026-02-23,2026-02-23,"1834 KIPLING DR, DAYTON OH 45406 United States",39.78218076256558,-84.24232050352984
R72 16209 0020,1,1,Residential Plumbing Permit,0,2026-04-02,2026-04-02,"1838 KIPLING DR, DAYTON OH 45406 United States",39.78233388955339,-84.24236351620274
R72 16209 0021,1,1,Residential Gas Permit,0,2026-02-23,2026-02-23,"1842 KIPLING DR, DAYTON OH 45406 United States",39.782473460339375,-84.24239546195335
R72 16209 0024,1,1,Residential Gas Permit,0,2026-02-24,2026-02-24,"1854 KIPLING DR, DAYTON OH 45406 United States",39.782867648869214,-84.24247651745888
R72 16209 0025,1,1,Residential Gas Permit,0,2026-02-23,2026-02-23,"1858 KIPLING DR, DAYTON OH 45406 United States",39.783015925924246,-84.2424766115585
R72 16209 0028,1,1,Residential Gas Permit,0,2026-03-30,2026-03-30,"1870 KIPLING DR, DAYTON OH 45406 United States",39.7833972455872,-84.24250043601951
R72 16209 0034,1,1,Residential Gas Permit,0,2026-02-23,2026-02-23,"1851 KIPLING DR, DAYTON OH 45406 United States",39.78272044996208,-84.24295680105173
R72 16209 0040,1,1,Residential Gas Permit,0,2026-03-30,2026-03-30,"1825 KIPLING DR, DAYTON OH 45406 United States",39.78189066815827,-84.24280793559326
R72 16209 0041,1,1,Residential Gas Permit,0,2026-02-24,2026-02-24,"1821 KIPLING DR, DAYTON OH 45406 United States",39.78175884283249,-84.24281175169227
R72 16209 0048,1,1,Residential Gas Permit,0,2026-03-16,2026-03-16,"1824 WESLEYAN RD, DAYTON OH 45406 United States",39.78189452690933,-84.24347000727018
R72 16209 0049,1,1,Residential Gas Permit,0,2026-02-24,2026-02-24,"1828 WESLEYAN RD, DAYTON OH 45406 United States",39.78204291084282,-84.24346299310072
R72 16209 0050,1,1,Residential Gas Permit,0,2026-02-24,2026-02-24,"1830 WESLEYAN RD, DAYTON OH 45406 United States",39.78217198434583,-84.24346266587976
R72 16209 0052,1,1,Residential Gas Permit,0,2026-03-16,2026-03-16,"1840 WESLEYAN RD, DAYTON OH 45406 United States",39.782449229000434,-84.24346960484932
R72 16209 0053,1,1,Residential Gas Permit,0,2026-03-16,2026-03-16,"1844 WESLEYAN RD, DAYTON OH 45406 United States",39.782591815274415,-84.24348028784658
R72 16209 0054,1,1,Residential Gas Permit,0,2026-03-09,2026-03-09,"1848 WESLEYAN RD, DAYTON OH 45406 United States",39.78272642860591,-84.2434765427472
R72 16209 0057,1,1,Residential Gas Permit,0,2026-03-09,2026-03-09,"1860 WESLEYAN RD, DAYTON OH 45406 United States",39.783135392559274,-84.24348677861454
R72 16209 0059,1,1,Residential Gas Permit,0,2026-03-09,2026-03-09,"3416 KINGS HWY, DAYTON OH 45406 United States",39.78340355347349,-84.2434753571436
R72 16209 0061,1,1,Residential Gas Permit,0,2026-03-16,2026-03-16,"1865 WESLEYAN RD, DAYTON OH 45406 United States",39.78325725722168,-84.2439703000521
R72 16209 0063,1,1,Residential Gas Permit,0,2026-03-09,2026-03-09,"1855 WESLEYAN RD, DAYTON OH 45406 United States",39.782977216689765,-84.24396684558653
R72 16209 0064,1,1,Residential Gas Permit,0,2026-03-09,2026-03-09,"1851 WESLEYAN RD, DAYTON OH 45406 United States",39.78283990448831,-84.24397052218389
R72 16209 0065,1,1,Residential Gas Permit,0,2026-03-09,2026-03-09,"1847 WESLEYAN RD, DAYTON OH 45406 United States",39.7827028131067,-84.2439564191494
R72 16209 0067,1,1,Residential Gas Permit,0,2026-03-16,2026-03-16,"1841 WESLEYAN RD, DAYTON OH 45406 United States",39.78242825850889,-84.24395310211061
R72 16209 0069,1,1,Residential Gas Permit,0,2026-03-16,2026-03-16,"1831 WESLEYAN RD, DAYTON OH 45406 United States",39.78215111189,-84.24394260713869
R72 16209 0072,1,1,Residential Mechanical Permit,0,2026-04-27,2026-04-27,"1819 WESLEYAN RD, DAYTON OH 45406 United States",39.78173629006299,-84.2439571200161
R72 16209 0073,1,1,Residential Gas Permit,0,2026-03-30,2026-03-30,"1815 WESLEYAN RD, DAYTON OH 45406-3946 United States",39.781585482780955,-84.24394267385625
R72 16210 0028,1,1,Residential Water Permit,0,2026-03-10,2026-03-10,"1840 KENSINGTON DR, DAYTON OH 45406 United States",39.78258693996213,-84.24122739882249
R72 16210 0040,1,1,Residential Plumbing Permit,0,2026-05-13,2026-05-13,"1831 SHAFTESBURY RD, DAYTON OH 45406 United States",39.782156381385576,-84.24063658204861
R72 16210 0048,1,1,Residential Water Permit,0,2026-01-21,2026-01-21,"1826 SHAFTESBURY RD, DAYTON OH 45406 United States",39.78201857362647,-84.24011705020092
R72 16211 0051,1,1,Residential Plumbing Permit,0,2026-06-26,2026-06-26,"2900 FOREST GROVE AVE, DAYTON OH 45406 United States",39.78260212018182,-84.23706387748926
R72 16211 0057,1,1,Residential Gas Permit,0,2026-04-06,2026-04-06,"1846 PARKHILL DR, DAYTON OH 45406 United States",39.78267115450838,-84.23777737712113
R72 16211 0061,1,1,Residential Zoning Only Permit,0,2026-01-13,2026-01-13,"1830 PARKHILL DR, DAYTON OH 45406 United States",39.782003875090396,-84.23778207111238
R72 16212 0076,1,1,Special Service Inspection,0,2026-05-18,2026-05-18,"2014 PARKHILL DR, DAYTON OH 45406-2716 United States",39.785910775804595,-84.23799342331714
R72 16213 0118,2,2,Residential Gas Permit,0,2026-04-15,2026-04-15,"1939 Parkhill DR, DAYTON OH 45406",39.784160709380046,-84.2384302353683
R72 16214 0001,1,1,Residential Gas Permit,0,2026-03-09,2026-03-09,"1959 WESLEYAN RD, DAYTON OH 45406-3834 United States",39.78521133819391,-84.24403345156749
R72 16214 0004,1,1,Residential Gas Permit,0,2026-03-16,2026-03-16,"1945 WESLEYAN RD, DAYTON OH 45406-3834 United States",39.78489637721235,-84.24397932548978
R72 16214 0009,1,1,Residential Gas Permit,0,2026-03-16,2026-03-16,"1925 WESLEYAN RD, DAYTON OH 45406 United States",39.784338607520525,-84.24400448635951
R72 16214 0011,1,1,Residential Gas Permit,0,2026-03-09,2026-03-09,"1921 WESLEYAN RD, DAYTON OH 45406 United States",39.78423416095315,-84.24401254244434
R72 16214 0012,1,1,Residential Gas Permit,0,2026-03-16,2026-03-16,"1919 WESLEYAN RD, DAYTON OH 45406 United States",39.78411896234181,-84.2440025449667
R72 16214 0015,1,1,Residential Gas Permit,0,2026-03-30,2026-03-30,"3709 KINGS HWY, DAYTON OH 45406 United States",39.783674171694415,-84.24418359793289
R72 16214 0020,1,1,Residential Gas Permit,0,2026-03-30,2026-03-30,"1914 WESLEYAN RD, DAYTON OH 45406 United States",39.78400779700212,-84.24354068577658
R72 16214 0021,1,1,Residential Gas Permit,0,2026-03-30,2026-03-30,"1916 WESLEYAN RD, DAYTON OH 45406 United States",39.784104226442835,-84.24351814225993
R72 16214 0022,1,1,Residential Gas Permit,0,2026-03-09,2026-03-09,"1920 WESLEYAN RD, DAYTON OH 45406 United States",39.78422766203761,-84.24352484684687
R72 16214 0023,1,1,Residential Gas Permit,0,2026-03-09,2026-03-09,"1924 WESLEYAN RD, DAYTON OH 45406 United States",39.78434866627003,-84.24351358943949
R72 16214 0025,1,1,Residential Gas Permit,0,2026-03-09,2026-03-09,"1934 WESLEYAN RD, DAYTON OH 45406 United States",39.78454901070751,-84.24351860402615
R72 16214 0026,1,1,Residential Gas Permit,0,2026-03-09,2026-03-09,"1938 WESLEYAN RD, DAYTON OH 45406 United States",39.78464796239278,-84.24351396745834
R72 16214 0027,1,1,Residential Gas Permit,0,2026-03-16,2026-03-16,"1940 WESLEYAN RD, DAYTON OH 45406 United States",39.78476037301334,-84.24352389441977
R72 16214 0037,1,1,Residential Gas Permit,0,2026-02-24,2026-02-24,"1937 KIPLING DR, DAYTON OH 45406 United States",39.784669786316385,-84.24297000813934
R72 16214 0038,1,1,Residential Gas Permit,0,2026-02-24,2026-02-24,"1933 KIPLING DR, DAYTON OH 45406 United States",39.78455722471414,-84.24296719162002
R72 16214 0040,1,1,Residential Gas Permit,0,2026-02-24,2026-02-24,"1929 KIPLING DR, DAYTON OH 45406 United States",39.784406462461156,-84.24295274814476
R72 16214 0042,2,2,Residential Gas Permit,0,2026-02-24,2026-04-07,"1921 Kipling DR, DAYTON OH 45406",39.78425275240986,-84.24294890206308
R72 16214 0050,1,1,Residential Gas Permit,0,2026-02-24,2026-02-24,"3323 KINGS HWY, DAYTON OH 45406 United States",39.783724462456156,-84.2422843608895
R72 16214 0063,1,1,Residential Gas Permit,0,2026-02-24,2026-02-24,"1950 KIPLING DR, DAYTON OH 45406-3820 United States",39.78500904771019,-84.2424980139317
R72 16214 0065,1,1,Residential Gas Permit,0,2026-03-09,2026-03-09,"1958 Kipling DR, DAYTON OH 45406-3820",39.78520099643874,-84.24251704354378
R72 16214 0079,1,1,Residential Gas Permit,0,2026-02-24,2026-02-24,"3307 KINGS HWY, DAYTON OH 45406 United States",39.783714620314534,-84.24202078762016
R72 16214 0080,1,1,Residential Gas Permit,0,2026-03-16,2026-03-16,"3301 KINGS HWY, DAYTON OH 45406 United States",39.78370349956324,-84.24184610476453
R72 16214 0109,1,1,Residential Building Permit,0,2026-01-22,2026-01-22,"1959 SHAFTESBURY RD, DAYTON OH 45406 United States",39.78471306214781,-84.24080006455404
R72 16215 0001,1,1,Residential Gas Permit,0,2026-03-16,2026-03-16,"2061 WESLEYAN RD, DAYTON OH 45406-3836 United States",39.78710581674524,-84.24404175778581
R72 16215 0006,1,1,Residential Gas Permit,0,2026-03-09,2026-03-09,"2043 WESLEYAN RD, DAYTON OH 45406-3836 United States",39.78659472678765,-84.24406808890417
R72 16215 0011,1,1,Residential Gas Permit,0,2026-03-16,2026-03-16,"2021 WESLEYAN RD, DAYTON OH 45406-3836 United States",39.78599418671043,-84.24401392485257
R72 16215 0012,1,1,Residential Gas Permit,0,2026-03-09,2026-03-09,"2017 WESLEYAN RD, DAYTON OH 45406-3836 United States",39.78588446617511,-84.24400762099972
R72 16215 0015,1,1,Residential Gas Permit,0,2026-03-09,2026-03-09,"2005 WESLEYAN RD, DAYTON OH 45406-3836 United States",39.7855683924934,-84.24402816337206
R72 16215 0021,1,1,Residential Gas Permit,0,2026-03-16,2026-03-16,"2022 WESLEYAN RD, DAYTON OH 45406 United States",39.785915024704565,-84.24353576891924
R72 16215 0024,1,1,Residential Gas Permit,0,2026-03-30,2026-03-30,"2032 WESLEYAN RD, DAYTON OH 45406-3835 United States",39.7862263039234,-84.24363470227352
R72 16215 0027,1,1,Residential Gas Permit,0,2026-02-24,2026-02-24,"2042 Wesleyan RD, DAYTON OH 45406-3835",39.786562789541144,-84.24359985800045
R72 16215 0029,1,1,Residential Gas Permit,0,2026-03-30,2026-03-30,"2050 WESLEYAN RD, DAYTON OH 45406-3835 United States",39.786757700214466,-84.24363441720074
R72 16215 0047,1,1,Residential Gas Permit,0,2026-03-30,2026-03-30,"2005 KIPLING DR, DAYTON OH 45406-3823 United States",39.785581431580795,-84.24315300117907
R72 16215 0053,1,1,Residential Gas Permit,0,2026-03-30,2026-03-30,"2012 KIPLING DR, DAYTON OH 45406-3822 United States",39.78580149145406,-84.24257125131025
R72 16215 0054,1,1,Residential Gas Permit,0,2026-02-24,2026-02-24,"2016 KIPLING DR, DAYTON OH 45406-3822 United States",39.78592808744452,-84.24255307564732
R72 16215 0057,1,1,Residential Gas Permit,0,2026-02-24,2026-02-24,"2030 KIPLING DR, DAYTON OH 45406-3822 United States",39.78623798566312,-84.24257861430677
R72 16215 0074,2,2,Residential Gas Permit,0,2026-03-23,2026-04-28,"2037 KENSINGTON DR, DAYTON OH 45406-3804 United States",39.78647803223711,-84.24194749945413
R72 16215 0109,1,1,Residential Plumbing Permit,0,2026-06-08,2026-06-08,"2039 SHAFTESBURY RD, DAYTON OH 45406-3819 United States",39.78650008838395,-84.2408340537185
R72 16216 0049,1,1,Commercial Building Permit,15000,2026-04-09,2026-04-09,"2113 LITCHFIELD AVE, DAYTON OH 45406-2702 United States",39.78754916625162,-84.23977413301137
R72 16216 0062,1,1,Commercial Building Permit,400000,2026-02-04,2026-02-04,"3028 Salem AVE, DAYTON OH 45406",39.78932378066692,-84.23984400079993
R72 16216 0071,5,2,Permit Revision,0,2026-03-11,2026-06-24,"3028 Salem AVE, DAYTON OH 45406",39.78932378066692,-84.23984400079993
R72 16302 0024,4,1,Commercial Electrical Permit,0,2026-05-15,2026-05-15,"2261 HEPBURN AVE, DAYTON OH 45406-1846 United States",39.789850937598956,-84.23633348566058
R72 16303 0051,1,1,Residential Water Permit,0,2026-06-17,2026-06-17,"2918 W HILLCREST AVE, DAYTON OH 45406-1810 United States",39.79067236149544,-84.23815498359421
R72 16303 0062,2,2,Residential Gas Permit,0,2026-06-18,2026-06-18,"3026 W HILLCREST AVE, DAYTON OH 45406-1811 United States",39.79063997920831,-84.23959568107729
R72 16304 0038,1,1,Residential Plumbing Permit,0,2026-03-03,2026-03-03,"2125 KIPLING DR, DAYTON OH 45406-2606 United States",39.788015749999275,-84.24305017712895
R72 16305 0015,1,1,Residential Building Permit,2000,2026-04-27,2026-04-27,"2210 KIPLING DR, DAYTON OH 45406-2607 United States",39.78925948625814,-84.24268977785871
R72 16307 0012,1,1,Permit Revision,0,2026-05-18,2026-05-18,"3145 Salem AVE, DAYTON OH 45406",39.79057266914186,-84.24080346597965
R72 16308 0008,3,2,Permit Revision,0,2026-03-27,2026-05-15,"3453 W Siebenthaler AVE, DAYTON OH 45406-1829",39.79847603292476,-84.24331909552619
R72 16308 0027,1,1,Sign Permit,0,2026-01-07,2026-01-07,"2917 PHILADELPHIA DR, DAYTON OH 45405 United States",39.800104646930926,-84.23608817755084
R72 16402 0007,2,2,Residential Plumbing Permit,0,2026-02-20,2026-03-09,"2154 NEWGATE AVE, DAYTON OH 45420-3151 United States",39.73630039116117,-84.1303676572365
R72 16402 0048,1,1,Residential Electrical Permit,0,2026-06-30,2026-06-30,"2243 NEWGATE AVE, DAYTON OH 45420-3357 United States",39.734457365719884,-84.12942478769794
R72 16406 0046,1,1,Residential Plumbing Permit,0,2026-03-04,2026-03-04,"4704 AMESBOROUGH RD, DAYTON OH 45420-3352 United States",39.72927314654167,-84.12766071878247
R72 16409 0004,1,1,Commercial Electrical Permit,0,2026-06-10,2026-06-10,"1675 WOODMAN DR, DAYTON OH 45432-3336 United States",39.732098243274415,-84.12274732415285
R72 16410 0034,1,1,Residential Plumbing Permit,0,2026-02-26,2026-02-26,"1677 FALKE DR, DAYTON OH 45432-3313 United States",39.73380077842911,-84.12767396402585
R72 16411 0007,1,1,Residential Plumbing Permit,0,2026-06-11,2026-06-11,"4629 ALLEGHENY AVE, DAYTON OH 45432-3248 United States",39.73746974696577,-84.12763161682699
R72 16411 0053,1,1,Residential Plumbing Permit,0,2026-04-22,2026-04-22,"4706 WOODBINE AVE, DAYTON OH 45432-3214 United States",39.73559434413401,-84.1272392672662
R72 16413 0035,1,1,Residential Mechanical Permit,0,2026-04-13,2026-04-13,"1515 WOODMAN DR, DAYTON OH 45432-3321 United States",39.73691101607803,-84.12219491672194
R72 16415 0012,1,1,Residential Plumbing Permit,0,2026-05-21,2026-05-21,"4869 Andes DR, DAYTON OH 45432",39.73355631343571,-84.12393057239092
R72 16416 0010,1,1,Commercial Plumbing Permit,0,2026-03-11,2026-03-11,"1739 WOODMAN DR, DAYTON OH 45420-3638 United States",39.73039052257616,-84.12253750030446
R72 16418 0014,1,1,Residential Plumbing Permit,0,2026-03-02,2026-03-02,"4845 RAINIER DR, DAYTON OH 45432-3319 United States",39.73288894558729,-84.1247294098842
R72 16501 0002,1,1,Sign Permit,0,2026-01-09,2026-01-09,"1640 Woodman DR, DAYTON OH 45432",39.733068773847116,-84.121269796347
R72 16502 0003,2,1,Commercial Electrical Permit,0,2026-01-20,2026-01-20,"1570 WOODMAN DR, APT/UNIT 21, DAYTON OH 45432-3335 United States",39.73526582562707,-84.12123908622343
R72 16502 0005,2,1,Commercial Electrical Permit,0,2026-06-10,2026-06-22,"1610 WOODMAN DR, APT/UNIT C5, DAYTON OH 45432-3353 United States",39.7339784751937,-84.12140474877486
R72 16502 0009,3,3,Permit Revision,4200,2026-01-05,2026-02-16,"5042 WOODBINE AVE, DAYTON OH 45432-3630 United States",39.73554191415214,-84.11994030059905
R72 16505 0020,1,1,Residential Plumbing Permit,0,2026-05-13,2026-05-13,"1561 SELKIRK RD, DAYTON OH 45432-3511 United States",39.73499345552181,-84.11949369431676
R72 16510 0041,1,1,Residential Building Permit,2536,2026-02-23,2026-02-23,"5345 MIDDLEBURY RD, DAYTON OH 45432-3613 United States",39.736648658174445,-84.11496560345327
R72 16510 0049,1,1,Residential Sewer Permit,0,2026-05-21,2026-05-21,"1521 EDENDALE RD, DAYTON OH 45432-3602 United States",39.736218407164834,-84.11351173809082
R72 16513 0002,1,1,Residential Sewer Permit,0,2026-06-23,2026-06-23,"1588 LARCHWOOD DR, DAYTON OH 45432-3661 United States",39.733960690072124,-84.11116924823138
R72 16603 0011,1,1,Residential Plumbing Permit,0,2026-02-27,2026-02-27,"5273 IDLEWOOD RD, DAYTON OH 45432-3556 United States",39.731729933456656,-84.11722367967768
R72 16604 0050,1,1,Residential Plumbing Permit,0,2026-02-16,2026-02-16,"5403 HAVERFIELD RD, DAYTON OH 45432-3534 United States",39.730034752499236,-84.1143181403478
R72 16702 0011,2,2,Commercial Building Permit,0,2026-04-02,2026-05-27,"1800 TROY ST, DAYTON OH 45404-2157 United States",39.789563222875586,-84.16736992549426
R72 16702 0034,7,5,Permit Revision,0,2026-01-22,2026-06-29,"1451 Troy ST, DAYTON OH 45404-2726",39.78724250515979,-84.17068124881916
R72 16702 0075,5,4,Permit Revision,5000,2026-01-14,2026-03-03,"1331 TROY ST, DAYTON OH 45404-2748 United States",39.78614010092929,-84.17173677083764
R72 16703 0028,1,1,Commercial Fire Alarm Permit,0,2026-03-16,2026-03-16,"903 BRANDT ST, DAYTON OH 45404-2231 United States",39.78919250729919,-84.15848444846269
R72 16709 0018,1,1,Residential Electrical Permit,0,2026-05-01,2026-05-01,"73 PAW PAW ST, DAYTON OH 45404-2275 United States",39.7842498372064,-84.15850560446272
R72 16715 0026,10,6,Permit Revision,360000,2026-03-19,2026-06-25,"173 AVONDALE DR, DAYTON OH 45404",39.79539127451572,-84.15624011745231
R72 16801 0093,1,1,Residential Plumbing Permit,0,2026-03-27,2026-03-27,"3021 RALLISTON AVE, DAYTON OH 45417-6547 United States",39.73167537569531,-84.24184415135792
R72 16804 0005,2,2,Residential Mechanical Permit,0,2026-04-07,2026-04-07,"2710 DELLA DR, DAYTON OH 45417-4432 United States",39.73501340962793,-84.23581396263837
R72 16804 0014,1,1,Residential Plumbing Permit,0,2026-03-10,2026-03-10,"2515 MADDEN HILLS DR, DAYTON OH 45417-4447 United States",39.73680631503916,-84.23619296568681
R72 16806 0006,1,1,Residential Plumbing Permit,0,2026-04-17,2026-04-17,"1017 RUTH AVE, DAYTON OH 45417-3614 United States",39.73785127992538,-84.23701212610018
R72 16812 0015,1,1,Residential Plumbing Permit,0,2026-03-19,2026-03-19,"2526 YOLANDA DR, DAYTON OH 45431 United States",39.73310079611919,-84.23726142395165
R72 16813 0009,1,1,Residential Mechanical Permit,0,2026-03-19,2026-03-19,"2211 RICHLEY DR, DAYTON OH 45417-4514 United States",39.73622441587746,-84.232846004868
R72 16813 0019,1,1,Residential Plumbing Permit,0,2026-03-24,2026-03-24,"1144 ANGIER DR, DAYTON OH 45417-4409 United States",39.73613075378573,-84.23453304077316
R72 16815 0001,3,3,Commercial Electrical Permit,0,2026-01-06,2026-04-13,"1901 S GETTYSBURG AVE, DAYTON OH 45417-4160 United States",39.72703990647095,-84.25422415913177
R72 16901 0022,1,1,Sign Permit,0,2026-02-24,2026-02-24,"807 S Gettysburg AVE, DAYTON OH 45417-3517",39.73657961054739,-84.2543257110999
R72 16901 0035,1,1,Permit Revision,0,2026-03-26,2026-03-26,"4100 W Third ST, DAYTON OH 45428",39.746902402741334,-84.25608309297633
R72 16901 0038,3,2,Permit Revision,0,2026-04-06,2026-05-19,"3707 GERMANTOWN ST, DAYTON OH 45417-6109 United States",39.73411008074662,-84.25329624574879
R72 16902 0078,3,3,Commercial Building Permit,730125,2026-03-18,2026-04-15,"1400 ALBRITTON DR, DAYTON OH 45417 United States",39.73393872495715,-84.2332941977309
R72 16904 0001,1,1,Commercial Electrical Permit,0,2026-02-19,2026-02-19,"3237 Guthrie RD, DAYTON OH 45417-6605",39.725035126683764,-84.2407892475096
R72 16904 0004,1,1,Commercial Plumbing Permit,0,2026-06-12,2026-06-12,"2800 Guthrie RD, DAYTON OH 45417-6725",39.72568431711716,-84.23053579531195
R72 16910 0009,1,1,Residential Mechanical Permit,0,2026-03-25,2026-03-25,"468 LISCUM DR, DAYTON OH 45417-8802 United States",39.73710825059079,-84.26790740043045
R72 16911 0044,1,1,Residential Plumbing Permit,0,2026-02-11,2026-02-11,"4527 APPLE TREE CT, DAYTON OH 45417-8904 United States",39.73401355584326,-84.26445743185879
R72 16915 0001,1,1,Commercial Tent permit,0,2026-06-25,2026-06-25,"2122 WINNERS CIR, DAYTON OH 45404-1148 United States",39.789976209223035,-84.1776695462847
R72 17002 0024,1,1,Commercial Zoning Only Permit,0,2026-06-03,2026-06-03,"136 HEID AVE, DAYTON OH 45404",39.79539601058539,-84.16770178326152
R72 17003 0021,2,2,Commercial Building Permit,8560000,2026-03-06,2026-05-08,"3210 CHUCK WAGNER LN, DAYTON OH 45414-4401 United States",39.80766921367655,-84.17061597601175
R72 17006 0032,1,1,Residential Plumbing Permit,0,2026-05-12,2026-05-12,"3516 VIEWEL AVE, DAYTON OH 45414-5336 United States",39.798198414470924,-84.19434876050148
R72 17102 0003,3,3,Commercial Building Permit,771375,2026-03-18,2026-04-15,"4447 HOOVER AVE, DAYTON OH 45417-1117 United States",39.762313757589006,-84.26114116389307
R72 17103 0002,1,1,Residential Plumbing Permit,0,2026-03-27,2026-03-27,"1146 Guenther RD, DAYTON OH 45417-9237",39.76455824138345,-84.26593184580672
R72 17108 0013,2,2,Residential Plumbing Permit,0,2026-03-19,2026-03-26,"615 LONGVALE DR, DAYTON OH 45417-8322 United States",39.75752944716378,-84.27279070109269
R72 17405 0007,1,1,Commercial Building Permit,65000,2026-02-16,2026-02-16,"4301 N JAMES H MCGEE BLVD, DAYTON OH 45417-9537 United States",39.77315404422227,-84.26079405011512
R72 17538 0001,2,2,Commercial Mechanical Permit,0,2026-02-16,2026-06-17,"2805 OAKRIDGE DR, DAYTON OH 45417 United States",39.758462103179006,-84.24636270337696
R72 17601 0002,3,2,Permit Revision,0,2026-02-19,2026-05-20,"1038 S SMITHVILLE RD, DAYTON OH 45403 United States",39.75274623908877,-84.13704739261387
R72 17605 0001,1,1,Commercial Electrical Permit,0,2026-06-08,2026-06-08,"2801 N GETTYSBURG AVE, DAYTON OH 45406-1618 United States",39.795971560843554,-84.25491404262927
R72 17614 0001,1,1,Commercial Tent permit,0,2026-06-08,2026-06-08,"10 WILMINGTON AVE, DAYTON OH 45420-1877 United States",39.737853666098594,-84.1606737046294
R72 17615 0007,2,2,Commercial Fire Sprinkler Permit,0,2026-01-13,2026-03-16,"1008 Gateway DR, DAYTON OH 45404",39.7764813461624,-84.15970489029931
R72 17615 0008,1,1,Permit Revision,0,2026-02-19,2026-02-19,"1020 GATEWAY DR, DAYTON OH 45404-2281 United States",39.77669645211314,-84.15868160860315
R72 17616 0001,1,1,Commercial Electrical Permit,0,2026-06-18,2026-06-18,"2300 S EDWIN C MOSES BLVD, DAYTON OH 45417 United States",39.73193958911807,-84.2098013714239
R72 17617 0001,2,1,Commercial Fire Alarm Permit,0,2026-02-02,2026-06-24,"401 LEO ST, DAYTON OH 45404-1009 United States",39.78304235663889,-84.19088391997266
R72 17626 0001,26,6,Permit Revision,80000,2026-01-14,2026-06-18,"1 CHILDRENS PLZ, DAYTON OH 45404 United States",39.774028226896995,-84.16886982183259
R72 17627 0003,19,7,Permit Revision,3920000,2026-01-05,2026-06-09,"1 WYOMING ST, DAYTON OH 45409 United States",39.745718250758195,-84.1865388265835
R72 17715 0001,1,1,Miscellaneous Permit,0,2026-02-12,2026-02-12,"570 SAINT PAUL AVE, DAYTON OH 45410-2251 United States",39.75106066635435,-84.162244086503
R72 17715 0002,1,1,Miscellaneous Permit,0,2026-02-12,2026-02-12,"602 SAINT PAUL AVE, DAYTON OH 45410-1937 United States",39.750469314454016,-84.16269955357663
R72 17722 0006,1,1,Residential Plumbing Permit,0,2026-03-31,2026-03-31,"2520 BRIDGEPORT DR, DAYTON OH 45406-1432 United States",39.79411232998774,-84.25987188237902
R72 17722 0013,1,1,Residential Plumbing Permit,0,2026-05-21,2026-05-21,"4205 CAPE COD CT, DAYTON OH 45406-1431 United States",39.79444816203865,-84.2587166108412
R72 17732 0001,1,1,Permit Revision,0,2026-02-04,2026-02-04,"1064 PATTERSON RD, DAYTON OH 45420-1522 United States",39.72320655478366,-84.14968587717475
R72 17733 0001,1,1,Commercial Mechanical Permit,0,2026-06-30,2026-06-30,"4401 FREE PIKE, DAYTON OH 45416-1219 United States",39.79864847548128,-84.26151007273839
R72 50409 0001,1,1,Residential Plumbing Permit,0,2026-05-28,2026-05-28,"512 WATERVLIET AVE, APT/UNIT A, DAYTON OH 45420-2563 United States",39.73388590872436,-84.14455076238214
R72 50807 0001,2,2,Commercial Plumbing Permit,0,2026-01-20,2026-02-24,"126 BELLAIRE AVE, APT/UNIT 301, DAYTON OH 45420 United States",39.729515618458564,-84.15458358875843
R72 50824 0014,2,1,Commercial Gas Permit,0,2026-03-23,2026-03-23,"302 W GRAND AVE, DAYTON OH 45405-4504",39.76858560563364,-84.20119390808073
R72 51010 0034,2,2,Commercial Plumbing Permit,0,2026-03-24,2026-05-13,"978 IRVING AVE, UNIT 15, DAYTON OH 45419",39.73229984561359,-84.1656268531789
R72 51413 0047,2,2,Commercial Building Permit,0,2026-06-17,2026-06-26,"109 N MAIN ST, STE 1107, DAYTON OH 45402 United States",39.76126875505341,-84.19255428154388
R72 51419 0026,1,1,Commercial Mechanical Permit,0,2026-06-23,2026-06-23,"111 HARRIES ST, DAYTON OH 45402 United States",39.762032900373896,-84.18831764767742
R72 51424 0001,1,1,Commercial Electrical Permit,0,2026-06-03,2026-06-03,"3283 W SIEBENTHALER AVE, DAYTON OH 45406-1825 United States",39.799314904401925,-84.24156375139926
R72 51461 0001,2,2,Commercial Plumbing Permit,0,2026-03-11,2026-06-11,"207 E SIXTH ST, DAYTON OH 45402-2862 United States",39.756193685247126,-84.18709829300921
R72 51466 0031,2,2,Commercial Plumbing Permit,0,2026-01-07,2026-06-03,"226 MCDANIEL ST, DAYTON OH 45405-4828 United States",39.768958951416465,-84.1958331094702
R72 51469 0005,1,1,Permit Revision,0,2026-04-29,2026-04-29,"115 MADISON ST, STE 700, DAYTON OH 45402",39.762600941937116,-84.18547596800903
R72117011 0005,2,2,Commercial Building Permit,250000,2026-04-01,2026-05-22,"3361 SUCCESSFUL WAY, DAYTON OH 45414-4317 United States",39.818458223093316,-84.16438019475648
R72117011 0008,1,1,Commercial Sewer Permit,0,2026-02-19,2026-02-19,"3450 NEEDMORE RD, DAYTON OH 45414-4314 United States",39.81998443250288,-84.16382914470206
R72117011 0013,2,2,Commercial Building Permit,775000,2026-03-05,2026-06-02,"3580 NEEDMORE RD, DAYTON OH 45414-4316 United States",39.81972616502805,-84.15919755730806
R72117011 0014,3,2,Permit Revision,800000,2026-03-23,2026-05-20,"3300 NEEDMORE RD, DAYTON OH 45414 United States",39.81972348562588,-84.16712011990127
R72117011 0026,7,3,Residential Mechanical Permit,0,2026-04-02,2026-06-30,"5080 SCOTSMAN DR, DAYTON OH 45414",39.821374383565995,-84.16108132985852
R72117011 0028,1,1,Residential Plumbing Permit,0,2026-04-21,2026-04-21,"5224 SKYLANE DR, DAYTON OH 45414",39.824597291613166,-84.16324854753829
R72117012 0004,1,1,Commercial Tent permit,0,2026-05-19,2026-05-19,"3201 NEEDMORE RD, DAYTON OH 45414 United States",39.82170146494784,-84.17186071307754
R72117201 0026,1,1,Residential Plumbing Permit,0,2026-06-01,2026-06-01,"1639 BARTLEY RD, DAYTON OH 45414-3048 United States",39.82899255335226,-84.20491661327408
R72117201 0034,1,1,Residential Plumbing Permit,0,2026-02-24,2026-02-24,"1540 BARTLEY RD, DAYTON OH 45414-3029 United States",39.8282271949668,-84.20713074080932
R72117201 0041,4,4,Residential Building Permit,200000,2026-01-09,2026-03-30,"1724 BARTLEY RD, DAYTON OH 45414",39.82822717939078,-84.20392569485801
R72117207 0009,2,2,Residential Mechanical Permit,0,2026-03-06,2026-03-06,"5727 WOODMORE DR, DAYTON OH 45414-3009 United States",39.83057924972711,-84.20588502847149
R72117209 0004,1,1,Residential Wrecking Permit,0,2026-02-03,2026-02-03,"5825 KENDON ST, DAYTON OH 45414-3019 United States",39.83187168385663,-84.20462034453168
R72117212 0007,1,1,Residential Plumbing Permit,0,2026-03-30,2026-03-30,"5529 FAIR VALLEY RD, DAYTON OH 45414-2949 United States",39.82774570914697,-84.2117128942686
R72117218 0001,5,3,Commercial Plumbing Permit,0,2026-01-15,2026-06-23,"5025 NORRIS DR, DAYTON OH 45414-3709 United States",39.819932098130096,-84.20518064990107
R72117221 0010,1,1,Residential Sewer Permit,0,2026-01-05,2026-01-05,"1741 ERIC DR, DAYTON OH 45414-3917 United States",39.81645395509883,-84.20275096794703
R72117222 0010,7,1,Commercial Electrical Permit,0,2026-05-27,2026-05-27,"4533 FREDERICK PIKE, DAYTON OH 45414-3977 United States",39.81232870391884,-84.19927806821585
R72117524 0015,1,1,Residential Building Permit,0,2026-06-10,2026-06-10,"138 MARK TWAIN CT, DAYTON OH 45414-3762 United States",39.821758525100094,-84.21312177221832
R72117704 0001,1,1,Commercial Fire Alarm Permit,0,2026-03-26,2026-03-26,"1916 NEEDMORE RD, DAYTON OH 45414",39.81821489183236,-84.2009139657869
R72201620 0005,1,1,Residential Plumbing Permit,0,2026-04-14,2026-04-14,"3821 WINDING OAK CIR, DAYTON OH 45424",39.81532756442947,-84.12493335261807
R72210802 0032,1,1,Residential Zoning Only Permit,0,2026-03-03,2026-03-03,"4205 FOREST RIDGE BLVD, DAYTON OH 45424-4485 United States",39.81508587340551,-84.11978638020666
R72215420 0003,1,1,Residential Zoning Only Permit,0,2026-03-04,2026-03-04,"3660 BERRYWOOD DR, DAYTON OH 45424-4863 United States",39.8163536332937,-84.12221924893035
R72217303 0053,1,1,Commercial Fire Sprinkler Permit,0,2026-01-06,2026-01-06,"4648 Brandt PIKE, DAYTON OH 45424-6076",39.82036655651121,-84.12480038320108
R72217304 0021,1,1,Commercial Building Permit,250000,2026-02-11,2026-02-11,"4475 Old Troy PIKE, DAYTON OH 45404-1333",39.81913419933016,-84.14647534336258
R72217304 0033,1,1,Residential Zoning Only Permit,0,2026-01-06,2026-01-06,"4231 OLD TROY PIKE, DAYTON OH 45404-1329 United States",39.81507505380598,-84.14732286747434
R72217304 0058,1,1,Residential Plumbing Permit,0,2026-05-04,2026-05-04,"4529 BULRUSH CT, DAYTON OH 45404 United States",39.81866451108163,-84.14497449475047
R72217304 0072,1,1,Residential Zoning Only Permit,0,2026-03-19,2026-03-19,"4516 BULRUSH CT, DAYTON OH 45404 United States",39.818172259248364,-84.14445349373335
R72217304 0102,2,2,Permit Revision,0,2026-01-28,2026-06-02,"4237 WILLOW HILLS DR, DAYTON OH 45404",39.8170776360367,-84.14378475685324
R72217304 0120,2,2,Residential Building Permit,20000,2026-01-28,2026-02-12,"4385 CONEFLOWER DR, DAYTON OH 45404 United States",39.81717467275231,-84.14137034098
R72217304 0194,1,1,Residential Building Permit,2000,2026-05-04,2026-05-04,"4341 WEEPING WILLOW DR, DAYTON OH 45404 United States",,
R72217304 0202,1,1,Residential Building Permit,140098,2026-02-13,2026-02-13,"4370 WEEPING WILLOW DR, DAYTON OH 45404 United States",,
R72217304 0215,1,1,Residential Building Permit,5000,2026-04-24,2026-04-24,"4302 WEEPING WILLOW DR, DAYTON OH 45404 United States",,
R72217315 0001,1,1,Residential Plumbing Permit,0,2026-01-08,2026-01-08,"4100 BEECH TREE CT, DAYTON OH 45424-4636 United States",39.81837820160121,-84.11838178635968
R72217318 0014,1,1,Residential Plumbing Permit,0,2026-03-25,2026-03-25,"4611 SILVER OAK ST, DAYTON OH 45424-4647 United States",39.817685002188114,-84.11449525648209
R72217319 0035,1,1,Residential Plumbing Permit,0,2026-02-10,2026-02-10,"4930 APPLERIDGE CT, DAYTON OH 45424-4607 United States",39.8211664547716,-84.11609644089314
R72217320 0042,1,1,Residential Mechanical Permit,0,2026-04-07,2026-04-07,"5001 STRATHAVEN DR, DAYTON OH 45424-4620 United States",39.822510885067125,-84.11795436203994
R72217321 0023,1,1,Residential Plumbing Permit,0,2026-04-07,2026-04-07,"4841 WHITEWOOD CT, DAYTON OH 45424-4627 United States",39.8241412188775,-84.11462006920767
R72217501 0001,1,1,Commercial Fire Sprinkler Permit,0,2026-04-08,2026-04-08,"4541 INTERPOINT BLVD, DAYTON OH 45424-5799 United States",39.818318300430704,-84.13553552848093
R72217623 0001,1,1,Residential Plumbing Permit,0,2026-03-31,2026-03-31,"3955 BERRYWOOD DR, DAYTON OH 45424",39.82013531697402,-84.11918459537578
R72217623 0013,1,1,Residential Plumbing Permit,0,2026-03-17,2026-03-17,"3847 BERRYWOOD DR, DAYTON OH 45424-4878 United States",39.819078740139965,-84.12152784962899
R72217623 0022,1,1,Residential Plumbing Permit,0,2026-06-11,2026-06-11,"3921 COPPER TREE CT, DAYTON OH 45424-4887 United States",39.818292247386694,-84.1205663905789
R72217708 0001,1,1,Commercial Building Permit,400000,2026-01-20,2026-01-20,"4710 OLD TROY PIKE, DAYTON OH 45424",39.82265624949803,-84.14435934428226
R72317113 0003,1,1,Commercial Fire Alarm Permit,0,2026-04-20,2026-04-20,"5625 LITTLE RICHMOND RD, DAYTON OH 45426-3219 United States",39.7770654278852,-84.2849423900613
R72317115 0007,1,1,Miscellaneous Permit,0,2026-03-16,2026-03-16,"5399 HOOVER AVE, DAYTON OH 45417 United States",39.7617229235594,-84.27980679269186
R72317622 0001,1,1,Miscellaneous Permit,0,2026-03-11,2026-03-11,"2041 NORTHWEST PKWY, DAYTON OH 45426-3272 United States",39.777327846917935,-84.2776634297148
R72351410 0002,1,1,Residential Plumbing Permit,0,2026-04-14,2026-04-14,"1073 GENESIS WAY, DAYTON OH 45417",39.763347997393,-84.28110067718093
R72410801 0010,1,1,Residential Zoning Only Permit,0,2026-01-02,2026-01-02,"4049 VALLEY PIKE, DAYTON OH 45424 United States",39.80222319570602,-84.10917556500533
R72410803 0009,3,2,Residential Electrical Permit,0,2026-04-16,2026-05-14,"136 W FAIRVIEW AVE, DAYTON OH 45405-3319 United States",39.78460150743334,-84.21450706489499
R72410804 0001,1,1,Residential Building Permit,0,2026-06-04,2026-06-04,"3559 SURRY RIDGE WAY, DAYTON OH 45424-8012 United States",39.807277892566184,-84.10857211352422
R72410816 0003,1,1,Residential Mechanical Permit,0,2026-01-29,2026-01-29,"4413 SOFTWOOD LN, DAYTON OH 45424-8028 United States",39.80765848447499,-84.10644842042025
R72410816 0004,1,1,Residential Plumbing Permit,0,2026-04-23,2026-04-23,"4419 SOFTWOOD LN, DAYTON OH 45424-8028 United States",39.80775698528517,-84.10627267492066
R72410820 0023,2,2,Commercial Plumbing Permit,0,2026-06-01,2026-06-01,"4271 COACH LIGHT TRL, DAYTON OH 45424-8038 United States",39.80480410419249,-84.10636478488965
R72410823 0006,2,2,Permit Revision,33000,2026-03-20,2026-06-08,"4301 TARNVIEW CT, DAYTON OH 45424-5186 United States",39.80538157252136,-84.10610041394415
R72410823 0018,2,2,Residential Mechanical Permit,0,2026-05-26,2026-06-08,"3448 FOREST RIDGE BLVD, DAYTON OH 45424-5185 United States",39.80597799652662,-84.10485395832865
R72410826 0021,2,2,Residential Gas Permit,0,2026-05-27,2026-05-27,"4344 DOBBIN CIR, DAYTON OH 45424-8129 United States",39.80833818201902,-84.10753927776138
R72417305 0013,1,1,Residential Plumbing Permit,0,2026-05-13,2026-05-13,"5437 QUISENBERRY DR, DAYTON OH 45424-4743 United States",39.815687462951026,-84.11220583552
R72417311 0020,1,1,Residential Plumbing Permit,0,2026-01-22,2026-01-22,"4025 QUAIL BUSH DR, DAYTON OH 45424-4739 United States",39.817341802927885,-84.11289932041544
R72516815 0032,1,1,Residential Electrical Permit,0,2026-04-22,2026-04-22,"902 ALMOND AVE, DAYTON OH 45417-1104 United States",39.75971234863705,-84.26243625669618
R72516815 0044,1,1,Commercial Fire Alarm Permit,0,2026-02-05,2026-02-05,"1410 LISCUM DR, DAYTON OH 45417-5986 United States",39.72565742402843,-84.2673965641545
R72516914 0008,1,1,Residential Zoning Only Permit,0,2026-02-11,2026-02-11,"5299 TORCH LN, DAYTON OH 45417-8843 United States",39.73716323079022,-84.27696037548444
R72516922 0005,1,1,Residential Plumbing Permit,0,2026-04-23,2026-04-23,"5069 DAYTON-LIBERTY RD, DAYTON OH 45417-5992 United States",39.732479978001685,-84.27507345223857
R72516922 0009,1,1,Residential Plumbing Permit,0,2026-05-21,2026-05-21,"5155 DAYTON-LIBERTY RD, DAYTON OH 45417-5949 United States",39.73228850230158,-84.27701388990056
R72517515 0007,1,1,Residential Plumbing Permit,0,2026-06-22,2026-06-22,"1012 LISCUM DR, DAYTON OH 45417-5991 United States",39.72948726241765,-84.26762166747085
R72603311 0023,1,1,Residential Plumbing Permit,0,2026-01-20,2026-01-20,"6907 PEGRAM WAY, DAYTON OH 45424",39.828208790242414,-84.097115294135
R72603706 0037,1,1,Residential Building Permit,0,2026-06-04,2026-06-04,"6319 HARVEST MEADOWS DR, DAYTON OH 45424-4873 United States",39.827967910731424,-84.1118884060573
R72603706 0042,1,1,Residential Plumbing Permit,0,2026-01-20,2026-01-20,"6209 AVIAN GLEN CIR, DAYTON OH 45424-4876 United States",39.827604842105565,-84.11133517281503
R72603713 0008,1,1,Residential Plumbing Permit,0,2026-05-26,2026-05-26,"6359 FOUNTAINHEAD DR, DAYTON OH 45424-4194 United States",39.83719601383336,-84.10630740904851
R72603713 0024,1,1,Residential Plumbing Permit,0,2026-01-08,2026-01-08,"6401 SYMMES LN, DAYTON OH 45424-8107 United States",39.836079801612634,-84.1072147593342
R72603714 0019,1,1,Residential Plumbing Permit,0,2026-06-11,2026-06-11,"6406 OSPREY CT, DAYTON OH 45424-8108 United States",39.83459685169624,-84.10703452480699
R72603717 0010,1,1,Residential Plumbing Permit,0,2026-03-16,2026-03-16,"6617 GROVEBELLE DR, DAYTON OH 45424-8121 United States",39.83262297763801,-84.10561424660095
R72603718 0015,1,1,Residential Plumbing Permit,0,2026-04-21,2026-04-21,"6902 BELLEGLADE DR, DAYTON OH 45424-8116 United States",39.83463509634139,-84.10464564479932
R72603720 0006,1,1,Residential Plumbing Permit,0,2026-03-24,2026-03-24,"6747 WATERVIEW WAY, DAYTON OH 45424-8127 United States",39.83443741716992,-84.10344443113448
R72603724 0011,1,1,Residential Plumbing Permit,0,2026-03-03,2026-03-03,"6717 SERRELL LN, DAYTON OH 45424-8702 United States",39.83199964335536,-84.09859476009999
R72603724 0017,1,1,Residential Plumbing Permit,0,2026-03-12,2026-03-12,"6671 GREELEY AVE, DAYTON OH 45424-1828 United States",39.832195290063055,-84.09954654598177
R72603725 0019,1,1,Residential Plumbing Permit,0,2026-04-14,2026-04-14,"6630 GREELEY AVE, DAYTON OH 45424-1800 United States",39.832493303059756,-84.10104561315453
R72610807 0011,1,1,Residential Mechanical Permit,0,2026-03-30,2026-03-30,"6550 GANDER RD E, DAYTON OH 45424-4493 United States",39.82993667349502,-84.1028813958919
R72610814 0007,1,1,Residential Plumbing Permit,0,2026-03-17,2026-03-17,"6927 GREELEY AVE, DAYTON OH 45424-1793 United States",39.82923408364367,-84.09420796552476
R72617225 0014,1,1,Commercial Sewer Permit,0,2026-04-24,2026-04-24,"6010 RIP RAP RD, DAYTON OH 45424 United States",39.84248801583016,-84.16753006827219
R72617308 0008,1,1,Residential Plumbing Permit,0,2026-03-17,2026-03-17,"5942 GANDER RD E, DAYTON OH 45424-4532 United States",39.82161026570553,-84.10679169931808
R72617308 0036,1,1,Residential Plumbing Permit,0,2026-01-12,2026-01-12,"4849 SPARROW DR, DAYTON OH 45424-4519 United States",39.822596856312806,-84.10832783074135
R72617309 0011,1,1,Residential Plumbing Permit,0,2026-02-26,2026-02-26,"5021 GANDER RD W, DAYTON OH 45424-4508 United States",39.8240212479824,-84.1097708658462
R72617309 0014,1,1,Residential Plumbing Permit,0,2026-04-30,2026-04-30,"5000 GANDER RD W, DAYTON OH 45424-4509 United States",39.824540337046734,-84.11016034447184
R72617310 0024,1,1,Residential Sewer Permit,0,2026-04-09,2026-04-09,"5205 GANDER RD W, DAYTON OH 45424-4512 United States",39.82069811614442,-84.11063049165375
R72617322 0011,1,1,Residential Electrical Permit,0,2026-01-22,2026-01-22,"54 HAYNES ST, DAYTON OH 45410-1819 United States",39.75439287554638,-84.16637905679909
R72617322 0045,1,1,Residential Electrical Permit,0,2026-03-20,2026-03-20,"5255 GANDER RD W, DAYTON OH 45424-4512 United States",39.820142046975775,-84.11193153568892
R72617323 0007,1,1,Residential Plumbing Permit,0,2026-06-23,2026-06-23,"4010 TERRE LINDA DR, DAYTON OH 45424-4521 United States",39.81782928114715,-84.1135906462592
R72617502 0013,1,1,Permit Revision,0,2026-05-19,2026-05-19,"4817 Avocet Ct, DAYTON OH 45424",39.823106614125905,-84.11278714121327
R72617525 0034,1,1,Residential Plumbing Permit,0,2026-01-27,2026-01-27,"6228 PHEASANT HILL RD, DAYTON OH 45424-4184 United States",39.82552461100705,-84.10726664358445
R72617527 0016,1,1,Residential Mechanical Permit,0,2026-06-30,2026-06-30,"6768 HERITAGE PARK BLVD, DAYTON OH 45424-1832 United States",39.8334357045352,-84.09677869203664
R72617528 0026,1,1,Residential Plumbing Permit,0,2026-04-07,2026-04-07,"6719 DURYEA CT, DAYTON OH 45424-1866 United States",39.8348550316726,-84.10121745423622
R72617603 0017,1,1,Residential Building Permit,15700,2026-02-27,2026-02-27,"6045 PINE GLEN LN, DAYTON OH 45424-4476 United States",39.822210609046735,-84.1006489409797
R72617603 0022,1,1,Residential Building Permit,0,2026-06-12,2026-06-12,"6070 PINE GLEN LN, DAYTON OH 45424-4483 United States",39.82171803652484,-84.09972249413386
R72617606 0037,1,1,Residential Plumbing Permit,0,2026-01-22,2026-01-22,"6295 PHEASANT HILL RD, DAYTON OH 45424-4192 United States",39.82657034261997,-84.107896166194
R72617703 0004,1,1,Residential Plumbing Permit,0,2026-02-02,2026-02-02,"6458 RING NECK DR, DAYTON OH 45424-4197 United States",39.82947470965064,-84.1053350855689
R72651428 0028,1,1,Residential Plumbing Permit,0,2026-01-02,2026-01-02,"6684 LEXINGTON PL S, DAYTON OH 45424-4275 United States",39.83004331243423,-84.09809046859505
R72710810 0003,1,1,Residential Plumbing Permit,0,2026-05-28,2026-05-28,"6021 RIVA RIDGE DR, DAYTON OH 45414-2903 United States",39.834765330691056,-84.2076353691828
R72717413 0001,12,7,Commercial Building Permit,0,2026-03-11,2026-06-26,"3214 OLD SPRINGFIELD RD, DAYTON OH 45377 United States",39.9116667266653,-84.2252157627953
R72717413 0013,1,1,Permit Revision,0,2026-01-29,2026-01-29,"2800 Concorde DR, DAYTON OH 45377-3300",39.89045951735151,-84.23872220615267
R72717413 0018,2,2,Commercial Building Permit,1100000,2026-05-22,2026-06-26,"3280 LIGHTNER RD, DAYTON OH 45371 United States",39.91983979516655,-84.21976622152093
R72717413 0019,1,1,Commercial Building Permit,16606,2026-03-09,2026-03-09,"3265 LOGISTICS LN, DAYTON OH 45377 United States",39.916090157373404,-84.21972360229502
R72717413 0023,3,3,Commercial Building Permit,0,2026-04-29,2026-06-29,"1805 UNION AIRPARK BLVD, DAYTON OH 45377 United States",39.90203862056993,-84.25266336957338
R72717511 0001,1,1,Residential Gas Permit,0,2026-06-17,2026-06-17,"3054 JEWELSTONE DR, APT/UNIT K, DAYTON OH 45414-2761 United States",39.836536801774535,-84.20159323955868
ROW,2,2,Permit Revision,0,2026-01-21,2026-02-03,"4402 BLUE IRIS DR, DAYTON OH 45404",39.8171307519781,-84.14093171508226
