permit_number,parcel,match_method,permit_date,permit_type,type_code,project_name,address,valuation,cama_category,lat,lon
011430,,unmatched,04/22/2026,Apprentice Plumbers Registration,,,,,,,
011407,,unmatched,03/17/2026,Apprentice Plumbers Registration,,,,,,,
011406,,unmatched,03/17/2026,Apprentice Plumbers Registration,,,,,,,
011405,,unmatched,03/17/2026,Apprentice Plumbers Registration,,,,,,,
011387,,unmatched,02/18/2026,Apprentice Plumbers Registration,,,,,,,
011386,,unmatched,02/18/2026,Apprentice Plumbers Registration,,,,,,,
011385,,unmatched,02/18/2026,Apprentice Plumbers Registration,,,,,,,
011379,,unmatched,02/02/2026,Apprentice Plumbers Registration,,,,,,,
011378,,unmatched,02/02/2026,Apprentice Plumbers Registration,,,,,,,
011377,,unmatched,02/02/2026,Apprentice Plumbers Registration,,,,,,,
011372,,unmatched,01/23/2026,Apprentice Plumbers Registration,01137,,,,,,
011371,,unmatched,01/23/2026,Apprentice Plumbers Registration,,,,,,,
011370,,unmatched,01/23/2026,Apprentice Plumbers Registration,,,,,,,
011369,,unmatched,01/23/2026,Apprentice Plumbers Registration,,,,,,,
011365,,unmatched,01/17/2026,Apprentice Plumbers Registration,,,,,,,
011362,,unmatched,01/12/2026,Apprentice Plumbers Registration,01136,,,,,,
APP-2026-00074,,unmatched,04/22/2026,Apprentice Plumbers Registration Application,APP-,,,,,,
APP-2026-00051,,unmatched,03/17/2026,Apprentice Plumbers Registration Application,APP-,,,,,,
APP-2026-00048,,unmatched,03/12/2026,Apprentice Plumbers Registration Application,APP-,,,,,,
APP-2026-00047,,unmatched,03/12/2026,Apprentice Plumbers Registration Application,APP-,,,,,,
APP-2026-00031,,unmatched,02/18/2026,Apprentice Plumbers Registration Application,APP-,,,,,,
APP-2026-00030,,unmatched,02/18/2026,Apprentice Plumbers Registration Application,APP-,,,,,,
APP-2026-00029,,unmatched,02/18/2026,Apprentice Plumbers Registration Application,APP-,,,,,,
APP-2026-00023,,unmatched,02/02/2026,Apprentice Plumbers Registration Application,APP-,GEOFFREY BROWN,,,,,
APP-2026-00022,,unmatched,02/02/2026,Apprentice Plumbers Registration Application,APP-,DEVIN LOEWER,,,,,
APP-2026-00021,,unmatched,02/02/2026,Apprentice Plumbers Registration Application,APP-,BRANDON ROBBINS,,,,,
APP-2026-00012,,unmatched,01/17/2026,Apprentice Plumbers Registration Application,APP-,NOAH LAYTON,,,,,
APP-2026-00011,,unmatched,01/15/2026,Apprentice Plumbers Registration Application,APP-,,,,,,
APP-2026-00010,,unmatched,01/15/2026,Apprentice Plumbers Registration Application,APP-,,,,,,
APP-2026-00009,,unmatched,01/15/2026,Apprentice Plumbers Registration Application,APP-,,,,,,
APP-2026-00008,,unmatched,01/15/2026,Apprentice Plumbers Registration Application,APP-,,,,,,
APP-2026-00007,,unmatched,01/15/2026,Apprentice Plumbers Registration Application,APP-,,,,,,
APP-2026-00006,,unmatched,01/15/2026,Apprentice Plumbers Registration Application,APP-,,,,,,
APP-2026-00005,,unmatched,01/15/2026,Apprentice Plumbers Registration Application,APP-,,,,,,
APP-2026-00003,,unmatched,01/12/2026,Apprentice Plumbers Registration Application,APP-,ZACHARY HILL,,,,,
BLD2026C-00187,R72 14301 0038,address,06/30/2026,Commercial Building Permit,BLD,Job Center Southview Campus - New Interior Security Doors,"25 THORPE DR, DAYTON OH 45420-1823 United States",,,39.733068192737434,-84.1567687081358
BLD2026C-00182,R72 05203 0052,address,06/30/2026,Commercial Building Permit,BLD,,"759 TROY ST, DAYTON OH 45404 United States",,,39.77977175030064,-84.17435883383251
BLD2026C-00186,R72 01205 0051,address,06/29/2026,Commercial Building Permit,BLD,Bossler Mansion LLC - Remodel Mud Room,"136 S DUTOIT ST, DAYTON OH 45402 United States",,,39.76052867322773,-84.17376215399656
BLD2026C-00181,R72717413 0023,address,06/29/2026,Commercial Building Permit,BLD,Crocs Saltwater Building,"1805 UNION AIRPARK BLVD, DAYTON OH 45377 United States",,,39.90203862056993,-84.25266336957338
BLD2026C-00180,,unmatched,06/29/2026,Commercial Building Permit,BLD,Montgomery County,"21 N MAIN ST, DAYTON OH 45402",,,,
BLD2026C-00184,R72717413 0001,address,06/26/2026,Commercial Building Permit,BLD,MRO#1 LOX Storage,"3214 OLD SPRINGFIELD RD, DAYTON OH 45377 United States",,,39.9116667266653,-84.2252157627953
BLD2026C-00183,,unmatched,06/26/2026,Commercial Building Permit,BLD,Towneplace Suites Dayton - FTG & FDN ONLY,"125 Sears ST, DAYTON OH 45402",,,,
BLD2026C-00179,R72 01802 0079,address,06/25/2026,Commercial Building Permit,BLD,Goodwill Easter Seals Miami Valey,"660 S MAIN ST, DAYTON OH 45402 United States",,,39.749703222402275,-84.18893148262077
BLD2026C-00178,R72 07201 0023,address,06/23/2026,Commercial Building Permit,BLD,Vacant,"1052 CUMBERLAND AVE, DAYTON OH 45406-4949 United States",,,39.77795222714926,-84.22172760512763
BLD2026C-00177,R72717413 0001,address,06/22/2026,Commercial Building Permit,BLD,Dayton International Airport,"3600 TERMINAL DR, DAYTON OH 45377 United States",,,39.898604457430565,-84.22130315387628
BLD2026C-00176,R72 00701 0024,address,06/22/2026,Commercial Building Permit,BLD,Ballpark Village - Roof Replacement,"220 E MONUMENT AVE, DAYTON OH 45402-1223 United States",,,39.7643043947213,-84.18845808544255
BLD2026C-00175,R72 03113 0060,address,06/17/2026,Commercial Building Permit,BLD,Replace Structural Framing for new TYPE 1 Hood,"1926 BROWN ST, DAYTON OH 45409-2456 United States",,,39.73367475860837,-84.18007361697968
BLD2026C-00174,R72 51413 0047,address,06/17/2026,Commercial Building Permit,BLD,Bathroom Remodel - Schuster Condo,"109 N MAIN ST, STE 1107, DAYTON OH 45402 United States",,,39.76126875505341,-84.19255428154388
BLD2026C-00173,,unmatched,06/16/2026,Commercial Building Permit,BLD,Parking Lot Improvements and Expansion,"711 E MONUMENT AVE, DAYTON OH 45402",,,,
BLD2026C-00172,R72 04702 0008,address,06/15/2026,Commercial Building Permit,BLD,North Building (Units 3005-3027),"3005 SUPERBA CT, DAYTON OH 45403-1308 United States",,,39.76696543083874,-84.15208106842002
BLD2026C-00171,R72 04702 0008,address,06/15/2026,Commercial Building Permit,BLD,South Building (Units 3004-3026),"3004 SUPERBA CT, DAYTON OH 45403-1308 United States",,,39.76672204755322,-84.1520112907423
BLD2026C-00170,R72717413 0001,address,06/12/2026,Commercial Building Permit,BLD,Dayton International Airport,"3600 TERMINAL DR, DAYTON OH 45377 United States",,,39.898604457430565,-84.22130315387628
BLD2026C-00168,R72 06109 0003,address,06/11/2026,Commercial Building Permit,BLD,,"1910 N MAIN ST, DAYTON OH 45405-3801 United States",,,39.78062778908191,-84.20695209820789
BLD2026C-00167,,unmatched,06/10/2026,Commercial Building Permit,BLD,Air City Garage Renovations,"29 E FOURTH ST, Dayton OH 45431",,,,
BLD2026C-00165,R72 00203 0011,address,06/10/2026,Commercial Building Permit,BLD,Dayton City Hall,"101 W Third ST, DAYTON OH 45402-1814",,,39.75939750883473,-84.19397456461029
BLD2026C-00169,R72 00110 0001,address,06/08/2026,Commercial Building Permit,BLD,Mont. Co. Bldg. 9th FL HR Payroll,"451 W THIRD ST, DAYTON OH 45402-1447 United States",,,39.75866421736068,-84.20042098208506
BLD2026C-00166,R72 00504 0004,address,06/05/2026,Commercial Building Permit,BLD,Mont.Co. Job Center Relocation to Riebold Bldg.,"117 S MAIN ST, DAYTON OH 45422-3000 United States",,,39.7576007515135,-84.19176789800295
BLD2026C-00164,R72 03004 0001,address,06/05/2026,Commercial Building Permit,BLD,UD Fitz Hall Suite 680,"1529 BROWN ST, DAYTON OH 45409",,,39.73837258576606,-84.18200426742256
BLD2026C-00163,R72 04406 0001,address,06/04/2026,Commercial Building Permit,BLD,Stepping Stones,"215 BURKHARDT AVE, DAYTON OH 45403-2701 United States",,,39.761360906258766,-84.15191619036996
BLD2026C-00162,R72 03107 0001,address,06/04/2026,Commercial Building Permit,BLD,UD Health & Wellbeing Center,"300 College Park AVE, DAYTON OH 45469",,,39.74010674659607,-84.1799867581776
BLD2026C-00161,R72 16002 0025,address,06/02/2026,Commercial Building Permit,BLD,Wentworth Hi-Rise,"2765 WENTWORTH AVE, DAYTON OH 45406 United States",,,39.79664794563526,-84.2533862237841
BLD2026C-00160,R72 00502 0046,address,06/02/2026,Commercial Building Permit,BLD,6888 Kitchen Phase 2,"32 S LUDLOW ST, DAYTON OH 45402 United States",,,39.75833725236332,-84.1932408240551
BLD2026C-00159,,unmatched,06/01/2026,Commercial Building Permit,BLD,"CONSTRUCTION OF 2-STORY, 8-UNIT APARTMENT BUILDING","1204 OLD ORCHARD AVE, DAYTON OH 45405 United States",,,,
BLD2026C-00158,,unmatched,06/01/2026,Commercial Building Permit,BLD,"CONSTRUCTION OF 2-STORY, 8 UNIT APARTMENT BUILDING","1304 OLD ORCHARD AVE, DAYTON OH 45405 United States",,,,
BLD2026C-00157,,unmatched,06/01/2026,Commercial Building Permit,BLD,"CONSTRUCTION OF 2-STORY, 8-UNIT APARTMENT BUILDING","335 HOMEWOOD AVE, DAYTON OH",,,,
BLD2026C-00156,,unmatched,06/01/2026,Commercial Building Permit,BLD,HoM Flats At Forest,"329 HOMEWOOD AVE, DAYTON OH 45405 United States",,,,
BLD2026C-00155,,unmatched,06/01/2026,Commercial Building Permit,BLD,"CONSTRUCT 2-STORY, 8-UNIT APARTMENT BUILDING","1120 OLD ORCHARD AVE, DAYTON OH",,,,
BLD2026C-00154,,unmatched,06/01/2026,Commercial Building Permit,BLD,HoM Flats At Forest,"319 Homewood AVE, DAYTON OH 45405",,,,
BLD2026C-00153,,unmatched,06/01/2026,Commercial Building Permit,BLD,HoM Flats At Forest,"721 Forest AVE, DAYTON OH 45405",,,,
BLD2026C-00152,,unmatched,06/01/2026,Commercial Building Permit,BLD,"CONSTRUCTION OF 2-STORY, 8-UNIT APARTMENT BUILDING","1104 OLD ORCHARD AVE, DAYTON OH",,,,
BLD2026C-00151,,unmatched,06/01/2026,Commercial Building Permit,BLD,"CONSTRUCTION OF 2-STORY, 8-UNIT APARTMENT BUILDING","1220 OLD ORCHARD AVE, DAYTON OH 45405 United States",,,,
BLD2026C-00150,,unmatched,06/01/2026,Commercial Building Permit,BLD,HoM Flats At Forest,"713 Forest AVE, DAYTON OH 45405",,,,
BLD2026C-00149,K47 25607 0002,permit_number,05/29/2026,Commercial Building Permit,BLD,HoM Flats At Forest,"323 HOMEWOOD AVE, DAYTON OH 45402",0,,,
BLD2026C-00148,K47 25606 0008,permit_number,05/29/2026,Commercial Building Permit,BLD,HoM Flats at Forest - Maintenance Building 741,"741 Forest AVE, DAYTON OH 45405",0,,,
BLD2026C-00147,O67 03710 0136,permit_number,05/28/2026,Commercial Building Permit,BLD,Playtime Nursey School,"821 WHITMORE AVE, DAYTON OH 45417-1166 United States",0,,39.7601606956847,-84.26511595957346
BLD2026C-00146,R72717413 0018,permit_number,05/22/2026,Commercial Building Permit,BLD,Chewy Racking,"3280 LIGHTNER RD, DAYTON OH 45371 United States",1100000,MISC,39.91983979516655,-84.21976622152093
BLD2026C-00145,K45 02605 0103,permit_number,05/21/2026,Commercial Building Permit,BLD,Art and Soul,"135 N MAIN ST, DAYTON OH 45402 United States",0,,39.76194893898221,-84.19279848837233
BLD2026C-00144,K45 28337 0001,permit_number,05/20/2026,Commercial Building Permit,BLD,DELO Truck Center - New Addition and Alterations,"636 N IRWIN ST, DAYTON OH 45403 United States",0,,39.77427693537859,-84.1528950012866
BLD2026C-00143,E20 17001 0009,permit_number,05/20/2026,Commercial Building Permit,BLD,Second Chance Offices,"426 S James H McGee BLVD, DAYTON OH 45402",0,,39.74939139138331,-84.22369700722017
BLD2026C-00142,K45 02602 0024,permit_number,05/20/2026,Commercial Building Permit,BLD,"Mental Health , Detox, Behavior Health Units","330 W Second ST, DAYTON OH 45422-4999",0,,39.759828634862885,-84.19775974825204
BLD2026C-00141,R72 03113 0005,permit_number,05/19/2026,Commercial Building Permit,BLD,,"1924 BROWN ST, DAYTON OH 45409-2456 United States",150000,REMODEL,39.73371537630397,-84.18030574225784
BLD2026C-00140,O67 28823 0001,permit_number,05/18/2026,Commercial Building Permit,BLD,Fitz Hall Rooms 220D & 220E,"1529 BROWN ST, DAYTON OH 45409",0,,39.73837258576606,-84.18200426742256
BLD2026C-00139,O67 28924 0003,permit_number,05/14/2026,Commercial Building Permit,BLD,Manufacturing Structure,"1944 TROY ST, DAYTON OH 45404",0,,39.791173015197515,-84.16558255402462
BLD2026C-00138,K45 02401 0020,permit_number,05/14/2026,Commercial Building Permit,BLD,INSPECT TO OCCUPY for Modern Psychiatry and Wellness,"436 CINCINNATI ST, DAYTON OH 45417",0,,,
BLD2026C-00137,K45 02606 0056,permit_number,05/12/2026,Commercial Building Permit,BLD,Dayton Library Solar,"300 Abbey Ave., DAYTON OH 45417",0,,39.74873536236311,-84.23894337569445
BLD2026C-00136,I39 00114 0018,permit_number,05/11/2026,Commercial Building Permit,BLD,Victors Taco Shop - Parking Lot Patio,"1438 N KEOWEE ST, DAYTON OH 45404",0,,39.78422312688959,-84.18868508950544
BLD2026C-00134,K45 02511 0117,permit_number,05/11/2026,Commercial Building Permit,BLD,Omega Baptist Church,"1821 EMERSON AVE, DAYTON OH 45406 United States",0,,39.781638521987894,-84.22349489358821
BLD2026C-00133,A01 20324 0058,permit_number,05/11/2026,Commercial Building Permit,BLD,Trost Health OH LLC,"131 Ludlow ST N, 315, DAYTON OH",0,,,
BLD2026C-00132,P70 04003 0121,permit_number,05/08/2026,Commercial Building Permit,BLD,Society of St Vincents - Roofing Project,"120 W APPLE ST, DAYTON OH 45402-2624 United States",0,,39.74488726669357,-84.19176216970797
BLD2026C-00135,O67 51425 0008,permit_number,05/07/2026,Commercial Building Permit,BLD,Ottawa WTP PFAS Advanced Treatment - Sub-structure ONLY,"1044 OTTAWA ST, DAYTON OH 45402 United States",0,,39.76813526830129,-84.1729414915802
BLD2026C-00131,R72 15704 0019,permit_number,05/07/2026,Commercial Building Permit,BLD,Sugar Creek Packing Co. - New Fence & Electrical Feed,"1431 N GETTYSBURG AVE, DAYTON OH 45417-9517 United States",50000,ALT,39.766205376348715,-84.25409314672025
BLD2026C-00130,R72 08210 0034,permit_number,05/07/2026,Commercial Building Permit,BLD,Zips Dispensary,"510 N James H McGee BLVD, DAYTON OH 45402",1300000,ALT,,
BLD2026C-00129,R72 03008 0004,permit_number,05/07/2026,Commercial Building Permit,BLD,Verizon Cell Tower \ Antenna Add,"951 S PATTERSON BLVD, DAYTON OH 45431 United States",15000,MISC,39.74444521603178,-84.19084034849644
BLD2026C-00128,R72 09703 0006,permit_number,05/06/2026,Commercial Building Permit,BLD,SPECIAL LOCKING for DCH Westside Urgent Care Door# 140C,"1711 GERMANTOWN ST, DAYTON OH 45402",8000,ADDN,,
BLD2026C-00127,,unmatched,05/05/2026,Commercial Building Permit,BLD,Infinity Labs - Arcade Interior Tenant Improvements,"15 W FOURTH ST, DAYTON OH 45402 United States",,,,
BLD2026C-00125,G27 01602 0163,permit_number,05/04/2026,Commercial Building Permit,BLD,NJS Property Maintenance,"314 VERMONT AVE, 316, DAYTON OH 45404",0,,39.7765542939437,-84.18515731867454
BLD2026C-00123,K45 02604 0158,permit_number,05/01/2026,Commercial Building Permit,BLD,The Townes at Wright Dunbar - Bldg 4,"951 W THIRD ST, DAYTON OH 45402 United States",0,,,
BLD2026C-00122,E21 01103 0041,permit_number,05/01/2026,Commercial Building Permit,BLD,The Townes at Wright Dunbar - Bldg 4,"949 W THIRD ST, DAYTON OH 45402 United States",0,,,
BLD2026C-00121,K45 02606 0058,permit_number,05/01/2026,Commercial Building Permit,BLD,The Townes at Wright Dunbar - Bldg 4,"947 W THIRD ST, DAYTON OH 45402 United States",0,,,
BLD2026C-00120,D14 00701 0035,permit_number,05/01/2026,Commercial Building Permit,BLD,The Townes at Wright Dunbar - Bldg 4,"945 W THIRD ST, DAYTON OH 45402 United States",0,,,
BLD2026C-00119,K45 50010 0013,permit_number,05/01/2026,Commercial Building Permit,BLD,The Townes at Wright Dunbar - Bldg 4,"943 W THIRD ST, DAYTON OH 45402 United States",0,,39.756620253766386,-84.2105391802679
BLD2026C-00118,K45 50010 0016,permit_number,05/01/2026,Commercial Building Permit,BLD,The Townes at Wright Dunbar - Bldg 4,"941 W THIRD ST, DAYTON OH 45402 United States",0,,39.75662941925359,-84.21047540569595
BLD2026C-00117,R72 14301 0038,permit_number,05/01/2026,Commercial Building Permit,BLD,SPECIAL LOCKING for Job Center Southview Campus,"25 THORPE DR, DAYTON OH 45420-1823 United States",4500,MISC,39.733068192737434,-84.1567687081358
BLD2026C-00116,P70 02018 0009,permit_number,04/30/2026,Commercial Building Permit,BLD,Five Rivers Metroparks,"4349 SPRINGFIELD ST, DAYTON OH 45431",0,,39.77911094284314,-84.13657803906315
BLD2026C-00114,P70 04006 0074,permit_number,04/29/2026,Commercial Building Permit,BLD,REMODEL,"1000 Shroyer RD, DAYTON OH 45419-3634",0,,39.72132195494497,-84.1608417749877
BLD2026C-00112,C04 00601 0128,permit_number,04/28/2026,Commercial Building Permit,BLD,Commercial 4 Unit,"1 SPRINGFIELD ST, DAYTON OH 45403 United States",0,,39.76404953302457,-84.16582013220543
BLD2026C-00108,R72 14303 0055,permit_number,04/27/2026,Commercial Building Permit,BLD,10-Unit Apartment Building,"2605 REVERE AVE, APT/UNIT B, DAYTON OH 45420-4826 United States",25000,REMODEL,39.73156146037616,-84.15108915366471
BLD2026C-00105,E20 17310 0046,permit_number,04/27/2026,Commercial Building Permit,BLD,Libby's Ice Cream,"520 E THIRD ST, DAYTON OH 45402-5101 United States",0,,39.76054871151604,-84.1840466050636
BLD2026C-00103,K45 02603 0005,permit_number,04/27/2026,Commercial Building Permit,BLD,"City of Dayton, Community Golf Course Maintenance Buildings Improvements.","2917 BERKLEY ST, DAYTON OH 45409",0,,,
BLD2026C-00102,K45 23223 0001,permit_number,04/27/2026,Commercial Building Permit,BLD,Victory Project Girls Campus,"511 STEELE AVE, DAYTON OH 45410-1813 United States",0,,39.752354676653304,-84.16780965484459
BLD2026C-00100,R72 00908 0014,permit_number,04/24/2026,Commercial Building Permit,BLD,Versiti,"711 E MONUMENT AVE, DAYTON OH 45402 United States",2500000,REMODEL,,
BLD2026C-00099,H33 00514 0078,permit_number,04/24/2026,Commercial Building Permit,BLD,Parlay on the River,"5 W MONUMENT AVE, DAYTON OH 45402-1201 United States",0,,39.76388819636548,-84.19331520753897
BLD2026C-00098,O67 03606 0013,permit_number,04/24/2026,Commercial Building Permit,BLD,,"1 SPECIALTY PL, DAYTON OH 45417-4601 United States",0,,39.73788869346826,-84.20931779312778
BLD2026C-00097,F24 00101 0016,permit_number,04/24/2026,Commercial Building Permit,BLD,"MVH Operating Rooms Renovations - BP-4B OR's #6, #7 & #8","1 WYOMING ST, DAYTON OH 45409 United States",0,,39.745718250758195,-84.1865388265835
BLD2026C-00093,R72 00310T0039,permit_number,04/23/2026,Commercial Building Permit,BLD,T-Mobile Antenna Colo @ Biltmore Rooftop,"210 N MAIN ST, DAYTON OH 45402 United States",35000,ADDN,39.76271559140329,-84.19218738762544
BLD2026C-00111,R72 10011 0005,permit_number,04/22/2026,Commercial Building Permit,BLD,Haven 4th & 9th FL Security Improvements,"1 ELIZABETH PL, DAYTON OH 45417-3424 United States",96000,ALT,39.747777352397364,-84.19983168108485
BLD2026C-00088,F24 00210 0064,permit_number,04/16/2026,Commercial Building Permit,BLD,Kyrsten's Test Record,"371 W Second ST, DAYTON OH",0,,39.760209025680545,-84.19898220027287
BLD2026C-00110,R72 03003 0041,permit_number,04/14/2026,Commercial Building Permit,BLD,DTC II @ UDRI 2ND FLOOR,"1520 S MAIN ST, DAYTON OH 45409-2698 United States",120000,ALT,39.73780336991269,-84.18549371482919
BLD2026C-00109,R72 03107 0001,permit_number,04/13/2026,Commercial Building Permit,BLD,UD Art Street - The Well,"300 COLLEGE PARK AVE, DAYTON OH 45469 United States",200000,REMODEL,39.74010674659607,-84.1799867581776
BLD2026C-00107,R72 00416 0002,permit_number,04/13/2026,Commercial Building Permit,BLD,SCC BLDG 13 - Door Replacement Phase II,"240 W FIFTH ST, DAYTON OH 45402-1421 United States",39000,ALT,39.7556728689064,-84.19596162529606
BLD2026C-00106,R72 00416 0002,permit_number,04/13/2026,Commercial Building Permit,BLD,SCC BLDG 12 - Door Replacement Phase II,"444 W THIRD ST, DAYTON OH 45402-1421 United States",200000,ALT,39.757621145508864,-84.20058764501195
BLD2026C-00101,R72 11903 0005,permit_number,04/13/2026,Commercial Building Permit,BLD,SCC @ The Hope Center,"1816 HARVARD BLVD, DAYTON OH 45406",40000,REMODEL,39.77843753005378,-84.22860353369823
BLD2026C-00104,R72 00416 0002,permit_number,04/10/2026,Commercial Building Permit,BLD,SCC BLDG 17 Conference Room Expansion,"444 W THIRD ST, DAYTON OH 45402-1421 United States",75000,ADDN,39.757621145508864,-84.20058764501195
BLD2026C-00083,R72 16216 0049,permit_number,04/09/2026,Commercial Building Permit,BLD,T-Mobile / Antenna Add,"2113 LITCHFIELD AVE, DAYTON OH 45406-2702 United States",15000,ADDN,39.78754916625162,-84.23977413301137
BLD2026C-00126,R72 10105 0018,address,04/08/2026,Commercial Building Permit,BLD,INSPECT TO OCCUPY for Modern Psychiatry and Wellness,"257 Hopeland ST, DAYTON OH 45417-3420",,,39.74444953582752,-84.19982517334057
BLD2026C-00124,K45 50010 0013,permit_number,04/08/2026,Commercial Building Permit,BLD,Onsite Office Trailer - DAY Airfield Guidance Signage,"3600 TERMINAL DR, DAYTON OH 45377 United States",0,,39.898604457430565,-84.22130315387628
BLD2026C-00115,P70 02001 0005,permit_number,04/08/2026,Commercial Building Permit,BLD,K-12 Gallery Barn Building Ph:1,"344 S MAIN ST, DAYTON OH 45402 United States",0,,39.75425207430004,-84.18997193046444
BLD2026C-00113,E20 24108 0001,permit_number,04/08/2026,Commercial Building Permit,BLD,Banquet Hall,"4909 HOOVER AVE, DAYTON OH 45417 United States",0,,39.761561157789686,-84.2706749233242
BLD2026C-00080,C05 00422 0002,permit_number,04/08/2026,Commercial Building Permit,BLD,1St ST. PARKING GARAGE REPAIR,"23 W FIRST ST, DAYTON OH 45402 United States",0,,39.76226631666903,-84.19363516034633
BLD2026C-00096,R72 00416 0002,permit_number,04/07/2026,Commercial Building Permit,BLD,SCC Building 14 - 2nd FL X-RAY Room Renovation,"444 W THIRD ST, DAYTON OH 45402-1421 United States",75000,ALT,39.757621145508864,-84.20058764501195
BLD2026C-00076,R72 11801 0006,permit_number,04/06/2026,Commercial Building Permit,BLD,1900-1902-1904 Salem Ave.,"1900 SALEM AVE, DAYTON OH 45406-4905 United States",25000,ALT,39.78168586517522,-84.22494099562907
BLD2026C-00074,E20 17001 0009,permit_number,04/06/2026,Commercial Building Permit,BLD,4-Unit Office Building,"4122 Free PIKE, DAYTON OH 45416-1215",0,,39.797565583298635,-84.25664862895361
BLD2026C-00073,R72 04605 0022,permit_number,04/06/2026,Commercial Building Permit,BLD,Dayton Dream Center,"2720 E THIRD ST, DAYTON OH 45403-2102 United States",20000,ALT,39.76535772427483,-84.15504197430971
BLD2026C-00072,R72 16901 0038,permit_number,04/06/2026,Commercial Building Permit,BLD,Convenience Store,"3707 GERMANTOWN ST, DAYTON OH 45417-6109 United States",0,DEMO,39.73411008074662,-84.25329624574879
BLD2026C-00071,R72 16702 0011,permit_number,04/02/2026,Commercial Building Permit,BLD,Used Auto Sales Office / Site,"1800 TROY ST, DAYTON OH 45404-2157 United States",0,C/I BLDG,39.789563222875586,-84.16736992549426
BLD2026C-00070,H33 01619 0004,permit_number,04/02/2026,Commercial Building Permit,BLD,City of Dayton Police Department West,"10 ABBEY AVE, DAYTON OH 45417 United States",0,,39.75133907964575,-84.23968819163089
BLD2026C-00095,R72117011 0005,permit_number,04/01/2026,Commercial Building Permit,BLD,Dayton Dance Conservatory,"3361 SUCCESSFUL WAY, DAYTON OH 45414-4317 United States",250000,C/I BLDG,39.818458223093316,-84.16438019475648
BLD2026C-00094,K45 02401 0012,permit_number,04/01/2026,Commercial Building Permit,BLD,Space Three Expansion,"39 S SAINT CLAIR ST, DAYTON OH 45402-2112 United States",0,,39.759013913883955,-84.18821961355538
BLD2026C-00069,R72 00704 0009,permit_number,04/01/2026,Commercial Building Permit,BLD,First Church of Christ Scientist,"533 E FIRST ST, DAYTON OH 45402-1239 United States",9276,CANOPY,39.764172429162166,-84.18275157150914
BLD2026C-00091,R72 01508 0012,permit_number,03/31/2026,Commercial Building Permit,BLD,Balsley Building Storage Addition,"424 E FIFTH ST, DAYTON OH 45402 United States",250000,ADDN,39.75706747738722,-84.18496003289575
BLD2026C-00068,I39 00114 0046,permit_number,03/31/2026,Commercial Building Permit,BLD,8 Unit Apartment Building,"2723 JEROME AVE, DAYTON OH 45417-3271 United States",0,,39.74436513544802,-84.23862899751919
BLD2026C-00092,R72 00709 0021,permit_number,03/30/2026,Commercial Building Permit,BLD,Mixed-Use Building - Interior Alterations,"501 E THIRD ST, DAYTON OH 45402-2280 United States",1000000,ALT,39.760908378877915,-84.18461171010189
BLD2026C-00090,R72 06012 0012,permit_number,03/30/2026,Commercial Building Permit,BLD,Domino's Pizza Wall Repair,"1800 N MAIN ST, DAYTON OH 45405-3853 United States",27576,ALT,39.779694919025424,-84.20549374323105
BLD2026C-00067,H33 00514 0078,permit_number,03/30/2026,Commercial Building Permit,BLD,Installation of Cleanroom Phase II,"3571 CONCORDE DR, DAYTON OH 45377 United States",0,,39.89721911352544,-84.23295766745191
BLD2026C-00066,R72 14011 0047,permit_number,03/27/2026,Commercial Building Permit,BLD,Pony Keg,"972 PATTERSON RD, DAYTON OH 45419-4337 United States",35500,ALT,39.723904121460464,-84.15239766839758
BLD2026C-00065,R72 06505 0053,permit_number,03/27/2026,Commercial Building Permit,BLD,Executive House Unit 803 Remodel,"51 GRAFTON AVE, UNIT 803, DAYTON OH 45406-5576 United States",60000,REMODEL,39.76495147700769,-84.20423910897674
BLD2026C-00064,O67 50709 0013,permit_number,03/27/2026,Commercial Building Permit,BLD,Interior Alteration to Existing Church,"720 BELMONTE PARK N, DAYTON OH 45405-4403 United States",0,,39.76957287313848,-84.2043299982383
BLD2026C-00063,R72 06505 0053,permit_number,03/27/2026,Commercial Building Permit,BLD,Executive House Unit 808 Fire Damage,"51 GRAFTON AVE, APT/UNIT 808, DAYTON OH 45406-5576 United States",40000,FIRE REPR,39.76495147700769,-84.20423910897674
BLD2026C-00062,K45 02606 0017,permit_number,03/27/2026,Commercial Building Permit,BLD,,"220 YALE AVE, APT/UNIT 14, DAYTON OH 45402-6011 United States",0,,39.770501238213555,-84.21727485885125
BLD2026C-00089,R72 15505 0142,permit_number,03/26/2026,Commercial Building Permit,BLD,Bethlehem Missionary Baptist Church,"70 HOLLENCAMP AVE, DAYTON OH 45417",20801,FIRE REPR,39.74895881248158,-84.2681261847647
BLD2026C-00081,R72 06506 0007,permit_number,03/26/2026,Commercial Building Permit,BLD,The Riverstone Apartments - Stair Repair,"111 GRAFTON AVE, DAYTON OH 45406-5457 United States",5000,ALT,39.765880621600346,-84.20492009703358
BLD2026C-00087,R72 05203 0052,permit_number,03/25/2026,Commercial Building Permit,BLD,Vacant Vanilla Box **No Occupancy This Permit**,"759 TROY ST, DAYTON OH 45404 United States",35000,FIRE REPR,39.77977175030064,-84.17435883383251
BLD2026C-00084,O67 03606 0008,permit_number,03/25/2026,Commercial Building Permit,BLD,GDPM Storage Building at Mount Crest Court,"700 MOUNT CREST CT, DAYTON OH 45403-1519 United States",0,,39.77626341323972,-84.13776867085473
BLD2026C-00061,R72 10502 0020,permit_number,03/24/2026,Commercial Building Permit,BLD,Boys and Girls Club of Dayton,"1828 W Stewart ST, DAYTON OH 45417-3741",264200,FOUNDATION,39.74159504551482,-84.22822408841644
BLD2026C-00085,R72117011 0014,permit_number,03/23/2026,Commercial Building Permit,BLD,Needmore Rd Dispensary,"3300 NEEDMORE RD, DAYTON OH 45414 United States",800000,ALT,39.81972348562588,-84.16712011990127
BLD2026C-00079,P70 04006 0029,permit_number,03/23/2026,Commercial Building Permit,BLD,Big Willy's BBQ Shack - Repair Fire Damage,"2255 GERMANTOWN ST, DAYTON OH",0,,39.74201403415118,-84.23182683259513
BLD2026C-00082,R72 06705 0026,permit_number,03/20/2026,Commercial Building Permit,BLD,Kettering Health Dayton - New Storage & Maintenance Building,"124 NEAL AVE, DAYTON OH 45405 United States",300000,POLE BARN,39.770927303641734,-84.20021144494825
BLD2026C-00060,K45 02605 0093,permit_number,03/20/2026,Commercial Building Permit,BLD,"DIA Rehabilitate Taxiway ""W""","3600 TERMINAL DR, DAYTON OH 45377 United States",0,,39.898604457430565,-84.22130315387628
BLD2026C-00078,R72 16715 0026,permit_number,03/19/2026,Commercial Building Permit,BLD,Pathway School of Discovery - Food Prep Renovations,"173 AVONDALE DR, DAYTON OH 45404",300000,ALT,39.79539127451572,-84.15624011745231
BLD2026C-00075,R72 16715 0026,permit_number,03/19/2026,Commercial Building Permit,BLD,Pathway School of Discovery - Walk-In Unit Addition,"173 AVONDALE DR, DAYTON OH 45404",60000,ADDN,39.79539127451572,-84.15624011745231
BLD2026C-00086,K47 26521 0002,permit_number,03/18/2026,Commercial Building Permit,BLD,Fairview Pool House Partial Demolition,"2262 Elsmere AVE, DAYTON OH 45406",0,,,
BLD2026C-00059,R72 17102 0003,permit_number,03/18/2026,Commercial Building Permit,BLD,Thurgood Marshall STEM H.S.,"4447 HOOVER AVE, DAYTON OH 45417-1117 United States",771375,ALT,39.762313757589006,-84.26114116389307
BLD2026C-00058,R72 16902 0078,permit_number,03/18/2026,Commercial Building Permit,BLD,Paul Lawrence Dunbar H.S.,"1400 ALBRITTON DR, DAYTON OH 45417 United States",730125,ALT,39.73393872495715,-84.2332941977309
BLD2026C-00057,R72 14301 0058,permit_number,03/18/2026,Commercial Building Permit,BLD,Belmont H.S.,"2615 WAYNE AVE, DAYTON OH 45420 United States",708184,ALT,39.73892543687086,-84.1555275335662
BLD2026C-00056,R72 01213 0005,permit_number,03/18/2026,Commercial Building Permit,BLD,Stivers School of the Arts,"1313 E FIFTH ST, DAYTON OH 45402-2222 United States",700250,ALT,39.75848844834604,-84.17511130282503
BLD2026C-00055,R72 10014 0003,permit_number,03/18/2026,Commercial Building Permit,BLD,Ponitz Career Technology Center,"741 WASHINGTON ST, DAYTON OH 45402-8446 United States",750750,ALT,39.749846193881545,-84.20238991687164
BLD2026C-00054,R72 17627 0003,permit_number,03/17/2026,Commercial Building Permit,BLD,Premier Health Miami Valley Hospital,"1 WYOMING ST, DAYTON OH 45409 United States",2640000,ALT,39.745718250758195,-84.1865388265835
BLD2026C-00053,R72 01605 0037,permit_number,03/17/2026,Commercial Building Permit,BLD,Premier Outpatient Behavioral Health,"725 S LUDLOW ST, DAYTON OH 45402",2000000,ALT,39.75074114622736,-84.19190590461398
BLD2026C-00052,R72 08909 0045,permit_number,03/16/2026,Commercial Building Permit,BLD,SK Heating & Electric,"1711 MCCALL ST, DAYTON OH 45402 United States",100000,REMODEL,39.746407122880285,-84.22198697589326
BLD2026C-00051,R72 03113 0005,permit_number,03/16/2026,Commercial Building Permit,BLD,Pine Club,"1924 BROWN ST, DAYTON OH 45409-2456 United States",79000,ALT,39.73371537630397,-84.18030574225784
BLD2026C-00050,R72 05710 0008,permit_number,03/16/2026,Commercial Building Permit,BLD,Glamour Event Center LLC.,"1114 TROY ST, DAYTON OH 45404",130000,ALT,39.783604937054555,-84.17315487870323
BLD2026C-00049,E20 01107 0194,permit_number,03/13/2026,Commercial Building Permit,BLD,T-Mobile Antenna Project,"1101 N KEOWEE ST, DAYTON OHIO 45404",0,,,
BLD2026C-00048,K45 02602 0024,permit_number,03/13/2026,Commercial Building Permit,BLD,Liberty Tower Event Center,"120 W SECOND ST, DAYTON OH 45402-1604 United States",0,,39.76038147042693,-84.19466736050762
BLD2026C-00077,R72 01708 0006,permit_number,03/10/2026,Commercial Building Permit,BLD,Greater Dayton Regional Transit Authority - Second Floor Reinforcing,"901 S LUDLOW ST, DAYTON OH 45402-2614 United States",125000,MISC,39.74947002037815,-84.19122189531457
BLD2026C-00047,R72717413 0019,permit_number,03/09/2026,Commercial Building Permit,BLD,Install Carport,"3265 LOGISTICS LN, DAYTON OH 45377 United States",16606,CARPORT,39.916090157373404,-84.21972360229502
BLD2026C-00046,R72 02908 0018,permit_number,03/09/2026,Commercial Building Permit,BLD,Cleopatra Ink,"1133 BROWN ST, DAYTON OH 45409 United States",5000,ALT,39.74266855118027,-84.18266277184267
BLD2026C-00045,K45 02607 0188,permit_number,03/06/2026,Commercial Building Permit,BLD,Gosiger - Training and Display Showroom,"1023 E FOURTH ST, DAYTON OH 45402-2231 United States",0,,39.7594908074135,-84.1787392819018
BLD2026C-00044,R72 17003 0021,permit_number,03/06/2026,Commercial Building Permit,BLD,City of Dayton Central Water Quality Lab,"3210 CHUCK WAGNER LN, DAYTON OH 45414-4401 United States",8560000,ALT,39.80766921367655,-84.17061597601175
BLD2026C-00043,E21 01010 0241,permit_number,03/06/2026,Commercial Building Permit,BLD,,"1944 TROY ST, DAYTON OH 45404",0,,39.791173015197515,-84.16558255402462
BLD2026C-00042,R72117011 0013,permit_number,03/05/2026,Commercial Building Permit,BLD,Dayton Ryder Truck Rental Facility,"3580 NEEDMORE RD, DAYTON OH 45414-4316 United States",775000,ALT,39.81972616502805,-84.15919755730806
BLD2026C-00041,O67 21915 0006,permit_number,03/04/2026,Commercial Building Permit,BLD,Faruki PLL,"110 N MAIN ST, DAYTON OH 45402 United States",0,,39.761402673397924,-84.1922159510382
BLD2026C-00040,R72 17626 0001,permit_number,02/26/2026,Commercial Building Permit,BLD,Dayton Children's Hospital,"1 CHILDRENS PLZ, DAYTON OH 45404 United States",80000,REMODEL,39.774028226896995,-84.16886982183259
BLD2026C-00039,R72 02203 0005,permit_number,02/25/2026,Commercial Building Permit,BLD,Linden Ave Baptist Church,"101 LINDEN AVE, DAYTON OH 45403-1918 United States",8950,ALT,39.76175278460469,-84.16397261445394
BLD2026C-00038,R72 09611 0010,permit_number,02/25/2026,Commercial Building Permit,BLD,Mueller Roofing,"2521 S EDWIN C MOSES BLVD, DAYTON OH 45417-4659 United States",510000,MISC,39.732829213022306,-84.21468114301236
BLD2026C-00037,H33 00804 0004,permit_number,02/24/2026,Commercial Building Permit,BLD,Daily Dose Caffe,"13 N WILLIAMS ST, DAYTON OH 45402-6813 United States",0,,39.75661702785248,-84.21201131015555
BLD2026C-00036,O67 28823 0006,permit_number,02/24/2026,Commercial Building Permit,BLD,Flying Ace Car Wash,"2916 Linden AVE, DAYTON OH 45410-3027",0,,39.74777482615213,-84.14065905430063
BLD2026C-00035,R72 01401 0061,permit_number,02/19/2026,Commercial Building Permit,BLD,Apartment Over Restaurant,"526 E FIFTH ST, DAYTON OH 45402-2914 United States",150000,ALT,39.75697709205313,-84.18284465890903
BLD2026C-00034,R72 14301 0038,permit_number,02/18/2026,Commercial Building Permit,BLD,Montgomery County Job Center - Southview Campus,"25 THORPE DR, DAYTON OH 45420-1823 United States",20000,ALT,39.733068192737434,-84.1567687081358
BLD2026C-00033,P70 03911 0020,permit_number,02/17/2026,Commercial Building Permit,BLD,Brooks House Condo Unit 39,"39 E FIRST ST, DAYTON OH 45402 United States",0,,,
BLD2026C-00032,R72 15407 0086,permit_number,02/17/2026,Commercial Building Permit,BLD,Two Future Tenant Spaces for Mercantile Use,"1924 BROWN ST, DAYTON OH 45409-2456",25000,ALT,39.73371537630397,-84.18030574225784
BLD2026C-00031,R72 17405 0007,permit_number,02/16/2026,Commercial Building Permit,BLD,Verizon Wireless New Install,"4301 N JAMES H MCGEE BLVD, DAYTON OH 45417-9537 United States",65000,ADDN,39.77315404422227,-84.26079405011512
BLD2026C-00030,G31 01606 0004,permit_number,02/13/2026,Commercial Building Permit,BLD,Racquetball Court Conversion 101 H,"300 COLLEGE PARK AVE, DAYTON OH 45469 United States",0,,39.74010674659607,-84.1799867581776
BLD2026C-00029,P70 01003 0013,permit_number,02/13/2026,Commercial Building Permit,BLD,Massage Spa,"3410 N MAIN ST, DAYTON OH 45405-2712 United States",0,,39.797252175874256,-84.2170562131943
BLD2026C-00028,K45 02606 0046,permit_number,02/11/2026,Commercial Building Permit,BLD,,"1976 N MAIN ST, DAYTON OH 45405-3801 United States",0,,39.781874465332244,-84.20815504444198
BLD2026C-00027,R72217304 0021,permit_number,02/11/2026,Commercial Building Permit,BLD,Little Dreams Childcare,"4475 Old Troy PIKE, DAYTON OH 45404-1333",250000,ALT,39.81913419933016,-84.14647534336258
BLD2026C-00026,R72 04607 0009,permit_number,02/06/2026,Commercial Building Permit,BLD,New Parking for Holy Family Catholic Church,"134 S FINDLAY ST, DAYTON OH 45403-2025 United States",50000,ADDN,39.762195620436856,-84.15618753814714
BLD2026C-00025,D14 00706 0048,permit_number,02/06/2026,Commercial Building Permit,BLD,Dayton Children's Hospital,"1 CHILDRENS PLZ, DAYTON OH 45404 United States",0,,39.774028226896995,-84.16886982183259
BLD2026C-00024,E21 01010 0032,permit_number,02/06/2026,Commercial Building Permit,BLD,Dayton Children's Hospital,"1 CHILDRENS PLZ, DAYTON OH 45404 United States",0,,39.774028226896995,-84.16886982183259
BLD2026C-00023,R72 14705 0005,permit_number,02/05/2026,Commercial Building Permit,BLD,Smithville Barbershop,"1930 S SMITHVILLE RD, DAYTON OH 45420-2854 United States",5000,REMODEL,39.7384317032065,-84.14014470161567
BLD2026C-00022,R72 16216 0062,permit_number,02/04/2026,Commercial Building Permit,BLD,Westside Makerspace,"3028 Salem AVE, DAYTON OH 45406",400000,ALT,39.78932378066692,-84.23984400079993
BLD2026C-00021,I39101502 0058,permit_number,02/04/2026,Commercial Building Permit,BLD,5-Unit Apartment Building,"3622 MODENA ST, DAYTON OH 45417-4104 United States",0,,39.73218131069457,-84.2520918933856
BLD2026C-00020,R72 10702 0001,permit_number,02/03/2026,Commercial Building Permit,BLD,1907 Barn at Carillon Historical Park,"1000 CARILLON BLVD, DAYTON OH 45409",1200000,ALT,39.730666670736156,-84.19841871469411
BLD2026C-00019,A01 00308 0183,permit_number,02/02/2026,Commercial Building Permit,BLD,Area Agency on Aging Office Alterations,"220 E MONUMENT AVE, DAYTON OH 45402-1223 United States",0,,39.7643043947213,-84.18845808544255
BLD2026C-00018,C05 00412 0004,permit_number,01/30/2026,Commercial Building Permit,BLD,On-Main Job Site Trailer,"1043 S MAIN ST, DAYTON OH 45409-2710 United States",0,,39.74346322337277,-84.1877291441674
BLD2026C-00017,R72 00416 0002,permit_number,01/27/2026,Commercial Building Permit,BLD,SCC Tartan Market Walk-in Cooler Replacement - Bldg. 6 & 7,"444 W THIRD ST, DAYTON OH 45402-1421 United States",733600,ALT,39.757621145508864,-84.20058764501195
BLD2026C-00016,K45 02605 0097,permit_number,01/23/2026,Commercial Building Permit,BLD,Ground Floor Renovation of Westminster Presbyterian Church,"125 N WILKINSON ST, DAYTON OH 45402 United States",0,,39.76119158363699,-84.19617416988275
BLD2026C-00015,E21 01010 0033,permit_number,01/23/2026,Commercial Building Permit,BLD,Day Tailwind Renovation Phase 1,"3600 TERMINAL DR, DAYTON OH 45377 United States",0,,39.898604457430565,-84.22130315387628
BLD2026C-00014,R72 11706 0004,permit_number,01/22/2026,Commercial Building Permit,BLD,22 Unit Apartment Building @ 2030-2036 Catalpa Dr,"2032 Catalpa DR, DAYTON OH 45406-3057",28143,APT NEW,39.78481539390837,-84.22536013496547
BLD2026C-00013,K45 02602 0085,permit_number,01/21/2026,Commercial Building Permit,BLD,Submarine House,"1137 Brown ST, DAYTON OH 45409-2603",0,,39.742548165720606,-84.18263142751792
BLD2026C-00012,R72 05702 0069,permit_number,01/20/2026,Commercial Building Permit,BLD,Electropolish,"332 VERMONT AVE, DAYTON OH 45404",505112,ALT,39.77701396763071,-84.18507946673887
BLD2026C-00011,R72217708 0001,permit_number,01/20/2026,Commercial Building Permit,BLD,United Rehabilitation Services,"4710 OLD TROY PIKE, DAYTON OH 45424",400000,ALT,39.82265624949803,-84.14435934428226
BLD2026C-00010,P70 01808 0053,permit_number,01/14/2026,Commercial Building Permit,BLD,Vacant,"1040 E First ST, DAYTON OH 45402",0,,39.76502688372706,-84.1742971485678
BLD2026C-00008,R72 08403 0008,permit_number,01/14/2026,Commercial Building Permit,BLD,Gem City Barber College,"823 W THIRD ST, DAYTON OH 45402-6811 United States",35000,ALT,39.7568793477604,-84.20889170284394
BLD2026C-00007,R72 16702 0075,permit_number,01/14/2026,Commercial Building Permit,BLD,Kennicott Brothers,"1331 TROY ST, DAYTON OH 45404-2748 United States",5000,ADDN,39.78614010092929,-84.17173677083764
BLD2026C-00006,P70 02015 0001,permit_number,01/09/2026,Commercial Building Permit,BLD,"RAMPS, STAIR UPGRADES, ELEVATOR UPGRADES, ELECTRICAL & RADIANT HEATING UPGRADES. CANOPY/STAIR TOWER ROOFING","29 E FOURTH ST, Dayton OH 45431",0,,,
BLD2026C-00005,R72 13913 0028,permit_number,01/09/2026,Commercial Building Permit,BLD,,"1105 Wilmington AVE, DAYTON OH 45420-1684",20350,ALT,39.72560008054643,-84.15382469004328
BLD2026C-00004,R72 15301 0070,permit_number,01/09/2026,Commercial Building Permit,BLD,6 Unit Apartment Building,"1332 Jordan AVE, UNIT F, DAYTON OH 45410-2845",30000,FIRE REPR,39.75199821375098,-84.14584610644549
BLD2026C-00003,O67 28823 0006,permit_number,01/08/2026,Commercial Building Permit,BLD,,"18 W FIRST ST, DAYTON OH 45402-1249 United States",0,,39.76200115911806,-84.19336185818692
BLD2026C-00002,E21 17303A0059,permit_number,01/05/2026,Commercial Building Permit,BLD,"Fitz Hall Biomechanics Lab Relocation, rooms 546 and 548.","1529 Brown ST, DAYTON OH",0,,39.73837258576606,-84.18200426742256
BLD2026C-00001,R72 17627 0003,permit_number,01/05/2026,Commercial Building Permit,BLD,MVH Interventional Radiology - IR #5,"1 WYOMING ST, DAYTON OH 45409 United States",1280000,ALT,39.745718250758195,-84.1865388265835
BLD2026C-00009,O67 03813 0214,permit_number,01/02/2026,Commercial Building Permit,BLD,LONGJIA MASSAGE,"1064 PATTERSON RD, DAYTON OH 45420-1522 United States",0,,39.72320655478366,-84.14968587717475
ELC2026C-00325,R72 05706 0112,address,06/30/2026,Commercial Electrical Permit,ELC,,"417 E HELENA ST, DAYTON OH 45404",,,39.780604583682305,-84.18971085756259
ELC2026C-00324,R72 00507 0096,address,06/29/2026,Commercial Electrical Permit,ELC,Server Room Cooling System at Wright Stop Plaza,"4 S MAIN ST, DAYTON OH 45402 United States",,,39.75936800830403,-84.19145856383616
ELC2026C-00323,R72 16702 0034,address,06/29/2026,Commercial Electrical Permit,ELC,,"1451 Troy ST, DAYTON OH 45404-2726",,,39.78724250515979,-84.17068124881916
ELC2026C-00322,R72 01802 0079,address,06/29/2026,Commercial Electrical Permit,ELC,Goodwill Easter Seals Miami Valey,"660 S MAIN ST, DAYTON OH 45402 United States",,,39.749703222402275,-84.18893148262077
ELC2026C-00328,R72717413 0018,address,06/26/2026,Commercial Electrical Permit,ELC,Chewy Center - Battery Charging Area,"3280 LIGHTNER RD, DAYTON OH 45371 United States",,,39.91983979516655,-84.21976622152093
ELC2026C-00321,R72 00111 0008,address,06/25/2026,Commercial Electrical Permit,ELC,,"300 Abbey Ave., DAYTON OH 45417",,,39.74873536236311,-84.23894337569445
ELC2026C-00320,R72 16715 0026,address,06/24/2026,Commercial Electrical Permit,ELC,,"173 AVONDALE DR, DAYTON OH 45404",,,39.79539127451572,-84.15624011745231
ELC2026C-00319,R72 16715 0026,address,06/24/2026,Commercial Electrical Permit,ELC,,"173 AVONDALE DR, DAYTON OH 45404",,,39.79539127451572,-84.15624011745231
ELC2026C-00318,R72 06801 0010,address,06/23/2026,Commercial Electrical Permit,ELC,,"1627 N MAIN ST, APT/UNIT B, DAYTON OH 45405-4141 United States",,,39.778355230489176,-84.20473597403351
ELC2026C-00317,R72117218 0001,address,06/23/2026,Commercial Electrical Permit,ELC,Northcrest Gardens - Replacement of Meter Main,"5025 NORRIS DR, DAYTON OH 45414-3709 United States",,,39.819932098130096,-84.20518064990107
ELC2026C-00316,R72 08207 0038,address,06/23/2026,Commercial Electrical Permit,ELC,,"1819 W THIRD ST, DAYTON OH 45417 United States",,,39.75453818026039,-84.22511212343791
ELC2026C-00315,R72 10209 0116,address,06/23/2026,Commercial Electrical Permit,ELC,,"809 CINCINNATI ST, DAYTON OH 45417 United States",,,39.7415954642121,-84.20273617839072
ELC2026C-00314,R72 16502 0005,address,06/22/2026,Commercial Electrical Permit,ELC,APT C5,"1610 WOODMAN DR, APT/UNIT C5, DAYTON OH 45432-3353 United States",,,39.7339784751937,-84.12140474877486
ELC2026C-00313,R72 07611 0027,address,06/22/2026,Commercial Electrical Permit,ELC,Dayton Leadership Academy,"1416 W RIVERVIEW AVE, DAYTON OH 45402 United States",,,39.76173388538554,-84.21828494106383
ELC2026C-00312,R72 08802 0061,address,06/22/2026,Commercial Electrical Permit,ELC,,"1470 W THIRD ST, DAYTON OH 45402-6715 United States",,,39.75458900752758,-84.220353512253
ELC2026C-00311,R72 06706 0027,address,06/18/2026,Commercial Electrical Permit,ELC,Interior Alteration to Existing Church,"720 BELMONTE PARK N, DAYTON OH 45405-4403 United States",,,39.76957287313848,-84.2043299982383
ELC2026C-00310,R72 17616 0001,address,06/18/2026,Commercial Electrical Permit,ELC,,"2300 S EDWIN C MOSES BLVD, DAYTON OH 45417 United States",,,39.73193958911807,-84.2098013714239
ELC2026C-00309,R72 03004 0001,address,06/18/2026,Commercial Electrical Permit,ELC,,"1529 BROWN ST, DAYTON OH 45409",,,39.73837258576606,-84.18200426742256
ELC2026C-00308,R72 10911 0024,address,06/17/2026,Commercial Electrical Permit,ELC,UNIT 4,"410 E BRUCE AVE, DAYTON OH 45405-2511 United States",,,39.795603433556764,-84.20796496156467
ELC2026C-00307,R72 10911 0024,address,06/17/2026,Commercial Electrical Permit,ELC,UNIT 3,"410 E BRUCE AVE, DAYTON OH 45405-2511 United States",,,39.795603433556764,-84.20796496156467
ELC2026C-00306,R72 10911 0024,address,06/17/2026,Commercial Electrical Permit,ELC,UNIT 2,"410 E BRUCE AVE, DAYTON OH 45405-2511 United States",,,39.795603433556764,-84.20796496156467
ELC2026C-00305,R72 05203 0057,address,06/17/2026,Commercial Electrical Permit,ELC,,"735 TROY ST, DAYTON OH 45404-1857 United States",,,39.77932091636529,-84.17452682135601
ELC2026C-00304,R72 05203 0057,address,06/17/2026,Commercial Electrical Permit,ELC,,"735 TROY ST, DAYTON OH 45404-1857 United States",,,39.77932091636529,-84.17452682135601
ELC2026C-00303,R72717413 0001,address,06/17/2026,Commercial Electrical Permit,ELC,,"10394 FREIGHT DR, DAYTON OH 45377 United States",,,39.89903002483532,-84.22857885736292
ELC2026C-00302,R72 06609 0021,address,06/16/2026,Commercial Electrical Permit,ELC,,"445 SALEM AVE, DAYTON OH 45406 United States",,,39.76753992988016,-84.20934169887232
ELC2026C-00301,R72 04808 0133,address,06/15/2026,Commercial Electrical Permit,ELC,,"6 S SMITHVILLE RD, DAYTON OH 45431-1833 United States",,,39.76500422824224,-84.13748624774907
ELC2026C-00300,R72 06212 0006,address,06/12/2026,Commercial Electrical Permit,ELC,,"2331 RIVERSIDE DR, APT/UNIT 6, DAYTON OH 45405-3431 United States",,,39.78805635613563,-84.20563013097022
ELC2026C-00299,R72 01910 0014,address,06/11/2026,Commercial Electrical Permit,ELC,,"913 WAYNE AVE, DAYTON OH 45410-1247 United States",,,39.752051126228956,-84.17710871890915
ELC2026C-00298,R72 00614 0019,address,06/11/2026,Commercial Electrical Permit,ELC,,"1023 E FOURTH ST, DAYTON OH 45402-2231 United States",,,39.7594908074135,-84.1787392819018
ELC2026C-00297,R72 16502 0005,address,06/10/2026,Commercial Electrical Permit,ELC,,"1610 WOODMAN DR, DAYTON OH 45432-3353 United States",,,39.7339784751937,-84.12140474877486
ELC2026C-00296,R72 16409 0004,address,06/10/2026,Commercial Electrical Permit,ELC,,"1675 WOODMAN DR, DAYTON OH 45432-3336 United States",,,39.732098243274415,-84.12274732415285
ELC2026C-00295,R72 00416 0002,address,06/10/2026,Commercial Electrical Permit,ELC,,"444 W THIRD ST, DAYTON OH 45402-1421 United States",,,39.757621145508864,-84.20058764501195
ELC2026C-00294,R72 17627 0003,address,06/08/2026,Commercial Electrical Permit,ELC,,"1 WYOMING ST, DAYTON OH 45409 United States",,,39.745718250758195,-84.1865388265835
ELC2026C-00293,R72 17605 0001,address,06/08/2026,Commercial Electrical Permit,ELC,,"2801 N GETTYSBURG AVE, DAYTON OH 45406-1618 United States",,,39.795971560843554,-84.25491404262927
ELC2026C-00292,R72 00310 0027,address,06/08/2026,Commercial Electrical Permit,ELC,Tri-State Elevator,"33 E FIRST ST, DAYTON OH 45402-1203 United States",,,39.76276535705178,-84.19140585386235
ELC2026C-00291,R72 14506 0029,address,06/08/2026,Commercial Electrical Permit,ELC,,"842 WATERVLIET AVE, DAYTON OH 45420-2714 United States",,,39.729901581181736,-84.13967728528785
ELC2026C-00290,R72 03113 0060,address,06/04/2026,Commercial Electrical Permit,ELC,INSTALL TYPE 1 HOOD,"1926 BROWN ST, DAYTON OH 45409-2456 United States",,,39.73367475860837,-84.18007361697968
ELC2026C-00289,R72 03113 0005,address,06/04/2026,Commercial Electrical Permit,ELC,Pine Club,"1924 BROWN ST, DAYTON OH 45409-2456 United States",,,39.73371537630397,-84.18030574225784
ELC2026C-00288,R72 05909B0031,address,06/04/2026,Commercial Electrical Permit,ELC,,"229 Riverside Dr, Dayton OH 45405-4941 Andorra, 229",,,39.769611402088586,-84.1913514529892
ELC2026C-00287,R72 01704 0111,address,06/04/2026,Commercial Electrical Permit,ELC,,"601 Longworth St, Dayton OH 45402",,,39.749400154542215,-84.19516871164788
ELC2026C-00286,R72 07203 0042,address,06/04/2026,Commercial Electrical Permit,ELC,,"1100 SALEM AVE, DAYTON OH 45406-5144 United States",,,39.774779155610325,-84.21698046845376
ELC2026C-00285,R72 51424 0001,address,06/03/2026,Commercial Electrical Permit,ELC,,"3283 W SIEBENTHALER AVE, DAYTON OH 45406-1825 United States",,,39.799314904401925,-84.24156375139926
ELC2026C-00284,R72 00508 0017,address,05/29/2026,Commercial Electrical Permit,ELC,,"142 E THIRD ST, DAYTON OH 45402-2130 United States",,,39.75981859606145,-84.18858779583178
ELC2026C-00283,R72 00508 0016,address,05/29/2026,Commercial Electrical Permit,ELC,,"140 E THIRD ST, DAYTON OH 45402-2130 United States",,,39.75980923730007,-84.18866579263546
ELC2026C-00282,R72 11801 0022,address,05/29/2026,Commercial Electrical Permit,ELC,,"1821 EMERSON AVE, DAYTON OH 45406 United States",,,39.781638521987894,-84.22349489358821
ELC2026C-00281,R72 11702 0030,address,05/27/2026,Commercial Electrical Permit,ELC,,"501 W NORMAN AVE, DAYTON OH 45406-4853 United States",,,39.784007465189404,-84.22055690181986
ELC2026C-00280,R72 16702 0011,address,05/27/2026,Commercial Electrical Permit,ELC,Used Auto Sales Office / Site,"1800 TROY ST, DAYTON OH 45404-2157 United States",,,39.789563222875586,-84.16736992549426
ELC2026C-00279,R72117222 0010,address,05/27/2026,Commercial Electrical Permit,ELC,,"4533 FREDERICK PIKE, DAYTON OH 45414-3977 United States",,,39.81232870391884,-84.19927806821585
ELC2026C-00278,R72117222 0010,address,05/27/2026,Commercial Electrical Permit,ELC,,"4533 FREDERICK PIKE, APT/UNIT F, DAYTON OH 45414-3977 United States",,,39.81232870391884,-84.19927806821585
ELC2026C-00277,R72117222 0010,address,05/27/2026,Commercial Electrical Permit,ELC,,"4533 FREDERICK PIKE, APT/UNIT E, DAYTON OH 45414-3977 United States",,,39.81232870391884,-84.19927806821585
ELC2026C-00276,R72117222 0010,address,05/27/2026,Commercial Electrical Permit,ELC,,"4533 FREDERICK PIKE, APT/UNIT D, DAYTON OH 45414-3977 United States",,,39.81232870391884,-84.19927806821585
ELC2026C-00275,R72117222 0010,address,05/27/2026,Commercial Electrical Permit,ELC,,"4533 FREDERICK PIKE, APT/UNIT C, DAYTON OH 45414-3977 United States",,,39.81232870391884,-84.19927806821585
ELC2026C-00274,R72117222 0010,address,05/27/2026,Commercial Electrical Permit,ELC,,"4533 FREDERICK PIKE, APT/UNIT B, DAYTON OH 45414-3977 United States",,,39.81232870391884,-84.19927806821585
ELC2026C-00273,R72117222 0010,address,05/27/2026,Commercial Electrical Permit,ELC,,"4533 FREDERICK PIKE, APT/UNIT A, DAYTON OH 45414-3977 United States",,,39.81232870391884,-84.19927806821585
ELC2026C-00272,R72 07306 0001,address,05/26/2026,Commercial Electrical Permit,ELC,,"220 YALE AVE, APT/UNIT 14, DAYTON OH 45402-6011 United States",,,39.770501238213555,-84.21727485885125
ELC2026C-00271,R72 15105 0016,address,05/22/2026,Commercial Electrical Permit,ELC,,"2718 LINDEN AVE, DAYTON OH 45410 United States",,,39.748026098146276,-84.14362162961835
ELC2026C-00270,R72 02101 0026,address,05/21/2026,Commercial Electrical Permit,ELC,,"61 BOLTIN ST, DAYTON OH 45403-2401 United States",,,39.757727070282144,-84.16613144539375
ELC2026C-00269,R72 15104 0042,address,05/20/2026,Commercial Electrical Permit,ELC,,"2916 Linden AVE, DAYTON OH 45410-3027",,,39.74777482615213,-84.14065905430063
ELC2026C-00268,R72 02806 0006,address,05/19/2026,Commercial Electrical Permit,ELC,,"228 OBELL CT, DAYTON OH 45409 United States",,,39.74444668260347,-84.18159594358332
ELC2026C-00267,R72 07604 0033,address,05/19/2026,Commercial Electrical Permit,ELC,,"1708 W RIVERVIEW AVE, DAYTON OH 45402-5942 United States",,,39.76268717241859,-84.22105155525216
ELC2026C-00266,R72 00416 0002,address,05/19/2026,Commercial Electrical Permit,ELC,,"444 W THIRD ST, DAYTON OH 45402-1421 United States",,,39.757621145508864,-84.20058764501195
ELC2026C-00265,R72 16302 0024,address,05/15/2026,Commercial Electrical Permit,ELC,,"2261 HEPBURN AVE, DAYTON OH 45406-1846 United States",,,39.789850937598956,-84.23633348566058
ELC2026C-00264,R72 16302 0024,address,05/15/2026,Commercial Electrical Permit,ELC,,"2263 HEPBURN AVE, APT/UNIT C, DAYTON OH 45406-1846 United States",,,39.78984592429894,-84.23648643674349
ELC2026C-00263,R72 16302 0024,address,05/15/2026,Commercial Electrical Permit,ELC,,"2263 HEPBURN AVE, APT/UNIT B, DAYTON OH 45406-1846 United States",,,39.78984592429894,-84.23648643674349
ELC2026C-00262,R72 16302 0024,address,05/15/2026,Commercial Electrical Permit,ELC,,"2263 HEPBURN AVE, APT/UNIT A, DAYTON OH 45406-1846 United States",,,39.78984592429894,-84.23648643674349
ELC2026C-00261,R72 01204 0024,address,05/15/2026,Commercial Electrical Permit,ELC,,"1509 E FIFTH ST, DAYTON OH 45403-2301 United States",,,39.758732430530415,-84.17322093699921
ELC2026C-00260,E20 17001 0008,permit_number,05/13/2026,Commercial Electrical Permit,ELC,,"704 ROCKFORD AVE, DAYTON OH 45405-4030 United States",0,,39.77850485028296,-84.20611867446175
ELC2026C-00259,P70 02001 0005,permit_number,05/13/2026,Commercial Electrical Permit,ELC,,"704 ROCKFORD AVE, APT/UNIT 5, DAYTON OH 45405-4030 United States",0,,39.77850485028296,-84.20611867446175
ELC2026C-00258,E20 01106 0226,permit_number,05/13/2026,Commercial Electrical Permit,ELC,,"704 ROCKFORD AVE, APT/UNIT 4, DAYTON OH 45405-4030 United States",0,,39.77850485028296,-84.20611867446175
ELC2026C-00257,K45 02602 0086,permit_number,05/13/2026,Commercial Electrical Permit,ELC,,"704 ROCKFORD AVE, APT/UNIT 3, DAYTON OH 45405-4030 United States",0,,39.77850485028296,-84.20611867446175
ELC2026C-00256,E20 01106 0226,permit_number,05/13/2026,Commercial Electrical Permit,ELC,,"704 ROCKFORD AVE, APT/UNIT 2, DAYTON OH 45405-4030 United States",0,,39.77850485028296,-84.20611867446175
ELC2026C-00255,I39 01112 0016,permit_number,05/13/2026,Commercial Electrical Permit,ELC,,"704 ROCKFORD AVE, APT/UNIT 1, DAYTON OH 45405-4030 United States",0,,39.77850485028296,-84.20611867446175
ELC2026C-00254,I39 00902 0013,permit_number,05/13/2026,Commercial Electrical Permit,ELC,,"617 W RIVERVIEW AVE, APT/UNIT 402, DAYTON OH 45406-5578 United States",0,,39.76360067336581,-84.20385386724902
ELC2026C-00253,I39 00902 0013,permit_number,05/13/2026,Commercial Electrical Permit,ELC,,"617 W RIVERVIEW AVE, APT/UNIT 101, DAYTON OH 45406-5578 United States",0,,39.76360067336581,-84.20385386724902
ELC2026C-00252,I39 00902 0013,permit_number,05/13/2026,Commercial Electrical Permit,ELC,,"617 W RIVERVIEW AVE, APT/UNIT 12, DAYTON OH 45406-5578 United States",0,,39.76360067336581,-84.20385386724902
ELC2026C-00251,P70 03912 0088,permit_number,05/12/2026,Commercial Electrical Permit,ELC,,"3841 LAKEBEND DR, APT/UNIT B1, DAYTON OH 45404-2135 United States",0,,39.797176601782745,-84.15445295598632
ELC2026C-00250,I39 00203 0025,permit_number,05/12/2026,Commercial Electrical Permit,ELC,,"544 BRANDT ST, DAYTON OH 45404-2293 United States",0,,39.78431813321521,-84.16085255117169
ELC2026C-00247,P70 03909 0001,permit_number,05/11/2026,Commercial Electrical Permit,ELC,,"334 NORWOOD AVE, DAYTON OH 45402-8435 United States",0,,39.75243675396511,-84.20720223698018
ELC2026C-00246,E21 01010 0241,permit_number,05/08/2026,Commercial Electrical Permit,ELC,,"41 N Perry ST, DAYTON OH 45422-2000",0,,39.759703965799226,-84.19689222301372
ELC2026C-00245,A01 20322 0078,permit_number,05/08/2026,Commercial Electrical Permit,ELC,,"1828 W Stewart ST, DAYTON OH 45417-3741",0,,39.74159504551482,-84.22822408841644
ELC2026C-00244,H33302112 0018,permit_number,05/08/2026,Commercial Electrical Permit,ELC,,"1721 RADIO RD, DAYTON OH 45403 United States",0,,39.77347289898905,-84.13684547816834
ELC2026C-00243,K45 02511 0117,permit_number,05/08/2026,Commercial Electrical Permit,ELC,,"607 W FAIRVIEW AVE, APT/UNIT 7, DAYTON OH 45405-3200 United States",0,,39.78660643023204,-84.22214082801135
ELC2026C-00242,H33 01615 0001,permit_number,05/08/2026,Commercial Electrical Permit,ELC,,"607 W FAIRVIEW AVE, APT/UNIT 4, DAYTON OH 45405-3200 United States",0,,39.78660643023204,-84.22214082801135
ELC2026C-00241,O67 03605 0037,permit_number,05/07/2026,Commercial Electrical Permit,ELC,,"2800 Guthrie RD, DAYTON OH 45417-6725",0,,39.72568431711716,-84.23053579531195
ELC2026C-00249,O67 03811 0029,permit_number,05/01/2026,Commercial Electrical Permit,ELC,Montgomery County Jail Building Automation System & AHU Replacement,"330 W SECOND ST, DAYTON OH 45422-4999 United States",0,,39.759828634862885,-84.19775974825204
ELC2026C-00248,O67 28823 0006,permit_number,05/01/2026,Commercial Electrical Permit,ELC,Montgomery County Jail Boiler and Domestic Hot Water Heater Replacement,"330 W SECOND ST, DAYTON OH 45422-4999 United States",0,,39.759828634862885,-84.19775974825204
ELC2026C-00240,K45 02603 0005,permit_number,04/30/2026,Commercial Electrical Permit,ELC,,"1632 N JAMES H MCGEE BLVD, APT/UNIT D, DAYTON OH 45402-5454 United States",0,,39.7682976801775,-84.24247742588419
ELC2026C-00239,E20 01008 0037,permit_number,04/30/2026,Commercial Electrical Permit,ELC,,"444 W THIRD ST, DAYTON OH 45402-1421 United States",0,,39.757621145508864,-84.20058764501195
ELC2026C-00238,E20 01008 0037,permit_number,04/28/2026,Commercial Electrical Permit,ELC,Westwood Elementary,"2805 OAKRIDGE DR, DAYTON OH 45417 United States",0,,39.758462103179006,-84.24636270337696
ELC2026C-00237,E20 01008 0037,permit_number,04/28/2026,Commercial Electrical Permit,ELC,Fairview Elementary,"2314 ELSMERE AVE, DAYTON OH 45406 United States",0,,39.78993480703365,-84.22970650059739
ELC2026C-00236,E20 01008 0037,permit_number,04/28/2026,Commercial Electrical Permit,ELC,Roosevelt Elementary,"1923 W THIRD ST, DAYTON OH 45417 United States",0,,39.75399826407294,-84.22686647970743
ELC2026C-00235,E20 01008 0037,permit_number,04/28/2026,Commercial Electrical Permit,ELC,,"2712 LINDEN AVE, DAYTON OH 45410 United States",0,,39.748030936553334,-84.14375112335487
ELC2026C-00234,O67 28813 0003,permit_number,04/28/2026,Commercial Electrical Permit,ELC,UNIT 2,"4131 FREE PIKE, APT/UNIT 2, DAYTON OH 45416-1240 United States",0,,39.79822944166529,-84.25687183524197
ELC2026C-00233,K45 02602 0086,permit_number,04/27/2026,Commercial Electrical Permit,ELC,UNIT 14,"4115 FREE PIKE, APT/UNIT 14, DAYTON OH 45416-1240 United States",0,,39.798233213697486,-84.25643766210801
ELC2026C-00232,E21 24118 0009,permit_number,04/27/2026,Commercial Electrical Permit,ELC,UNIT 19,"4115 FREE PIKE, APT/UNIT 19, DAYTON OH 45416-1240 United States",0,,39.798233213697486,-84.25643766210801
ELC2026C-00231,H33 02301 0110,permit_number,04/23/2026,Commercial Electrical Permit,ELC,,"1038 S SMITHVILLE RD, DAYTON OH 45403 United States",0,,39.75274623908877,-84.13704739261387
ELC2026C-00230,K45 02606 0058,permit_number,04/22/2026,Commercial Electrical Permit,ELC,UNIT 4,"149 EDISON ST, APT/UNIT 4, DAYTON OH 45402-6600 United States",0,,39.75861360088416,-84.21648254159624
ELC2026C-00229,E21 01004 0043,permit_number,04/22/2026,Commercial Electrical Permit,ELC,UNIT 3,"149 EDISON ST, APT/UNIT 3, DAYTON OH 45402-6600 United States",0,,39.75861360088416,-84.21648254159624
ELC2026C-00228,K45 50010 0037,permit_number,04/22/2026,Commercial Electrical Permit,ELC,UNIT 1,"149 EDISON ST, APT/UNIT 1, DAYTON OH 45402-6600 United States",0,,39.75861360088416,-84.21648254159624
ELC2026C-00227,I39101601 0005,permit_number,04/22/2026,Commercial Electrical Permit,ELC,UNIT 207,"111 HARRIES ST, DAYTON OH 45402 United States",0,,39.762032900373896,-84.18831764767742
ELC2026C-00226,P70 02018 0009,permit_number,04/21/2026,Commercial Electrical Permit,ELC,,"544 BRANDT ST, APT/UNIT E, DAYTON OH 45404-2293 United States",0,,39.78431813321521,-84.16085255117169
ELC2026C-00225,O67 03813 0214,permit_number,04/21/2026,Commercial Electrical Permit,ELC,,"544 BRANDT ST, APT/UNIT D, DAYTON OH 45404-2293 United States",0,,39.78431813321521,-84.16085255117169
ELC2026C-00224,K45 02606 0072,permit_number,04/21/2026,Commercial Electrical Permit,ELC,,"544 BRANDT ST, APT/UNIT C, DAYTON OH 45404-2293 United States",0,,39.78431813321521,-84.16085255117169
ELC2026C-00223,O67 03814 0188,permit_number,04/21/2026,Commercial Electrical Permit,ELC,,"544 BRANDT ST, APT/UNIT B, DAYTON OH 45404-2293 United States",0,,39.78431813321521,-84.16085255117169
ELC2026C-00222,H33 01622 0001,permit_number,04/21/2026,Commercial Electrical Permit,ELC,,"544 BRANDT ST, APT/UNIT A, DAYTON OH 45404-2293 United States",0,,39.78431813321521,-84.16085255117169
ELC2026C-00221,L54 00408 0038,permit_number,04/21/2026,Commercial Electrical Permit,ELC,,"1 WYOMING ST, DAYTON OH 45409 United States",0,,39.745718250758195,-84.1865388265835
ELC2026C-00220,I39 00902 0013,permit_number,04/20/2026,Commercial Electrical Permit,ELC,,"515 LILIAN AVE, DAYTON OH 45404-2713 United States",0,,39.78292366207753,-84.16951004234943
ELC2026C-00219,E20 01007 0051,permit_number,04/17/2026,Commercial Electrical Permit,ELC,,"320 GRAFTON AVE, APT/UNIT 1, DAYTON OH 45406-5459 United States",0,,39.76859285094247,-84.20636827437573
ELC2026C-00218,K45 28305 0003,permit_number,04/17/2026,Commercial Electrical Permit,ELC,,"1 CHILDRENS PLZ, DAYTON OH 45404 United States",0,,39.774028226896995,-84.16886982183259
ELC2026C-00217,I39401505 0032,permit_number,04/17/2026,Commercial Electrical Permit,ELC,Premier Outpatient Behavioral Health,"725 S LUDLOW ST, DAYTON OH 45402",0,,39.75074114622736,-84.19190590461398
ELC2026C-00216,R72 01603 0021,address,04/17/2026,Commercial Electrical Permit,ELC,,"505 S Ludlow ST, DAYTON OH 45402-2606",,,39.75293511538563,-84.19218111260149
ELC2026C-00215,P70 01808 0010,permit_number,04/16/2026,Commercial Electrical Permit,ELC,United Rehabilitation Services,"4710 OLD TROY PIKE, DAYTON OH 45424",0,,39.82265624949803,-84.14435934428226
ELC2026C-00214,C08 00108 0059,permit_number,04/16/2026,Commercial Electrical Permit,ELC,,"2323 RIVERSIDE DR, APT/UNIT 3, DAYTON OH 45405-3430 United States",0,,39.78783696970685,-84.20561053050018
ELC2026C-00213,E20 01107 0190,permit_number,04/16/2026,Commercial Electrical Permit,ELC,,"2323 RIVERSIDE DR, APT/UNIT 1, DAYTON OH 45405-3430 United States",0,,39.78783696970685,-84.20561053050018
ELC2026C-00212,I39 00902 0013,permit_number,04/16/2026,Commercial Electrical Permit,ELC,,"3269 W SIEBENTHALER AVE, DAYTON OH 45406-1825 United States",0,,39.799731989653246,-84.2415813548679
ELC2026C-00211,I39 00902 0013,permit_number,04/16/2026,Commercial Electrical Permit,ELC,SCC Building 8,"465 W Fourth, DAYTON OH 45402",0,,,
ELC2026C-00210,I39 00902 0013,permit_number,04/16/2026,Commercial Electrical Permit,ELC,SCC Building 7,"444 W THIRD ST, DAYTON OH 45402-1421 United States",0,,39.757621145508864,-84.20058764501195
ELC2026C-00209,I39 00902 0013,permit_number,04/16/2026,Commercial Electrical Permit,ELC,SCC Building 13,"230 W FIFTH ST, DAYTON OH 45402 United States",0,,39.755935923149664,-84.19561936006674
ELC2026C-00208,E21 24411 0007,permit_number,04/15/2026,Commercial Electrical Permit,ELC,,"3498 OLD SPRINGFIELD RD, DAYTON OH",0,,,
ELC2026C-00207,G27 18303 0002,permit_number,04/15/2026,Commercial Electrical Permit,ELC,,"3240 Valerie Arms DR, UNIT 615, DAYTON OH 45405-2111",0,,39.801154980393,-84.2406166185807
ELC2026C-00202,G27 01602 0163,permit_number,04/14/2026,Commercial Electrical Permit,ELC,,"3600 TERMINAL DR, DAYTON OH 45377 United States",0,,39.898604457430565,-84.22130315387628
ELC2026C-00206,L52 00210 0068,permit_number,04/13/2026,Commercial Electrical Permit,ELC,Charlie Building - Boiler Modifications,"1901 S GETTYSBURG AVE, DAYTON OH 45417-4160 United States",0,,39.72703990647095,-84.25422415913177
ELC2026C-00205,R72 16815 0001,address,04/13/2026,Commercial Electrical Permit,ELC,Bravo Building - Boiler Modifications,"1901 S GETTYSBURG AVE, DAYTON OH 45417-4160 United States",,,39.72703990647095,-84.25422415913177
ELC2026C-00204,O67 28823 0005,permit_number,04/13/2026,Commercial Electrical Permit,ELC,Echo Building - Boiler Modifications,"1901 S GETTYSBURG AVE, DAYTON OH 45417-4160 United States",0,,39.72703990647095,-84.25422415913177
ELC2026C-00203,L53 02905 0013,permit_number,04/13/2026,Commercial Electrical Permit,ELC,Delta Building - Boiler Modifications,"1901 S GETTYSBURG AVE, DAYTON OH 45417-4160 United States",0,,39.72703990647095,-84.25422415913177
ELC2026C-00201,O67 21616 0008,permit_number,04/13/2026,Commercial Electrical Permit,ELC,,"371 W Second ST, DAYTON OH 45402-1491",0,,39.760209025680545,-84.19898220027287
ELC2026C-00200,O67 50009 0043,permit_number,04/13/2026,Commercial Electrical Permit,ELC,,"342 XENIA AVE, DAYTON OH 45410-1535 United States",0,,39.75239778237351,-84.171496550166
ELC2026C-00199,H33 50203 0007,permit_number,04/10/2026,Commercial Electrical Permit,ELC,,"2327 N MAIN ST, DAYTON OH 45405-3470 United States",0,,39.78541467488929,-84.21109973576904
ELC2026C-00198,H33 02103 0096,permit_number,04/10/2026,Commercial Electrical Permit,ELC,,"2327 N MAIN ST, DAYTON OH 45405-3470 United States",0,,39.78541467488929,-84.21109973576904
ELC2026C-00197,K45 02606 0046,permit_number,04/10/2026,Commercial Electrical Permit,ELC,,"2327 N MAIN ST, DAYTON OH 45405-3470 United States",0,,39.78541467488929,-84.21109973576904
ELC2026C-00196,K45 21114 0001,permit_number,04/10/2026,Commercial Electrical Permit,ELC,Thurgood Marshall STEM H.S.,"4447 HOOVER AVE, DAYTON OH 45417-1117 United States",0,,39.762313757589006,-84.26114116389307
ELC2026C-00195,K45 02607 0077,permit_number,04/10/2026,Commercial Electrical Permit,ELC,Paul Lawrence Dunbar H.S.,"1400 ALBRITTON DR, DAYTON OH 45417 United States",0,,39.73393872495715,-84.2332941977309
ELC2026C-00194,P70 02107 0125,permit_number,04/10/2026,Commercial Electrical Permit,ELC,Belmont H.S.,"2615 WAYNE AVE, DAYTON OH 45420 United States",0,,39.73892543687086,-84.1555275335662
ELC2026C-00193,P70 02107 0124,permit_number,04/10/2026,Commercial Electrical Permit,ELC,Stivers School of the Arts,"1313 E FIFTH ST, DAYTON OH 45402-2222 United States",0,,39.75848844834604,-84.17511130282503
ELC2026C-00192,P70 02107 0122,permit_number,04/10/2026,Commercial Electrical Permit,ELC,,"77 EAKER ST, DAYTON OH 45402 United States",0,,39.75400882450574,-84.1948289943983
ELC2026C-00191,H33 01622 0001,permit_number,04/10/2026,Commercial Electrical Permit,ELC,Ponitz Career Technology Center,"741 WASHINGTON ST, DAYTON OH 45402-8446 United States",0,,39.749846193881545,-84.20238991687164
ELC2026C-00190,H33 01622 0001,permit_number,04/09/2026,Commercial Electrical Permit,ELC,,"410 E BRUCE AVE, DAYTON OH 45405-2511 United States",0,,39.795603433556764,-84.20796496156467
ELC2026C-00189,O67 28812 0008,permit_number,04/08/2026,Commercial Electrical Permit,ELC,,"1610 WOODMAN DR, APT/UNIT C3, DAYTON OH 45432-3353 United States",0,,39.7339784751937,-84.12140474877486
ELC2026C-00188,R72 00107 0013,address,04/08/2026,Commercial Electrical Permit,ELC,,"125 N WILKINSON ST, DAYTON OH 45402 United States",,,39.76119158363699,-84.19617416988275
ELC2026C-00187,R72 02301 0019,address,04/08/2026,Commercial Electrical Permit,ELC,,"1723 MCLAIN ST, DAYTON OH 45403-2517 United States",,,39.757453177957935,-84.16067471448402
ELC2026C-00186,R72 02501 0001,address,04/07/2026,Commercial Electrical Permit,ELC,,"364 XENIA AVE, DAYTON OH 45410 United States",,,39.75243853232094,-84.17075401378345
ELC2026C-00185,H33300914 0004,permit_number,04/06/2026,Commercial Electrical Permit,ELC,,"1 CHILDRENS PLZ, DAYTON OH 45404 United States",0,,39.774028226896995,-84.16886982183259
ELC2026C-00184,I39 00902 0013,permit_number,04/06/2026,Commercial Electrical Permit,ELC,,"2135 N GETTYSBURG AVE, DAYTON OH 45406-3563 United States",0,,39.78141879651775,-84.25417372625839
ELC2026C-00180,I39 00902 0013,permit_number,04/02/2026,Commercial Electrical Permit,ELC,,"335 HOMEWOOD AVE, DAYTON OH 45405 United States",0,,,
ELC2026C-00181,I39 00902 0013,permit_number,04/02/2026,Commercial Electrical Permit,ELC,,"713 FOREST AVE, DAYTON OH 45405 United States",0,,,
ELC2026C-00173,O67 03813 0214,permit_number,04/02/2026,Commercial Electrical Permit,ELC,,"1120 OLD ORCHARD AVE, DAYTON OH 45405 United States",0,,,
ELC2026C-00176,O67 03813 0214,permit_number,04/02/2026,Commercial Electrical Permit,ELC,,"1304 OLD ORCHARD AVE, DAYTON OH 45405 United States",0,,,
ELC2026C-00182,I39 00902 0013,permit_number,04/02/2026,Commercial Electrical Permit,ELC,,"721 FOREST AVE, DAYTON OH 45405 United States",0,,,
ELC2026C-00177,O67 03813 0214,permit_number,04/02/2026,Commercial Electrical Permit,ELC,,"319 HOMEWOOD AVE, DAYTON OH 45405 United States",0,,,
ELC2026C-00178,O67 03813 0214,permit_number,04/02/2026,Commercial Electrical Permit,ELC,,"323 HOMEWOOD AVE, DAYTON OH 45405 United States",0,,,
ELC2026C-00174,O67 03813 0214,permit_number,04/02/2026,Commercial Electrical Permit,ELC,,"1204 OLD ORCHARD AVE, DAYTON OH 45405 United States",0,,,
ELC2026C-00183,I39 00902 0013,permit_number,04/02/2026,Commercial Electrical Permit,ELC,,"741 FOREST AVE, DAYTON OH 45405 United States",0,,,
ELC2026C-00179,O67 03813 0214,permit_number,04/02/2026,Commercial Electrical Permit,ELC,,"329 S HOMEWOOD AVE, DAYTON OH 45405 United States",0,,,
ELC2026C-00175,O67 03813 0214,permit_number,04/02/2026,Commercial Electrical Permit,ELC,,"1220 OLD ORCHARD AVE, DAYTON OH 45405 United States",0,,,
ELC2026C-00172,O67 03813 0214,permit_number,04/02/2026,Commercial Electrical Permit,ELC,,"1104 OLD ORCHARD AVE, DAYTON OH 45405 United States",0,,,
ELC2026C-00171,O67 03813 0214,permit_number,04/01/2026,Commercial Electrical Permit,ELC,,"536 BRANDT ST, APT/UNIT E, DAYTON OH 45404-2293 United States",0,,39.78409092989518,-84.16099658124784
ELC2026C-00170,O67 03813 0214,permit_number,04/01/2026,Commercial Electrical Permit,ELC,,"536 BRANDT ST, APT/UNIT D, DAYTON OH 45404-2293 United States",0,,39.78409092989518,-84.16099658124784
ELC2026C-00169,O67 03813 0214,permit_number,04/01/2026,Commercial Electrical Permit,ELC,,"536 BRANDT ST, APT/UNIT C, DAYTON OH 45404-2293 United States",0,,39.78409092989518,-84.16099658124784
ELC2026C-00168,O67 03813 0214,permit_number,04/01/2026,Commercial Electrical Permit,ELC,,"536 BRANDT ST, APT/UNIT B, DAYTON OH 45404-2293 United States",0,,39.78409092989518,-84.16099658124784
ELC2026C-00167,O67 03813 0214,permit_number,04/01/2026,Commercial Electrical Permit,ELC,,"536 BRANDT ST, APT/UNIT A, DAYTON OH 45404-2293 United States",0,,39.78409092989518,-84.16099658124784
ELC2026C-00166,O67 03813 0214,permit_number,04/01/2026,Commercial Electrical Permit,ELC,,"119 NEAL AVE, DAYTON OH 45405-4528 United States",0,,39.77126143651268,-84.20026938679182
ELC2026C-00165,O67 03813 0214,permit_number,04/01/2026,Commercial Electrical Permit,ELC,,"117 NEAL AVE, DAYTON OH 45405-4528 United States",0,,39.7712678016843,-84.20020908521549
ELC2026C-00164,O67 03813 0214,permit_number,04/01/2026,Commercial Electrical Permit,ELC,,"117 NEAL AVE, DAYTON OH 45405-4528 United States",0,,39.7712678016843,-84.20020908521549
ELC2026C-00163,O67 03813 0214,permit_number,04/01/2026,Commercial Electrical Permit,ELC,,"117 NEAL AVE, DAYTON OH 45405-4528 United States",0,,39.7712678016843,-84.20020908521549
ELC2026C-00162,O67 03813 0214,permit_number,04/01/2026,Commercial Electrical Permit,ELC,,"117 NEAL AVE, DAYTON OH 45405-4528 United States",0,,39.7712678016843,-84.20020908521549
ELC2026C-00161,O67 03813 0214,permit_number,03/31/2026,Commercial Electrical Permit,ELC,,"125 NIAGARA AVE, APT/UNIT 2, DAYTON OH 45405-3724 United States",0,,39.78012700616205,-84.2116139680593
ELC2026C-00160,O67 03813 0214,permit_number,03/31/2026,Commercial Electrical Permit,ELC,,"215 McDaniel ST, DAYTON OH 45405-4829",0,,39.76856388335798,-84.19637859497583
ELC2026C-00159,O67 03813 0214,permit_number,03/30/2026,Commercial Electrical Permit,ELC,,"1501 Riverside DR, DAYTON OH 45405-4110",0,,39.77864754212861,-84.20159914369935
ELC2026C-00158,O67 03813 0214,permit_number,03/30/2026,Commercial Electrical Permit,ELC,,"1501 Riverside DR, DAYTON OH 45405-4110",0,,39.77864754212861,-84.20159914369935
ELC2026C-00157,O67 03813 0214,permit_number,03/30/2026,Commercial Electrical Permit,ELC,,"1501 Riverside DR, DAYTON OH 45405-4110",0,,39.77864754212861,-84.20159914369935
ELC2026C-00156,O67 03813 0214,permit_number,03/30/2026,Commercial Electrical Permit,ELC,,"1501 Riverside DR, DAYTON OH 45405-4110",0,,39.77864754212861,-84.20159914369935
ELC2026C-00155,O67 03813 0214,permit_number,03/30/2026,Commercial Electrical Permit,ELC,,"1501 Riverside DR, DAYTON OH 45405-4110",0,,39.77864754212861,-84.20159914369935
ELC2026C-00154,O67 03813 0214,permit_number,03/30/2026,Commercial Electrical Permit,ELC,,"1501 Riverside DR, DAYTON OH 45405-4110",0,,39.77864754212861,-84.20159914369935
ELC2026C-00153,O67 03813 0214,permit_number,03/30/2026,Commercial Electrical Permit,ELC,,"1501 Riverside DR, DAYTON OH 45405-4110",0,,39.77864754212861,-84.20159914369935
ELC2026C-00152,E21 24408 0001,permit_number,03/30/2026,Commercial Electrical Permit,ELC,,"1501 Riverside DR, DAYTON OH 45405-4110",0,,39.77864754212861,-84.20159914369935
ELC2026C-00151,G27 01711 0048,permit_number,03/30/2026,Commercial Electrical Permit,ELC,,"1501 Riverside DR, DAYTON OH 45405-4110",0,,39.77864754212861,-84.20159914369935
ELC2026C-00150,O67 28823 0006,permit_number,03/30/2026,Commercial Electrical Permit,ELC,,"1501 Riverside DR, DAYTON OH 45405-4110",0,,39.77864754212861,-84.20159914369935
ELC2026C-00149,P70 04005 0072,permit_number,03/30/2026,Commercial Electrical Permit,ELC,,"1501 Riverside DR, DAYTON OH 45405-4110",0,,39.77864754212861,-84.20159914369935
ELC2026C-00148,R72 06008 0022,address,03/30/2026,Commercial Electrical Permit,ELC,,"1501 Riverside DR, DAYTON OH 45405-4110",,,39.77864754212861,-84.20159914369935
ELC2026C-00147,K45 02602 0086,permit_number,03/30/2026,Commercial Electrical Permit,ELC,,"1501 Riverside DR, DAYTON OH 45405-4110",0,,39.77864754212861,-84.20159914369935
ELC2026C-00146,I39 00105 0002,permit_number,03/30/2026,Commercial Electrical Permit,ELC,,"1501 Riverside DR, DAYTON OH 45405-4110",0,,39.77864754212861,-84.20159914369935
ELC2026C-00145,O67 03814 0002,permit_number,03/27/2026,Commercial Electrical Permit,ELC,,"1570 WOODMAN DR, APT/UNIT 204, DAYTON OH 45432-3335 United States",0,,39.73526582562707,-84.12123908622343
ELC2026C-00144,O67 03710 0136,permit_number,03/27/2026,Commercial Electrical Permit,ELC,,"1414 S PATTERSON BLVD, DAYTON OH 45409-2105 United States",0,,39.73726680947678,-84.19146645210854
ELC2026C-00143,I39 00114 0046,permit_number,03/27/2026,Commercial Electrical Permit,ELC,Airgas,"3800 DAYTON PARK DR, DAYTON OH 45414-4410 United States",0,,39.802689691489135,-84.17187059724183
ELC2026C-00142,K45 02605 0093,permit_number,03/27/2026,Commercial Electrical Permit,ELC,,"114 BRANDT ST, DAYTON OH 45404",0,,39.78074036650773,-84.16277019537524
ELC2026C-00141,P70 02018 0010,permit_number,03/25/2026,Commercial Electrical Permit,ELC,,"3800 LAKEBEND DR, APT/UNIT A1, DAYTON OH 45404-2135 United States",0,,39.79667120572793,-84.15504607516348
ELC2026C-00140,G28 18207 0003,permit_number,03/25/2026,Commercial Electrical Permit,ELC,,"1610 WOODMAN DR, APT/UNIT C7, DAYTON OH 45432-3353 United States",0,,39.7339784751937,-84.12140474877486
ELC2026C-00139,H33 00214 0014,permit_number,03/24/2026,Commercial Electrical Permit,ELC,,"13 KNECHT DR, DAYTON OH 45405-2704 United States",0,,39.79447646166527,-84.21536949838999
ELC2026C-00138,H33 00214 0014,permit_number,03/20/2026,Commercial Electrical Permit,ELC,,"3031 N GETTYSBURG AVE, DAYTON OH 45406-1516 United States",0,,39.79875181426005,-84.25536500744728
ELC2026C-00137,O67 22415 0010,permit_number,03/19/2026,Commercial Electrical Permit,ELC,Area Agency on Aging Office Alterations,"220 E MONUMENT AVE, DAYTON OH 45402-1223 United States",0,,39.7643043947213,-84.18845808544255
ELC2026C-00136,K45 02401 0170,permit_number,03/19/2026,Commercial Electrical Permit,ELC,Winston Heat Treating,"711 E SECOND ST, DAYTON OH 45402-1319 United States",0,,39.76315876015173,-84.17991992504842
ELC2026C-00135,R72 00803 0047,address,03/19/2026,Commercial Electrical Permit,ELC,Five Rivers Metro,"600 E SECOND ST, DAYTON OH 45402-1381 United States",,,39.7625371528257,-84.18171232318629
ELC2026C-00134,E21 17608 0005,permit_number,03/18/2026,Commercial Electrical Permit,ELC,Montgomery County,"451 W THIRD ST, DAYTON OH 45402-1447 United States",0,,39.75866421736068,-84.20042098208506
ELC2026C-00133,G29 18204A0049,permit_number,03/18/2026,Commercial Electrical Permit,ELC,,"3604 N MAIN ST, DAYTON OH 45405",0,,39.798890512373106,-84.21760826731605
ELC2026C-00132,D14 00706 0048,permit_number,03/18/2026,Commercial Electrical Permit,ELC,,"300 COLLEGE PARK AVE, DAYTON OH 45469 United States",0,,39.74010674659607,-84.1799867581776
ELC2026C-00131,I39 00203 0079,permit_number,03/17/2026,Commercial Electrical Permit,ELC,,"6140 RIP RAP RD, DAYTON",0,,,
ELC2026C-00130,P70 04006 0156,permit_number,03/17/2026,Commercial Electrical Permit,ELC,,"6110 RIP RAP RD, DAYTON OH 45424 United States",0,,39.845075291835336,-84.16760273966555
ELC2026C-00129,I39 00918 0002,permit_number,03/17/2026,Commercial Electrical Permit,ELC,,"4389 W Third ST, DAYTON OH 45402",0,,39.74883602212424,-84.25842266317747
ELC2026C-00128,P70 01816 0013,permit_number,03/16/2026,Commercial Electrical Permit,ELC,,"1901 S GETTYSBURG AVE, DAYTON OH 45417-4160 United States",0,,39.72703990647095,-84.25422415913177
ELC2026C-00127,I39 00109 0007,permit_number,03/16/2026,Commercial Electrical Permit,ELC,Reynolds & Reynolds,"3535 MCCAULEY DR, DAYTON OH 45377 United States",0,,39.907202253469805,-84.20790387003704
ELC2026C-00126,K45 26504 0001,permit_number,03/13/2026,Commercial Electrical Permit,ELC,,"972 PATTERSON RD, DAYTON OH 45419-4337 United States",0,,39.723904121460464,-84.15239766839758
ELC2026C-00125,H33 01021 0001,permit_number,03/12/2026,Commercial Electrical Permit,ELC,,"3546 DELPHOS AVE, DAYTON OH 45417-1644 United States",0,,39.7557749408321,-84.24833778336728
ELC2026C-00124,D14 00706 0048,permit_number,03/12/2026,Commercial Electrical Permit,ELC,,"34 S HATFIELD ST, APT/UNIT D, DAYTON OH 45417-1880 United States",0,,39.74858488442342,-84.25155453338908
ELC2026C-00123,P70 01808 0010,permit_number,03/12/2026,Commercial Electrical Permit,ELC,,"34 S HATFIELD ST, APT/UNIT C, DAYTON OH 45417-1880 United States",0,,39.74858488442342,-84.25155453338908
ELC2026C-00122,R72 13101 0019,address,03/12/2026,Commercial Electrical Permit,ELC,,"34 S HATFIELD ST, APT/UNIT B, DAYTON OH 45417-1880 United States",,,39.74858488442342,-84.25155453338908
ELC2026C-00121,R72 13101 0019,address,03/12/2026,Commercial Electrical Permit,ELC,,"34 S HATFIELD ST, APT/UNIT A, DAYTON OH 45417-1880 United States",,,39.74858488442342,-84.25155453338908
ELC2026C-00120,E20 01106 0133,permit_number,03/12/2026,Commercial Electrical Permit,ELC,,"601 S Edwin C Moses Blvd, Dayton OH 45417-3424",0,,39.74810467277138,-84.19865868698791
ELC2026C-00119,P70 01925 0001,permit_number,03/11/2026,Commercial Electrical Permit,ELC,,"456 LOWES ST, APT/UNIT C, DAYTON OH 45409-2438 United States",0,,39.73509175672422,-84.17489402354208
ELC2026C-00118,P70 04003 0121,permit_number,03/11/2026,Commercial Electrical Permit,ELC,,"410 KIEFABER ST, DAYTON OHIO 45409",0,,,
ELC2026C-00117,P70 02107 0057,permit_number,03/10/2026,Commercial Electrical Permit,ELC,,"2708 ATHENS AVE, DAYTON OH 45406-4625 United States",0,,39.77016310578521,-84.23487502073228
ELC2026C-00116,P70 04006 0074,permit_number,03/09/2026,Commercial Electrical Permit,ELC,,"1924 BROWN ST, DAYTON OH",0,,39.73371537630397,-84.18030574225784
ELC2026C-00115,E20 01008 0128,permit_number,03/06/2026,Commercial Electrical Permit,ELC,,"1000 W THIRD ST, APT/UNIT 4, DAYTON OH 45402-6833 United States",0,,39.75631073381917,-84.21044112147031
ELC2026C-00114,K45 02603 0179,permit_number,03/06/2026,Commercial Electrical Permit,ELC,,"1000 W THIRD ST, APT/UNIT 3, DAYTON OH 45402-6833 United States",0,,39.75631073381917,-84.21044112147031
ELC2026C-00113,P70 03912 0044,permit_number,03/06/2026,Commercial Electrical Permit,ELC,,"1000 W THIRD ST, APT/UNIT 2, DAYTON OH 45402-6833 United States",0,,39.75631073381917,-84.21044112147031
ELC2026C-00112,P70 04005 0024,permit_number,03/06/2026,Commercial Electrical Permit,ELC,,"1000 W THIRD ST, APT/UNIT 1, DAYTON OH 45402-6833 United States",0,,39.75631073381917,-84.21044112147031
ELC2026C-00111,R72 04702 0008,address,03/06/2026,Commercial Electrical Permit,ELC,,"3007 SUPERBA CT, DAYTON OH 45403-1308 United States",,,39.76697451422333,-84.15202083237287
ELC2026C-00110,O67 21916 0018,permit_number,03/06/2026,Commercial Electrical Permit,ELC,,"3005 SUPERBA CT, DAYTON OH 45403-1308 United States",0,,39.76696543083874,-84.15208106842002
ELC2026C-00109,E21 01010 0241,permit_number,03/06/2026,Commercial Electrical Permit,ELC,,"40 Kosmo DR, DAYTON OH 45402-8359",0,,39.75091622401472,-84.21166850440889
ELC2026C-00108,O67 50919 0007,permit_number,03/06/2026,Commercial Electrical Permit,ELC,,"61 Kosmo DR, DAYTON OH 45402-8359",0,,39.75082942649083,-84.21234582408155
ELC2026C-00107,H33 02111 0055,permit_number,03/06/2026,Commercial Electrical Permit,ELC,,"20 Kosmo DR, DAYTON OH 45402-8359",0,,39.750612180797624,-84.2114298331064
ELC2026C-00106,E20 01107 0194,permit_number,03/06/2026,Commercial Electrical Permit,ELC,,"10 Kosmo DR, DAYTON OH 45402-8300",0,,39.75037322593374,-84.21143462979518
ELC2026C-00105,E20 01107 0064,permit_number,03/05/2026,Commercial Electrical Permit,ELC,,"2801 Wayne AVE, DAYTON OH 45420-1836",0,,39.73883031166576,-84.15375802175969
ELC2026C-00104,A01 25925 0002,permit_number,03/04/2026,Commercial Electrical Permit,ELC,,"444 W THIRD ST, DAYTON OH 45402-1421 United States",0,,39.757621145508864,-84.20058764501195
ELC2026C-00103,K45 23106 0002,permit_number,03/04/2026,Commercial Electrical Permit,ELC,,"1 CHILDRENS PLZ, DAYTON OH 45404 United States",0,,39.774028226896995,-84.16886982183259
ELC2026C-00102,K45 02607 0188,permit_number,03/03/2026,Commercial Electrical Permit,ELC,,"2121 S EDWIN C. MOSES BLVD, DAYTON OH 45417",0,,39.733482805856426,-84.20678787786889
ELC2026C-00101,M58100503 0004,permit_number,03/03/2026,Commercial Electrical Permit,ELC,,"416 E Third ST, DAYTON OH 45402-2117",0,,39.760120368954865,-84.18575250375768
ELC2026C-00100,O67 03606 0083,permit_number,03/03/2026,Commercial Electrical Permit,ELC,,"623 CLIFTON DR, DAYTON OH 45417-3268 United States",0,,39.743435629932655,-84.23409943292467
ELC2026C-00099,E20 24108 0001,permit_number,02/27/2026,Commercial Electrical Permit,ELC,,"245 MARATHON AVE, DAYTON OH 45405-3621 United States",0,,39.78201011252864,-84.21483832266387
ELC2026C-00098,P70 04005 0056,permit_number,02/27/2026,Commercial Electrical Permit,ELC,,"1529 Brown ST, DAYTON OH",0,,39.73837258576606,-84.18200426742256
ELC2026C-00097,I39 00203 0055,permit_number,02/26/2026,Commercial Electrical Permit,ELC,,"945 S EDWIN C MOSES BLVD, DAYTON OH 45417-3464 United States",0,,39.74379614473926,-84.19622392564548
ELC2026C-00096,E20 01107 0166,permit_number,02/26/2026,Commercial Electrical Permit,ELC,,"1570 WOODMAN DR, APT/UNIT 15, DAYTON OH 45432-3335 United States",0,,39.73526582562707,-84.12123908622343
ELC2026C-00095,F24 00210 0025,permit_number,02/26/2026,Commercial Electrical Permit,ELC,,"130 XENIA AVE, DAYTON OH 45410-1538 United States",0,,39.75225986432249,-84.17442090244775
ELC2026C-00094,P70 04005 0063,permit_number,02/26/2026,Commercial Electrical Permit,ELC,,"128 XENIA AVE, DAYTON OH 45410-1538 United States",0,,39.752289957242844,-84.17441801215793
ELC2026C-00093,A01 27608 0011,permit_number,02/26/2026,Commercial Electrical Permit,ELC,,"126 XENIA AVE, DAYTON OH 45410-1538 United States",0,,39.752322654027125,-84.17441868103231
ELC2026C-00092,H33 01620 0002,permit_number,02/26/2026,Commercial Electrical Permit,ELC,,"124 XENIA AVE, DAYTON OH 45410-1538 United States",0,,39.75235525150715,-84.174423077547
ELC2026C-00091,E20 01107 0064,permit_number,02/20/2026,Commercial Electrical Permit,ELC,,"241 DEEDS AVE, APT/UNIT 4, DAYTON OH 45404-1785 United States",0,,39.77464719427049,-84.17723633675331
ELC2026C-00090,P70 04005 0072,permit_number,02/20/2026,Commercial Electrical Permit,ELC,,"241 DEEDS AVE, APT/UNIT 3, DAYTON OH 45404-1785 United States",0,,39.77464719427049,-84.17723633675331
ELC2026C-00089,G27 01811 0036,permit_number,02/20/2026,Commercial Electrical Permit,ELC,,"241 DEEDS AVE, APT/UNIT 2, DAYTON OH 45404-1785 United States",0,,39.77464719427049,-84.17723633675331
ELC2026C-00088,O67 22330 0030,permit_number,02/20/2026,Commercial Electrical Permit,ELC,,"241 DEEDS AVE, APT/UNIT 1, DAYTON OH 45404-1785 United States",0,,39.77464719427049,-84.17723633675331
ELC2026C-00087,A01 00308 0183,permit_number,02/20/2026,Commercial Electrical Permit,ELC,,"4290 N JAMES H MCGEE BLVD, DAYTON OH 45417",0,,39.77208502701145,-84.26116580667389
ELC2026C-00086,I39 01208 0001,permit_number,02/19/2026,Commercial Electrical Permit,ELC,,"3558 STANFORD PL, DAYTON OH 45406-3634 United States",0,,39.77703459035414,-84.24548710141988
ELC2026C-00085,P70 02107 0138,permit_number,02/19/2026,Commercial Electrical Permit,ELC,,"3558 STANFORD PL, DAYTON OH 45406-3634 United States",0,,39.77703459035414,-84.24548710141988
ELC2026C-00084,O67 28811 0002,permit_number,02/19/2026,Commercial Electrical Permit,ELC,,"3558 STANFORD PL, DAYTON OH 45406-3634 United States",0,,39.77703459035414,-84.24548710141988
ELC2026C-00083,E21 01103 0089,permit_number,02/19/2026,Commercial Electrical Permit,ELC,,"3558 STANFORD PL, DAYTON OH 45406-3634 United States",0,,39.77703459035414,-84.24548710141988
ELC2026C-00082,K45 02605 0097,permit_number,02/19/2026,Commercial Electrical Permit,ELC,,"3558 STANFORD PL, DAYTON OH 45406-3634 United States",0,,39.77703459035414,-84.24548710141988
ELC2026C-00081,R72 16904 0001,address,02/19/2026,Commercial Electrical Permit,ELC,,"3237 Guthrie RD, DAYTON OH 45417-6605",,,39.725035126683764,-84.2407892475096
ELC2026C-00080,I39 00313 0002,permit_number,02/19/2026,Commercial Electrical Permit,ELC,,"1000 LAMAR ST, DAYTON OH 45404 United States",0,,39.7811480540499,-84.18108007541372
ELC2026C-00079,I39 00104 0014,permit_number,02/19/2026,Commercial Electrical Permit,ELC,,"619 SANDALWOOD DR, DAYTON OH 45405 United States",0,,39.79300044903113,-84.21759865098619
ELC2026C-00078,H33 01604 0001,permit_number,02/18/2026,Commercial Electrical Permit,ELC,,"1141 BROWN ST, DAYTON OH 45409-2603 United States",0,,39.74238388773345,-84.18259902372532
ELC2026C-00077,H33 01622 0001,permit_number,02/18/2026,Commercial Electrical Permit,ELC,UNIT 13,"4115 FREE PIKE, APT/UNIT 13, DAYTON OH 45416-1240 United States",0,,39.798233213697486,-84.25643766210801
ELC2026C-00076,P70 04003 0131,permit_number,02/18/2026,Commercial Electrical Permit,ELC,MIAMI VALLEY HOSPI - (IR#5),"1 WYOMING ST, DAYTON OH 45409 United States",0,,39.745718250758195,-84.1865388265835
ELC2026C-00075,K45 02602 0085,permit_number,02/17/2026,Commercial Electrical Permit,ELC,,"4632 MIDWAY AVE, DAYTON OH 45417-1354 United States",0,,39.75062208255015,-84.26381071499353
ELC2026C-00074,E21 01010 0044,permit_number,02/17/2026,Commercial Electrical Permit,ELC,,"4630 MIDWAY AVE, DAYTON OH 45417-1354 United States",0,,39.75056679694319,-84.26383425987117
ELC2026C-00073,K45 02607 0004,permit_number,02/17/2026,Commercial Electrical Permit,ELC,,"4628 MIDWAY AVE, DAYTON OH 45417-1354 United States",0,,39.75051978713043,-84.26385795697946
ELC2026C-00072,K45 02607 0004,permit_number,02/17/2026,Commercial Electrical Permit,ELC,,"345 WYOMING ST, DAYTON OH 45410-1326 United States",0,,39.74589673131047,-84.17871064220351
ELC2026C-00071,K45 51457 0004,permit_number,02/13/2026,Commercial Electrical Permit,ELC,,"20 LATHROP ST, DAYTON OH 45410",0,,,
ELC2026C-00070,K45 02604 0211,permit_number,02/12/2026,Commercial Electrical Permit,ELC,,"1803 Webster ST, DAYTON OH 45404-1153",0,,39.78678996722427,-84.18214840907886
ELC2026C-00069,K45 02401 0046,permit_number,02/12/2026,Commercial Electrical Permit,ELC,,"4131 FREE PIKE, APT/UNIT 20, DAYTON OH 45416-1240 United States",0,,39.79822944166529,-84.25687183524197
ELC2026C-00068,P70 02015 0001,permit_number,02/12/2026,Commercial Electrical Permit,ELC,,"4131 FREE PIKE, APT/UNIT 24, DAYTON OH 45416-1240 United States",0,,39.79822944166529,-84.25687183524197
ELC2026C-00067,P70 02015 0001,permit_number,02/11/2026,Commercial Electrical Permit,ELC,,"1043 S main, DAYTON OH",0,,,
ELC2026C-00066,P70 01218 0009,permit_number,02/09/2026,Commercial Electrical Permit,ELC,,"4115 FREE PIKE, APT/UNIT 22, DAYTON OH 45416-1240 United States",0,,39.798233213697486,-84.25643766210801
ELC2026C-00065,H33 00416 0043,permit_number,02/09/2026,Commercial Electrical Permit,ELC,,"4115 FREE PIKE, APT/UNIT 5, DAYTON OH 45416-1240 United States",0,,39.798233213697486,-84.25643766210801
ELC2026C-00064,H33 01622 0001,permit_number,02/09/2026,Commercial Electrical Permit,ELC,,"4131 FREE PIKE, APT/UNIT 18, DAYTON OH 45416-1240 United States",0,,39.79822944166529,-84.25687183524197
ELC2026C-00063,P70 02107 0123,permit_number,02/09/2026,Commercial Electrical Permit,ELC,,"4131 FREE PIKE, APT/UNIT 13, DAYTON OH 45416-1240 United States",0,,39.79822944166529,-84.25687183524197
ELC2026C-00062,H33 01622 0001,permit_number,02/09/2026,Commercial Electrical Permit,ELC,,"4131 FREE PIKE, APT/UNIT 5, DAYTON OH 45416-1240 United States",0,,39.79822944166529,-84.25687183524197
ELC2026C-00061,E20 01106 0226,permit_number,02/06/2026,Commercial Electrical Permit,ELC,,"937 S PATTERSON BLVD, DAYTON OH 45402 United States",0,,39.744738665895845,-84.19097967906579
ELC2026C-00060,E21 01010 0032,permit_number,02/05/2026,Commercial Electrical Permit,ELC,,"1332 Jordan AVE, UNIT F, DAYTON OH 45410-2845",0,,39.75199821375098,-84.14584610644549
ELC2026C-00059,H33 01620 0002,permit_number,02/05/2026,Commercial Electrical Permit,ELC,,"1718 N JAMES H MCGEE BLVD, DAYTON OH 45402-5420 United States",0,,39.76823631222701,-84.24332032320817
ELC2026C-00058,O67 23415 0002,permit_number,02/05/2026,Commercial Electrical Permit,ELC,,"3558 STANFORD PL, DAYTON OH 45406-3634 United States",0,,39.77703459035414,-84.24548710141988
ELC2026C-00057,O67 23415 0003,permit_number,02/04/2026,Commercial Electrical Permit,ELC,,"322 Davis AVE, DAYTON OH 45403-2910",0,,39.75722824193904,-84.15271117654304
ELC2026C-00056,O67 23415 0001,permit_number,02/03/2026,Commercial Electrical Permit,ELC,Dyaton Road Dog Gas Station,"119 N JAMES H MCGEE BLVD, DAYTON OH 45402-6736 United States",0,,39.755435348403225,-84.22578154061931
ELC2026C-00055,O67 23415 0001,permit_number,02/03/2026,Commercial Electrical Permit,ELC,,"1520 S MAIN ST, DAYTON OH 45409-2698 United States",0,,39.73780336991269,-84.18549371482919
ELC2026C-00054,P70 01808 0098,permit_number,02/03/2026,Commercial Electrical Permit,ELC,,"1433 ROSEMONT BLVD, DAYTON OH 45410-3120 United States",0,,39.74723760331699,-84.14189565870034
ELC2026C-00053,E21 01003 0037,permit_number,02/03/2026,Commercial Electrical Permit,ELC,,"1431 ROSEMONT BLVD, APT/UNIT E, DAYTON OH 45410-3120 United States",0,,39.74723092136431,-84.14178523862037
ELC2026C-00052,C05 00102 0041,permit_number,02/03/2026,Commercial Electrical Permit,ELC,,"1431 ROSEMONT BLVD, APT/UNIT D, DAYTON OH 45410-3120 United States",0,,39.74723092136431,-84.14178523862037
ELC2026C-00051,H33302201 0177,permit_number,02/03/2026,Commercial Electrical Permit,ELC,,"1431 ROSEMONT BLVD, APT/UNIT C, DAYTON OH 45410-3120 United States",0,,39.74723092136431,-84.14178523862037
ELC2026C-00050,E20 01008 0183,permit_number,02/03/2026,Commercial Electrical Permit,ELC,,"1431 ROSEMONT BLVD, APT/UNIT A, DAYTON OH 45410-3120 United States",0,,39.74723092136431,-84.14178523862037
ELC2026C-00049,C05 00415 0011,permit_number,02/03/2026,Commercial Electrical Permit,ELC,,"1592 Woodman DR, UNIT 12, DAYTON OH 45432-3332",0,,39.73442797690803,-84.12126580716134
ELC2026C-00048,E20 01008 0220,permit_number,02/02/2026,Commercial Electrical Permit,ELC,,"1610 WOODMAN DR, APT/UNIT B2, DAYTON OH 45432-3353 United States",0,,39.7339784751937,-84.12140474877486
ELC2026C-00047,E20 17309 0002,permit_number,02/02/2026,Commercial Electrical Permit,ELC,,"1917 W GRAND AVE, DAYTON OH 45402-5728 United States",0,,39.767021450694095,-84.22859499457502
ELC2026C-00046,H33302112 0057,permit_number,02/02/2026,Commercial Electrical Permit,ELC,,"4131 FREE PIKE, APT/UNIT 15, DAYTON OH 45416-1240 United States",0,,39.79822944166529,-84.25687183524197
ELC2026C-00045,P70 02025 0002,permit_number,01/29/2026,Commercial Electrical Permit,ELC,,"220 Janney RD, DAYTON OH 45404-1265",0,,39.79461997242494,-84.17455296564127
ELC2026C-00044,R72 01706 0050,address,01/28/2026,Commercial Electrical Permit,ELC,,"701 LONGWORTH ST, DAYTON OH 45402",,,39.748617938103116,-84.19400820635511
ELC2026C-00043,E21 17411 0053,permit_number,01/23/2026,Commercial Electrical Permit,ELC,,"2616 NEWPORT AVE, APT/UNIT 6, DAYTON OH 45405-3157 United States",0,,39.788887562921246,-84.21038778297823
ELC2026C-00042,E20 01107 0028,permit_number,01/23/2026,Commercial Electrical Permit,ELC,,"3361 SUCCESSFUL WAY, DAYTON OH 45414-4317 United States",0,,39.818458223093316,-84.16438019475648
ELC2026C-00041,E20 24424 0001,permit_number,01/22/2026,Commercial Electrical Permit,ELC,,"445 SALEM AVE, DAYTON OH 45406 United States",0,,39.76753992988016,-84.20934169887232
ELC2026C-00040,H33 01622 0001,permit_number,01/21/2026,Commercial Electrical Permit,ELC,SCC,"444 W Third ST, DAYTON OH 45402-1421",0,,39.757621145508864,-84.20058764501195
ELC2026C-00039,H33 01622 0001,permit_number,01/21/2026,Commercial Electrical Permit,ELC,,"112 WEBSTER ST, DAYTON OH 45402",0,,39.76310494868162,-84.18194304868865
ELC2026C-00038,H33 01622 0001,permit_number,01/21/2026,Commercial Electrical Permit,ELC,,"1570 WOODMAN DR, APT/UNIT 22, DAYTON OH 45432-3335 United States",0,,39.73526582562707,-84.12123908622343
ELC2026C-00037,E20 01008 0199,permit_number,01/21/2026,Commercial Electrical Permit,ELC,,"1141 BROWN ST, DAYTON OH 45409-2603 United States",0,,39.74238388773345,-84.18259902372532
ELC2026C-00036,K45 02605 0127,permit_number,01/21/2026,Commercial Electrical Permit,ELC,,"325 Homewood AVE, DAYTON OH 45405",0,,39.77483486705055,-84.204681264325
ELC2026C-00035,C05 00513 0018,permit_number,01/21/2026,Commercial Electrical Permit,ELC,"Techmetals, Inc","721 Springfield ST, DAYTON OH 45403-1250",0,,39.770494450848574,-84.15494730139511
ELC2026C-00034,P70 02015 0001,permit_number,01/20/2026,Commercial Electrical Permit,ELC,,"1431 ROSEMONT BLVD, APT/UNIT B, DAYTON OH 45410-3120 United States",0,,39.74723092136431,-84.14178523862037
ELC2026C-00033,R72 16502 0003,address,01/20/2026,Commercial Electrical Permit,ELC,UNIT 21,"1570 WOODMAN DR, APT/UNIT 21, DAYTON OH 45432-3335 United States",,,39.73526582562707,-84.12123908622343
ELC2026C-00032,R72 16502 0003,address,01/20/2026,Commercial Electrical Permit,ELC,UNIT 20,"1570 WOODMAN DR, APT/UNIT 20, DAYTON OH 45432-3335 United States",,,39.73526582562707,-84.12123908622343
ELC2026C-00031,P70 04003 0069,permit_number,01/20/2026,Commercial Electrical Permit,ELC,UNIT 19,"1570 WOODMAN DR, APT/UNIT 19, DAYTON OH 45432-3335 United States",0,,39.73526582562707,-84.12123908622343
ELC2026C-00030,C05 00103 0006,permit_number,01/20/2026,Commercial Electrical Permit,ELC,,"617 N IRWIN ST, DAYTON OH 45403",0,,39.772772352057665,-84.1534713361225
ELC2026C-00029,E21 01003 0037,permit_number,01/20/2026,Commercial Electrical Permit,ELC,,"1121 RIVERSIDE DR, DAYTON OH 45405-4211 United States",0,,39.776164886085375,-84.19804043700508
ELC2026C-00028,K45 25819T0001,permit_number,01/20/2026,Commercial Electrical Permit,ELC,,"1121 RIVERSIDE DR, DAYTON OH 45405-4211 United States",0,,39.776164886085375,-84.19804043700508
ELC2026C-00027,H33 01622 0001,permit_number,01/20/2026,Commercial Electrical Permit,ELC,,"1121 RIVERSIDE DR, DAYTON OH 45405-4211 United States",0,,39.776164886085375,-84.19804043700508
ELC2026C-00026,P70 02107 0119,permit_number,01/20/2026,Commercial Electrical Permit,ELC,,"1121 RIVERSIDE DR, DAYTON OH 45405-4211 United States",0,,39.776164886085375,-84.19804043700508
ELC2026C-00025,P70 01820 0015,permit_number,01/16/2026,Commercial Electrical Permit,ELC,HOUSE,"615 ROCKFORD AVE, DAYTON OH 45405-4023 United States",0,,39.77716883455522,-84.20660200387623
ELC2026C-00024,P70 01820 0015,permit_number,01/16/2026,Commercial Electrical Permit,ELC,UNIT 4,"615 ROCKFORD AVE, APT/UNIT 4, DAYTON OH 45405-4023 United States",0,,39.77716883455522,-84.20660200387623
ELC2026C-00023,P70 01820 0015,permit_number,01/16/2026,Commercial Electrical Permit,ELC,UNIT 3,"615 ROCKFORD AVE, APT/UNIT 3, DAYTON OH 45405-4023 United States",0,,39.77716883455522,-84.20660200387623
ELC2026C-00022,P70 01820 0015,permit_number,01/16/2026,Commercial Electrical Permit,ELC,UNIT 2,"615 ROCKFORD AVE, APT/UNIT 2, DAYTON OH 45405-4023 United States",0,,39.77716883455522,-84.20660200387623
ELC2026C-00021,P70 01820 0015,permit_number,01/16/2026,Commercial Electrical Permit,ELC,UNIT 1,"615 ROCKFORD AVE, APT/UNIT 1, DAYTON OH 45405-4023 United States",0,,39.77716883455522,-84.20660200387623
ELC2026C-00020,P70 01820 0015,permit_number,01/15/2026,Commercial Electrical Permit,ELC,,"3622 MODENA ST, DAYTON OH 45417-4104 United States",0,,39.73218131069457,-84.2520918933856
ELC2026C-00019,P70 01820 0015,permit_number,01/15/2026,Commercial Electrical Permit,ELC,UNIT 18,"1570 WOODMAN DR, APT/UNIT 18, DAYTON OH 45432-3335 United States",0,,39.73526582562707,-84.12123908622343
ELC2026C-00018,P70 01820 0015,permit_number,01/15/2026,Commercial Electrical Permit,ELC,,"937 S PATTERSON BLVD, DAYTON OH 45402 United States",0,,39.744738665895845,-84.19097967906579
ELC2026C-00017,P70 01820 0015,permit_number,01/15/2026,Commercial Electrical Permit,ELC,,"1831 WABASH AVE, DAYTON OH 45405-3361 United States",0,,39.78478559203854,-84.21955113971772
ELC2026C-00016,P70 01820 0015,permit_number,01/15/2026,Commercial Electrical Permit,ELC,,"1831 WABASH AVE, DAYTON OH 45405-3361 United States",0,,39.78478559203854,-84.21955113971772
ELC2026C-00015,P70 01820 0015,permit_number,01/15/2026,Commercial Electrical Permit,ELC,,"1831 WABASH AVE, DAYTON OH 45405-3361 United States",0,,39.78478559203854,-84.21955113971772
ELC2026C-00014,P70 01820 0015,permit_number,01/15/2026,Commercial Electrical Permit,ELC,,"1831 WABASH AVE, DAYTON OH 45405-3361 United States",0,,39.78478559203854,-84.21955113971772
ELC2026C-00013,P70 01820 0015,permit_number,01/12/2026,Commercial Electrical Permit,ELC,UNIT 1508,"1508 CHAPEL ST, DAYTON OH 45404",0,,39.774488301414436,-84.17299085317885
ELC2026C-00012,P70 01820 0015,permit_number,01/12/2026,Commercial Electrical Permit,ELC,UNIT 1506,"1506 CHAPEL ST, DAYTON OH 45404",0,,39.77449181842392,-84.17301863100792
ELC2026C-00011,P70 01820 0015,permit_number,01/12/2026,Commercial Electrical Permit,ELC,UNIT 1504,"1504 CHAPEL ST, DAYTON OH 45404",0,,39.77449302009786,-84.17304786860463
ELC2026C-00010,P70 01820 0015,permit_number,01/12/2026,Commercial Electrical Permit,ELC,UNIT 1502,"1502 CHAPEL ST, DAYTON OH 45404",0,,39.774494888715964,-84.17307135028517
ELC2026C-00009,P70 01820 0015,permit_number,01/08/2026,Commercial Electrical Permit,ELC,,"2532 E Third ST, DAYTON OH 45403",0,,39.76488028593411,-84.15759623077673
ELC2026C-00008,P70 02107 0133,permit_number,01/07/2026,Commercial Electrical Permit,ELC,,"1610 STANLEY AVE, DAYTON OH 45404-1115 United States",0,,39.78625012821982,-84.19102581297713
ELC2026C-00007,P70 02107 0132,permit_number,01/07/2026,Commercial Electrical Permit,ELC,,"451 W Third ST, DAYTON OH 45402-1447",0,,39.75866421736068,-84.20042098208506
ELC2026C-00006,P70 02107 0129,permit_number,01/06/2026,Commercial Electrical Permit,ELC,,"40 W Fourth ST, DAYTON OH 45402-1857",0,,39.75764457257017,-84.19272237084951
ELC2026C-00005,P70 02107 0128,permit_number,01/06/2026,Commercial Electrical Permit,ELC,Good Shepherd Ministries - New Free-standing Garage,"709 Xenia AVE, DAYTON OH 45410-1837",0,,39.752910458414746,-84.16595585229939
ELC2026C-00004,R72 14101 0003,address,01/06/2026,Commercial Electrical Permit,ELC,,"1417 WILMINGTON AVE, DAYTON OH 45420-1542 United States",,,39.721612634371546,-84.15094601085528
ELC2026C-00003,P70 02107 0127,permit_number,01/06/2026,Commercial Electrical Permit,ELC,,"4517 HONEYWELL CT, DAYTON OH 45424-5760 United States",0,,39.81829129026972,-84.13609388470803
ELC2026C-00002,R72 01605 0037,address,01/05/2026,Commercial Electrical Permit,ELC,,"725 S LUDLOW ST, DAYTON OH 45402",,,39.75074114622736,-84.19190590461398
ELC2026C-00001,E21 01010 0044,permit_number,01/02/2026,Commercial Electrical Permit,ELC,,"3417 WAYNE AVE, DAYTON OH 45420 United States",0,,39.73890868778768,-84.14645283236001
FAS2026C-00061,,unmatched,06/30/2026,Commercial Fire Alarm Permit,FAS,HoM Flats At Forest - Bldg. 319,"319 Homewood AVE, DAYTON OH 45405",,,,
FAS2026C-00060,,unmatched,06/25/2026,Commercial Fire Alarm Permit,FAS,HoM Flats At Forest,"323 HOMEWOOD AVE, DAYTON OH 45402",,,,
FAS2026C-00070,,unmatched,06/24/2026,Commercial Fire Alarm Permit,FAS,Fire Alarm for HoM Flats Bldg 335,"335 HOMEWOOD AVE, DAYTON OH",,,,
FAS2026C-00062,,unmatched,06/24/2026,Commercial Fire Alarm Permit,FAS,HoM Flats At Forest - BLDG 329 Fire Alarm,"329 HOMEWOOD AVE, DAYTON OH 45405 United States",,,,
FAS2026C-00059,R72 17617 0001,address,06/24/2026,Commercial Fire Alarm Permit,FAS,Libra Industries Building #3,"401 LEO ST, DAYTON OH 45404-1009 United States",,,39.78304235663889,-84.19088391997266
FAS2026C-00058,R72 03004 0001,address,06/18/2026,Commercial Fire Alarm Permit,FAS,Fitz Hall Rooms 220D & 220E,"1529 BROWN ST, DAYTON OH 45409",,,39.73837258576606,-84.18200426742256
FAS2026C-00057,R72 01105 0052,address,06/17/2026,Commercial Fire Alarm Permit,FAS,Early Express Fire Alarm,"1333 E SECOND ST, DAYTON OH 45403 United States",,,39.76450194410991,-84.17106460454998
FAS2026C-00055,R72 00416 0002,address,06/16/2026,Commercial Fire Alarm Permit,FAS,SCC BLDG 17 Conference Room Expansion,"444 W THIRD ST, DAYTON OH 45402-1421 United States",,,39.757621145508864,-84.20058764501195
FAS2026C-00054,R72 17626 0001,address,06/16/2026,Commercial Fire Alarm Permit,FAS,Children's Hospital 3rd Floor,"1 CHILDRENS PLZ, DAYTON OH 45404 United States",,,39.774028226896995,-84.16886982183259
FAS2026C-00053,R72 00104 0036,address,06/15/2026,Commercial Fire Alarm Permit,FAS,One Stop Center,"371 W SECOND ST, DAYTON OH 45402-1491 United States",,,39.760209025680545,-84.19898220027287
FAS2026C-00056,R72 17626 0001,address,06/12/2026,Commercial Fire Alarm Permit,FAS,DCH - Taggart Bldg - OPC-4 Genetics,"1 CHILDRENS PLZ, DAYTON OH 45404-1815",,,39.774028226896995,-84.16886982183259
FAS2026C-00052,R72 17626 0001,address,05/29/2026,Commercial Fire Alarm Permit,FAS,Dayton Children's Hospital - SCC Ophthalmology Clinic,"1 CHILDRENS PLZ, DAYTON OH 45404 United States",,,39.774028226896995,-84.16886982183259
FAS2026C-00051,R72 17626 0001,address,05/29/2026,Commercial Fire Alarm Permit,FAS,Dayton Children's Hospital OPC-1 Clinic,"1 CHILDRENS PLZ, DAYTON OH 45404 United States",,,39.774028226896995,-84.16886982183259
FAS2026C-00050,R72 17626 0001,address,05/29/2026,Commercial Fire Alarm Permit,FAS,Dayton Children's Hospital SCC-1 ENT,"1 CHILDRENS PLZ, DAYTON OH 45404 United States",,,39.774028226896995,-84.16886982183259
FAS2026C-00049,R72 15213 0005,address,05/22/2026,Commercial Fire Alarm Permit,FAS,AES Ohio McGregor Park,"1065 WOODMAN DR, DAYTON OH 45432 United States",,,39.75118979833021,-84.1205601081277
FAS2026C-00048,R72 11801 0022,address,05/20/2026,Commercial Fire Alarm Permit,FAS,Omega Baptist Church,"1821 EMERSON AVE, DAYTON OH 45406 United States",,,39.781638521987894,-84.22349489358821
FAS2026C-00047,R72 00108 0008,address,05/11/2026,Commercial Fire Alarm Permit,FAS,Montgomery County Jail - Suite 250,"330 W Second ST, DAYTON OH 45422-4999",,,39.759828634862885,-84.19775974825204
FAS2026C-00046,R72 01706 0050,address,05/11/2026,Commercial Fire Alarm Permit,FAS,RTA Paratransit Bus Garage,"701 Longworth St., DAYTON OH 45414",,,39.748617938103116,-84.19400820635511
FAS2026C-00045,R72717413 0001,address,05/07/2026,Commercial Fire Alarm Permit,FAS,Day Tailwind Renovation Phase 1,"3600 TERMINAL DR, DAYTON OH 45377 United States",,,39.898604457430565,-84.22130315387628
FAS2026C-00044,R72 00108 0008,address,05/07/2026,Commercial Fire Alarm Permit,FAS,Montgomery County Jail,"330 W Second ST, DAYTON OH 45422-4999",,,39.759828634862885,-84.19775974825204
FAS2026C-00042,R72 09709 0064,address,05/05/2026,Commercial Fire Alarm Permit,FAS,Desoto Bass,"811 OLDFIELD AVE, DAYTON OH 45417-3713 United States",,,39.74358360184467,-84.2259542967175
FAS2026C-00043,R72 10011 0005,address,04/28/2026,Commercial Fire Alarm Permit,FAS,Fire Alarm - Compassion Care Boys Foster Care,"601 S Edwin C Moses Blvd, Dayton OH 45417-3424",,,39.74810467277138,-84.19865868698791
FAS2026C-00041,R72 01603 0021,address,04/28/2026,Commercial Fire Alarm Permit,FAS,CJ's First Floor Renovation,"505 S Ludlow ST, DAYTON OH 45402-2606",,,39.75293511538563,-84.19218111260149
FAS2026C-00040,R72 00504 0010,address,04/23/2026,Commercial Fire Alarm Permit,FAS,Social Light Cafe - Deneau Tower,"40 W Fourth ST, DAYTON OH 45402-1857",,,39.75764457257017,-84.19272237084951
FAS2026C-00039,,unmatched,04/23/2026,Commercial Fire Alarm Permit,FAS,Liberty High School Fire Alarm,"20 LATHROP ST, DAYTON OH 45410",,,,
FAS2026C-00038,R72 00416 0002,address,04/22/2026,Commercial Fire Alarm Permit,FAS,SCC Building 12 - Renovate Conference Room 12217,"444 W THIRD ST, DAYTON OH 45402-1421 United States",,,39.757621145508864,-84.20058764501195
FAS2026C-00037,R72 00416 0002,address,04/22/2026,Commercial Fire Alarm Permit,FAS,SCC Building #12 Elevators,"444 W THIRD ST, DAYTON OH 45402-1421 United States",,,39.757621145508864,-84.20058764501195
FAS2026C-00036,,unmatched,04/22/2026,Commercial Fire Alarm Permit,FAS,"UD Rec Plex, Racquetball Court Conversion","2 Evanston, DAYTON OH",,,,
FAS2026C-00034,R72 08311 0014,address,04/21/2026,Commercial Fire Alarm Permit,FAS,Mt. Enon Baptist Church,"1501 W THIRD ST, DAYTON OH 45402-6718 United States",,,39.75496032070702,-84.22087139475562
FAS2026C-00033,R72 06505 0055,address,04/21/2026,Commercial Fire Alarm Permit,FAS,The Executive House,"51 GRAFTON AVE, DAYTON OH 45406-5576 United States",,,39.76495147700769,-84.20423910897674
FAS2026C-00032,R72 00708 0043,address,04/21/2026,Commercial Fire Alarm Permit,FAS,Madison Tilt Bathroom Renovation,"431 E THIRD ST, DAYTON OH 45402 United States",,,39.7607683923376,-84.18536971107433
FAS2026C-00031,F23 00104 0060,address,04/20/2026,Commercial Fire Alarm Permit,FAS,Device Addition,"40 N Main ST, DAYTON OH 45423-1021",,,39.76070865238252,-84.19178995969571
FAS2026C-00030,R72 01605 0037,address,04/20/2026,Commercial Fire Alarm Permit,FAS,Premier Health,"725 S LUDLOW ST, DAYTON OH 45402-2610 United States",,,39.75074114622736,-84.19190590461398
FAS2026C-00029,R72317113 0003,address,04/20/2026,Commercial Fire Alarm Permit,FAS,Montgomery County Engineers,"5625 LITTLE RICHMOND RD, DAYTON OH 45426-3219 United States",,,39.7770654278852,-84.2849423900613
FAS2026C-00028,R72 04507 0046,address,04/17/2026,Commercial Fire Alarm Permit,FAS,Techmetals,"345 SPRINGFIELD ST, DAYTON OH 45403-1240 United States",,,39.76719365826344,-84.15904603357764
FAS2026C-00022,R72 01205 0051,address,04/15/2026,Commercial Fire Alarm Permit,FAS,Bossler Mansion,"136 S DUTOIT ST, DAYTON OH 45402 United States",,,39.76052867322773,-84.17376215399656
FAS2026C-00021,R72 03004 0001,address,04/14/2026,Commercial Fire Alarm Permit,FAS,"Fitz Hall Biomechanics Lab Relocation, rooms 546 and 548.","1529 Brown ST, DAYTON OH",,,39.73837258576606,-84.18200426742256
FAS2026C-00027,R72 00111 0006,address,03/27/2026,Commercial Fire Alarm Permit,FAS,DPD Police Station - New FA Cell Communicator,"10 Abbey Ave, Dayton OH 45417",,,39.75133907964575,-84.23968819163089
FAS2026C-00026,R72 16308 0008,address,03/27/2026,Commercial Fire Alarm Permit,FAS,Kids Nest II,"3453 W Siebenthaler AVE, DAYTON OH 45406-1829",,,39.79847603292476,-84.24331909552619
FAS2026C-00025,R72117704 0001,address,03/26/2026,Commercial Fire Alarm Permit,FAS,Dayton Town Plaza,"1916 NEEDMORE RD, DAYTON OH 45414",,,39.81821489183236,-84.2009139657869
FAS2026C-00020,R72 00708 0043,address,03/24/2026,Commercial Fire Alarm Permit,FAS,1st REV 03/25/2026 - Woodard Development - Madison Tilt Building,"431 E Third ST, DAYTON OH 45402",,,39.7607683923376,-84.18536971107433
FAS2026C-00035,R72 00110 0001,address,03/20/2026,Commercial Fire Alarm Permit,FAS,Fire Alarm For 7th FL Montgomery County Administration Office Area,"451 W Third ST, DAYTON OH 45402-1447",,,39.75866421736068,-84.20042098208506
FAS2026C-00023,R72 17626 0001,address,03/20/2026,Commercial Fire Alarm Permit,FAS,DCH 1st FL Outpatient Pharmacy Renovation,"1 CHILDRENS PLZ, DAYTON OH 45404 United States",,,39.774028226896995,-84.16886982183259
FAS2026C-00024,R72 15508 0006,address,03/18/2026,Commercial Fire Alarm Permit,FAS,The Hive Dispensary - New Fire Alarm System,"4389 W Third ST, DAYTON OH 45402",,,39.74883602212424,-84.25842266317747
FAS2026C-00019,R72 03107 0001,address,03/17/2026,Commercial Fire Alarm Permit,FAS,UD Phillips Humanities Center,"300 COLLEGE PARK AVE, DAYTON OH 45469 United States",,,39.74010674659607,-84.1799867581776
FAS2026C-00018,R72 03105 0121,address,03/17/2026,Commercial Fire Alarm Permit,FAS,F.A. IP Dialer Monitoring,"1430 FRERICKS WAY, DAYTON OH 45409 United States",,,39.737314225398535,-84.17941442580431
FAS2026C-00017,R72 16703 0028,address,03/16/2026,Commercial Fire Alarm Permit,FAS,Cintas,"903 BRANDT ST, DAYTON OH 45404-2231 United States",,,39.78919250729919,-84.15848444846269
FAS2026C-00016,,unmatched,03/16/2026,Commercial Fire Alarm Permit,FAS,OnMain - Think Dayton Building,"10 W JASPER ST, DAYTON OH 45409",,,,
FAS2026C-00015,R72 08407 0008,address,03/03/2026,Commercial Fire Alarm Permit,FAS,Elevator Addition,"1163 W Third ST, DAYTON OH 45402-6813",,,39.75616093385978,-84.21352983462936
FAS2026C-00014,R72 00701 0024,address,02/20/2026,Commercial Fire Alarm Permit,FAS,Area Agency on Aging Office Alterations,"220 E MONUMENT AVE, DAYTON OH 45402-1223 United States",,,39.7643043947213,-84.18845808544255
FAS2026C-00013,R72 08601 0005,address,02/18/2026,Commercial Fire Alarm Permit,FAS,Dayton Aviation Heritage National Historical Park,"1054 W Third St, Dayton OH 45402",,,39.756170908932326,-84.21161321100871
FAS2026C-00012,R72 17627 0003,address,02/18/2026,Commercial Fire Alarm Permit,FAS,MVH Interventional Radiology - IR #5,"1 WYOMING ST, DAYTON OH 45409 United States",,,39.745718250758195,-84.1865388265835
FAS2026C-00011,R72 00207 0001,address,02/06/2026,Commercial Fire Alarm Permit,FAS,HAS Images,"142 N SAINT CLAIR ST, DAYTON OH 45402-1739 United States",,,39.76274323901652,-84.18875473373919
FAS2026C-00010,R72516815 0044,address,02/05/2026,Commercial Fire Alarm Permit,FAS,Small World Daycare - FA Panel Replacement,"1410 LISCUM DR, DAYTON OH 45417-5986 United States",,,39.72565742402843,-84.2673965641545
FAS2026C-00009,R72 17617 0001,address,02/02/2026,Commercial Fire Alarm Permit,FAS,Libra Industries,"401 LEO ST, DAYTON OH 45404-1009 United States",,,39.78304235663889,-84.19088391997266
FAS2026C-00008,,unmatched,02/02/2026,Commercial Fire Alarm Permit,FAS,Libra Industries,"1425 N Keowee, DAYTON OH",,,,
FAS2026C-00007,R72 00206 0036,address,01/23/2026,Commercial Fire Alarm Permit,FAS,Flats on Jefferson,"100 N JEFFERSON ST, DAYTON OH 45402 United States",,,39.761471169316295,-84.19032847169049
FAS2026C-00006,R72 02502 0052,address,01/23/2026,Commercial Fire Alarm Permit,FAS,The Big Dreamers Childcare,"517 NOEL CT, DAYTON OH 45410-1813 United States",,,39.752238167126,-84.16807415083704
FAS2026C-00005,R72 06707 0050,address,01/20/2026,Commercial Fire Alarm Permit,FAS,FA Upgrades,"425 W GRAND AVE, DAYTON OH 45405-4775 United States",,,39.76933414710869,-84.20364889968866
FAS2026C-00004,R72 00502 0045,address,01/15/2026,Commercial Fire Alarm Permit,FAS,TIFFANY'S ON THIRD - SALON,"30 W THIRD ST, DAYTON OH 45402 United States",,,39.75928775445649,-84.19282990165644
FAS2026C-00003,R72 10111 0002,address,01/08/2026,Commercial Fire Alarm Permit,FAS,St. Vincent DePaul - New Donation Drop-Off,"945 S EDWIN C MOSES BLVD, DAYTON OH 45417-3464 United States",,,39.74379614473926,-84.19622392564548
FAS2026C-00002,R72 00203 0004,address,01/08/2026,Commercial Fire Alarm Permit,FAS,Discover Classical,"130 W Second ST, DAYTON OH 45402-1500",,,39.760317428136055,-84.195106940125
FAS2026C-00001,R72 04901C0023,address,01/06/2026,Commercial Fire Alarm Permit,FAS,Danis Construction,"617 N IRWIN ST, DAYTON OH 45403",,,39.772772352057665,-84.1534713361225
FSP2026C-00057,R72717413 0001,address,06/25/2026,Commercial Fire Sprinkler Permit,FSP,Day Tailwind Hood Suppression System,"3600 TERMINAL DR, DAYTON OH 45377 United States",,,39.898604457430565,-84.22130315387628
FSP2026C-00056,R72717413 0023,address,06/25/2026,Commercial Fire Sprinkler Permit,FSP,"Crocs, Inc - Catwalks Over Ferag","1805 UNION AIRPARK BLVD, DAYTON OH 45377",,,39.90203862056993,-84.25266336957338
FSP2026C-00055,R72 00602 0048,address,06/25/2026,Commercial Fire Sprinkler Permit,FSP,Veracruz,"416 E THIRD ST, DAYTON OH 45402-2117 United States",,,39.760120368954865,-84.18575250375768
FSP2026C-00054,,unmatched,06/25/2026,Commercial Fire Sprinkler Permit,FSP,Liberty High School,"20 LATHROP ST, DAYTON OH 45410",,,,
FSP2026C-00058,,unmatched,06/23/2026,Commercial Fire Sprinkler Permit,FSP,OnMain - Think Dayton Building,"10 W JASPER ST, DAYTON OH 45409",,,,
FSP2026C-00053,R72 03113 0060,address,06/17/2026,Commercial Fire Sprinkler Permit,FSP,Pine Club Kitchen Renovation,"1926 BROWN ST, DAYTON OH 45409-2456 United States",,,39.73367475860837,-84.18007361697968
FSP2026C-00052,R72 03107 0001,address,06/15/2026,Commercial Fire Sprinkler Permit,FSP,UD Miriam Hall,"300 COLLEGE PARK AVE, DAYTON OH 45469 United States",,,39.74010674659607,-84.1799867581776
FSP2026C-00051,R72 12313 0001,address,06/15/2026,Commercial Fire Sprinkler Permit,FSP,Catering,"2080 N GETTYSBURG AVE, DAYTON OH 45406-3562 United States",,,39.780126567470916,-84.25337252395335
FSP2026C-00050,R72 00416 0002,address,06/11/2026,Commercial Fire Sprinkler Permit,FSP,SCC Building 14 - 2nd FL X-RAY Room Renovation,"444 W THIRD ST, DAYTON OH 45402-1421 United States",,,39.757621145508864,-84.20058764501195
FSP2026C-00049,R72 16715 0026,address,06/08/2026,Commercial Fire Sprinkler Permit,FSP,Sprinklers for Pathway School of Discovery - Walk-In Unit Addition,"173 AVONDALE DR, DAYTON OH 45404",,,39.79539127451572,-84.15624011745231
FSP2026C-00048,R72 00108 0002,address,06/02/2026,Commercial Fire Sprinkler Permit,FSP,Montgomery County Probate Court,"41 N Perry ST, DAYTON OH 45422-2000",,,39.759703965799226,-84.19689222301372
FSP2026C-00047,R72 14301 0039,address,05/29/2026,Commercial Fire Sprinkler Permit,FSP,Dayton Fire Department Station 15,"2801 Wayne AVE, DAYTON OH 45420-1836",,,39.73883031166576,-84.15375802175969
FSP2026C-00046,R72 00416 0002,address,05/15/2026,Commercial Fire Sprinkler Permit,FSP,SCC BLDG 17 Conference Room Expansion,"444 W THIRD ST, DAYTON OH 45402-1421 United States",,,39.757621145508864,-84.20058764501195
FSP2026C-00045,R72 17626 0001,address,05/13/2026,Commercial Fire Sprinkler Permit,FSP,Dayton Childrens SCC-1 Opthalmology Renovation,"1 CHILDRENS PLZ, DAYTON OH 45404 United States",,,39.774028226896995,-84.16886982183259
FSP2026C-00044,R72 00416 0002,address,05/11/2026,Commercial Fire Sprinkler Permit,FSP,Sinclair CC,"444 W THIRD ST, DAYTON OH 45402-1421 United States",,,39.757621145508864,-84.20058764501195
FSP2026C-00043,R72 17627 0003,address,05/06/2026,Commercial Fire Sprinkler Permit,FSP,Miami Valley Hospital,"1 WYOMING ST, DAYTON OH 45409 United States",,,39.745718250758195,-84.1865388265835
FSP2026C-00042,R72717413 0001,address,04/30/2026,Commercial Fire Sprinkler Permit,FSP,Tailwinds,"3600 TERMINAL DR, DAYTON OH 45377 United States",,,39.898604457430565,-84.22130315387628
FSP2026C-00041,R72 01706 0050,address,04/29/2026,Commercial Fire Sprinkler Permit,FSP,Paratransit Bus Garage,"701 LONGWORTH ST, DAYTON OH 45402",,,39.748617938103116,-84.19400820635511
FSP2026C-00039,,unmatched,04/22/2026,Commercial Fire Sprinkler Permit,FSP,HoM Flats At Forest,"335 HOMEWOOD AVE, DAYTON OH",,,,
FSP2026C-00038,,unmatched,04/22/2026,Commercial Fire Sprinkler Permit,FSP,"CONSTRUCTION OF 2-STORY, 8-UNIT APARTMENT BUILDING","1104 OLD ORCHARD AVE, DAYTON OH",,,,
FSP2026C-00037,,unmatched,04/22/2026,Commercial Fire Sprinkler Permit,FSP,"CONSTRUCTION OF 2-STORY, 8-UNIT APARTMENT BUILDING","1204 OLD ORCHARD AVE, DAYTON OH 45405 United States",,,,
FSP2026C-00036,,unmatched,04/22/2026,Commercial Fire Sprinkler Permit,FSP,HoM Flats At Forest,"1220 OLD ORCHARD AVE, DAYTON OH 45405 United States",,,,
FSP2026C-00035,,unmatched,04/22/2026,Commercial Fire Sprinkler Permit,FSP,"CONSTRUCT 2-STORY, 8-UNIT APARTMENT BUILDING","1120 OLD ORCHARD AVE, DAYTON OH",,,,
FSP2026C-00034,,unmatched,04/22/2026,Commercial Fire Sprinkler Permit,FSP,HoM Flats At Forest,"319 Homewood AVE, DAYTON OH 45405",,,,
FSP2026C-00033,,unmatched,04/22/2026,Commercial Fire Sprinkler Permit,FSP,HoM Flats At Forest,"323 HOMEWOOD AVE, DAYTON OH 45402",,,,
FSP2026C-00032,,unmatched,04/22/2026,Commercial Fire Sprinkler Permit,FSP,HoM Flats At Forest,"713 Forest AVE, DAYTON OH 45405",,,,
FSP2026C-00031,,unmatched,04/22/2026,Commercial Fire Sprinkler Permit,FSP,HoM Flats At Forest - Underground Fire Main,"329 HOMEWOOD AVE, DAYTON OH 45405 United States",,,,
FSP2026C-00030,,unmatched,04/22/2026,Commercial Fire Sprinkler Permit,FSP,HoM Flats At Forest,"721 Forest AVE, DAYTON OH 45405",,,,
FSP2026C-00029,,unmatched,04/22/2026,Commercial Fire Sprinkler Permit,FSP,Hom Flats at Forest,"1304 OLD ORCHARD AVE, DAYTON OH 45405 United States",,,,
FSP2026C-00028,R72 01605 0037,address,04/20/2026,Commercial Fire Sprinkler Permit,FSP,Premier Outpatient Behavioral Health,"725 S LUDLOW ST, DAYTON OH 45402",,,39.75074114622736,-84.19190590461398
FSP2026C-00027,R72 08207 0091,address,04/17/2026,Commercial Fire Sprinkler Permit,FSP,Road Dog,"119 N JAMES H MCGEE BLVD, DAYTON OH 45402-6736 United States",,,39.755435348403225,-84.22578154061931
FSP2026C-00026,R72 03107 0001,address,04/17/2026,Commercial Fire Sprinkler Permit,FSP,Racquetball Court Conversion 101 H,"300 COLLEGE PARK AVE, DAYTON OH 45469 United States",,,39.74010674659607,-84.1799867581776
FSP2026C-00025,R72 03113 0060,address,04/17/2026,Commercial Fire Sprinkler Permit,FSP,The Pine Club,"1926 BROWN ST, DAYTON OH 45409-2456 United States",,,39.73367475860837,-84.18007361697968
FSP2026C-00020,R72 17626 0001,address,04/15/2026,Commercial Fire Sprinkler Permit,FSP,Dayton Childrens 1st Floor OPC Clinic,"1 CHILDRENS PLZ, DAYTON OH 45404 United States",,,39.774028226896995,-84.16886982183259
FSP2026C-00040,R72217501 0001,address,04/08/2026,Commercial Fire Sprinkler Permit,FSP,McCormick Equipment - Mezzanine Relocation,"4541 INTERPOINT BLVD, DAYTON OH 45424-5799 United States",,,39.818318300430704,-84.13553552848093
FSP2026C-00019,R72 03004 0001,address,04/01/2026,Commercial Fire Sprinkler Permit,FSP,Fitz Hall Biomechanics Lab Relocation,"1529 Brown ST, DAYTON OH",,,39.73837258576606,-84.18200426742256
FSP2026C-00024,R72 00416 0002,address,03/27/2026,Commercial Fire Sprinkler Permit,FSP,SCC Building 12 - Renovate Conference Room 12217,"444 W THIRD ST, DAYTON OH 45402-1421 United States",,,39.757621145508864,-84.20058764501195
FSP2026C-00023,R72 00416 0002,address,03/27/2026,Commercial Fire Sprinkler Permit,FSP,Sinclair Building 12 - Conference Room,"444 W THIRD ST, DAYTON OH 45402-1421 United States",,,39.757621145508864,-84.20058764501195
FSP2026C-00018,,unmatched,03/26/2026,Commercial Fire Sprinkler Permit,FSP,Area Agency on Aging - Ball Park Village,"220 E Monument, DAYTON OH",,,,
FSP2026C-00022,R72 17626 0001,address,03/23/2026,Commercial Fire Sprinkler Permit,FSP,Dayton Childrens Hospital (DCH) - OPC 4th Floor Renovation,"1 CHILDRENS PLZ, DAYTON OH 45404-1815",,,39.774028226896995,-84.16886982183259
FSP2026C-00021,R72 17626 0001,address,03/23/2026,Commercial Fire Sprinkler Permit,FSP,Dayton Childrens Hospital - Taggart - 3RD FL,"1 CHILDRENS PLZ, DAYTON OH 45404-1815",,,39.774028226896995,-84.16886982183259
FSP2026C-00017,R72717413 0001,address,03/20/2026,Commercial Fire Sprinkler Permit,FSP,RG Aviation,"3535 HANGAR DR, VANDALIA OH 45377",,,39.903694501164914,-84.20717403390393
FSP2026C-00016,F23 00104 0060,address,03/16/2026,Commercial Fire Sprinkler Permit,FSP,The Lumpia Queen,"40 N Main ST, DAYTON OH 45423-1021",,,39.76070865238252,-84.19178995969571
FSP2026C-00015,R72 17615 0007,address,03/16/2026,Commercial Fire Sprinkler Permit,FSP,Setters,"1008 Gateway DR, DAYTON OH 45404",,,39.7764813461624,-84.15970489029931
FSP2026C-00014,R72 01704 0111,address,03/04/2026,Commercial Fire Sprinkler Permit,FSP,601 Longworth St.,"601 Longworth St, Dayton OH 45402",,,39.749400154542215,-84.19516871164788
FSP2026C-00013,R72 09403 0001,address,02/23/2026,Commercial Fire Sprinkler Permit,FSP,Jackson Center Alternative School,"329 Abbey AVE, DAYTON OH 45417",,,39.74781259903971,-84.24025096422572
FSP2026C-00012,R72 17627 0003,address,02/20/2026,Commercial Fire Sprinkler Permit,FSP,MVH Interventional Radiology - IR #5,"1 WYOMING ST, DAYTON OH 45409 United States",,,39.745718250758195,-84.1865388265835
FSP2026C-00011,R72 05909B0031,address,02/20/2026,Commercial Fire Sprinkler Permit,FSP,The Dream Event Hall,"229 Riverside Dr, Dayton OH 45405-4941 Andorra, 229",,,39.769611402088586,-84.1913514529892
FSP2026C-00010,,unmatched,02/13/2026,Commercial Fire Sprinkler Permit,FSP,Liberty High School,"20 LATHROP ST, DAYTON OH 45410",,,,
FSP2026C-00009,R72 16702 0075,address,02/03/2026,Commercial Fire Sprinkler Permit,FSP,Kennicott Brothers,"1331 TROY ST, DAYTON OH 45404-2748 United States",,,39.78614010092929,-84.17173677083764
FSP2026C-00008,R72 00502 0045,address,02/02/2026,Commercial Fire Sprinkler Permit,FSP,TIFFANY'S ON THIRD - SALON,"30 W THIRD ST, DAYTON OH 45402 United States",,,39.75928775445649,-84.19282990165644
FSP2026C-00007,R72 17627 0003,address,01/29/2026,Commercial Fire Sprinkler Permit,FSP,MVH Operating Rooms Renovations,"1 WYOMING ST, DAYTON OH 45409 United States",,,39.745718250758195,-84.1865388265835
FSP2026C-00006,R72 00504 0010,address,01/16/2026,Commercial Fire Sprinkler Permit,FSP,Social Light Cafe - Deneau Tower,"40 W Fourth ST, DAYTON OH 45402-1857",,,39.75764457257017,-84.19272237084951
FSP2026C-00005,R72 00205 0022,address,01/15/2026,Commercial Fire Sprinkler Permit,FSP,Faruki PLL,"110 N MAIN ST, DAYTON OH 45402 United States",,,39.761402673397924,-84.1922159510382
FSP2026C-00004,R72 00108 0008,address,01/15/2026,Commercial Fire Sprinkler Permit,FSP,"Mental Health , Detox, Behavior Health Units","330 W Second ST, DAYTON OH 45422-4999",,,39.759828634862885,-84.19775974825204
FSP2026C-00003,R72 08610 0023,address,01/08/2026,Commercial Fire Sprinkler Permit,FSP,MULTI-FAMILY REHAB,"2 Kosmo DR, DAYTON OH 45402-8300",,,39.7503291327499,-84.21144421282808
FSP2026C-00002,R72217303 0053,address,01/06/2026,Commercial Fire Sprinkler Permit,FSP,Honey - N - Crepe,"4648 Brandt PIKE, DAYTON OH 45424-6076",,,39.82036655651121,-84.12480038320108
FSP2026C-00001,R72 00502 0016,address,01/05/2026,Commercial Fire Sprinkler Permit,FSP,Smale's Bakery,"18 W Third ST, DAYTON OH 45402-2024",,,39.759181617115836,-84.19238613518513
SLB2026C-00001,,unmatched,,,SLB,,,,,,
GAS2026C-00060,P70 02107 0124,permit_number,06/26/2026,Commercial Gas Permit,GAS,UNIT 4,"2327 N MAIN ST, DAYTON OH 45405-3470 United States",0,,39.78541467488929,-84.21109973576904
GAS2026C-00059,P70 02107 0123,permit_number,06/26/2026,Commercial Gas Permit,GAS,UNIT 3,"2327 N MAIN ST, DAYTON OH 45405-3470 United States",0,,39.78541467488929,-84.21109973576904
GAS2026C-00058,P70 02107 0122,permit_number,06/26/2026,Commercial Gas Permit,GAS,UNIT 2,"2327 N MAIN ST, DAYTON OH 45405-3470 United States",0,,39.78541467488929,-84.21109973576904
GAS2026C-00057,R72 07102 0011,address,06/26/2026,Commercial Gas Permit,GAS,UNIT 1,"2327 N MAIN ST, DAYTON OH 45405-3470 United States",,,39.78541467488929,-84.21109973576904
GAS2026C-00056,R72 00614 0019,address,06/24/2026,Commercial Gas Permit,GAS,,"1023 E FOURTH ST, DAYTON OH 45402-2231 United States",,,39.7594908074135,-84.1787392819018
GAS2026C-00055,R72 16715 0026,address,06/11/2026,Commercial Gas Permit,GAS,,"173 AVONDALE DR, DAYTON OH 45404",,,39.79539127451572,-84.15624011745231
GAS2026C-00054,R72 03113 0060,address,06/11/2026,Commercial Gas Permit,GAS,,"1926 BROWN ST, DAYTON OH 45409-2456 United States",,,39.73367475860837,-84.18007361697968
GAS2026C-00053,P70 04006 0074,permit_number,06/09/2026,Commercial Gas Permit,GAS,,"22 E FIFTH ST, DAYTON OH 45402 United States",0,,39.756560223829254,-84.19023779466141
GAS2026C-00052,E21 17410 0047,permit_number,06/08/2026,Commercial Gas Permit,GAS,,"40 S MAIN ST, DAYTON OH 45402 United States",0,,39.75858596717528,-84.19123324009236
GAS2026C-00051,O67 03607 0043,permit_number,06/08/2026,Commercial Gas Permit,GAS,,"17 E Fourth ST, DAYTON OH 45402-2101",0,,39.75845352805611,-84.19070706511039
GAS2026C-00049,O67 51436 0109,permit_number,05/21/2026,Commercial Gas Permit,GAS,,"704 ROCKFORD AVE, APT/UNIT 5, DAYTON OH 45405-4030 United States",0,,39.77850485028296,-84.20611867446175
GAS2026C-00048,O67 51436 0110,permit_number,05/21/2026,Commercial Gas Permit,GAS,,"704 ROCKFORD AVE, APT/UNIT 4, DAYTON OH 45405-4030 United States",0,,39.77850485028296,-84.20611867446175
GAS2026C-00047,O67 51436 0111,permit_number,05/21/2026,Commercial Gas Permit,GAS,,"704 ROCKFORD AVE, APT/UNIT 3, DAYTON OH 45405-4030 United States",0,,39.77850485028296,-84.20611867446175
GAS2026C-00046,O67 51436 0112,permit_number,05/21/2026,Commercial Gas Permit,GAS,,"704 ROCKFORD AVE, APT/UNIT 2, DAYTON OH 45405-4030 United States",0,,39.77850485028296,-84.20611867446175
GAS2026C-00045,E21 01103 0002,permit_number,05/21/2026,Commercial Gas Permit,GAS,,"704 ROCKFORD AVE, APT/UNIT 1, DAYTON OH 45405-4030 United States",0,,39.77850485028296,-84.20611867446175
GAS2026C-00050,O67 03607 0043,permit_number,05/19/2026,Commercial Gas Permit,GAS,Montgomery County Jail Boiler and Domestic Hot Water Heater Replacement,"330 W SECOND ST, DAYTON OH 45422-4999 United States",0,,39.759828634862885,-84.19775974825204
GAS2026C-00044,E21 01010 0241,permit_number,05/18/2026,Commercial Gas Permit,GAS,,"4389 W Third ST, DAYTON OH 45402",0,,39.74883602212424,-84.25842266317747
GAS2026C-00043,K45 02607 0004,permit_number,05/18/2026,Commercial Gas Permit,GAS,COD Water Supply and Treatment,"1044 OTTAWA ST, DAYTON OH 45402 United States",0,,39.76813526830129,-84.1729414915802
GAS2026C-00042,K45 02607 0004,permit_number,05/04/2026,Commercial Gas Permit,GAS,,"1828 W Stewart ST, DAYTON OH 45417-3741",0,,39.74159504551482,-84.22822408841644
GAS2026C-00041,K45 02603 0041,permit_number,04/27/2026,Commercial Gas Permit,GAS,,"1309 SALEM AVE, APT/UNIT 4, DAYTON OH 45406-4937 United States",0,,39.77683436040845,-84.2180132488343
GAS2026C-00040,L52 00109 0014,permit_number,04/27/2026,Commercial Gas Permit,GAS,,"1309 SALEM AVE, APT/UNIT 2, DAYTON OH 45406-4937 United States",0,,39.77683436040845,-84.2180132488343
GAS2026C-00039,E20 17002A0064,permit_number,04/27/2026,Commercial Gas Permit,GAS,,"1309 SALEM AVE, APT/UNIT 1, DAYTON OH 45406-4937 United States",0,,39.77683436040845,-84.2180132488343
GAS2026C-00038,I39 00105 0002,permit_number,04/27/2026,Commercial Gas Permit,GAS,,"263 VALLEY VIEW DR, APT/UNIT 2, DAYTON OH 45405-2951 United States",0,,39.79032263194879,-84.2190756441586
GAS2026C-00037,E20 01107 0064,permit_number,04/22/2026,Commercial Gas Permit,GAS,,"1451 Troy ST, DAYTON OH 45404-2726",0,,39.78724250515979,-84.17068124881916
GAS2026C-00036,P70 04005 0024,permit_number,04/17/2026,Commercial Gas Permit,GAS,FLOOR 5,"1306 Bryn Mawr DR, DAYTON OH 45402",0,,39.770346524589485,-84.21760421780495
GAS2026C-00035,K45 21114 0001,permit_number,04/17/2026,Commercial Gas Permit,GAS,FLOOR 4,"1306 Bryn Mawr DR, DAYTON OH 45402",0,,39.770346524589485,-84.21760421780495
GAS2026C-00034,H33 01622 0001,permit_number,04/17/2026,Commercial Gas Permit,GAS,FLOOR 3,"1306 Bryn Mawr DR, DAYTON OH 45402",0,,39.770346524589485,-84.21760421780495
GAS2026C-00033,H33 01622 0001,permit_number,04/17/2026,Commercial Gas Permit,GAS,FLOOR 2,"1306 Bryn Mawr DR, DAYTON OH 45402",0,,39.770346524589485,-84.21760421780495
GAS2026C-00032,P70 03901 0049,permit_number,04/17/2026,Commercial Gas Permit,GAS,FLOOR 1,"1306 Bryn Mawr DR, DAYTON OH 45402",0,,39.770346524589485,-84.21760421780495
GAS2026C-00031,R72 01605 0037,address,04/16/2026,Commercial Gas Permit,GAS,Premier Outpatient Behavioral Health,"725 S LUDLOW ST, DAYTON OH 45402",,,39.75074114622736,-84.19190590461398
GAS2026C-00030,P70 03901 0049,permit_number,04/13/2026,Commercial Gas Permit,GAS,,"1690 WOODMAN DR, DAYTON OH 45432-3337 United States",0,,39.73127867814445,-84.121728424877
GAS2026C-00029,R72 02512 0001,address,04/10/2026,Commercial Gas Permit,GAS,,"600 Xenia AVE, DAYTON OH 45410-1826",,,39.752556371168545,-84.16750552402603
GAS2026C-00028,E20 17009 0004,permit_number,03/31/2026,Commercial Gas Permit,GAS,,"2801 Wayne AVE, DAYTON OH 45420-1836",0,,39.73883031166576,-84.15375802175969
GAS2026C-00027,R72 50824 0014,address,03/23/2026,Commercial Gas Permit,GAS,AIR SURGE HEATING & COOLING,"302 W GRAND AVE, DAYTON OH 45405-4504",,,39.76858560563364,-84.20119390808073
GAS2026C-00026,R72 50824 0014,address,03/23/2026,Commercial Gas Permit,GAS,AIR SURGE HEATING & COOLING,"302 W GRAND AVE, DAYTON OH 45405-4504",,,39.76858560563364,-84.20119390808073
GAS2026C-00025,R72 13501 0022,address,03/06/2026,Commercial Gas Permit,GAS,,"1515 NICHOLAS RD, DAYTON OH 45417 United States",,,39.73290423994974,-84.22041583141232
GAS2026C-00021,R72 05302 0012,address,03/04/2026,Commercial Gas Permit,GAS,,"1508 CHAPEL ST, DAYTON OH 45404",,,39.774488301414436,-84.17299085317885
GAS2026C-00019,R72 05302 0012,address,03/04/2026,Commercial Gas Permit,GAS,,"1504 CHAPEL ST, DAYTON OH 45404",,,39.77449302009786,-84.17304786860463
GAS2026C-00020,R72 05302 0012,address,03/04/2026,Commercial Gas Permit,GAS,,"1506 CHAPEL ST, DAYTON OH 45404",,,39.77449181842392,-84.17301863100792
GAS2026C-00024,R72117218 0001,address,03/04/2026,Commercial Gas Permit,GAS,,"5050 NORTHCREST DR, DAYTON OH 45414-3709 United States",,,39.820064017100755,-84.20279299562863
GAS2026C-00023,K45 02602 0081,permit_number,03/04/2026,Commercial Gas Permit,GAS,,"5067 NORRIS DR, DAYTON OH 45414-3709 United States",0,,39.820214423998,-84.20547792290847
GAS2026C-00022,R72 12308 0031,address,03/04/2026,Commercial Gas Permit,GAS,,"4027 FAIRBANKS AVE, DAYTON OH 45402-5226 United States",,,39.763906179574086,-84.2525053537661
GAS2026C-00018,P70 04002 0049,permit_number,03/04/2026,Commercial Gas Permit,GAS,,"1502 CHAPEL ST, DAYTON OH 45404",0,,39.774494888715964,-84.17307135028517
GAS2026C-00017,P70 04002 0049,permit_number,02/26/2026,Commercial Gas Permit,GAS,,"1309 BRANDT PIKE, DAYTON OH 45404-2469 United States",0,,39.79496431150313,-84.15458900491096
GAS2026C-00016,P70 02107 0133,permit_number,02/25/2026,Commercial Gas Permit,GAS,,"1803 Webster ST, DAYTON OH 45404-1153",0,,39.78678996722427,-84.18214840907886
GAS2026C-00015,P70 02107 0132,permit_number,02/18/2026,Commercial Gas Permit,GAS,,"1306 TROY ST, DAYTON OH 45404",0,,39.78518942842319,-84.17197378582037
GAS2026C-00014,P70 02107 0131,permit_number,02/16/2026,Commercial Gas Permit,GAS,Westwood Elementary School,"2805 OAKRIDGE DR, DAYTON OH 45417 United States",0,,39.758462103179006,-84.24636270337696
GAS2026C-00013,P70 02107 0130,permit_number,02/16/2026,Commercial Gas Permit,GAS,Roosevelt Elementary School,"1923 W THIRD ST, DAYTON OH 45417 United States",0,,39.75399826407294,-84.22686647970743
GAS2026C-00012,P70 02107 0129,permit_number,02/16/2026,Commercial Gas Permit,GAS,Fairview Elementary School,"2314 ELSMERE AVE, DAYTON OH 45406 United States",0,,39.78993480703365,-84.22970650059739
GAS2026C-00011,P70 02107 0128,permit_number,02/16/2026,Commercial Gas Permit,GAS,UNIT F,"1332 Jordan AVE, UNIT F, DAYTON OH 45410-2845",0,,39.75199821375098,-84.14584610644549
GAS2026C-00010,P70 02107 0127,permit_number,02/09/2026,Commercial Gas Permit,GAS,,"3814 W SECOND ST, DAYTON OH 45417-1320 United States",0,,39.75440920707004,-84.2537286759175
GAS2026C-00009,P70 02107 0126,permit_number,01/28/2026,Commercial Gas Permit,GAS,,"701 LONGWORTH ST, DAYTON OH 45402",0,,39.748617938103116,-84.19400820635511
GAS2026C-00008,P70 02107 0133,permit_number,01/23/2026,Commercial Gas Permit,GAS,,"615 ROCKFORD AVE, APT/UNIT 4, DAYTON OH 45405-4023 United States",0,,39.77716883455522,-84.20660200387623
GAS2026C-00007,P70 02107 0132,permit_number,01/23/2026,Commercial Gas Permit,GAS,,"20 LATHROP ST, DAYTON OH 45410",0,,,
GAS2026C-00006,P70 02107 0131,permit_number,01/22/2026,Commercial Gas Permit,GAS,,"5064 NORTHCREST DR, DAYTON OH 45414-3709 United States",0,,39.81985742874319,-84.2025864384365
GAS2026C-00005,P70 02107 0130,permit_number,01/22/2026,Commercial Gas Permit,GAS,,"5062 NORTHCREST DR, DAYTON OH 45414-3709 United States",0,,39.81985675539985,-84.2026327434602
GAS2026C-00004,P70 02107 0129,permit_number,01/15/2026,Commercial Gas Permit,GAS,,"400 E Fifth ST, DAYTON OH 45402-2962",0,,39.75709355918025,-84.18562589307531
GAS2026C-00003,P70 02107 0128,permit_number,01/15/2026,Commercial Gas Permit,GAS,,"5050 NORTHCREST DR, DAYTON OH 45414-3709 United States",0,,39.820064017100755,-84.20279299562863
GAS2026C-00002,P70 02107 0127,permit_number,01/15/2026,Commercial Gas Permit,GAS,,"5063 NORRIS DR, DAYTON OH 45414-3709 United States",0,,39.82008804235143,-84.20548194506472
GAS2026C-00001,P70 02107 0126,permit_number,01/13/2026,Commercial Gas Permit,GAS,,"3622 MODENA ST, DAYTON OH 45417-4104 United States",0,,39.73218131069457,-84.2520918933856
MEC2026C-00126,R72 05706 0004,address,06/30/2026,Commercial Mechanical Permit,MEC,,"241 E HELENA ST, DAYTON OH 45404 United States",,,39.78058092478319,-84.19115867930007
MEC2026C-00125,R72 05908 0045,address,06/30/2026,Commercial Mechanical Permit,MEC,Rivers Edge Montessori School,"108 LINWOOD ST, DAYTON OH 45405 United States",,,39.76680150982055,-84.19025395936
MEC2026C-00124,R72 17733 0001,address,06/30/2026,Commercial Mechanical Permit,MEC,Belle Haven Elementary,"4401 FREE PIKE, DAYTON OH 45416-1219 United States",,,39.79864847548128,-84.26151007273839
MEC2026C-00123,R72 00507 0096,address,06/29/2026,Commercial Mechanical Permit,MEC,Server Room Cooling System at Wright Stop Plaza,"4 S MAIN ST, DAYTON OH 45402 United States",,,39.75936800830403,-84.19145856383616
MEC2026C-00122,R72 05302 0012,address,06/29/2026,Commercial Mechanical Permit,MEC,,"1506 CHAPEL ST, DAYTON OH 45404",,,39.77449181842392,-84.17301863100792
MEC2026C-00121,R72 05302 0012,address,06/29/2026,Commercial Mechanical Permit,MEC,,"1508 CHAPEL ST, DAYTON OH 45404",,,39.774488301414436,-84.17299085317885
MEC2026C-00120,R72 01802 0079,address,06/29/2026,Commercial Mechanical Permit,MEC,Goodwill Easter Seals Miami Valey,"660 S MAIN ST, DAYTON OH 45402 United States",,,39.749703222402275,-84.18893148262077
MEC2026C-00127,R72 51413 0047,address,06/26/2026,Commercial Mechanical Permit,MEC,Dayton Live Schuster Center - Chillers & Pumps,"1 W SECOND ST, DAYTON OH 45402 United States",,,39.76101737295667,-84.19246989217501
MEC2026C-00119,R72 01802 0079,address,06/26/2026,Commercial Mechanical Permit,MEC,,"660 S MAIN ST, DAYTON OH 45402 United States",,,39.749703222402275,-84.18893148262077
MEC2026C-00118,R72 00503 0024,address,06/26/2026,Commercial Mechanical Permit,MEC,Dayton Public Schools,"115 S LUDLOW ST, DAYTON OH 45402-1812 United States",,,39.75722054121235,-84.193373804586
MEC2026C-00117,R72 00614 0019,address,06/24/2026,Commercial Mechanical Permit,MEC,,"1023 E FOURTH ST, DAYTON OH 45402-2231 United States",,,39.7594908074135,-84.1787392819018
MEC2026C-00116,,unmatched,06/24/2026,Commercial Mechanical Permit,MEC,,"1938 STANLEY AVE, DAYTON OH",,,,
MEC2026C-00115,R72 06802 0023,address,06/24/2026,Commercial Mechanical Permit,MEC,,"710 ROCKFORD AVE, DAYTON OH 45405-4030 United States",,,39.77861996899197,-84.20627932646205
MEC2026C-00131,R72 08303 0065,address,06/23/2026,Commercial Mechanical Permit,MEC,Edison Elementary School - Mechanical System Upgrades,"228 N BROADWAY ST, DAYTON OH 45402 United States",,,39.7585464546125,-84.2143213556005
MEC2026C-00114,R72 51419 0026,address,06/23/2026,Commercial Mechanical Permit,MEC,,"111 HARRIES ST, DAYTON OH 45402 United States",,,39.762032900373896,-84.18831764767742
MEC2026C-00113,R72 00108 0008,address,06/18/2026,Commercial Mechanical Permit,MEC,,"361 W THIRD ST, DAYTON OH 45422-4999 United States",,,39.75875639326973,-84.1984238183965
MEC2026C-00112,R72 17626 0001,address,06/18/2026,Commercial Mechanical Permit,MEC,,"1 CHILDRENS PLZ, DAYTON OH 45404 United States",,,39.774028226896995,-84.16886982183259
MEC2026C-00111,R72 05510 0002,address,06/15/2026,Commercial Mechanical Permit,MEC,,"240 DETRICK ST, DAYTON OH 45404 United States",,,39.769957766477035,-84.18201706817354
MEC2026C-00110,R72 00416 0002,address,06/11/2026,Commercial Mechanical Permit,MEC,,"444 W THIRD ST, DAYTON OH 45402-1421 United States",,,39.757621145508864,-84.20058764501195
MEC2026C-00109,K45 18722 0002,permit_number,06/11/2026,Commercial Mechanical Permit,MEC,,"173 AVONDALE DR, DAYTON OH 45404",0,,39.79539127451572,-84.15624011745231
MEC2026C-00108,R72 05909B0031,address,06/08/2026,Commercial Mechanical Permit,MEC,,"229 RIVERSIDE DR, DAYTON OH 45405-4941 United States",,,39.769611402088586,-84.1913514529892
MEC2026C-00107,R72 17627 0003,address,06/08/2026,Commercial Mechanical Permit,MEC,,"1 WYOMING ST, DAYTON OH 45409 United States",,,39.745718250758195,-84.1865388265835
MEC2026C-00106,R72 17627 0003,address,06/08/2026,Commercial Mechanical Permit,MEC,,"1 WYOMING ST, DAYTON OH 45409 United States",,,39.745718250758195,-84.1865388265835
MEC2026C-00105,R72 09004 0037,address,06/05/2026,Commercial Mechanical Permit,MEC,,"1900 W THIRD ST, DAYTON OH 45417-2538 United States",,,39.75353390958989,-84.22673787913885
MEC2026C-00104,O67 28604 0001,permit_number,06/04/2026,Commercial Mechanical Permit,MEC,Infinity Labs,"15 W FOURTH ST, DAYTON OH 45402",0,,,
MEC2026C-00103,O67 03811 0029,permit_number,06/02/2026,Commercial Mechanical Permit,MEC,,"40 S Main ST, DAYTON OH 45402",0,,39.75858596717528,-84.19123324009236
MEC2026C-00102,O67 03710 0026,permit_number,06/02/2026,Commercial Mechanical Permit,MEC,,"40 S Main ST, DAYTON OH 45402",0,,39.75858596717528,-84.19123324009236
MEC2026C-00101,O67 03607 0188,permit_number,06/02/2026,Commercial Mechanical Permit,MEC,,"40 S Main ST, DAYTON OH 45402",0,,39.75858596717528,-84.19123324009236
MEC2026C-00100,O67 51425 0025,permit_number,06/02/2026,Commercial Mechanical Permit,MEC,,"40 S Main ST, DAYTON OH 45402",0,,39.75858596717528,-84.19123324009236
MEC2026C-00099,O67 28813 0003,permit_number,06/02/2026,Commercial Mechanical Permit,MEC,,"40 S Main ST, DAYTON OH 45402",0,,39.75858596717528,-84.19123324009236
MEC2026C-00098,E21 01004 0043,permit_number,06/02/2026,Commercial Mechanical Permit,MEC,,"40 S Main ST, DAYTON OH 45402",0,,39.75858596717528,-84.19123324009236
MEC2026C-00097,O67 28106 0007,permit_number,06/02/2026,Commercial Mechanical Permit,MEC,,"40 S Main ST, DAYTON OH 45402",0,,39.75858596717528,-84.19123324009236
MEC2026C-00096,R72 00507 0060,address,06/02/2026,Commercial Mechanical Permit,MEC,,"40 S Main ST, DAYTON OH 45402",,,39.75858596717528,-84.19123324009236
MEC2026C-00095,O67 03813 0214,permit_number,06/02/2026,Commercial Mechanical Permit,MEC,,"40 S Main ST, DAYTON OH 45402",0,,39.75858596717528,-84.19123324009236
MEC2026C-00094,P70 02018 0009,permit_number,06/02/2026,Commercial Mechanical Permit,MEC,,"40 S Main ST, DAYTON OH 45402",0,,39.75858596717528,-84.19123324009236
MEC2026C-00093,A01 27617 0002,permit_number,06/02/2026,Commercial Mechanical Permit,MEC,,"40 S Main ST, DAYTON OH 45402",0,,39.75858596717528,-84.19123324009236
MEC2026C-00092,K45 28305 0003,permit_number,06/02/2026,Commercial Mechanical Permit,MEC,,"40 S Main ST, DAYTON OH 45402",0,,39.75858596717528,-84.19123324009236
MEC2026C-00091,A01 00106 0057,permit_number,06/02/2026,Commercial Mechanical Permit,MEC,,"40 S Main ST, DAYTON OH 45402",0,,39.75858596717528,-84.19123324009236
MEC2026C-00090,K45 02605 0110,permit_number,06/02/2026,Commercial Mechanical Permit,MEC,,"40 S Main ST, DAYTON OH 45402",0,,39.75858596717528,-84.19123324009236
MEC2026C-00089,O67 03710 0112,permit_number,06/02/2026,Commercial Mechanical Permit,MEC,,"40 S Main ST, DAYTON OH 45402",0,,39.75858596717528,-84.19123324009236
MEC2026C-00088,C08 00108 0059,permit_number,06/02/2026,Commercial Mechanical Permit,MEC,,"40 S Main ST, DAYTON OH 45402",0,,39.75858596717528,-84.19123324009236
MEC2026C-00087,O67 28604 0001,permit_number,06/02/2026,Commercial Mechanical Permit,MEC,,"40 S Main ST, DAYTON OH 45402",0,,39.75858596717528,-84.19123324009236
MEC2026C-00086,O67 28823 0006,permit_number,06/02/2026,Commercial Mechanical Permit,MEC,,"40 S Main ST, DAYTON OH 45402",0,,39.75858596717528,-84.19123324009236
MEC2026C-00085,P70 04005 0024,permit_number,06/02/2026,Commercial Mechanical Permit,MEC,,"40 S Main ST, DAYTON OH 45402",0,,39.75858596717528,-84.19123324009236
MEC2026C-00084,E20 01107 0190,permit_number,06/02/2026,Commercial Mechanical Permit,MEC,,"40 S Main ST, DAYTON OH 45402",0,,39.75858596717528,-84.19123324009236
MEC2026C-00083,O67 03607 0181,permit_number,06/02/2026,Commercial Mechanical Permit,MEC,,"40 S Main ST, DAYTON OH 45402",0,,39.75858596717528,-84.19123324009236
MEC2026C-00082,O67 28812 0008,permit_number,06/02/2026,Commercial Mechanical Permit,MEC,,"17 E Fourth ST, DAYTON OH 45402-2101",0,,39.75845352805611,-84.19070706511039
MEC2026C-00081,E20 01007 0051,permit_number,06/02/2026,Commercial Mechanical Permit,MEC,,"17 E Fourth ST, DAYTON OH 45402-2101",0,,39.75845352805611,-84.19070706511039
MEC2026C-00080,K45 02607 0003,permit_number,06/02/2026,Commercial Mechanical Permit,MEC,,"17 E Fourth ST, DAYTON OH 45402-2101",0,,39.75845352805611,-84.19070706511039
MEC2026C-00079,I39100701 0016,permit_number,06/02/2026,Commercial Mechanical Permit,MEC,,"17 E Fourth ST, DAYTON OH 45402-2101",0,,39.75845352805611,-84.19070706511039
MEC2026C-00078,E21 01103 0086,permit_number,06/02/2026,Commercial Mechanical Permit,MEC,,"17 E Fourth ST, DAYTON OH 45402-2101",0,,39.75845352805611,-84.19070706511039
MEC2026C-00077,E20 01006 0210,permit_number,06/02/2026,Commercial Mechanical Permit,MEC,,"17 E Fourth ST, DAYTON OH 45402-2101",0,,39.75845352805611,-84.19070706511039
MEC2026C-00076,K45 02607 0003,permit_number,06/02/2026,Commercial Mechanical Permit,MEC,,"17 E Fourth ST, DAYTON OH 45402-2101",0,,39.75845352805611,-84.19070706511039
MEC2026C-00075,O67 28604 0001,permit_number,06/02/2026,Commercial Mechanical Permit,MEC,,"17 E Fourth ST, DAYTON OH 45402-2101",0,,39.75845352805611,-84.19070706511039
MEC2026C-00074,O67 03607 0043,permit_number,05/28/2026,Commercial Mechanical Permit,MEC,,"40 S Main ST, DAYTON OH 45402",0,,39.75858596717528,-84.19123324009236
MEC2026C-00073,K45 02605 0093,permit_number,05/28/2026,Commercial Mechanical Permit,MEC,,"17 E Fourth ST, DAYTON OH 45402-2101",0,,39.75845352805611,-84.19070706511039
MEC2026C-00072,O67 28604 0001,permit_number,05/20/2026,Commercial Mechanical Permit,MEC,,"310 S Jefferson ST, DAYTON OH 45402",0,,39.75547524745373,-84.188553661364
MEC2026C-00071,K45 02607 0003,permit_number,05/14/2026,Commercial Mechanical Permit,MEC,NEW SINGLE FAMILY HOME,"912 ANGIER DR, DAYTON OH",0,,,
MEC2026C-00070,K45 02606 0046,permit_number,05/12/2026,Commercial Mechanical Permit,MEC,,"41 N Perry ST, DAYTON OH 45422-2000",0,,39.759703965799226,-84.19689222301372
MEC2026C-00067,H33 00214 0014,permit_number,05/06/2026,Commercial Mechanical Permit,MEC,,"701 LONGWORTH ST, DAYTON OH 45402",0,,39.748617938103116,-84.19400820635511
MEC2026C-00069,P70 04005 0072,permit_number,05/01/2026,Commercial Mechanical Permit,MEC,Montgomery County Jail Building Automation System & AHU Replacement,"330 W SECOND ST, DAYTON OH 45422-4999 United States",0,,39.759828634862885,-84.19775974825204
MEC2026C-00068,I39 00114 0046,permit_number,05/01/2026,Commercial Mechanical Permit,MEC,Montgomery County Jail Boiler and Domestic Hot Water Heater Replacement,"330 W SECOND ST, DAYTON OH 45422-4999 United States",0,,39.759828634862885,-84.19775974825204
MEC2026C-00066,K45 02602 0086,permit_number,04/23/2026,Commercial Mechanical Permit,MEC,Haven Security 9th Floor,"1 ELIZABETH PL, DAYTON OH 45417-3424 United States",0,,39.747777352397364,-84.19983168108485
MEC2026C-00065,R72 17601 0002,address,04/21/2026,Commercial Mechanical Permit,MEC,Distinguished Spa,"1038 S SMITHVILLE RD, DAYTON OH 45403 United States",,,39.75274623908877,-84.13704739261387
MEC2026C-00064,D14 00706 0048,permit_number,04/20/2026,Commercial Mechanical Permit,MEC,,"1 CHILDRENS PLZ, DAYTON OH 45404 United States",0,,39.774028226896995,-84.16886982183259
MEC2026C-00063,O67 28811 0002,permit_number,04/20/2026,Commercial Mechanical Permit,MEC,,"3600 TERMINAL DR, DAYTON OH 45377 United States",0,,39.898604457430565,-84.22130315387628
MEC2026C-00060,I39 00105 0002,permit_number,04/17/2026,Commercial Mechanical Permit,MEC,Premier Outpatient Behavioral Health,"725 S LUDLOW ST, DAYTON OH 45402",0,,39.75074114622736,-84.19190590461398
MEC2026C-00059,P70 02107 0141,permit_number,04/13/2026,Commercial Mechanical Permit,MEC,Charlie Building - Boiler Modifications,"1901 S GETTYSBURG AVE, DAYTON OH 45417-4160 United States",0,,39.72703990647095,-84.25422415913177
MEC2026C-00058,P70 02107 0140,permit_number,04/13/2026,Commercial Mechanical Permit,MEC,Bravo Building - Boiler Modifications,"1901 S GETTYSBURG AVE, DAYTON OH 45417-4160 United States",0,,39.72703990647095,-84.25422415913177
MEC2026C-00057,P70 02107 0139,permit_number,04/13/2026,Commercial Mechanical Permit,MEC,Echo Building - Boiler Modifications,"1901 S GETTYSBURG AVE, DAYTON OH 45417-4160 United States",0,,39.72703990647095,-84.25422415913177
MEC2026C-00056,P70 02107 0138,permit_number,04/13/2026,Commercial Mechanical Permit,MEC,Delta Building - Boiler Modifications,"1901 S GETTYSBURG AVE, DAYTON OH 45417-4160 United States",0,,39.72703990647095,-84.25422415913177
MEC2026C-00055,R72 00416 0002,address,04/13/2026,Commercial Mechanical Permit,MEC,,"444 W THIRD ST, DAYTON OH 45402-1421 United States",,,39.757621145508864,-84.20058764501195
MEC2026C-00054,E20 24108 0001,permit_number,04/10/2026,Commercial Mechanical Permit,MEC,Thurgood Marshall STEM H.S.,"4447 HOOVER AVE, DAYTON OH 45417-1117 United States",0,,39.762313757589006,-84.26114116389307
MEC2026C-00053,P70 02107 0125,permit_number,04/10/2026,Commercial Mechanical Permit,MEC,Paul Lawrence Dunbar H.S.,"1400 ALBRITTON DR, DAYTON OH 45417 United States",0,,39.73393872495715,-84.2332941977309
MEC2026C-00052,P70 02107 0124,permit_number,04/10/2026,Commercial Mechanical Permit,MEC,Belmont H.S.,"2615 WAYNE AVE, DAYTON OH 45420 United States",0,,39.73892543687086,-84.1555275335662
MEC2026C-00051,P70 02107 0123,permit_number,04/10/2026,Commercial Mechanical Permit,MEC,Stivers School of the Arts,"1313 E FIFTH ST, DAYTON OH 45402-2222 United States",0,,39.75848844834604,-84.17511130282503
MEC2026C-00050,P70 02107 0122,permit_number,04/10/2026,Commercial Mechanical Permit,MEC,Ponitz Career Technology Center,"741 WASHINGTON ST, DAYTON OH 45402-8446 United States",0,,39.749846193881545,-84.20238991687164
MEC2026C-00049,O67 03607 0181,permit_number,04/10/2026,Commercial Mechanical Permit,MEC,,"6 S SMITHVILLE RD, DAYTON OH 45431-1833 United States",0,,39.76500422824224,-84.13748624774907
MEC2026C-00048,P70 02015 0001,permit_number,04/09/2026,Commercial Mechanical Permit,MEC,,"505 S Ludlow ST, DAYTON OH 45402-2606",0,,39.75293511538563,-84.19218111260149
MEC2026C-00047,P70 03912 0044,permit_number,04/08/2026,Commercial Mechanical Permit,MEC,INSTALL TYPE 1 HOOD,"1926 BROWN ST, DAYTON OH 45409-2456 United States",0,,39.73367475860837,-84.18007361697968
MEC2026C-00046,E21 01010 0241,permit_number,04/06/2026,Commercial Mechanical Permit,MEC,,"1 CHILDRENS PLZ, DAYTON OH 45404 United States",0,,39.774028226896995,-84.16886982183259
MEC2026C-00045,K45 02603 0179,permit_number,04/06/2026,Commercial Mechanical Permit,MEC,,"451 W Third ST, DAYTON OH 45402-1447",0,,39.75866421736068,-84.20042098208506
MEC2026C-00044,P70 51431 0027,permit_number,04/01/2026,Commercial Mechanical Permit,MEC,Area Agency on Aging Office Alterations,"220 E MONUMENT AVE, DAYTON OH 45402-1223 United States",0,,39.7643043947213,-84.18845808544255
MEC2026C-00062,K45 02401 0170,permit_number,03/31/2026,Commercial Mechanical Permit,MEC,HVAC For New 2-Story Single Family Home w/ Basement,"4507 Cardinal Flower DR, DAYTON OH 45404",0,,,
MEC2026C-00061,O67 03607 0043,permit_number,03/31/2026,Commercial Mechanical Permit,MEC,The Pine Club Offices,"1924 BROWN ST, DAYTON OH 45409-2456 United States",0,,39.73371537630397,-84.18030574225784
MEC2026C-00043,K45 02607 0004,permit_number,03/31/2026,Commercial Mechanical Permit,MEC,,"371 W Second ST, DAYTON OH 45402-1491",0,,39.760209025680545,-84.19898220027287
MEC2026C-00042,K45 02607 0004,permit_number,03/31/2026,Commercial Mechanical Permit,MEC,,"2801 Wayne AVE, DAYTON OH 45420-1836",0,,39.73883031166576,-84.15375802175969
MEC2026C-00041,E20 17001 0008,permit_number,03/30/2026,Commercial Mechanical Permit,MEC,,"122 VAN BUREN ST, DAYTON OH 45402-2934 United States",0,,39.75615231319555,-84.18157957505274
MEC2026C-00040,K45 02607 0003,permit_number,03/27/2026,Commercial Mechanical Permit,MEC,Airgas,"3800 DAYTON PARK DR, DAYTON OH 45414-4410 United States",0,,39.802689691489135,-84.17187059724183
MEC2026C-00039,O67 03710 0098,permit_number,03/24/2026,Commercial Mechanical Permit,MEC,,"4389 W Third ST, DAYTON OH 45402",0,,39.74883602212424,-84.25842266317747
MEC2026C-00038,P70 04005 0024,permit_number,03/24/2026,Commercial Mechanical Permit,MEC,,"4710 OLD TROY PIKE, DAYTON OH 45424",0,,39.82265624949803,-84.14435934428226
MEC2026C-00037,P70 03912 0088,permit_number,03/18/2026,Commercial Mechanical Permit,MEC,Montgomery County,"451 W THIRD ST, DAYTON OH 45402-1447 United States",0,,39.75866421736068,-84.20042098208506
MEC2026C-00036,E20 01008 0220,permit_number,03/17/2026,Commercial Mechanical Permit,MEC,,"1803 Webster ST, DAYTON OH 45404-1153",0,,39.78678996722427,-84.18214840907886
MEC2026C-00035,P70 03908 0086,permit_number,03/17/2026,Commercial Mechanical Permit,MEC,,"300 COLLEGE PARK AVE, DAYTON OH 45469 United States",0,,39.74010674659607,-84.1799867581776
MEC2026C-00034,O67 28604 0001,permit_number,03/16/2026,Commercial Mechanical Permit,MEC,,"1901 S GETTYSBURG AVE, DAYTON OH 45417-4160 United States",0,,39.72703990647095,-84.25422415913177
MEC2026C-00033,K45 02608 0008,permit_number,03/16/2026,Commercial Mechanical Permit,MEC,,"1520 S MAIN ST, DAYTON OH 45409-2698 United States",0,,39.73780336991269,-84.18549371482919
MEC2026C-00032,P70 02020 0003,permit_number,03/10/2026,Commercial Mechanical Permit,MEC,,"1718 W Third ST, DAYTON OH 45402-6721",0,,39.75410407759405,-84.22363924187327
MEC2026C-00031,K45 02604 0018,permit_number,03/09/2026,Commercial Mechanical Permit,MEC,,"37 S SAINT CLAIR ST, DAYTON OH 45402-2112 United States",0,,39.75904951854671,-84.18822758793605
MEC2026C-00030,O67 51401 0066,permit_number,03/09/2026,Commercial Mechanical Permit,MEC,,"1047 WATERVLIET AVE, DAYTON OH 45420 United States",0,,39.72766219885271,-84.13762973231533
MEC2026C-00029,P70 02025 0010,permit_number,03/06/2026,Commercial Mechanical Permit,MEC,,"972 PATTERSON RD, DAYTON OH 45419-4337 United States",0,,39.723904121460464,-84.15239766839758
MEC2026C-00028,K45 02602 0081,permit_number,03/06/2026,Commercial Mechanical Permit,MEC,,"972 PATTERSON RD, DAYTON OH 45419-4337 United States",0,,39.723904121460464,-84.15239766839758
MEC2026C-00027,P70 03909 0143,permit_number,03/04/2026,Commercial Mechanical Permit,MEC,,"5050 NORTHCREST DR, DAYTON OH 45414-3709 United States",0,,39.820064017100755,-84.20279299562863
MEC2026C-00026,E21 17307 0243,permit_number,03/04/2026,Commercial Mechanical Permit,MEC,,"5067 NORRIS DR, DAYTON OH 45414-3709 United States",0,,39.820214423998,-84.20547792290847
MEC2026C-00025,K45 02607 0003,permit_number,03/04/2026,Commercial Mechanical Permit,MEC,,"2100 S EDWIN C MOSES BLVD, DAYTON OH 45417-4658 United States",0,,39.73310343007741,-84.20607086994787
MEC2026C-00024,K45 02607 0003,permit_number,03/04/2026,Commercial Mechanical Permit,MEC,,"3918 FREE PIKE, DAYTON OH 45406",0,,39.7976479360882,-84.25316930633142
MEC2026C-00023,R72 16702 0075,address,03/03/2026,Commercial Mechanical Permit,MEC,,"1331 TROY ST, DAYTON OH 45404-2748 United States",,,39.78614010092929,-84.17173677083764
MEC2026C-00022,O67 03606 0083,permit_number,02/25/2026,Commercial Mechanical Permit,MEC,Reynolds & Reynolds,"3535 MCCAULEY DR, DAYTON OH 45377 United States",0,,39.907202253469805,-84.20790387003704
MEC2026C-00021,E20 01106 0226,permit_number,02/25/2026,Commercial Mechanical Permit,MEC,,"601 S Edwin C Moses Blvd, Dayton OH 45417-3424",0,,39.74810467277138,-84.19865868698791
MEC2026C-00020,P70 02015 0001,permit_number,02/24/2026,Commercial Mechanical Permit,MEC,,"4954 RIVERTON RD, DAYTON OH 45414 United States",0,,39.81648934168928,-84.21315400888018
MEC2026C-00019,P70 03912 0088,permit_number,02/24/2026,Commercial Mechanical Permit,MEC,,"800 E First ST, DAYTON OH 45402-1305",0,,39.76434011668881,-84.17910875623441
MEC2026C-00018,O67 28604 0001,permit_number,02/18/2026,Commercial Mechanical Permit,MEC,Quick Trip,"2121 S EDWIN C. MOSES BLVD, DAYTON OH 45417",0,,39.733482805856426,-84.20678787786889
MEC2026C-00017,E21 01010 0032,permit_number,02/18/2026,Commercial Mechanical Permit,MEC,,"1451 Troy ST, DAYTON OH 45404-2726",0,,39.78724250515979,-84.17068124881916
MEC2026C-00016,R72 17538 0001,address,02/16/2026,Commercial Mechanical Permit,MEC,Westwood Elementary School,"2805 OAKRIDGE DR, DAYTON OH 45417 United States",,,39.758462103179006,-84.24636270337696
MEC2026C-00015,O67 28913 0005,permit_number,02/16/2026,Commercial Mechanical Permit,MEC,Roosevelt Elementary School,"1923 W THIRD ST, DAYTON OH 45417 United States",0,,39.75399826407294,-84.22686647970743
MEC2026C-00014,R72 03107 0001,address,02/10/2026,Commercial Mechanical Permit,MEC,,"300 COLLEGE PARK AVE, DAYTON OH 45469 United States",,,39.74010674659607,-84.1799867581776
MEC2026C-00013,R72 17627 0003,address,02/04/2026,Commercial Mechanical Permit,MEC,,"1 WYOMING ST, DAYTON OH 45409 United States",,,39.745718250758195,-84.1865388265835
MEC2026C-00012,,unmatched,01/23/2026,Commercial Mechanical Permit,MEC,,"20 LATHROP ST, DAYTON OH 45410",,,,
MEC2026C-00011,R72 02908 0020,address,01/22/2026,Commercial Mechanical Permit,MEC,,"1141 BROWN ST, DAYTON OH 45409-2603 United States",,,39.74238388773345,-84.18259902372532
MEC2026C-00010,R72 11306 0049,address,01/22/2026,Commercial Mechanical Permit,MEC,Fairview Elementary School,"2314 ELSMERE AVE, DAYTON OH 45406 United States",,,39.78993480703365,-84.22970650059739
MEC2026C-00009,H33 00306 0096,permit_number,01/21/2026,Commercial Mechanical Permit,MEC,Little Bear,"521 Wayne AVE, DAYTON OH 45410",0,,39.75506108211943,-84.18032237673896
MEC2026C-00008,E20 24122 0005,permit_number,01/14/2026,Commercial Mechanical Permit,MEC,,"424 GUNCKEL AVE, DAYTON OH 45410-2012 United States",0,,39.74305598460502,-84.16452585207739
MEC2026C-00007,P70 02025 0002,permit_number,01/13/2026,Commercial Mechanical Permit,MEC,Smale's Bakery,"18 W Third ST, DAYTON OH 45402-2024",0,,39.759181617115836,-84.19238613518513
MEC2026C-00006,E20 01008 0199,permit_number,01/13/2026,Commercial Mechanical Permit,MEC,,"1515 WESTONA DR, DAYTON OH 45410-3337 United States",0,,39.746497141591654,-84.13634359802224
MEC2026C-00005,H33 00514 0077,permit_number,01/13/2026,Commercial Mechanical Permit,MEC,,"438 E FIFTH ST, DAYTON OH 45402-2912 United States",0,,39.757046504348274,-84.184507686317
MEC2026C-00004,P70 02015 0001,permit_number,01/12/2026,Commercial Mechanical Permit,MEC,Old North Dayton Baptist Church,"515 LILLIAN AVE, DAYTON OH 45404",0,,,
MEC2026C-00003,H33 01622 0001,permit_number,01/08/2026,Commercial Mechanical Permit,MEC,,"445 SALEM AVE, DAYTON OH 45406 United States",0,,39.76753992988016,-84.20934169887232
MEC2026C-00002,K45 25819T0001,permit_number,01/08/2026,Commercial Mechanical Permit,MEC,2nd Street Market,"600 E SECOND ST, DAYTON OH 45402-1381 United States",0,,39.7625371528257,-84.18171232318629
MEC2026C-00001,E20 01107 0064,permit_number,01/06/2026,Commercial Mechanical Permit,MEC,,"1 WYOMING ST, DAYTON OH 45409 United States",0,,39.745718250758195,-84.1865388265835
PLB2026C-00159,R72 05302 0012,address,06/29/2026,Commercial Plumbing Permit,PLB,,"1506 CHAPEL ST, DAYTON OH 45404",,,39.77449181842392,-84.17301863100792
PLB2026C-00158,R72 05302 0012,address,06/29/2026,Commercial Plumbing Permit,PLB,,"1508 CHAPEL ST, DAYTON OH 45404",,,39.774488301414436,-84.17299085317885
PLB2026C-00157,R72 00614 0019,address,06/24/2026,Commercial Plumbing Permit,PLB,,"1023 E FOURTH ST, DAYTON OH 45402-2231 United States",,,39.7594908074135,-84.1787392819018
PLB2026C-00156,R72 01204 0087,address,06/24/2026,Commercial Plumbing Permit,PLB,,"1501 E FIFTH ST, DAYTON OH 45403-2301 United States",,,39.75865973391284,-84.17350381248127
PLB2026C-00155,,unmatched,06/23/2026,Commercial Plumbing Permit,PLB,1ST FL 2 APTS - COMMON AREA & LOBBY,"329 HOMEWOOD AVE, DAYTON OH 45405 United States",,,,
PLB2026C-00154,,unmatched,06/23/2026,Commercial Plumbing Permit,PLB,4TH FL - 12 UNIT APTS,"329 HOMEWOOD AVE, DAYTON OH 45405 United States",,,,
PLB2026C-00153,,unmatched,06/23/2026,Commercial Plumbing Permit,PLB,3RD FL - 13 UNIT APTS,"329 HOMEWOOD AVE, DAYTON OH 45405 United States",,,,
PLB2026C-00152,,unmatched,06/23/2026,Commercial Plumbing Permit,PLB,2ND FL - 13 UNIT APTS,"329 HOMEWOOD AVE, DAYTON OH 45405 United States",,,,
PLB2026C-00151,,unmatched,06/22/2026,Commercial Plumbing Permit,PLB,,"1304 OLD ORCHARD AVE, DAYTON OH 45405 United States",,,,
PLB2026C-00150,,unmatched,06/22/2026,Commercial Plumbing Permit,PLB,,"1204 OLD ORCHARD AVE, DAYTON OH 45405 United States",,,,
PLB2026C-00149,R72 16216 0071,address,06/17/2026,Commercial Plumbing Permit,PLB,,"3028 Salem AVE, DAYTON OH 45406",,,39.78932378066692,-84.23984400079993
PLB2026C-00148,R72 02009 0023,address,06/17/2026,Commercial Plumbing Permit,PLB,,"310 ALLEN ST, DAYTON OH 45410 United States",,,39.75337951783394,-84.16812280102151
PLB2026C-00147,R72 02009 0023,address,06/12/2026,Commercial Plumbing Permit,PLB,,"310 ALLEN ST, DAYTON OH 45410 United States",,,39.75337951783394,-84.16812280102151
PLB2026C-00146,R72 02002 0022,address,06/12/2026,Commercial Plumbing Permit,PLB,,"111 XENIA AVE, DAYTON OH 45410-1523 United States",,,39.752718956521925,-84.17495840373012
PLB2026C-00145,R72 16904 0004,address,06/12/2026,Commercial Plumbing Permit,PLB,,"2800 Guthrie RD, DAYTON OH 45417-6725",,,39.72568431711716,-84.23053579531195
PLB2026C-00144,R72 16715 0026,address,06/11/2026,Commercial Plumbing Permit,PLB,,"173 AVONDALE DR, DAYTON OH 45404",,,39.79539127451572,-84.15624011745231
PLB2026C-00143,R72 03113 0005,address,06/11/2026,Commercial Plumbing Permit,PLB,Pine Club,"1924 BROWN ST, DAYTON OH 45409-2456 United States",,,39.73371537630397,-84.18030574225784
PLB2026C-00142,R72 00203 0004,address,06/11/2026,Commercial Plumbing Permit,PLB,,"130 W SECOND ST, DAYTON OH 45402-1500 United States",,,39.760317428136055,-84.195106940125
PLB2026C-00141,R72 00107 0013,address,06/11/2026,Commercial Plumbing Permit,PLB,,"125 N WILKINSON ST, DAYTON OH 45402 United States",,,39.76119158363699,-84.19617416988275
PLB2026C-00140,R72 14702 0003,address,06/10/2026,Commercial Plumbing Permit,PLB,,"2366 Glenarm AVE, DAYTON OH 45420-2729",,,39.73303713201385,-84.13850990626285
PLB2026C-00139,,unmatched,06/09/2026,Commercial Plumbing Permit,PLB,,"1220 OLD ORCHARD AVE, DAYTON OH 45405 United States",,,,
PLB2026C-00138,R72 17627 0003,address,06/09/2026,Commercial Plumbing Permit,PLB,,"1 WYOMING ST, DAYTON OH 45409 United States",,,39.745718250758195,-84.1865388265835
PLB2026C-00137,R72 15104 0042,address,06/09/2026,Commercial Plumbing Permit,PLB,,"2916 Linden AVE, DAYTON OH 45410-3027",,,39.74777482615213,-84.14065905430063
PLB2026C-00136,R72 14303 0055,address,06/08/2026,Commercial Plumbing Permit,PLB,,"2605 REVERE AVE, APT/UNIT B, DAYTON OH 45420-4826 United States",,,39.73156146037616,-84.15108915366471
PLB2026C-00135,R72 00507 0055,address,06/08/2026,Commercial Plumbing Permit,PLB,,"17 E Fourth ST, DAYTON OH 45402-2101",,,39.75845352805611,-84.19070706511039
PLB2026C-00134,R72 00507 0055,address,06/08/2026,Commercial Plumbing Permit,PLB,,"17 E Fourth ST, DAYTON OH 45402-2101",,,39.75845352805611,-84.19070706511039
PLB2026C-00133,R72 00507 0055,address,06/08/2026,Commercial Plumbing Permit,PLB,,"17 E Fourth ST, DAYTON OH 45402-2101",,,39.75845352805611,-84.19070706511039
PLB2026C-00132,R72 00507 0055,address,06/08/2026,Commercial Plumbing Permit,PLB,,"17 E Fourth ST, DAYTON OH 45402-2101",,,39.75845352805611,-84.19070706511039
PLB2026C-00131,R72 00507 0055,address,06/08/2026,Commercial Plumbing Permit,PLB,,"17 E Fourth ST, DAYTON OH 45402-2101",,,39.75845352805611,-84.19070706511039
PLB2026C-00130,R72 00507 0055,address,06/08/2026,Commercial Plumbing Permit,PLB,,"17 E Fourth ST, DAYTON OH 45402-2101",,,39.75845352805611,-84.19070706511039
PLB2026C-00129,R72 00507 0055,address,06/08/2026,Commercial Plumbing Permit,PLB,,"17 E Fourth ST, DAYTON OH 45402-2101",,,39.75845352805611,-84.19070706511039
PLB2026C-00128,R72 00507 0055,address,06/08/2026,Commercial Plumbing Permit,PLB,,"17 E Fourth ST, DAYTON OH 45402-2101",,,39.75845352805611,-84.19070706511039
PLB2026C-00127,R72 00507 0055,address,06/08/2026,Commercial Plumbing Permit,PLB,,"17 E Fourth ST, DAYTON OH 45402-2101",,,39.75845352805611,-84.19070706511039
PLB2026C-00126,R72 00507 0060,address,06/05/2026,Commercial Plumbing Permit,PLB,,"40 S MAIN ST, DAYTON OH 45402 United States",,,39.75858596717528,-84.19123324009236
PLB2026C-00125,R72 00507 0060,address,06/05/2026,Commercial Plumbing Permit,PLB,,"40 S MAIN ST, DAYTON OH 45402 United States",,,39.75858596717528,-84.19123324009236
PLB2026C-00124,R72 00507 0060,address,06/05/2026,Commercial Plumbing Permit,PLB,,"40 S MAIN ST, DAYTON OH 45402 United States",,,39.75858596717528,-84.19123324009236
PLB2026C-00123,R72 00507 0060,address,06/05/2026,Commercial Plumbing Permit,PLB,,"40 S MAIN ST, DAYTON OH 45402 United States",,,39.75858596717528,-84.19123324009236
PLB2026C-00122,R72 00507 0060,address,06/05/2026,Commercial Plumbing Permit,PLB,,"40 S MAIN ST, DAYTON OH 45402 United States",,,39.75858596717528,-84.19123324009236
PLB2026C-00121,R72 00507 0060,address,06/05/2026,Commercial Plumbing Permit,PLB,,"40 S MAIN ST, DAYTON OH 45402 United States",,,39.75858596717528,-84.19123324009236
PLB2026C-00120,R72 00507 0060,address,06/05/2026,Commercial Plumbing Permit,PLB,,"40 S MAIN ST, DAYTON OH 45402 United States",,,39.75858596717528,-84.19123324009236
PLB2026C-00119,R72 00507 0060,address,06/05/2026,Commercial Plumbing Permit,PLB,,"40 S MAIN ST, DAYTON OH 45402 United States",,,39.75858596717528,-84.19123324009236
PLB2026C-00118,R72 00507 0060,address,06/05/2026,Commercial Plumbing Permit,PLB,,"40 S MAIN ST, DAYTON OH 45402 United States",,,39.75858596717528,-84.19123324009236
PLB2026C-00117,R72 00507 0060,address,06/05/2026,Commercial Plumbing Permit,PLB,,"40 S MAIN ST, DAYTON OH 45402 United States",,,39.75858596717528,-84.19123324009236
PLB2026C-00116,R72 00507 0060,address,06/05/2026,Commercial Plumbing Permit,PLB,,"40 S MAIN ST, DAYTON OH 45402 United States",,,39.75858596717528,-84.19123324009236
PLB2026C-00115,R72 00507 0060,address,06/05/2026,Commercial Plumbing Permit,PLB,,"40 S MAIN ST, DAYTON OH 45402 United States",,,39.75858596717528,-84.19123324009236
PLB2026C-00114,R72 00507 0060,address,06/05/2026,Commercial Plumbing Permit,PLB,,"40 S MAIN ST, DAYTON OH 45402 United States",,,39.75858596717528,-84.19123324009236
PLB2026C-00113,R72 00507 0060,address,06/05/2026,Commercial Plumbing Permit,PLB,,"40 S MAIN ST, DAYTON OH 45402 United States",,,39.75858596717528,-84.19123324009236
PLB2026C-00112,R72 00507 0060,address,06/05/2026,Commercial Plumbing Permit,PLB,,"40 S MAIN ST, DAYTON OH 45402 United States",,,39.75858596717528,-84.19123324009236
PLB2026C-00111,R72 00507 0060,address,06/05/2026,Commercial Plumbing Permit,PLB,,"40 S MAIN ST, DAYTON OH 45402 United States",,,39.75858596717528,-84.19123324009236
PLB2026C-00110,R72 00507 0060,address,06/05/2026,Commercial Plumbing Permit,PLB,,"40 S MAIN ST, DAYTON OH 45402 United States",,,39.75858596717528,-84.19123324009236
PLB2026C-00109,R72 00507 0060,address,06/05/2026,Commercial Plumbing Permit,PLB,,"40 S MAIN ST, DAYTON OH 45402 United States",,,39.75858596717528,-84.19123324009236
PLB2026C-00108,R72 00507 0060,address,06/05/2026,Commercial Plumbing Permit,PLB,,"40 S MAIN ST, DAYTON OH 45402 United States",,,39.75858596717528,-84.19123324009236
PLB2026C-00107,R72 00507 0060,address,06/05/2026,Commercial Plumbing Permit,PLB,,"40 S MAIN ST, DAYTON OH 45402 United States",,,39.75858596717528,-84.19123324009236
PLB2026C-00106,R72 00507 0060,address,06/05/2026,Commercial Plumbing Permit,PLB,,"40 S MAIN ST, DAYTON OH 45402 United States",,,39.75858596717528,-84.19123324009236
PLB2026C-00105,R72 00507 0060,address,06/05/2026,Commercial Plumbing Permit,PLB,,"40 S Main ST, DAYTON OH 45402",,,39.75858596717528,-84.19123324009236
PLB2026C-00104,R72410820 0023,address,06/01/2026,Commercial Plumbing Permit,PLB,,"4271 COACH LIGHT TRL, DAYTON OH 45424-8038 United States",,,39.80480410419249,-84.10636478488965
PLB2026C-00102,R72 06802 0023,address,05/21/2026,Commercial Plumbing Permit,PLB,,"704 ROCKFORD AVE, APT/UNIT 5, DAYTON OH 45405-4030 United States",,,39.77850485028296,-84.20611867446175
PLB2026C-00101,R72 06802 0023,address,05/21/2026,Commercial Plumbing Permit,PLB,,"704 ROCKFORD AVE, APT/UNIT 4, DAYTON OH 45405-4030 United States",,,39.77850485028296,-84.20611867446175
PLB2026C-00100,R72 06802 0023,address,05/21/2026,Commercial Plumbing Permit,PLB,,"704 ROCKFORD AVE, APT/UNIT 3, DAYTON OH 45405-4030 United States",,,39.77850485028296,-84.20611867446175
PLB2026C-00099,R72 06802 0023,address,05/21/2026,Commercial Plumbing Permit,PLB,,"704 ROCKFORD AVE, APT/UNIT 2, DAYTON OH 45405-4030 United States",,,39.77850485028296,-84.20611867446175
PLB2026C-00098,R72 06802 0023,address,05/21/2026,Commercial Plumbing Permit,PLB,,"704 ROCKFORD AVE, APT/UNIT 1, DAYTON OH 45405-4030 United States",,,39.77850485028296,-84.20611867446175
PLB2026C-00103,R72 00108 0008,address,05/19/2026,Commercial Plumbing Permit,PLB,Montgomery County Jail Boiler and Domestic Hot Water Heater Replacement,"330 W SECOND ST, DAYTON OH 45422-4999 United States",,,39.759828634862885,-84.19775974825204
PLB2026C-00097,R72 51010 0034,address,05/13/2026,Commercial Plumbing Permit,PLB,APT. #15,"978 IRVING AVE, UNIT 15, DAYTON OH 45419",,,39.73229984561359,-84.1656268531789
PLB2026C-00096,R72 02908 0020,address,05/12/2026,Commercial Plumbing Permit,PLB,,"1141 BROWN ST, DAYTON OH 45409-2603 United States",,,39.74238388773345,-84.18259902372532
PLB2026C-00095,R72 00803 0050,address,05/08/2026,Commercial Plumbing Permit,PLB,,"905 E THIRD ST, DAYTON OH 45402-2248 United States",,,39.76180690208581,-84.17902637834325
PLB2026C-00094,R72 05701 0103,address,05/07/2026,Commercial Plumbing Permit,PLB,,"1404 WEBSTER ST, DAYTON OH 45404-1558 United States",,,39.78065012172918,-84.1819751927552
PLB2026C-00093,,unmatched,05/06/2026,Commercial Plumbing Permit,PLB,FOURTH FLOOR- 16 UNITS,"721 Forest AVE, DAYTON OH 45405",,,,
PLB2026C-00092,,unmatched,05/06/2026,Commercial Plumbing Permit,PLB,THIRD FLOOR- 17 UNITS,"721 Forest AVE, DAYTON OH 45405",,,,
PLB2026C-00091,,unmatched,05/06/2026,Commercial Plumbing Permit,PLB,SECOND FLOOR- 17 UNITS,"721 Forest AVE, DAYTON OH 45405",,,,
PLB2026C-00090,,unmatched,05/06/2026,Commercial Plumbing Permit,PLB,FIRST FLOOR- 16 UNITS,"721 Forest AVE, DAYTON OH 45405",,,,
PLB2026C-00089,,unmatched,05/06/2026,Commercial Plumbing Permit,PLB,MAINTENANCE BLDG,"741 Forest AVE, DAYTON OH 45405",,,,
PLB2026C-00088,R72 17627 0003,address,05/04/2026,Commercial Plumbing Permit,PLB,,"1 WYOMING ST, DAYTON OH 45409 United States",,,39.745718250758195,-84.1865388265835
PLB2026C-00087,R72 10502 0033,address,05/04/2026,Commercial Plumbing Permit,PLB,,"1828 W Stewart ST, DAYTON OH 45417-3741",,,39.74159504551482,-84.22822408841644
PLB2026C-00086,R72 14011 0047,address,04/28/2026,Commercial Plumbing Permit,PLB,,"972 PATTERSON RD, DAYTON OH 45419-4337 United States",,,39.723904121460464,-84.15239766839758
PLB2026C-00084,R72 15603 0011,address,04/23/2026,Commercial Plumbing Permit,PLB,,"1803 Webster ST, DAYTON OH 45404-1153",,,39.78678996722427,-84.18214840907886
PLB2026C-00083,R72 16702 0034,address,04/22/2026,Commercial Plumbing Permit,PLB,,"1451 Troy ST, DAYTON OH 45404-2726",,,39.78724250515979,-84.17068124881916
PLB2026C-00082,F23 00104 0060,address,04/22/2026,Commercial Plumbing Permit,PLB,,"40 N MAIN ST, DAYTON OH 45423",,,39.76070865238252,-84.19178995969571
PLB2026C-00081,,unmatched,04/22/2026,Commercial Plumbing Permit,PLB,,"711 E MONUMENT AVE, DAYTON OH 45402",,,,
PLB2026C-00080,,unmatched,04/22/2026,Commercial Plumbing Permit,PLB,,"515 N IRWIN ST, DAYTON OH 45403",,,,
PLB2026C-00085,R72 00708 0043,address,04/20/2026,Commercial Plumbing Permit,PLB,3rd & Madison Tilt Building - Plumbing Addition,"431 E Third ST, DAYTON OH 45402",,,39.7607683923376,-84.18536971107433
PLB2026C-00079,R72 17626 0001,address,04/17/2026,Commercial Plumbing Permit,PLB,,"1 CHILDRENS PLZ, DAYTON OH 45404 United States",,,39.774028226896995,-84.16886982183259
PLB2026C-00078,R72 01605 0037,address,04/16/2026,Commercial Plumbing Permit,PLB,Premier Outpatient Behavioral Health,"725 S LUDLOW ST, DAYTON OH 45402",,,39.75074114622736,-84.19190590461398
PLB2026C-00077,,unmatched,04/16/2026,Commercial Plumbing Permit,PLB,SCC,"465 W Fourth, DAYTON OH 45402",,,,
PLB2026C-00076,R72 00416 0002,address,04/16/2026,Commercial Plumbing Permit,PLB,SCC,"444 W THIRD ST, DAYTON OH 45402-1421 United States",,,39.757621145508864,-84.20058764501195
PLB2026C-00075,R72717413 0001,address,04/16/2026,Commercial Plumbing Permit,PLB,,"3600 TERMINAL DR, DAYTON OH 45377 United States",,,39.898604457430565,-84.22130315387628
PLB2026C-00074,,unmatched,04/16/2026,Commercial Plumbing Permit,PLB,,"1800 HARVARD, DAYTON OH 45406",,,,
PLB2026C-00073,R72 04811 0063,address,04/14/2026,Commercial Plumbing Permit,PLB,APT- A,"1501 RADIO RD, APT/UNIT A, DAYTON OH 45403-1500 United States",,,39.77397688650102,-84.13948340815769
PLB2026C-00072,R72 03110 0053,address,04/13/2026,Commercial Plumbing Permit,PLB,,"411 LOWES ST, DAYTON OH 45409-2439 United States",,,39.735137382945084,-84.17665006525263
PLB2026C-00071,,unmatched,04/10/2026,Commercial Plumbing Permit,PLB,FOURTH FLOOR- 14 UNITS,"713 Forest AVE, DAYTON OH 45405",,,,
PLB2026C-00070,,unmatched,04/10/2026,Commercial Plumbing Permit,PLB,THIRD FLOOR- 15 UNITS,"713 Forest AVE, DAYTON OH 45405",,,,
PLB2026C-00069,,unmatched,04/10/2026,Commercial Plumbing Permit,PLB,SECOND FLOOR- 15 UNITS,"713 Forest AVE, DAYTON OH 45405",,,,
PLB2026C-00068,R72 17102 0003,address,04/10/2026,Commercial Plumbing Permit,PLB,Thurgood Marshall STEM H.S.,"4447 HOOVER AVE, DAYTON OH 45417-1117 United States",,,39.762313757589006,-84.26114116389307
PLB2026C-00067,,unmatched,04/10/2026,Commercial Plumbing Permit,PLB,FIRST FLOOR- COMMON AREA,"713 Forest AVE, DAYTON OH 45405",,,,
PLB2026C-00066,R72 16902 0078,address,04/10/2026,Commercial Plumbing Permit,PLB,Paul Lawrence Dunbar H.S.,"1400 ALBRITTON DR, DAYTON OH 45417 United States",,,39.73393872495715,-84.2332941977309
PLB2026C-00065,R72 14301 0058,address,04/10/2026,Commercial Plumbing Permit,PLB,Belmont H.S.,"2615 WAYNE AVE, DAYTON OH 45420 United States",,,39.73892543687086,-84.1555275335662
PLB2026C-00064,R72 01213 0005,address,04/10/2026,Commercial Plumbing Permit,PLB,Stivers School of the Arts,"1313 E FIFTH ST, DAYTON OH 45402-2222 United States",,,39.75848844834604,-84.17511130282503
PLB2026C-00063,R72 02512 0001,address,04/10/2026,Commercial Plumbing Permit,PLB,,"600 Xenia AVE, DAYTON OH 45410-1826",,,39.752556371168545,-84.16750552402603
PLB2026C-00062,R72 10014 0003,address,04/10/2026,Commercial Plumbing Permit,PLB,Ponitz Career Technology Center,"741 WASHINGTON ST, DAYTON OH 45402-8446 United States",,,39.749846193881545,-84.20238991687164
PLB2026C-00061,R72 17626 0001,address,04/06/2026,Commercial Plumbing Permit,PLB,,"1 CHILDRENS PLZ, DAYTON OH 45404 United States",,,39.774028226896995,-84.16886982183259
PLB2026C-00060,,unmatched,04/02/2026,Commercial Plumbing Permit,PLB,,"3339 BENCHWOOD RD, DAYTON OH 45414",,,,
PLB2026C-00059,R72 00412 0012,address,04/01/2026,Commercial Plumbing Permit,PLB,Sinclair Community College Bldg.. 13,"230 W FIFTH ST, DAYTON OH 45402 United States",,,39.755935923149664,-84.19561936006674
PLB2026C-00058,R72 00104 0036,address,03/31/2026,Commercial Plumbing Permit,PLB,,"371 W Second ST, DAYTON OH 45402-1491",,,39.760209025680545,-84.19898220027287
PLB2026C-00057,R72 14301 0039,address,03/31/2026,Commercial Plumbing Permit,PLB,,"2801 Wayne AVE, DAYTON OH 45420-1836",,,39.73883031166576,-84.15375802175969
PLB2026C-00056,R72 01508 0016,address,03/30/2026,Commercial Plumbing Permit,PLB,,"400 E Fifth ST, DAYTON OH 45402-2962",,,39.75709355918025,-84.18562589307531
PLB2026C-00055,R72 03712 0003,address,03/25/2026,Commercial Plumbing Permit,PLB,,"412 STONEMILL RD, DAYTON OH 45409-2545 United States",,,39.73694380469201,-84.17709736807309
PLB2026C-00054,,unmatched,03/19/2026,Commercial Plumbing Permit,PLB,Quik Trip,"2121 S Edwin C Moses, Dayton Ohio 45417",,,,
PLB2026C-00053,R72 07513 0001,address,03/18/2026,Commercial Plumbing Permit,PLB,,"9 ORTH AVE, DAYTON OH 45402",,,39.759876027979374,-84.2095894732909
PLB2026C-00052,R72 15508 0006,address,03/17/2026,Commercial Plumbing Permit,PLB,,"4389 W Third ST, DAYTON OH 45402",,,39.74883602212424,-84.25842266317747
PLB2026C-00051,R72 06005 0044,address,03/17/2026,Commercial Plumbing Permit,PLB,,"1121 RIVERSIDE DR, APT/UNIT 4, DAYTON OH 45405-4211 United States",,,39.776164886085375,-84.19804043700508
PLB2026C-00050,R72 06005 0044,address,03/17/2026,Commercial Plumbing Permit,PLB,,"1121 RIVERSIDE DR, APT/UNIT 3, DAYTON OH 45405-4211 United States",,,39.776164886085375,-84.19804043700508
PLB2026C-00049,R72 06005 0044,address,03/17/2026,Commercial Plumbing Permit,PLB,,"1121 RIVERSIDE DR, APT/UNIT 2, DAYTON OH 45405-4211 United States",,,39.776164886085375,-84.19804043700508
PLB2026C-00048,R72 06005 0044,address,03/17/2026,Commercial Plumbing Permit,PLB,,"1121 RIVERSIDE DR, APT/UNIT 1, DAYTON OH 45405-4211 United States",,,39.776164886085375,-84.19804043700508
PLB2026C-00047,R72 51461 0001,address,03/11/2026,Commercial Plumbing Permit,PLB,,"207 E SIXTH ST, DAYTON OH 45402-2862 United States",,,39.756193685247126,-84.18709829300921
PLB2026C-00046,R72 16416 0010,address,03/11/2026,Commercial Plumbing Permit,PLB,,"1739 WOODMAN DR, DAYTON OH 45420-3638 United States",,,39.73039052257616,-84.12253750030446
PLB2026C-00044,,unmatched,03/04/2026,Commercial Plumbing Permit,PLB,,,,,,
PLB2026C-00041,R72 05302 0012,address,03/04/2026,Commercial Plumbing Permit,PLB,,"1506 CHAPEL ST, DAYTON OH 45404",,,39.77449181842392,-84.17301863100792
PLB2026C-00042,R72 05302 0012,address,03/04/2026,Commercial Plumbing Permit,PLB,,"1508 CHAPEL ST, DAYTON OH 45404",,,39.774488301414436,-84.17299085317885
PLB2026C-00040,R72 05302 0012,address,03/04/2026,Commercial Plumbing Permit,PLB,,"1504 CHAPEL ST, DAYTON OH 45404",,,39.77449302009786,-84.17304786860463
PLB2026C-00043,R72 05302 0012,address,03/04/2026,Commercial Plumbing Permit,PLB,,"1504 CHAPEL ST, DAYTON OH 45404",,,39.77449302009786,-84.17304786860463
PLB2026C-00045,,unmatched,03/04/2026,Commercial Plumbing Permit,PLB,,,,,,
PLB2026C-00039,R72 05302 0012,address,03/04/2026,Commercial Plumbing Permit,PLB,,"1502 CHAPEL ST, DAYTON OH 45404",,,39.774494888715964,-84.17307135028517
PLB2026C-00038,R72 10011 0005,address,02/25/2026,Commercial Plumbing Permit,PLB,,"601 S Edwin C Moses Blvd, Dayton OH 45417-3424",,,39.74810467277138,-84.19865868698791
PLB2026C-00037,R72 00611 0017,address,02/24/2026,Commercial Plumbing Permit,PLB,,"125 BACON ST, DAYTON OH 45402-2203 United States",,,39.760877299718466,-84.17913204238539
PLB2026C-00036,R72 05909B0031,address,02/18/2026,Commercial Plumbing Permit,PLB,,"229 Riverside Dr, Dayton OH 45405-4941 Andorra, 229",,,39.769611402088586,-84.1913514529892
PLB2026C-00035,R72 00110 0001,address,02/17/2026,Commercial Plumbing Permit,PLB,MONT. CO. 7TH FL REMODEL,"451 W Third ST, DAYTON OH 45402-1447",,,39.75866421736068,-84.20042098208506
PLB2026C-00034,R72 05509 0002,address,02/13/2026,Commercial Plumbing Permit,PLB,,"401 N KEOWEE ST, DAYTON OH 45404",,,39.76981073554521,-84.17788850231989
PLB2026C-00033,R72 13913 0033,address,02/13/2026,Commercial Plumbing Permit,PLB,,"1105 Wilmington AVE, DAYTON OH 45420-1684",,,39.72560008054643,-84.15382469004328
PLB2026C-00032,R72 17626 0001,address,02/12/2026,Commercial Plumbing Permit,PLB,4TH FLOOR- OPC,"1 CHILDRENS PLZ, DAYTON OH 45404-1815",,,39.774028226896995,-84.16886982183259
PLB2026C-00031,R72 17626 0001,address,02/12/2026,Commercial Plumbing Permit,PLB,3RD FLOOR,"1 CHILDRENS PLZ, DAYTON OH 45404-1815",,,39.774028226896995,-84.16886982183259
PLB2026C-00030,R72 14301 0047,address,02/12/2026,Commercial Plumbing Permit,PLB,,"324 WILMINGTON AVE, DAYTON OH 45420 United States",,,39.73504718295283,-84.1606922086417
PLB2026C-00029,R72 04901C0023,address,02/09/2026,Commercial Plumbing Permit,PLB,,"617 N IRWIN ST, DAYTON OH 45403",,,39.772772352057665,-84.1534713361225
PLB2026C-00028,R72 04808 0054,address,02/09/2026,Commercial Plumbing Permit,PLB,,"27 S SMITHVILLE RD, APT/UNIT 3, DAYTON OH 45431-1886 United States",,,39.7643210130728,-84.13823510466862
PLB2026C-00027,R72 04808 0054,address,02/09/2026,Commercial Plumbing Permit,PLB,,"27 S SMITHVILLE RD, APT/UNIT 1, DAYTON OH 45431-1886 United States",,,39.7643210130728,-84.13823510466862
PLB2026C-00026,R72 17627 0003,address,02/04/2026,Commercial Plumbing Permit,PLB,,"1 WYOMING ST, DAYTON OH 45409 United States",,,39.745718250758195,-84.1865388265835
PLB2026C-00025,R72 03003 0041,address,01/30/2026,Commercial Plumbing Permit,PLB,1520 S MAIN ST #45,"1520 S MAIN ST, DAYTON OH 45409-2698 United States",,,39.73780336991269,-84.18549371482919
PLB2026C-00024,R72 01706 0050,address,01/28/2026,Commercial Plumbing Permit,PLB,,"701 LONGWORTH ST, DAYTON OH 45402",,,39.748617938103116,-84.19400820635511
PLB2026C-00023,,unmatched,01/28/2026,Commercial Plumbing Permit,PLB,,"10 W JASPER ST, DAYTON OH 45409",,,,
PLB2026C-00022,,unmatched,01/28/2026,Commercial Plumbing Permit,PLB,,"10 W JASPER ST, DAYTON OH 45409",,,,
PLB2026C-00021,,unmatched,01/28/2026,Commercial Plumbing Permit,PLB,,"10 W JASPER ST, DAYTON OH 45409",,,,
PLB2026C-00020,,unmatched,01/28/2026,Commercial Plumbing Permit,PLB,,"10 W JASPER ST, DAYTON OH 45409",,,,
PLB2026C-00019,,unmatched,01/23/2026,Commercial Plumbing Permit,PLB,,"20 LATHROP ST, DAYTON OH 45410",,,,
PLB2026C-00018,R72 11106 0014,address,01/23/2026,Commercial Plumbing Permit,PLB,,"45 KURTZ AVE, DAYTON OH 45405 United States",,,39.79364631776903,-84.21711806890139
PLB2026C-00017,R72 00706 0009,address,01/22/2026,Commercial Plumbing Permit,PLB,UNIT #402,"434 E First ST, UNIT 402, DAYTON OH 45402-1220",,,39.76348709153627,-84.18439296983206
PLB2026C-00016,R72 03102 0043,address,01/20/2026,Commercial Plumbing Permit,PLB,,"1322 BROWN ST, DAYTON OH 45409-2605 United States",,,39.74006271479958,-84.18171068350101
PLB2026C-00015,R72 50807 0001,address,01/20/2026,Commercial Plumbing Permit,PLB,,"126 BELLAIRE AVE, APT/UNIT 301, DAYTON OH 45420 United States",,,39.729515618458564,-84.15458358875843
PLB2026C-00014,R72 00504 0010,address,01/15/2026,Commercial Plumbing Permit,PLB,,"40 W Fourth ST, DAYTON OH 45402-1857",,,39.75764457257017,-84.19272237084951
PLB2026C-00013,R72117218 0001,address,01/15/2026,Commercial Plumbing Permit,PLB,,"5050 NORTHCREST DR, DAYTON OH 45414-3709 United States",,,39.820064017100755,-84.20279299562863
PLB2026C-00012,R72117218 0001,address,01/15/2026,Commercial Plumbing Permit,PLB,,"5027 NORTHCREST DR, DAYTON OH 45414-3709",,,39.820528189294244,-84.20354141992793
PLB2026C-00011,R72117218 0001,address,01/15/2026,Commercial Plumbing Permit,PLB,,"5063 NORRIS DR, DAYTON OH 45414-3709 United States",,,39.82008804235143,-84.20548194506472
PLB2026C-00010,R72 00412 0012,address,01/09/2026,Commercial Plumbing Permit,PLB,SCC,"230 W FIFTH ST, DAYTON OH 45402 United States",,,39.755935923149664,-84.19561936006674
PLB2026C-00009,R72 00502 0045,address,01/09/2026,Commercial Plumbing Permit,PLB,,"30 W THIRD ST, DAYTON OH 45402 United States",,,39.75928775445649,-84.19282990165644
PLB2026C-00008,R72 05603 0007,address,01/08/2026,Commercial Plumbing Permit,PLB,,"1110 WEBSTER ST, DAYTON OH 45404",,,39.77788254351022,-84.1823461220864
PLB2026C-00007,R72 00609 0004,address,01/07/2026,Commercial Plumbing Permit,PLB,,"267 BAINBRIDGE ST, DAYTON OH 45402-2208 United States",,,39.75831710916163,-84.18093096014755
PLB2026C-00006,R72 04811 0063,address,01/07/2026,Commercial Plumbing Permit,PLB,,"1501 RADIO RD, APT/UNIT C, DAYTON OH 45403-1500 United States",,,39.77397688650102,-84.13948340815769
PLB2026C-00005,R72 51466 0031,address,01/07/2026,Commercial Plumbing Permit,PLB,UNIT 10,"226 MCDANIEL ST, DAYTON OH 45405-4828 United States",,,39.768958951416465,-84.1958331094702
PLB2026C-00004,E21 17206 0107,address,01/07/2026,Commercial Plumbing Permit,PLB,,"4428 N DIXIE DR, DAYTON OH 45414",,,39.806692503359386,-84.19592100281427
PLB2026C-00003,R72 17627 0003,address,01/07/2026,Commercial Plumbing Permit,PLB,,"1 WYOMING ST, DAYTON OH 45409 United States",,,39.745718250758195,-84.1865388265835
PLB2026C-00002,R72 04510 0003,address,01/06/2026,Commercial Plumbing Permit,PLB,,"2532 E Third ST, DAYTON OH 45403",,,39.76488028593411,-84.15759623077673
PLB2026C-00001,R72 16815 0001,address,01/06/2026,Commercial Plumbing Permit,PLB,,"1921 S GETTYSBURG AVE, DAYTON OH 45417 United States",,,39.72733264720122,-84.25590217096259
SWR2026C-00038,R72 15104 0042,address,06/22/2026,Commercial Sewer Permit,SWR,,"2916 Linden AVE, DAYTON OH 45410-3027",,,39.74777482615213,-84.14065905430063
SWR2026C-00037,R72 01910 0014,address,06/12/2026,Commercial Sewer Permit,SWR,,"913 WAYNE AVE, DAYTON OH 45410-1247 United States",,,39.752051126228956,-84.17710871890915
SWR2026C-00036,R72 16702 0034,address,06/11/2026,Commercial Sewer Permit,SWR,,"1451 Troy ST, DAYTON OH 45404-2726",,,39.78724250515979,-84.17068124881916
SWR2026C-00035,R72 01909 0009,address,05/11/2026,Commercial Sewer Permit,SWR,,"735 Wayne AVE, DAYTON OH 45410-1635",,,39.75306087770955,-84.17818690007412
SWR2026C-00034,R72 10502 0033,address,05/08/2026,Commercial Sewer Permit,SWR,,"1828 W Stewart ST, DAYTON OH 45417-3741",,,39.74159504551482,-84.22822408841644
SWR2026C-00033,R72 02501 0001,address,04/28/2026,Commercial Sewer Permit,SWR,,"364 XENIA AVE, DAYTON OH 45410 United States",,,39.75243853232094,-84.17075401378345
SWR2026C-00032,R72617225 0014,address,04/24/2026,Commercial Sewer Permit,SWR,,"6010 RIP RAP RD, DAYTON OH 45424 United States",,,39.84248801583016,-84.16753006827219
SWR2026C-00031,,unmatched,04/21/2026,Commercial Sewer Permit,SWR,,"20 LATHROP ST, DAYTON OH 45410",,,,
SWR2026C-00030,,unmatched,04/21/2026,Commercial Sewer Permit,SWR,,"20 LATHROP ST, DAYTON OH 45410",,,,
SWR2026C-00029,R72 10502 0033,address,04/16/2026,Commercial Sewer Permit,SWR,,"1828 W STEWART ST, DAYTON OH 45417-3741 United States",,,39.74159504551482,-84.22822408841644
SWR2026C-00028,I39 00114 0046,address,04/06/2026,Commercial Sewer Permit,SWR,,"140 WOODMAN DR, DAYTON OH 45431",,,39.767932311889076,-84.12102442499898
SWR2026C-00027,R72 00604 0010,address,03/31/2026,Commercial Sewer Permit,SWR,,"727 E FOURTH ST, DAYTON OH 45402 United States",,,39.759682558457904,-84.18144775584562
SWR2026C-00026,R72 06509 0002,address,03/25/2026,Commercial Sewer Permit,SWR,,"714 PLYMOUTH AVE, DAYTON OH 45406-5585 United States",,,39.76458909864231,-84.20593095760904
SWR2026C-00025,R72 06509 0002,address,03/25/2026,Commercial Sewer Permit,SWR,APT 106,"714 PLYMOUTH AVE, APT/UNIT 106, DAYTON OH 45406-5585 United States",,,39.76458909864231,-84.20593095760904
SWR2026C-00024,R72 15807 0043,address,03/09/2026,Commercial Sewer Permit,SWR,,"2152 N GETTYSBURG AVE, DAYTON OH 45406-3514 United States",,,39.78180788129662,-84.25239701090709
SWR2026C-00023,R72 02908 0020,address,03/03/2026,Commercial Sewer Permit,SWR,,"1141 BROWN ST, DAYTON OH 45409-2603 United States",,,39.74238388773345,-84.18259902372532
SWR2026C-00022,,unmatched,02/19/2026,Commercial Sewer Permit,SWR,,"222 BURNS AVE, DAYTON OH 45402 United States",,,,
SWR2026C-00021,,unmatched,02/19/2026,Commercial Sewer Permit,SWR,,"220 BURNS AVE, DAYTON OH 45402 United States",,,,
SWR2026C-00020,,unmatched,02/19/2026,Commercial Sewer Permit,SWR,,"218 BURNS AVE, DAYTON OH 45402 United States",,,,
SWR2026C-00019,,unmatched,02/19/2026,Commercial Sewer Permit,SWR,,"216 BURNS AVE, DAYTON OH 45402 United States",,,,
SWR2026C-00018,,unmatched,02/19/2026,Commercial Sewer Permit,SWR,,"214 BURNS AVE, DAYTON OH 45402 United States",,,,
SWR2026C-00017,R72117011 0008,address,02/19/2026,Commercial Sewer Permit,SWR,,"3450 NEEDMORE RD, DAYTON OH 45414-4314 United States",,,39.81998443250288,-84.16382914470206
SWR2026C-00016,R72 07807 0015,address,02/16/2026,Commercial Sewer Permit,SWR,,"1306 Bryn Mawr DR, DAYTON OH 45402",,,39.770346524589485,-84.21760421780495
SWR2026C-00015,,unmatched,02/12/2026,Commercial Sewer Permit,SWR,,"721 Forest AVE, DAYTON OH 45405",,,,
SWR2026C-00014,R72 02007 0048,address,02/04/2026,Commercial Sewer Permit,SWR,,"521 XENIA AVE, DAYTON OH 45410-1823 United States",,,39.752841070298985,-84.16872176989969
SWR2026C-00013,,unmatched,01/14/2026,Commercial Sewer Permit,SWR,,"741 FOREST AVE, DAYTON OH 45405 United States",,,,
SWR2026C-00012,,unmatched,01/14/2026,Commercial Sewer Permit,SWR,,"335 HOMEWOOD AVE, DAYTON OH 45405",,,,
SWR2026C-00011,,unmatched,01/14/2026,Commercial Sewer Permit,SWR,,"1204 OLD ORCHARD AVE, DAYTON OH 45405 United States",,,,
SWR2026C-00010,,unmatched,01/14/2026,Commercial Sewer Permit,SWR,,"1304 OLD ORCHARD AVE, DAYTON OH 45405 United States",,,,
SWR2026C-00009,,unmatched,01/14/2026,Commercial Sewer Permit,SWR,,"1120 OLD ORCHARD AVE, DAYTON OH 45405",,,,
SWR2026C-00008,,unmatched,01/14/2026,Commercial Sewer Permit,SWR,,"1104 OLD ORCHARD AVE, DAYTON OH 45405",,,,
SWR2026C-00007,,unmatched,01/14/2026,Commercial Sewer Permit,SWR,,"1220 OLD ORCHARD AVE, DAYTON OH 45405 United States",,,,
SWR2026C-00006,,unmatched,01/14/2026,Commercial Sewer Permit,SWR,,"329 S HOMEWOOD AVE, DAYTON OH 45405 United States",,,,
SWR2026C-00005,,unmatched,01/14/2026,Commercial Sewer Permit,SWR,,"323 HOMEWOOD AVE, DAYTON OH 45405",,,,
SWR2026C-00004,,unmatched,01/14/2026,Commercial Sewer Permit,SWR,,"713 FOREST AVE, DAYTON OH 45405 United States",,,,
SWR2026C-00003,,unmatched,01/14/2026,Commercial Sewer Permit,SWR,,"319 HOMEWOOD AVE, DAYTON OH 45405",,,,
SWR2026C-00002,,unmatched,01/14/2026,Commercial Sewer Permit,SWR,,"721 Forest AVE, DAYTON OH 45405",,,,
SWR2026C-00001,R72 01508 0014,address,01/05/2026,Commercial Sewer Permit,SWR,,"410 E FIFTH ST, DAYTON OH 45402 United States",,,39.75707768653679,-84.18539428504366
TNT2026C-00035,R72 10211 0043,address,06/25/2026,Commercial Tent permit,TNT,SEATING FOR PICNIC,"721 MIAMI CHAPEL RD, DAYTON OH 45417 United States",,,39.738483214082336,-84.20715213799599
TNT2026C-00034,R72 16915 0001,address,06/25/2026,Commercial Tent permit,TNT,100 YR ANNIVERSARY,"2122 WINNERS CIR, DAYTON OH 45404-1148 United States",,,39.789976209223035,-84.1776695462847
TNT2026C-00033,R72 05715 0014,address,06/10/2026,Commercial Tent permit,TNT,STANDING SHADE,"2600 DEWEESE PKWY, DAYTON OH 45414-5400 United States",,,39.788374114953555,-84.2017228710627
TNT2026C-00032,R72 03107 0001,address,06/10/2026,Commercial Tent permit,TNT,,"300 COLLEGE PARK AVE, DAYTON OH 45409",,,39.74010674659607,-84.1799867581776
TNT2026C-00031,R72 00310 0045,address,06/08/2026,Commercial Tent permit,TNT,CELTIC FESTIVAL,"38 E MONUMENT AVE, DAYTON OH 45402 United States",,,39.76389134145661,-84.19139045766592
TNT2026C-00030,R72 00903 0027,address,06/08/2026,Commercial Tent permit,TNT,CELTIC FESTIVAL,"312 N PATTERSON BLVD, DAYTON OH 45402 United States",,,39.76525239702508,-84.18763877865189
TNT2026C-00029,R72 17614 0001,address,06/08/2026,Commercial Tent permit,TNT,LUNCHEON,"10 WILMINGTON AVE, DAYTON OH 45420-1877 United States",,,39.737853666098594,-84.1606737046294
TNT2026C-00028,R72 03107 0001,address,06/04/2026,Commercial Tent permit,TNT,REUNION WEEKEND U.D. LAW SCHOOL,"300 COLLEGE PARK AVE, DAYTON OH 45409",,,39.74010674659607,-84.1799867581776
TNT2026C-00027,R72 03107 0001,address,06/04/2026,Commercial Tent permit,TNT,REUNION WEEKEND - U.D. KENNEDY UNION,"300 COLLEGE PARK AVE, DAYTON OH 45409",,,39.74010674659607,-84.1799867581776
TNT2026C-00026,R72 03107 0001,address,06/04/2026,Commercial Tent permit,TNT,REUNION WEEKEND AT U.D. MARYCREST,"300 COLLEGE PARK AVE, DAYTON OH 45409",,,39.74010674659607,-84.1799867581776
TNT2026C-00025,,unmatched,06/04/2026,Commercial Tent permit,TNT,SEATING FOR GRAND REHAB OPENING,"437 VALLEY, DAYTON OH",,,,
TNT2026C-00024,R72 00509 0019,address,06/04/2026,Commercial Tent permit,TNT,STANDING SHADE - MONT CO-BUSINESS SOLUTIONS,"134 S MAIN ST, DAYTON OH 45402 United States",,,39.75722773433401,-84.19088471849203
TNT2026C-00023,R72 06511 0004,address,06/04/2026,Commercial Tent permit,TNT,DAYTON ART INSTITUTE - ART BALL,"456 BELMONTE PARK N, DAYTON OH 45405-4700 United States",,,39.766207965961044,-84.20131557877578
TNT2026C-00022,R72717413 0001,address,05/27/2026,Commercial Tent permit,TNT,DAYTON AIRSHOW,"3700 MCCAULEY DR, DAYTON OH 45377 United States",,,39.906079269106,-84.20658567185002
TNT2026C-00021,R72 03107 0001,address,05/19/2026,Commercial Tent permit,TNT,REUNION WEEKEND (SHADE TENTS),"300 COLLEGE PARK AVE, DAYTON OH 45409",,,39.74010674659607,-84.1799867581776
TNT2026C-00020,R72117012 0004,address,05/19/2026,Commercial Tent permit,TNT,COOKOUT,"3201 NEEDMORE RD, DAYTON OH 45414 United States",,,39.82170146494784,-84.17186071307754
TNT2026C-00019,R72 00609 0015,address,05/19/2026,Commercial Tent permit,TNT,HOLY TRINITY,"266 BAINBRIDGE ST, DAYTON OH 45402-2208 United States",,,39.757929736626345,-84.18018165470502
TNT2026C-00018,R72 01603 0021,address,05/13/2026,Commercial Tent permit,TNT,ALUMNI REUNION WEEKEND,"505 S LUDLOW ST, DAYTON OH 45402-2606 United States",,,39.75293511538563,-84.19218111260149
TNT2026C-00017,,unmatched,05/06/2026,Commercial Tent permit,TNT,GRAND OPENING - DYTN CHILDRENS,"1711 GERMANTOWN ST, DAYTON OH 45408 United States",,,,
TNT2026C-00016,R72 03107 0001,address,05/06/2026,Commercial Tent permit,TNT,WATER FESTIVAL,"300 COLLEGE PARK AVE, DAYTON OH 45409",,,39.74010674659607,-84.1799867581776
TNT2026C-00015,R72 05909A0028,address,05/06/2026,Commercial Tent permit,TNT,JEWISH CULTURAL FESTIVAL,"130 RIVERSIDE DR, DAYTON OH 45405 United States",,,39.76904240927201,-84.18970404133655
TNT2026C-00014,R72 03710 0001,address,05/01/2026,Commercial Tent permit,TNT,GRADUATE WAITING AREA,"1801 S EDWIN C MOSES BLVD, DAYTON OH 45417-4666 United States",,,39.735215590115395,-84.19923728142132
TNT2026C-00013,R72 00901 0012,address,04/29/2026,Commercial Tent permit,TNT,,"237 E MONUMENT AVE, DAYTON OH 45402 United States",,,39.764579356513124,-84.1880868315216
TNT2026C-00012,R72 10702 0001,address,04/28/2026,Commercial Tent permit,TNT,FLEURS DE FETE,"1000 CARILLON BLVD, DAYTON OH 45409-2023 United States",,,39.730666670736156,-84.19841871469411
TNT2026C-00011,R72 01709 0014,address,04/14/2026,Commercial Tent permit,TNT,EMPLOYEE APPRECIATION DAY (FERGUSON CONST),"803 S LUDLOW ST, DAYTON OH 45402-2612 United States",,,39.750398009298756,-84.1914187342013
TNT2026C-00010,,unmatched,04/13/2026,Commercial Tent permit,TNT,CELTIC FESTIVAL,"210 N PATTERSON, DAYTON",,,,
TNT2026C-00009,R72 03710 0001,address,04/06/2026,Commercial Tent permit,TNT,,"1801 S EDWIN C MOSES BLVD, DAYTON OH 45417-4666 United States",,,39.735215590115395,-84.19923728142132
TNT2026C-00008,R72 10502 0033,address,04/06/2026,Commercial Tent permit,TNT,,"1828 W STEWART ST, DAYTON OH 45417-3741 United States",,,39.74159504551482,-84.22822408841644
TNT2026C-00007,R72 02907 0039,address,03/24/2026,Commercial Tent permit,TNT,EXTRA STANDING ROOM,"101 E STEWART ST, DAYTON OH 45409-2625 United States",,,39.74081469307272,-84.18402648532684
TNT2026C-00006,R72717413 0001,address,03/18/2026,Commercial Tent permit,TNT,"ATRIUM MED CENTER - DINING, SEATING, ENTERTAINMENT","3700 MCCAULEY DR, DAYTON OH 45377 United States",,,39.906079269106,-84.20658567185002
TNT2026C-00005,R72 02807 0028,address,03/10/2026,Commercial Tent permit,TNT,KOSINS TENTS - ST PATRICKS DAY,"1126 BROWN ST, DAYTON OH 45409-2601 United States",,,39.742542614570425,-84.18225425626089
TNT2026C-00004,R72 03710 0001,address,02/12/2026,Commercial Tent permit,TNT,WGI WORLD CHAMPIONSHIPS (WINTERGARDEN),"1801 S EDWIN C MOSES BLVD, DAYTON OH 45417-4666 United States",,,39.735215590115395,-84.19923728142132
TNT2026C-00003,R72 01413 0005,address,02/03/2026,Commercial Tent permit,TNT,DINING/DANCING - ST PATRICKS DAY,"300 WAYNE AVE, DAYTON OH 45410-1116 United States",,,39.756960419363324,-84.1813322962284
TNT2026C-00002,R72 03710 0001,address,02/03/2026,Commercial Tent permit,TNT,STORAGE,"1801 S EDWIN C MOSES BLVD, DAYTON OH 45417-4666 United States",,,39.735215590115395,-84.19923728142132
TNT2026C-00001,R72 02907 0039,address,02/03/2026,Commercial Tent permit,TNT,DANCING (ST PATRICKS DAY),"101 E STEWART ST, DAYTON OH 45409-2625 United States",,,39.74081469307272,-84.18402648532684
WAT2026C-00063,,unmatched,06/22/2026,Commercial Water Permit,WAT,,"91 MEADOWLARK, DAYTON",,,,
WAT2026C-00062,R72 08501 0023,address,06/22/2026,Commercial Water Permit,WAT,,"50 S Edwin C Moses BLVD, DAYTON OH 45402",,,39.75570295945439,-84.20661511110276
WAT2026C-00061,R72 15104 0042,address,06/22/2026,Commercial Water Permit,WAT,,"2916 Linden AVE, DAYTON OH 45410-3027",,,39.74777482615213,-84.14065905430063
WAT2026C-00060,R72 16702 0034,address,06/11/2026,Commercial Water Permit,WAT,,"1451 Troy ST, DAYTON OH 45404-2726",,,39.78724250515979,-84.17068124881916
WAT2026C-00059,R72 01605 0037,address,06/10/2026,Commercial Water Permit,WAT,Premier Outpatient Behavioral Health,"725 S LUDLOW ST, DAYTON OH 45402",,,39.75074114622736,-84.19190590461398
WAT2026C-00058,R72 10502 0033,address,06/01/2026,Commercial Water Permit,WAT,,"1828 W Stewart ST, DAYTON OH 45417-3741",,,39.74159504551482,-84.22822408841644
WAT2026C-00057,R72 00708 0032,address,05/29/2026,Commercial Water Permit,WAT,,"327 E THIRD ST, DAYTON OH 45402-2114 United States",,,39.76057597331138,-84.18652840604359
WAT2026C-00056,R72 05702 0108,address,05/28/2026,Commercial Water Permit,WAT,,"1003 N KEOWEE ST, DAYTON OH 45404 United States",,,39.77713888533305,-84.18444598661871
WAT2026C-00055,R72 01910 0014,address,05/28/2026,Commercial Water Permit,WAT,,"913 WAYNE AVE, DAYTON OH 45410-1247 United States",,,39.752051126228956,-84.17710871890915
WAT2026C-00054,,unmatched,05/20/2026,Commercial Water Permit,WAT,,"300 PROSPERITY DR, TROTWOOD OH 45426",,,,
WAT2026C-00053,,unmatched,05/20/2026,Commercial Water Permit,WAT,,"200 PROSPERITY DR, TROTWOOD OH 45426",,,,
WAT2026C-00052,R72 12910 0048,address,05/12/2026,Commercial Water Permit,WAT,,"414 Elmhurst RD, DAYTON OH 45417",,,39.75400338975678,-84.25880915491474
WAT2026C-00051,,unmatched,05/11/2026,Commercial Water Permit,WAT,,"515 N IRWIN ST, DAYTON OH 45403",,,,
WAT2026C-00050,R72 10502 0033,address,05/08/2026,Commercial Water Permit,WAT,,"1828 W Stewart ST, DAYTON OH 45417-3741",,,39.74159504551482,-84.22822408841644
WAT2026C-00049,,unmatched,04/30/2026,Commercial Water Permit,WAT,,"52 S TERRY ST, DAYTON OH 45403",,,,
WAT2026C-00048,R72 01509 0051,address,04/23/2026,Commercial Water Permit,WAT,,"128 BROWN ST, DAYTON OH 45402-2851 United States",,,39.75547500318669,-84.18514208222824
WAT2026C-00047,R72 13310 0044,address,04/20/2026,Commercial Water Permit,WAT,,"1120 CROCUS DR, APT/UNIT C, DAYTON OH 45417-4476 United States",,,39.73617306590601,-84.2385244875512
WAT2026C-00046,R72 13310 0044,address,04/20/2026,Commercial Water Permit,WAT,,"1120 CROCUS DR, APT/UNIT B, DAYTON OH 45417-4476 United States",,,39.73617306590601,-84.2385244875512
WAT2026C-00045,R72 13310 0044,address,04/20/2026,Commercial Water Permit,WAT,,"1120 CROCUS DR, APT/UNIT A, DAYTON OH 45417-4476 United States",,,39.73617306590601,-84.2385244875512
WAT2026C-00044,R72 13310 0043,address,04/20/2026,Commercial Water Permit,WAT,,"1118 CROCUS DR, APT/UNIT C, DAYTON OH 45417-4478 United States",,,39.73623071905795,-84.23852592545208
WAT2026C-00043,R72 13310 0043,address,04/20/2026,Commercial Water Permit,WAT,,"1118 CROCUS DR, APT/UNIT B, DAYTON OH 45417-4478 United States",,,39.73623071905795,-84.23852592545208
WAT2026C-00042,R72 13310 0043,address,04/20/2026,Commercial Water Permit,WAT,,"1118 CROCUS DR, APT/UNIT A, DAYTON OH 45417-4478 United States",,,39.73623071905795,-84.23852592545208
WAT2026C-00041,R72 05706 0030,address,04/20/2026,Commercial Water Permit,WAT,,"347 LEO ST, DAYTON OH 45404-1007 United States",,,39.78293222707002,-84.19204497028295
WAT2026C-00040,,unmatched,04/09/2026,Commercial Water Permit,WAT,,"236 BRUNS DR, BROOKVILLE OH 45309",,,,
WAT2026C-00039,,unmatched,04/09/2026,Commercial Water Permit,WAT,,"230 BRUNS DR, BROOKVILLE OH 45309",,,,
WAT2026C-00038,,unmatched,04/09/2026,Commercial Water Permit,WAT,,"224 BRUNS, BROOKVILLE OH 45309",,,,
WAT2026C-00037,,unmatched,04/09/2026,Commercial Water Permit,WAT,,"218 BRUNS DR, BROOKVILLE OH 45309",,,,
WAT2026C-00036,,unmatched,04/09/2026,Commercial Water Permit,WAT,,"212 BRUNS DR, BROOKVILLE OH 45309",,,,
WAT2026C-00035,,unmatched,04/09/2026,Commercial Water Permit,WAT,,"206 BRUNS DR, BROOKVILLE OH 45309",,,,
WAT2026C-00034,,unmatched,04/09/2026,Commercial Water Permit,WAT,,"200 BRUNS DR, BROOKVILLE OH 45309",,,,
WAT2026C-00033,,unmatched,04/09/2026,Commercial Water Permit,WAT,,"194 BRUNS DR, BROOKVILLE OH 45309",,,,
WAT2026C-00032,,unmatched,04/09/2026,Commercial Water Permit,WAT,,"241 BRUNS DR, BROOKVILLE OH 45309",,,,
WAT2026C-00031,,unmatched,04/09/2026,Commercial Water Permit,WAT,,"235 BRUNS DR, BROOKVILLE OH 45309",,,,
WAT2026C-00030,,unmatched,04/09/2026,Commercial Water Permit,WAT,,"229 BRUNS DR, BROOKVILE OH 45309",,,,
WAT2026C-00029,,unmatched,04/09/2026,Commercial Water Permit,WAT,,"223 BRUNS DR, BROOKVILLE OH 45309",,,,
WAT2026C-00028,R72 01402 0013,address,04/06/2026,Commercial Water Permit,WAT,FIRE LINE,"122 VAN BUREN ST, DAYTON OH 45402-2934 United States",,,39.75615231319555,-84.18157957505274
WAT2026C-00027,R72 00604 0010,address,03/31/2026,Commercial Water Permit,WAT,,"727 E FOURTH ST, DAYTON OH 45402 United States",,,39.759682558457904,-84.18144775584562
WAT2026C-00026,R72 11910 0059,address,03/18/2026,Commercial Water Permit,WAT,,"3534 STANFORD PL, DAYTON OH 45406-3639 United States",,,39.777547639545055,-84.24477755911863
WAT2026C-00025,R72 07004 0033,address,03/16/2026,Commercial Water Permit,WAT,,"245 MARATHON AVE, DAYTON OH 45405-3621 United States",,,39.78201011252864,-84.21483832266387
WAT2026C-00024,R72 02908 0020,address,03/16/2026,Commercial Water Permit,WAT,,"1141 BROWN ST, DAYTON OH 45409-2603 United States",,,39.74238388773345,-84.18259902372532
WAT2026C-00023,R72 13306 0021,address,03/09/2026,Commercial Water Permit,WAT,,"3037 GERMANTOWN ST, DAYTON OH 45417 United States",,,39.73765241223817,-84.24391763077375
WAT2026C-00022,,unmatched,03/03/2026,Commercial Water Permit,WAT,,"1711 GERMANTOWN ST, DAYTON OH 45402",,,,
WAT2026C-00021,R72 01704 0111,address,03/03/2026,Commercial Water Permit,WAT,,"601 Longworth St, Dayton OH 45402",,,39.749400154542215,-84.19516871164788
WAT2026C-00020,R72 00708 0043,address,02/24/2026,Commercial Water Permit,WAT,,"431 E Third ST, DAYTON OH 45402",,,39.7607683923376,-84.18536971107433
WAT2026C-00019,,unmatched,02/19/2026,Commercial Water Permit,WAT,,"222 BURNS AVE, DAYTON OH 45402 United States",,,,
WAT2026C-00018,,unmatched,02/19/2026,Commercial Water Permit,WAT,,"220 BURNS AVE, DAYTON OH 45402 United States",,,,
WAT2026C-00017,,unmatched,02/19/2026,Commercial Water Permit,WAT,,"218 BURNS AVE, DAYTON OH 45402 United States",,,,
WAT2026C-00016,,unmatched,02/19/2026,Commercial Water Permit,WAT,,"216 BURNS AVE, DAYTON OH 45402 United States",,,,
WAT2026C-00015,,unmatched,02/19/2026,Commercial Water Permit,WAT,,"214 BURNS AVE, DAYTON OH 45402 United States",,,,
WAT2026C-00014,R72 07807 0015,address,02/16/2026,Commercial Water Permit,WAT,,"1306 Bryn Mawr DR, DAYTON OH 45402",,,39.770346524589485,-84.21760421780495
WAT2026C-00013,,unmatched,02/13/2026,Commercial Water Permit,WAT,,"20 LATHROP ST, DAYTON OH 45410",,,,
WAT2026C-00012,,unmatched,01/14/2026,Commercial Water Permit,WAT,,"741 Forest AVE, DAYTON OH 45405",,,,
WAT2026C-00011,,unmatched,01/14/2026,Commercial Water Permit,WAT,,"335 HOMEWOOD AVE, DAYTON OH",,,,
WAT2026C-00010,,unmatched,01/14/2026,Commercial Water Permit,WAT,,"1204 OLD ORCHARD AVE, DAYTON OH 45405 United States",,,,
WAT2026C-00009,,unmatched,01/14/2026,Commercial Water Permit,WAT,,"1304 OLD ORCHARD AVE, DAYTON OH 45405 United States",,,,
WAT2026C-00008,,unmatched,01/14/2026,Commercial Water Permit,WAT,,"1120 OLD ORCHARD AVE, DAYTON OH",,,,
WAT2026C-00007,,unmatched,01/14/2026,Commercial Water Permit,WAT,,"1104 OLD ORCHARD AVE, DAYTON OH",,,,
WAT2026C-00006,,unmatched,01/14/2026,Commercial Water Permit,WAT,,"1220 OLD ORCHARD AVE, DAYTON OH 45405 United States",,,,
WAT2026C-00005,,unmatched,01/14/2026,Commercial Water Permit,WAT,,"329 HOMEWOOD AVE, DAYTON OH 45405 United States",,,,
WAT2026C-00004,,unmatched,01/14/2026,Commercial Water Permit,WAT,,"323 HOMEWOOD AVE, DAYTON OH 45402",,,,
WAT2026C-00003,,unmatched,01/14/2026,Commercial Water Permit,WAT,,"713 Forest AVE, DAYTON OH 45405",,,,
WAT2026C-00002,,unmatched,01/14/2026,Commercial Water Permit,WAT,,"319 Homewood AVE, DAYTON OH 45405",,,,
WAT2026C-00001,,unmatched,01/14/2026,Commercial Water Permit,WAT,,"721 Forest AVE, DAYTON OH 45405",,,,
WRK2026C-00017,R72 08604 0037,address,06/26/2026,Commercial Wrecking Permit,WRK,BLADECUTTERS,"900 W THIRD ST, DAYTON OH 45402 United States",,,39.756409328462645,-84.20912812761817
WRK2026C-00016,R72 15213 0041,address,06/03/2026,Commercial Wrecking Permit,WRK,3816-3830 LINDEN AVE,"3816 LINDEN AVE, DAYTON OH",,,39.74705848563581,-84.1279942443896
WRK2026C-00015,R72 02201 0003,permit_number,05/12/2026,Commercial Wrecking Permit,WRK,CHARLES JERGENS CONST - EMERGENCY TEARDOWN,"2020 E THIRD ST, DAYTON OH 45403-1928 United States",0,DEMO,39.76372262381817,-84.1652537020893
WRK2026C-00014,R72 12114 0020,permit_number,05/08/2026,Commercial Wrecking Permit,WRK,PARK BATHROOM,"1441 WESLEYAN RD, DAYTON OH 45406 United States",0,DEMO,39.772786083842334,-84.24398225645163
WRK2026C-00013,R72 15603 0029,permit_number,05/01/2026,Commercial Wrecking Permit,WRK,1825B,"1825 WEBSTER ST, DAYTON OH 45404 United States",0,DEMO,39.7873136346847,-84.18220018322782
WRK2026C-00012,R72 15603 0029,address,05/01/2026,Commercial Wrecking Permit,WRK,1825A,"1825 WEBSTER ST, DAYTON OH 45404 United States",,,39.7873136346847,-84.18220018322782
WRK2026C-00011,R72 15603 0030,permit_number,04/30/2026,Commercial Wrecking Permit,WRK,,"1944 STANLEY AVE, DAYTON OH 45404-1121 United States",0,DEMO,39.78801639443907,-84.18240224021051
WRK2026C-00010,R72 15603 0011,permit_number,04/29/2026,Commercial Wrecking Permit,WRK,1803D,"1803 WEBSTER ST, DAYTON OH 45404-1153 United States",0,DEMO,39.78678996722427,-84.18214840907886
WRK2026C-00009,R72 15603 0011,permit_number,04/29/2026,Commercial Wrecking Permit,WRK,1803C,"1803 WEBSTER ST, DAYTON OH 45404-1153 United States",0,DEMO,39.78678996722427,-84.18214840907886
WRK2026C-00008,R72 15603 0031,permit_number,04/28/2026,Commercial Wrecking Permit,WRK,,"1934 STANLEY AVE, DAYTON OH 45404-1121 United States",0,DEMO,39.78803260514124,-84.18280481507645
WRK2026C-00007,R72 15603 0032,permit_number,04/28/2026,Commercial Wrecking Permit,WRK,,"1920 STANLEY AVE, DAYTON OH 45404-1121 United States",0,DEMO,39.78807194360742,-84.18312252067847
WRK2026C-00006,R72 11211 0001,permit_number,04/16/2026,Commercial Wrecking Permit,WRK,FCS CONST,"2735 N MAIN ST, DAYTON OH 45405-3009 United States",0,DEMO,39.79022029996799,-84.21416421594347
WRK2026C-00005,R72 07704 0018,permit_number,04/15/2026,Commercial Wrecking Permit,WRK,BLADECUTTERS,"548 LEXINGTON AVE, DAYTON OH 45402-5800 United States",0,DEMO,39.76769056650806,-84.22282947651657
WRK2026C-00004,R72 01005 0019,permit_number,03/26/2026,Commercial Wrecking Permit,WRK,"CITY OF DAYTON, DIV OF WATER SUPPLY & TREATMENT","1044 OTTAWA ST, DAYTON OH 45402 United States",0,DEMO,39.76813526830129,-84.1729414915802
WRK2026C-00003,R72 08909 0040,permit_number,03/20/2026,Commercial Wrecking Permit,WRK,,"11 CELINA ST, DAYTON OH 45402-8001 United States",0,DEMO,39.74658247560821,-84.2225711216626
WRK2026C-00002,R72 13003 0017,permit_number,03/05/2026,Commercial Wrecking Permit,WRK,,"369 GENEVA RD, DAYTON OH 45417-1367 United States",0,DEMO,39.75301656046059,-84.2605238067652
WRK2026C-00001,R72 11307 0048,permit_number,02/23/2026,Commercial Wrecking Permit,WRK,CARPORT ONLY,"2316 DAVUE CIR, DAYTON OH 45406-5721 United States",0,DEMO,39.789558053294996,-84.23070972063837
ZON2026C-00012,R72 17002 0024,address,06/03/2026,Commercial Zoning Only Permit,ZON,Dove Recovery,"136 HEID AVE, DAYTON OH 45404",,,39.79539601058539,-84.16770178326152
ZON2026C-00011,R72 05405 0020,address,05/27/2026,Commercial Zoning Only Permit,ZON,Troy Street Rooms and Apartments,"301 TROY ST, DAYTON OH 45404 United States",,,39.77349196431884,-84.17499152981675
ZON2026C-00010,R72 12706 0002,address,03/27/2026,Commercial Zoning Only Permit,ZON,Membership Club,"207 BURLEIGH AVE, DAYTON OH 45417-1629 United States",,,39.75450500987063,-84.24622128202684
ZON2026C-00009,R72 09810 0025,address,03/11/2026,Commercial Zoning Only Permit,ZON,Premier Auto Mart Inc,"603 S BROADWAY ST, DAYTON OH 45417-3433 United States",,,39.74582444889407,-84.2149225827362
ZON2026C-00008,R72 15110 0008,address,02/26/2026,Commercial Zoning Only Permit,ZON,Linden Shopping Complex Site Improvements,"2915 LINDEN AVE, DAYTON OH 45410-3038 United States",,,39.74864179323123,-84.14084025541707
ZON2026C-00007,R72 01413 0005,address,02/26/2026,Commercial Zoning Only Permit,ZON,Temporary zoning permit Dublin Pub,"300 WAYNE AVE, DAYTON OH 45410-1116 United States",,,39.756960419363324,-84.1813322962284
ZON2026C-00006,R72 02907 0039,address,02/23/2026,Commercial Zoning Only Permit,ZON,Temporary Zoning Permit,"101 E STEWART ST, DAYTON OH 45409-2625 United States",,,39.74081469307272,-84.18402648532684
ZON2026C-00005,R72 11910 0066,address,02/17/2026,Commercial Zoning Only Permit,ZON,Cornell Market,"3515 Cornell Dr, Dayton OH 45406-4262",,,39.776693283209106,-84.244436363679
ZON2026C-00004,R72 05410 0025,address,02/10/2026,Commercial Zoning Only Permit,ZON,Station 8 Community Center,"359 MARYLAND AVE, DAYTON OH 45404",,,39.77506012706955,-84.17620366535664
ZON2026C-00002,R72 03405 0046,address,01/05/2026,Commercial Zoning Only Permit,ZON,Temporary Use permit for shipping container,"2050 WAYNE AVE, DAYTON OH 45410-2140 United States",,,39.74157905667772,-84.16530606493941
ZON2026C-00001,R72 15603 0011,address,01/02/2026,Commercial Zoning Only Permit,ZON,Chain Link Fence,"1803 WEBSTER ST, DAYTON OH 45404-1153 United States",,,39.78678996722427,-84.18214840907886
011473,,unmatched,06/30/2026,Electrical Contractor Registration,,,,,,,
011472,,unmatched,06/29/2026,Electrical Contractor Registration,01147,,,,,,
011470,,unmatched,06/22/2026,Electrical Contractor Registration,,,,,,,
011469,,unmatched,06/22/2026,Electrical Contractor Registration,,,,,,,
011462,,unmatched,06/01/2026,Electrical Contractor Registration,01146,,,,,,
011454,,unmatched,05/27/2026,Electrical Contractor Registration,,,,,,,
011452,,unmatched,05/26/2026,Electrical Contractor Registration,01145,,,,,,
011450,,unmatched,05/22/2026,Electrical Contractor Registration,,,,,,,
011448,,unmatched,05/21/2026,Electrical Contractor Registration,,,,,,,
011444,,unmatched,05/19/2026,Electrical Contractor Registration,,,,,,,
011438,,unmatched,05/11/2026,Electrical Contractor Registration,,,,,,,
011437,,unmatched,05/08/2026,Electrical Contractor Registration,,,,,,,
011436,,unmatched,05/08/2026,Electrical Contractor Registration,,,,,,,
011432,,unmatched,04/28/2026,Electrical Contractor Registration,01143,,,,,,
011419,,unmatched,04/07/2026,Electrical Contractor Registration,,,,,,,
011417,,unmatched,04/02/2026,Electrical Contractor Registration,,,,,,,
011416,,unmatched,03/30/2026,Electrical Contractor Registration,,,,,,,
011411,,unmatched,03/19/2026,Electrical Contractor Registration,,,,,,,
011410,,unmatched,03/17/2026,Electrical Contractor Registration,,,,,,,
011402,,unmatched,03/05/2026,Electrical Contractor Registration,01140,,,,,,
011399,,unmatched,03/03/2026,Electrical Contractor Registration,,,,,,,
011393,,unmatched,02/23/2026,Electrical Contractor Registration,,,,,,,
011392,,unmatched,02/20/2026,Electrical Contractor Registration,01139,,,,,,
011389,,unmatched,02/18/2026,Electrical Contractor Registration,,,,,,,
011383,,unmatched,02/03/2026,Electrical Contractor Registration,,,,,,,
011381,,unmatched,02/03/2026,Electrical Contractor Registration,,,,,,,
011380,,unmatched,02/03/2026,Electrical Contractor Registration,,,,,,,
011376,,unmatched,02/02/2026,Electrical Contractor Registration,,,,,,,
011367,,unmatched,01/21/2026,Electrical Contractor Registration,,,,,,,
011366,,unmatched,01/20/2026,Electrical Contractor Registration,,,,,,,
011364,,unmatched,01/14/2026,Electrical Contractor Registration,,,,,,,
011361,,unmatched,01/10/2026,Electrical Contractor Registration,,,,,,,
APP-2026-00118,,unmatched,06/30/2026,Electrical Contractor Registration Application,APP-,CLE ELECTRIC LLC,,,,,
APP-2026-00117,,unmatched,06/29/2026,Electrical Contractor Registration Application,APP-,DELTA POWER GROUP INC,,,,,
APP-2026-00115,,unmatched,06/22/2026,Electrical Contractor Registration Application,APP-,CONTROL SMART LIGHTING LLC,,,,,
APP-2026-00114,,unmatched,06/22/2026,Electrical Contractor Registration Application,APP-,BANSHEE SERVICES LLC,,,,,
APP-2026-00108,,unmatched,06/01/2026,Electrical Contractor Registration Application,APP-,LEGACY ELECTRICAL COMPANY LLC,,,,,
APP-2026-00100,,unmatched,05/27/2026,Electrical Contractor Registration Application,APP-,STEVE'S ELECTRIC LLC,,,,,
APP-2026-00098,,unmatched,05/26/2026,Electrical Contractor Registration Application,APP-,TREVOR HOOG ELECTRIC,,,,,
APP-2026-00096,,unmatched,05/22/2026,Electrical Contractor Registration Application,APP-,GEORGIA ELECTRICAL SOLUTIONS LLC,,,,,
APP-2026-00094,,unmatched,05/21/2026,Electrical Contractor Registration Application,APP-,STOUTENBOROUGH ELECTRIC,,,,,
APP-2026-00089,,unmatched,05/19/2026,Electrical Contractor Registration Application,APP-,BARNES ELECTRIC,,,,,
APP-2026-00083,,unmatched,05/11/2026,Electrical Contractor Registration Application,APP-,V & K ELECTRIC,,,,,
APP-2026-00082,,unmatched,05/08/2026,Electrical Contractor Registration Application,APP-,JF PETROLEUM GROUP,,,,,
APP-2026-00081,,unmatched,05/08/2026,Electrical Contractor Registration Application,APP-,MAX CONSTRUCTION GROUP LLC,,,,,
APP-2026-00076,,unmatched,04/28/2026,Electrical Contractor Registration Application,APP-,"EXPERT SOLAR PROS USA, INC",,,,,
APP-2026-00063,,unmatched,04/07/2026,Electrical Contractor Registration Application,APP-,BRADLEY ELECTRIC,,,,,
APP-2026-00061,,unmatched,04/02/2026,Electrical Contractor Registration Application,APP-,HATZEL & BUEHLER INC,,,,,
APP-2026-00060,,unmatched,03/30/2026,Electrical Contractor Registration Application,APP-,ARDENT SERVICES LLC,,,,,
APP-2026-00055,,unmatched,03/19/2026,Electrical Contractor Registration Application,APP-,RAPID RESPONSE ELECTRIC,,,,,
APP-2026-00054,,unmatched,03/17/2026,Electrical Contractor Registration Application,APP-,J&J ELECTRICAL SOLUTIONS LLC,,,,,
APP-2026-00046,,unmatched,03/05/2026,Electrical Contractor Registration Application,APP-,MICHAELS ELECTRIC INC,,,,,
APP-2026-00043,,unmatched,03/03/2026,Electrical Contractor Registration Application,APP-,SPECIAL GRAPHICS & MAINTENANCE INC,,,,,
APP-2026-00037,,unmatched,02/23/2026,Electrical Contractor Registration Application,APP-,"ELECTRICAL DESIGN CONSULTANTS, LLC",,,,,
APP-2026-00036,,unmatched,02/20/2026,Electrical Contractor Registration Application,APP-,BRUNK ELECTRIC LLC,,,,,
APP-2026-00033,,unmatched,02/18/2026,Electrical Contractor Registration Application,APP-,"LEVALDS TECH COORDINATION GRP, LLC",,,,,
APP-2026-00027,,unmatched,02/03/2026,Electrical Contractor Registration Application,APP-,"J FONZ ELEC, LLC",,,,,
APP-2026-00025,,unmatched,02/03/2026,Electrical Contractor Registration Application,APP-,SUNESIS ELECTRICAL SERVICES LLC,,,,,
APP-2026-00024,,unmatched,02/03/2026,Electrical Contractor Registration Application,APP-,YEP ELECTRIC LLC,,,,,
APP-2026-00020,,unmatched,02/02/2026,Electrical Contractor Registration Application,APP-,WEHRLE ELECTRIC LLC,,,,,
APP-2026-00014,,unmatched,01/21/2026,Electrical Contractor Registration Application,APP-,CANTRELL ELECTRICAL LLC,,,,,
APP-2026-00013,,unmatched,01/20/2026,Electrical Contractor Registration Application,APP-,WIRED CONSTRUCTION LLC,,,,,
APP-2026-00002,,unmatched,01/10/2026,Electrical Contractor Registration Application,APP-,PROGRESSIVE ELECTRICAL LLC,,,,,
APP-2026-00001,,unmatched,01/10/2026,Electrical Contractor Registration Application,APP-,CLOCK ELECTRIC INC,,,,,
011471,,unmatched,06/24/2026,Journeyman Registration,,,,,,,
011464,,unmatched,06/03/2026,Journeyman Registration,,,,,,,
011463,,unmatched,06/01/2026,Journeyman Registration,,,,,,,
011459,,unmatched,05/27/2026,Journeyman Registration,,,,,,,
011456,,unmatched,05/27/2026,Journeyman Registration,,,,,,,
011453,,unmatched,05/26/2026,Journeyman Registration,,,,,,,
011451,,unmatched,05/22/2026,Journeyman Registration,,,,,,,
011449,,unmatched,05/22/2026,Journeyman Registration,,,,,,,
011447,,unmatched,05/21/2026,Journeyman Registration,,,,,,,
011445,,unmatched,05/19/2026,Journeyman Registration,,,,,,,
011442,,unmatched,05/15/2026,Journeyman Registration,01144,,,,,,
011440,,unmatched,05/11/2026,Journeyman Registration,,,,,,,
011434,,unmatched,05/06/2026,Journeyman Registration,,,,,,,
011433,,unmatched,05/01/2026,Journeyman Registration,,,,,,,
011428,,unmatched,04/22/2026,Journeyman Registration,0114,,,,,,
011424,,unmatched,04/17/2026,Journeyman Registration,0114,,,,,,
011403,,unmatched,03/12/2026,Journeyman Registration,,,,,,,
011400,,unmatched,03/04/2026,Journeyman Registration,,,,,,,
011398,,unmatched,02/27/2026,Journeyman Registration,,,,,,,
011396,,unmatched,02/26/2026,Journeyman Registration,,,,,,,
011395,,unmatched,02/25/2026,Journeyman Registration,,,,,,,
011394,,unmatched,02/24/2026,Journeyman Registration,,,,,,,
011391,,unmatched,02/19/2026,Journeyman Registration,,,,,,,
011388,,unmatched,02/18/2026,Journeyman Registration,,,,,,,
APP-2026-00116,,unmatched,06/24/2026,Journeyman Registration Application,APP-,,,,,,
APP-2026-00110,,unmatched,06/03/2026,Journeyman Registration Application,APP-,,,,,,
APP-2026-00109,,unmatched,06/01/2026,Journeyman Registration Application,APP-,,,,,,
APP-2026-00105,,unmatched,05/27/2026,Journeyman Registration Application,APP-,,,,,,
APP-2026-00102,,unmatched,05/27/2026,Journeyman Registration Application,APP-,,,,,,
APP-2026-00099,,unmatched,05/26/2026,Journeyman Registration Application,APP-,,,,,,
APP-2026-00097,,unmatched,05/22/2026,Journeyman Registration Application,APP-,,,,,,
APP-2026-00095,,unmatched,05/22/2026,Journeyman Registration Application,APP-,,,,,,
APP-2026-00092,,unmatched,05/21/2026,Journeyman Registration Application,APP-,,,,,,
APP-2026-00090,,unmatched,05/19/2026,Journeyman Registration Application,APP-,,,,,,
APP-2026-00087,,unmatched,05/15/2026,Journeyman Registration Application,APP-,,,,,,
APP-2026-00085,,unmatched,05/11/2026,Journeyman Registration Application,APP-,,,,,,
APP-2026-00078,,unmatched,05/06/2026,Journeyman Registration Application,APP-,,,,,,
APP-2026-00077,,unmatched,05/01/2026,Journeyman Registration Application,APP-,,,,,,
APP-2026-00072,,unmatched,04/22/2026,Journeyman Registration Application,APP-,,,,,,
APP-2026-00068,,unmatched,04/17/2026,Journeyman Registration Application,APP-,,,,,,
APP-2026-00049,,unmatched,03/12/2026,Journeyman Registration Application,APP-,,,,,,
APP-2026-00044,,unmatched,03/04/2026,Journeyman Registration Application,APP-,,,,,,
APP-2026-00042,,unmatched,02/27/2026,Journeyman Registration Application,APP-,ALEX BREWER,,,,,
APP-2026-00040,,unmatched,02/25/2026,Journeyman Registration Application,APP-,,,,,,
APP-2026-00039,,unmatched,02/25/2026,Journeyman Registration Application,APP-,,,,,,
APP-2026-00038,,unmatched,02/24/2026,Journeyman Registration Application,APP-,,,,,,
APP-2026-00035,,unmatched,02/19/2026,Journeyman Registration Application,APP-,,,,,,
APP-2026-00032,,unmatched,02/18/2026,Journeyman Registration Application,APP-,,,,,,
MIS2026-00093,R72 09104 0017,address,06/30/2026,Miscellaneous Permit,MIS,,"365 ADELITE AVE, DAYTON OH",,,39.74666070839453,-84.2323335787714
MIS2026-00092,R72 12706 0002,address,06/23/2026,Miscellaneous Permit,MIS,,"207 BURLEIGH AVE, DAYTON OH 45417",,,39.75450500987063,-84.24622128202684
MIS2026-00091,R72 01207 0013,address,06/23/2026,Miscellaneous Permit,MIS,,"135 S TERRY ST, DAYTON OH 45403",,,39.75998116366197,-84.17114831287918
MIS2026-00090,R72 07310 0020,address,06/23/2026,Miscellaneous Permit,MIS,,"161 LEXINGTON AVE, DAYTON OH 45402",,,39.768300555801424,-84.21444394359831
MIS2026-00089,,unmatched,06/23/2026,Miscellaneous Permit,MIS,,DAYTON OH,,,,
MIS2026-00088,,unmatched,06/22/2026,Miscellaneous Permit,MIS,,"2146 BELLEFONTAINE, DAYTON OH",,,,
MIS2026-00087,,unmatched,06/22/2026,Miscellaneous Permit,MIS,,DAYTON OH,,,,
MIS2026-00086,,unmatched,06/22/2026,Miscellaneous Permit,MIS,,DAYTON OH,,,,
MIS2026-00085,,unmatched,06/22/2026,Miscellaneous Permit,MIS,,DAYTON OH,,,,
MIS2026-00084,,unmatched,06/05/2026,Miscellaneous Permit,MIS,,DAYTON OH,,,,
MIS2026-00083,,unmatched,06/02/2026,Miscellaneous Permit,MIS,,"126 MAPLEWOOD, DAYTON OH",,,,
MIS2026-00082,R72 04201 0031,address,05/28/2026,Miscellaneous Permit,MIS,,"59 PARNELL AVE, DAYTON OH 45403",,,39.75653315122997,-84.14767859344946
MIS2026-00081,,unmatched,05/27/2026,Miscellaneous Permit,MIS,,"233 WESTWOOD, DAYTON OH",,,,
MIS2026-00080,,unmatched,05/22/2026,Miscellaneous Permit,MIS,,"2 HUDSON, DAYTON OH",,,,
MIS2026-00079,,unmatched,05/20/2026,Miscellaneous Permit,MIS,,"134 MARLBORO, DAYTON OH",,,,
MIS2026-00078,,unmatched,05/20/2026,Miscellaneous Permit,MIS,,"634 TAYLOR, DAYTON OH",,,,
MIS2026-00077,,unmatched,05/13/2026,Miscellaneous Permit,MIS,,DAYTON OH,,,,
MIS2026-00076,,unmatched,05/12/2026,Miscellaneous Permit,MIS,,DAYTON OH,,,,
MIS2026-00075,,unmatched,05/12/2026,Miscellaneous Permit,MIS,,DAYTON OH,,,,
MIS2026-00074,,unmatched,05/11/2026,Miscellaneous Permit,MIS,,"1827 GUMMER, DAYTON OH",,,,
MIS2026-00073,,unmatched,05/08/2026,Miscellaneous Permit,MIS,,"238 DELAWARE, DAYTON OH",,,,
MIS2026-00072,,unmatched,05/01/2026,Miscellaneous Permit,MIS,,DAYTON OH,,,,
MIS2026-00071,,unmatched,05/01/2026,Miscellaneous Permit,MIS,,DAYTON OH,,,,
MIS2026-00070,,unmatched,05/01/2026,Miscellaneous Permit,MIS,,DAYTON OH,,,,
MIS2026-00069,,unmatched,04/27/2026,Miscellaneous Permit,MIS,,"233 WESTWOOD, DAYTON OH",,,,
MIS2026-00068,,unmatched,04/23/2026,Miscellaneous Permit,MIS,,"709 WESTWOOD, DAYTON OH",,,,
MIS2026-00067,,unmatched,04/23/2026,Miscellaneous Permit,MIS,,DAYTON,,,,
MIS2026-00066,,unmatched,04/22/2026,Miscellaneous Permit,MIS,,,,,,
MIS2026-00065,,unmatched,04/22/2026,Miscellaneous Permit,MIS,,,,,,
MIS2026-00064,,unmatched,04/21/2026,Miscellaneous Permit,MIS,,"112 E 2ND ST, LAURA OH 45337",,,,
MIS2026-00063,,unmatched,04/21/2026,Miscellaneous Permit,MIS,,,,,,
MIS2026-00062,,unmatched,04/20/2026,Miscellaneous Permit,MIS,,,,,,
MIS2026-00061,,unmatched,04/17/2026,Miscellaneous Permit,MIS,,,,,,
MIS2026-00060,,unmatched,04/17/2026,Miscellaneous Permit,MIS,,"48 SHERMAN, DAYTON OH",,,,
MIS2026-00059,,unmatched,04/16/2026,Miscellaneous Permit,MIS,,"238 DELAWARE, DAYTON OH",,,,
MIS2026-00058,,unmatched,04/16/2026,Miscellaneous Permit,MIS,,DAYTON OH,,,,
MIS2026-00057,,unmatched,04/16/2026,Miscellaneous Permit,MIS,,,,,,
MIS2026-00056,,unmatched,04/15/2026,Miscellaneous Permit,MIS,,,,,,
MIS2026-00055,,unmatched,04/15/2026,Miscellaneous Permit,MIS,,,,,,
MIS2026-00054,,unmatched,04/15/2026,Miscellaneous Permit,MIS,,,,,,
MIS2026-00053,,unmatched,04/15/2026,Miscellaneous Permit,MIS,,,,,,
MIS2026-00052,,unmatched,04/15/2026,Miscellaneous Permit,MIS,,,,,,
MIS2026-00051,,unmatched,04/15/2026,Miscellaneous Permit,MIS,,,,,,
MIS2026-00050,,unmatched,04/13/2026,Miscellaneous Permit,MIS,,"3832 RIDGE, DAYTON OH",,,,
MIS2026-00049,R72 12603 0026,address,04/01/2026,Miscellaneous Permit,MIS,,"344 WESTWOOD AVE, DAYTON OH 45417-1628 United States",,,39.75745117417002,-84.24107250848002
MIS2026-00048,,unmatched,03/31/2026,Miscellaneous Permit,MIS,,"232 MERCER, DAYTON OH",,,,
MIS2026-00047,,unmatched,03/31/2026,Miscellaneous Permit,MIS,,"2612 GETTYSBURG, DAYTON OH",,,,
MIS2026-00046,,unmatched,03/26/2026,Miscellaneous Permit,MIS,,"1507 SECOND, DAYTON OH",,,,
MIS2026-00045,,unmatched,03/25/2026,Miscellaneous Permit,MIS,,"1925 FOURTH, DAYTON OH",,,,
MIS2026-00044,R72317115 0007,address,03/16/2026,Miscellaneous Permit,MIS,Zoning Verification Letter,"5399 HOOVER AVE, DAYTON OH 45417 United States",,,39.7617229235594,-84.27980679269186
MIS2026-00043,,unmatched,03/13/2026,Miscellaneous Permit,MIS,,DAYTON OH,,,,
MIS2026-00042,R72317622 0001,address,03/11/2026,Miscellaneous Permit,MIS,Zoning Verification Letter,"2041 NORTHWEST PKWY, DAYTON OH 45426-3272 United States",,,39.777327846917935,-84.2776634297148
MIS2026-00041,,unmatched,03/09/2026,Miscellaneous Permit,MIS,,"316 STEELE, DAYTON OH",,,,
MIS2026-00040,R72 04606 0034,address,03/02/2026,Miscellaneous Permit,MIS,Zoning Verification Letter,"50 S FINDLAY ST, DAYTON OH 45403-2023 United States",,,39.7638203357989,-84.15624393430286
MIS2026-00039,,unmatched,03/02/2026,Miscellaneous Permit,MIS,,"1411 VIOLA, DAYTON OH",,,,
MIS2026-00038,,unmatched,02/24/2026,Miscellaneous Permit,MIS,,DAYTON OH,,,,
MIS2026-00037,,unmatched,02/24/2026,Miscellaneous Permit,MIS,,DAYTON OH,,,,
MIS2026-00036,,unmatched,02/24/2026,Miscellaneous Permit,MIS,,"1815 WARNER, DAYTON OH",,,,
MIS2026-00035,,unmatched,02/20/2026,Miscellaneous Permit,MIS,,DAYTON OH,,,,
MIS2026-00034,,unmatched,02/19/2026,Miscellaneous Permit,MIS,,DAYTON OH,,,,
MIS2026-00033,,unmatched,02/19/2026,Miscellaneous Permit,MIS,,DAYTON OH,,,,
MIS2026-00032,,unmatched,02/19/2026,Miscellaneous Permit,MIS,,DAYTON OH,,,,
MIS2026-00031,R72 04901C0023,address,02/19/2026,Miscellaneous Permit,MIS,,"617 N IRWIN ST, DAYTON OH 45403",,,39.772772352057665,-84.1534713361225
MIS2026-00030,R72 17715 0001,address,02/12/2026,Miscellaneous Permit,MIS,Zoning Verification Letter,"570 SAINT PAUL AVE, DAYTON OH 45410-2251 United States",,,39.75106066635435,-84.162244086503
MIS2026-00029,R72 17715 0002,address,02/12/2026,Miscellaneous Permit,MIS,Zoning Verification Letter,"602 SAINT PAUL AVE, DAYTON OH 45410-1937 United States",,,39.750469314454016,-84.16269955357663
MIS2026-00028,R72 04606 0034,address,02/12/2026,Miscellaneous Permit,MIS,Zoning Verification Letter,"50 S FINDLAY ST, DAYTON OH 45403-2023 United States",,,39.7638203357989,-84.15624393430286
MIS2026-00027,,unmatched,02/10/2026,Miscellaneous Permit,MIS,,DAYTON OH,,,,
MIS2026-00026,R72 10106 0020,address,02/09/2026,Miscellaneous Permit,MIS,Zoning Verification Letter,"707 S EDWIN C MOSES BLVD, DAYTON OH 45417-3462 United States",,,39.74689196950041,-84.19802798708365
MIS2026-00025,R72 09107 0066,address,02/09/2026,Miscellaneous Permit,MIS,Zoning Verification Letter,"2333 MCCALL ST, DAYTON OH 45417-3200 United States",,,39.74674651488484,-84.23095916384297
MIS2026-00024,,unmatched,02/05/2026,Miscellaneous Permit,MIS,,DAYTON OH,,,,
MIS2026-00023,,unmatched,02/04/2026,Miscellaneous Permit,MIS,,"236 ALTON, DAYTON OH",,,,
MIS2026-00022,,unmatched,02/03/2026,Miscellaneous Permit,MIS,,"1036 HIGHLAND, DAYTON OH",,,,
MIS2026-00021,R72 00507 0060,address,01/29/2026,Miscellaneous Permit,MIS,Zoning Verification Letter,"40 S MAIN ST, DAYTON OH 45402 United States",,,39.75858596717528,-84.19123324009236
MIS2026-00020,,unmatched,01/28/2026,Miscellaneous Permit,MIS,,"117 NEAL, DAYTON OH",,,,
MIS2026-00019,,unmatched,01/21/2026,Miscellaneous Permit,MIS,,,,,,
MIS2026-00018,,unmatched,01/20/2026,Miscellaneous Permit,MIS,,,,,,
MIS2026-00017,,unmatched,01/20/2026,Miscellaneous Permit,MIS,,,,,,
MIS2026-00016,,unmatched,01/20/2026,Miscellaneous Permit,MIS,,,,,,
MIS2026-00015,,unmatched,01/20/2026,Miscellaneous Permit,MIS,,,,,,
MIS2026-00014,,unmatched,01/20/2026,Miscellaneous Permit,MIS,,,,,,
MIS2026-00013,,unmatched,01/20/2026,Miscellaneous Permit,MIS,,DAYTON OH,,,,
MIS2026-00012,,unmatched,01/16/2026,Miscellaneous Permit,MIS,,DAYTON OH,,,,
MIS2026-00011,,unmatched,01/16/2026,Miscellaneous Permit,MIS,,DAYTON OH,,,,
MIS2026-00010,,unmatched,01/15/2026,Miscellaneous Permit,MIS,,,,,,
MIS2026-00009,,unmatched,01/15/2026,Miscellaneous Permit,MIS,,,,,,
MIS2026-00008,,unmatched,01/15/2026,Miscellaneous Permit,MIS,,"114 HARBINE, DAYTON OH",,,,
MIS2026-00007,R72 10403 0038,address,01/14/2026,Miscellaneous Permit,MIS,Zoning Verification Letter,"1638 BANCROFT ST, DAYTON OH 45417 United States",,,39.74307075704872,-84.221438575771
MIS2026-00006,R72 01712 0006,address,01/14/2026,Miscellaneous Permit,MIS,Zoning Verification Letter,"815 S PATTERSON BLVD, DAYTON OH 45402",,,39.74743092034416,-84.19090124308305
MIS2026-00005,,unmatched,01/13/2026,Miscellaneous Permit,MIS,,,,,,
MIS2026-00004,,unmatched,01/13/2026,Miscellaneous Permit,MIS,,,,,,
MIS2026-00003,,unmatched,01/08/2026,Miscellaneous Permit,MIS,,DAYTON OH,,,,
MIS2026-00002,R72 02908 0018,address,01/07/2026,Miscellaneous Permit,MIS,Zoning Verification Letter,"1133 BROWN ST, DAYTON OH 45409 United States",,,39.74266855118027,-84.18266277184267
MIS2026-00001,R72 16104 0083,address,01/05/2026,Miscellaneous Permit,MIS,,"5304 W RIVERVIEW AVE, DAYTON OH",,,39.78436139800062,-84.2673770061466
REV2026-00345,R72 10011 0005,address,06/30/2026,Permit Revision,REV,REV06/30/2026 - Haven 4th & 9th FL Security Improvements,"1 ELIZABETH PL, DAYTON OH 45417-3424 United States",,,39.747777352397364,-84.19983168108485
REV2026-00300,,unmatched,06/30/2026,Permit Revision,REV,1st REV 6/30/26 - Montgomery County Juvenile Justice Center,"380 W SECOND, DAYTON OH 45402",,,,
REV2026-00299,R72 09505 0022,address,06/30/2026,Permit Revision,REV,REV 6/30/26 - 8 Unit Apartment Building,"2723 JEROME AVE, DAYTON OH 45417-3271 United States",,,39.74436513544802,-84.23862899751919
REV2026-00298,R72 07807 0015,address,06/29/2026,Permit Revision,REV,REV 6/29/26 - Cambridge II Apartments,"1306 Bryn Mawr DR, DAYTON OH 45402",,,39.770346524589485,-84.21760421780495
REV2026-00297,R72 03009 0001,address,06/29/2026,Permit Revision,REV,REV 06/29/2026 - 3 TEMPORAY PARKING LOTS,"1043 S Main ST, DAYTON OH 45409-2710",,,39.74346322337277,-84.1877291441674
REV2026-00304,R72 00202 0012,address,06/26/2026,Permit Revision,REV,REV(1) 06/26/2026 Art and Soul (not issued),"135 N MAIN ST, DAYTON OH 45402 United States",,,39.76194893898221,-84.19279848837233
REV2026-00302,R72 04510 0003,address,06/25/2026,Permit Revision,REV,REV 06/25/2026 - ADASA TENANT IMPROVEMENTS - Plumbing,"2532 E Third ST, DAYTON OH 45403",,,39.76488028593411,-84.15759623077673
REV2026-00296,R72 16715 0026,address,06/25/2026,Permit Revision,REV,1st REV 6/25/26 - Sprinklers for Pathway School of Discovery - Walk-In Unit Addition,"173 AVONDALE DR, DAYTON OH 45404",,,39.79539127451572,-84.15624011745231
REV2026-00295,R72 00108 0008,address,06/25/2026,Permit Revision,REV,1st REV 6/25/26 - Montgomery County Jail Boiler and Domestic Hot Water Heater Replacement,"330 W SECOND ST, DAYTON OH 45422-4999 United States",,,39.759828634862885,-84.19775974825204
REV2026-00294,R72 12706 0015,address,06/24/2026,Permit Revision,REV,REV 6/24/26 Vacant,"3309 W Second ST, DAYTON OH 45417-1745",,,39.75421280197719,-84.24409016156804
REV2026-00293,R72 16216 0071,address,06/24/2026,Permit Revision,REV,REV 6/24/26 - Westside Makerspace,"3028 SALEM AVE, DAYTON OH 45406 United States",,,39.78932378066692,-84.23984400079993
REV2026-00292,R72 04605 0023,address,06/24/2026,Permit Revision,REV,1st REV 6/24/26 - Dayton Dream Center,"2720 E THIRD ST, DAYTON OH 45403-2102 United States",,,39.76535772427483,-84.15504197430971
REV2026-00290,,unmatched,06/22/2026,Permit Revision,REV,REV 6/22/26 - Zips Rips Dispensary,"510 N James H McGee BLVD, DAYTON OH 45402",,,,
REV2026-00289,R72 10702 0001,address,06/22/2026,Permit Revision,REV,REV 6/22/26 - Print Shop Addition,"1000 CARILLON BLVD, DAYTON OH 45409-2023",,,39.730666670736156,-84.19841871469411
REV2026-00291,R72 00603 0011,address,06/18/2026,Permit Revision,REV,REV06/18/2026 - Libby's Ice Cream (Not Issued) Moda4-R03,"520 E THIRD ST, DAYTON OH 45402-5101 United States",,,39.76054871151604,-84.1840466050636
REV2026-00288,R72 15505 0142,address,06/18/2026,Permit Revision,REV,REV 6/18/26 - Bethlehem Missionary Baptist Church,"70 HOLLENCAMP AVE, DAYTON OH 45417",,,39.74895881248158,-84.2681261847647
REV2026-00287,,unmatched,06/18/2026,Permit Revision,REV,New 1-Story Single Family Home,"5121 Yalecrest RD, DAYTON OH 45449",,,,
REV2026-00286,,unmatched,06/18/2026,Permit Revision,REV,REV 6/18/26 - Liberty High School,"20 LATHROP ST, DAYTON OH 45410",,,,
REV2026-00285,R72 01205 0058,address,06/18/2026,Permit Revision,REV,New 3-Story Single Family Home (REV 6/18/26),"112 S DUTOIT ST, DAYTON OH 45402",,,39.76109495834675,-84.17409950014863
REV2026-00284,R72 01706 0050,address,06/17/2026,Permit Revision,REV,REV 6/17/26 - Paratransit Bus Garage,"701 LONGWORTH ST, DAYTON OH 45402",,,39.748617938103116,-84.19400820635511
REV2026-00282,R72 03113 0060,address,06/17/2026,Permit Revision,REV,Replace Structural Framing for new TYPE 1 Hood,"1926 BROWN ST, DAYTON OH 45409-2456 United States",,,39.73367475860837,-84.18007361697968
REV2026-00281,R72 14301 0038,address,06/17/2026,Permit Revision,REV,1st REV 6/17/26 - SPECIAL LOCKING for Job Center Southview Campus,"25 THORPE DR, DAYTON OH 45420-1823 United States",,,39.733068192737434,-84.1567687081358
REV2026-00280,R72 17538 0001,address,06/17/2026,Permit Revision,REV,1st REV 6/17/26 - Westwood Elementary,"2805 OAKRIDGE DR, DAYTON OH 45417 United States",,,39.758462103179006,-84.24636270337696
REV2026-00279,R72 08207 0094,address,06/17/2026,Permit Revision,REV,1st REV 6/17/26 - Roosevelt Elementary,"1923 W THIRD ST, DAYTON OH 45417 United States",,,39.75399826407294,-84.22686647970743
REV2026-00278,R72 11306 0049,address,06/17/2026,Permit Revision,REV,1st REV 6/17/26 - Fairview Elementary,"2314 ELSMERE AVE, DAYTON OH 45406 United States",,,39.78993480703365,-84.22970650059739
REV2026-00277,R72 12403 0034,address,06/17/2026,Permit Revision,REV,REV 6/17/26 - Vacant,"3822 HOOVER AVE, DAYTON OH 45402-5233 United States",,,39.761251222843164,-84.2501011022826
REV2026-00283,R72 17626 0001,address,06/16/2026,Permit Revision,REV,Dayton Childrens Hospital - Taggart - 3RD FL,"1 CHILDRENS PLZ, DAYTON OH 45404-1815",,,39.774028226896995,-84.16886982183259
REV2026-00276,R72 00110 0001,address,06/16/2026,Permit Revision,REV,REV 6/16/26 - ELEVATOR EXPANSION PROJECT,"451 W Third ST, DAYTON OH 45402-1447",,,39.75866421736068,-84.20042098208506
REV2026-00275,R72 03003 0041,address,06/12/2026,Permit Revision,REV,REV 6/12/26 - DTC II @ UDRI 2ND FLOOR,"1520 S MAIN ST, DAYTON OH 45409-2698 United States",,,39.73780336991269,-84.18549371482919
REV2026-00274,R72 04406 0001,address,06/11/2026,Permit Revision,REV,1st REV 6/11/26 - Stepping Stones,"215 BURKHARDT AVE, DAYTON OH 45403-2701 United States",,,39.761360906258766,-84.15191619036996
REV2026-00273,R72 00108 0008,address,06/11/2026,Permit Revision,REV,1st REV 6/11/26 - Montgomery County Jail - Suite 250,"330 W Second ST, DAYTON OH 45422-4999",,,39.759828634862885,-84.19775974825204
REV2026-00272,,unmatched,06/11/2026,Permit Revision,REV,Liberty High School,"20 LATHROP ST, DAYTON OH 45410",,,,
REV2026-00271,R72 16216 0071,address,06/10/2026,Permit Revision,REV,1st REV 6/10/26 - Westside Makerspace,"3028 Salem AVE, DAYTON OH 45406",,,39.78932378066692,-84.23984400079993
REV2026-00270,R72 05909B0031,address,06/10/2026,Permit Revision,REV,1st REV 6/10/26 - The Dream Event Hall,"229 Riverside Dr, Dayton OH 45405-4941 Andorra, 229",,,39.769611402088586,-84.1913514529892
REV2026-00269,R72 08610 0023,address,06/10/2026,Permit Revision,REV,1st REV 6/10/26 - MULTI-FAMILY REHAB,"2 Kosmo DR, DAYTON OH 45402-8300",,,39.7503291327499,-84.21144421282808
REV2026-00268,R72 08609 0032,address,06/09/2026,Permit Revision,REV,REV 06/09/2026 - NEW PORTICO,"20 Kosmo DR, DAYTON OH 45402-8359",,,39.750612180797624,-84.2114298331064
REV2026-00267,R72410823 0006,address,06/08/2026,Permit Revision,REV,1st REV 6/8/26,"4301 TARNVIEW CT, DAYTON OH 45424-5186 United States",,,39.80538157252136,-84.10610041394415
REV2026-00266,,unmatched,06/08/2026,Permit Revision,REV,Liberty High School,"20 LATHROP ST, DAYTON OH 45410",,,,
REV2026-00265,R72 00203 0011,address,06/05/2026,Permit Revision,REV,REV 6/5/26 - Dayton City Hall,"101 W Third ST, DAYTON OH 45402-1814",,,39.75939750883473,-84.19397456461029
REV2026-00264,R72 03105 0044,address,06/05/2026,Permit Revision,REV,1st REV 6/5/26 - Owner Occupied,"304 STONEMILL RD, DAYTON OH 45409-2543 United States",,,39.73657142999481,-84.17912983030034
REV2026-00262,R72 02502 0052,address,06/04/2026,Permit Revision,REV,1st REV - Victory Project Girls Campus,"511 STEELE AVE, DAYTON OH 45410-1813 United States",,,39.752354676653304,-84.16780965484459
REV2026-00261,R72 17626 0001,address,06/04/2026,Permit Revision,REV,REV 6/4/26 - Dayton Children's Hospital - West Campus Generators,"1 CHILDRENS PLZ, DAYTON OH 45404-1815",,,39.774028226896995,-84.16886982183259
REV2026-00260,R72 01110 0013,address,06/04/2026,Permit Revision,REV,1st REV 6/4/26 - Commercial 4 Unit,"1 SPRINGFIELD ST, DAYTON OH 45403 United States",,,39.76404953302457,-84.16582013220543
REV2026-00259,R72 15104 0042,address,06/04/2026,Permit Revision,REV,1st REV 6/4/26 - Flying Ace Car Wash,"2916 Linden AVE, DAYTON OH 45410-3027",,,39.74777482615213,-84.14065905430063
REV2026-00258,R72 00603 0011,address,06/03/2026,Permit Revision,REV,1st REV - Libby's Ice Cream,"520 E THIRD ST, DAYTON OH 45402-5101 United States",,,39.76054871151604,-84.1840466050636
REV2026-00257,R72 01909 0009,address,06/03/2026,Permit Revision,REV,REV 6/3/26,"735 Wayne AVE, DAYTON OH 45410-1635",,,39.75306087770955,-84.17818690007412
REV2026-00256,R72 06109 0007,address,06/03/2026,Permit Revision,REV,1st REV 6/3/26,"1934 N Main ST, DAYTON OH 45405",,,39.78097101939496,-84.20740690792832
REV2026-00255,R72 03003 0041,address,06/03/2026,Permit Revision,REV,1st REV 6/3/26 - DTC II @ UDRI 2ND FLOOR,"1520 S MAIN ST, DAYTON OH 45409-2698 United States",,,39.73780336991269,-84.18549371482919
REV2026-00254,R72 10311 0061,address,06/03/2026,Permit Revision,REV,1st REV 6/3/26,"1 SPECIALTY PL, DAYTON OH 45417-4601 United States",,,39.73788869346826,-84.20931779312778
REV2026-00263,R72117011 0013,address,06/02/2026,Permit Revision,REV,REV(1) 06/02/2026 - Dayton Ryder Truck Rental Facility (Not Been Issued),"3580 NEEDMORE RD, DAYTON OH 45414-4316 United States",,,39.81972616502805,-84.15919755730806
REV2026-00252,R72217304 0102,address,06/02/2026,Permit Revision,REV,REV 6/2/26 - Owner Occupied,"4237 WILLOW HILLS DR, DAYTON OH 45404",,,39.8170776360367,-84.14378475685324
REV2026-00253,R72 00111 0008,address,05/29/2026,Permit Revision,REV,REV(2) 05/29/2026 - Dayton Library Solar,"300 Abbey Ave., DAYTON OH 45417",,,39.74873536236311,-84.23894337569445
REV2026-00251,R72 07005 0026,address,05/29/2026,Permit Revision,REV,REV 5/29/26 - CONSTRUCT DOUBLE RESIDENCE,"166 NIAGARA AVE, DAYTON OH 45405-3780 United States",,,39.77972062072458,-84.21292782507803
REV2026-00250,R72 15505 0142,address,05/29/2026,Permit Revision,REV,REV 05/29/2026 - Bethlehem Missionary Baptist Church,"70 HOLLENCAMP AVE, DAYTON OH 45417",,,39.74895881248158,-84.2681261847647
REV2026-00249,,unmatched,05/29/2026,Permit Revision,REV,REV 5/29/26 - Vacant,"3808 Cornell Woods W, Dayton OH 45406-3718 Andorra, 3808",,,,
REV2026-00248,R72 09709 0064,address,05/29/2026,Permit Revision,REV,1st REV - Desoto Bass,"811 OLDFIELD AVE, DAYTON OH 45417-3713 United States",,,39.74358360184467,-84.2259542967175
REV2026-00247,R72 00110 0001,address,05/29/2026,Permit Revision,REV,REV 5/29/26 - ELEVATOR EXPANSION PROJECT,"451 W Third ST, DAYTON OH 45402-1447",,,39.75866421736068,-84.20042098208506
REV2026-00246,,unmatched,05/29/2026,Permit Revision,REV,1st REV 5/29/26 - Zips Dispensary,"510 N James H McGee BLVD, DAYTON OH 45402",,,,
REV2026-00245,,unmatched,05/27/2026,Permit Revision,REV,REV 05/27/2026 - Liberty High School,"20 LATHROP ST, DAYTON OH 45410",,,,
REV2026-00244,R72 00203 0011,address,05/27/2026,Permit Revision,REV,REV 05/27/2026 (2) - Dayton City Hall,"101 W Third ST, DAYTON OH 45402-1814",,,39.75939750883473,-84.19397456461029
REV2026-00243,R72 00203 0011,address,05/27/2026,Permit Revision,REV,REV 05/27/2026 - Dayton City Hall,"101 W Third ST, DAYTON OH 45402-1814",,,39.75939750883473,-84.19397456461029
REV2026-00242,R72 04910B0035,address,05/27/2026,Permit Revision,REV,REV 5/27/26 - GDPM Storage Building at Mount Crest Court,"700 MOUNT CREST CT, DAYTON OH 45403-1519 United States",,,39.77626341323972,-84.13776867085473
REV2026-00241,R72 00110 0001,address,05/27/2026,Permit Revision,REV,REV 5/27/26 - ELEVATOR EXPANSION PROJECT,"451 W Third ST, DAYTON OH 45402-1447",,,39.75866421736068,-84.20042098208506
REV2026-00240,R72 10212 0041,address,05/26/2026,Permit Revision,REV,REV 5/26/26 - New Home,"617 MIAMI CHAPEL RD, DAYTON OH 45417 United States",,,39.73823717931981,-84.20538206140704
REV2026-00239,R72 07807 0015,address,05/26/2026,Permit Revision,REV,REV 5/26/26 - Cambridge II Apartments,"1306 Bryn Mawr DR, DAYTON OH 45402",,,39.770346524589485,-84.21760421780495
REV2026-00238,R72 00507 0056,address,05/26/2026,Permit Revision,REV,REV 05/26/2026 - Infinity Labs - Arcade Interior Tenant Improvements,"15 E FOURTH ST, DAYTON OH 45402 United States",,,39.758432628868185,-84.190823950109
REV2026-00237,R72 03113 0005,address,05/26/2026,Permit Revision,REV,1st REV 05/26/2026 - Pine Club,"1924 BROWN ST, DAYTON OH 45409-2456 United States",,,39.73371537630397,-84.18030574225784
REV2026-00236,,unmatched,05/22/2026,Permit Revision,REV,1st REV 5/22/26 - Liberty High School Fire Alarm,"20 LATHROP ST, DAYTON OH 45410",,,,
REV2026-00235,R72117011 0005,address,05/22/2026,Permit Revision,REV,1st REV 5/22/26 - Dayton Dance Conservatory,"3361 SUCCESSFUL WAY, DAYTON OH 45414-4317 United States",,,39.818458223093316,-84.16438019475648
REV2026-00234,R72 00111 0006,address,05/22/2026,Permit Revision,REV,REV 5/22/26 - BUILDING PACKAGE,"10 Abbey Ave, Dayton OH 45417",,,39.75133907964575,-84.23968819163089
REV2026-00233,R72 00504 0010,address,05/21/2026,Permit Revision,REV,REV 5/21/26 - Social Light Cafe - Deneau Tower,"40 W Fourth ST, DAYTON OH 45402-1857",,,39.75764457257017,-84.19272237084951
REV2026-00232,R72 01608 0012,address,05/20/2026,Permit Revision,REV,1ST REV 05/20/2026 - K12 Gallery & Tejas - New Trash Enclosure,"341 S Jefferson ST, DAYTON OH 45402",,,39.75457811416368,-84.18888058364368
REV2026-00231,R72 01608 0014,address,05/20/2026,Permit Revision,REV,K-12 Gallery Barn Building Ph:1 (1st REV 5-20-26),"344 S MAIN ST, DAYTON OH 45402 United States",,,39.75425207430004,-84.18997193046444
REV2026-00230,R72 07905 0016,address,05/20/2026,Permit Revision,REV,Vacant,"1809 W GRAND AVE, 1811, DAYTON OH 45402-5721 United States",,,39.76702525539729,-84.22703666899116
REV2026-00229,R72117011 0014,address,05/20/2026,Permit Revision,REV,REV 05/20/2026 - Needmore Rd Dispensary (BLD Not Issued),"3300 NEEDMORE RD, DAYTON OH 45414 United States",,,39.81972348562588,-84.16712011990127
REV2026-00228,R72 17626 0001,address,05/20/2026,Permit Revision,REV,REV 5/20/26 - Dayton Children's Hospital - West Campus Generators,"1 CHILDRENS PLZ, DAYTON OH 45404-1815",,,39.774028226896995,-84.16886982183259
REV2026-00227,R72 17601 0002,address,05/20/2026,Permit Revision,REV,1st REV 5/20/26 - Distinguished Spa,"1038 S SMITHVILLE RD, DAYTON OH 45403 United States",,,39.75274623908877,-84.13704739261387
REV2026-00226,R72617502 0013,address,05/19/2026,Permit Revision,REV,Owner Occupied - Rick Jobe,"4817 Avocet Ct, DAYTON OH 45424",,,39.823106614125905,-84.11278714121327
REV2026-00225,R72 17627 0003,address,05/19/2026,Permit Revision,REV,1ST rev 5/19/26 - MVH Interventional Radiology - IR #5,"1 WYOMING ST, DAYTON OH 45409 United States",,,39.745718250758195,-84.1865388265835
REV2026-00224,R72 03113 0060,address,05/19/2026,Permit Revision,REV,INSTALL TYPE 1 HOOD REV 5-19-2026,"1926 BROWN ST, DAYTON OH 45409-2456 United States",,,39.73367475860837,-84.18007361697968
REV2026-00223,R72 16901 0038,address,05/19/2026,Permit Revision,REV,2nd REV - Convenience Store,"3707 GERMANTOWN ST, DAYTON OH 45417-6109 United States",,,39.73411008074662,-84.25329624574879
REV2026-00222,R72 01401 0013,address,05/19/2026,Permit Revision,REV,Apartment Over Restaurant,"526 E FIFTH ST, DAYTON OH 45402-2914 United States",,,39.75697709205313,-84.18284465890903
REV2026-00221,R72 05208 0029,address,05/19/2026,Permit Revision,REV,REV 5/19/26 - Vacant Repair and Remodel,"59 BALTIMORE ST, DAYTON OH 45404-1950 United States",,,39.77703819234722,-84.17113757595492
REV2026-00220,R72 16307 0012,address,05/18/2026,Permit Revision,REV,Marijuana Dispensary INTERIOR FIT OUT OF EXISTING BUILDING,"3145 Salem AVE, DAYTON OH 45406",,,39.79057266914186,-84.24080346597965
REV2026-00219,R72 17627 0003,address,05/18/2026,Permit Revision,REV,1st REV 05/18/2026 - MVH Interventional Radiology - IR #5,"1 WYOMING ST, DAYTON OH 45409 United States",,,39.745718250758195,-84.1865388265835
REV2026-00218,R72 16308 0008,address,05/15/2026,Permit Revision,REV,REV 05/15/2026 - Kids Nest II,"3453 W Siebenthaler AVE, DAYTON OH 45406-1829",,,39.79847603292476,-84.24331909552619
REV2026-00213,R72 00111 0008,address,05/15/2026,Permit Revision,REV,Dayton Library Solar (1st REV 5-15-26),"300 Abbey Ave., DAYTON OH 45417",,,39.74873536236311,-84.23894337569445
REV2026-00217,R72 00614 0019,address,05/14/2026,Permit Revision,REV,REV05/14/2026 - Gosiger - Training and Display Showroom,"1023 E FOURTH ST, DAYTON OH 45402-2231 United States",,,39.7594908074135,-84.1787392819018
REV2026-00216,R72 11801 0006,address,05/14/2026,Permit Revision,REV,1900-1902-1904 Salem Ave - Multi-use Commercial Building,"1900 SALEM AVE, DAYTON OH 45406-4905 United States",,,39.78168586517522,-84.22494099562907
REV2026-00215,R72 06705 0026,address,05/14/2026,Permit Revision,REV,Kettering Health Dayton - New Storage & Maintenance Building,"124 NEAL AVE, DAYTON OH 45405 United States",,,39.770927303641734,-84.20021144494825
REV2026-00214,R72 00203 0011,address,05/14/2026,Permit Revision,REV,Dayton City Hall,"101 W Third ST, DAYTON OH 45402-1814",,,39.75939750883473,-84.19397456461029
REV2026-00211,R72 06706 0027,address,05/13/2026,Permit Revision,REV,Interior Alteration to Existing Church (1st REV 5-13-2026),"720 BELMONTE PARK N, DAYTON OH 45405-4403 United States",,,39.76957287313848,-84.2043299982383
REV2026-00210,R72 01205 0058,address,05/13/2026,Permit Revision,REV,New Home Construction (REV 5-12-2026),"112 S DUTOIT ST, DAYTON OH 45402",,,39.76109495834675,-84.17409950014863
REV2026-00208,R72 08311 0014,address,05/12/2026,Permit Revision,REV,Mt. Enon Baptist Church (1st REV 5-12-2026),"1501 W THIRD ST, DAYTON OH 45402-6718 United States",,,39.75496032070702,-84.22087139475562
REV2026-00209,R72 07807 0015,address,05/11/2026,Permit Revision,REV,REV05/11/2026 - Cambridge II Apartments (BLD Issued),"1306 Bryn Mawr DR, DAYTON OH 45402",,,39.770346524589485,-84.21760421780495
REV2026-00207,R72 01603 0021,address,05/11/2026,Permit Revision,REV,1st REV 05/12/2026 - FIRST FLOOR RENOVATIONS,"505 S Ludlow ST, DAYTON OH 45402-2606",,,39.75293511538563,-84.19218111260149
REV2026-00206,R72117011 0014,address,05/08/2026,Permit Revision,REV,REV05/11/2026 - Needmore Rd Dispensary,"3300 NEEDMORE RD, DAYTON OH 45414 United States",,,39.81972348562588,-84.16712011990127
REV2026-00205,,unmatched,05/08/2026,Permit Revision,REV,REV 05/08/2026 - Bridges of Pine Creek Apartments,"3808 Cornell Woods W, Dayton OH 45406-3718 Andorra, 3808",,,,
REV2026-00204,R72 00708 0043,address,05/08/2026,Permit Revision,REV,Madison Tilt,"431 E THIRD ST, DAYTON OH 45402 United States",,,39.7607683923376,-84.18536971107433
REV2026-00203,R72 03113 0005,address,05/08/2026,Permit Revision,REV,The Pine Club Offices,"1924 BROWN ST, DAYTON OH 45409-2456 United States",,,39.73371537630397,-84.18030574225784
REV2026-00202,R72 04509 0005,address,05/08/2026,Permit Revision,REV,REV 05/08/2026 - Duplex Addition For Tajul Pordan,"20 N TORRENCE ST, DAYTON OH 45403-1114 United States",,,39.7653562733071,-84.15965697904709
REV2026-00201,R72 17003 0021,address,05/08/2026,Permit Revision,REV,REV 5/8/26 - City of Dayton Central Water Quality Lab,"3210 CHUCK WAGNER LN, DAYTON OH 45414-4401 United States",,,39.80766921367655,-84.17061597601175
REV2026-00200,F23 00104 0060,address,05/08/2026,Permit Revision,REV,The Lumpia Queen,"40 N Main ST, DAYTON OH 45423-1021",,,39.76070865238252,-84.19178995969571
REV2026-00199,R72 16715 0026,address,05/08/2026,Permit Revision,REV,Pathway School of Discovery - Food Prep Renovations,"173 AVONDALE DR, DAYTON OH 45404",,,39.79539127451572,-84.15624011745231
REV2026-00198,R72 16901 0038,address,05/08/2026,Permit Revision,REV,Convenience Store (1st Revision 5-8-2026),"3707 GERMANTOWN ST, DAYTON OH 45417-6109 United States",,,39.73411008074662,-84.25329624574879
REV2026-00197,R72 15110 0008,address,05/08/2026,Permit Revision,REV,REV 5/8/26 - First Choice Kratom,"2915 LINDEN AVE, DAYTON OH 45410-3038 United States",,,39.74864179323123,-84.14084025541707
REV2026-00195,R72 04510 0003,address,05/07/2026,Permit Revision,REV,1st REV 5/7/26 - ADASA TENANT IMPROVEMENTS,"2532 E Third ST, DAYTON OH 45403",,,39.76488028593411,-84.15759623077673
REV2026-00194,R72 15508 0006,address,05/07/2026,Permit Revision,REV,1st REV 5/7/26,"4389 W Third ST, DAYTON OH 45402",,,39.74883602212424,-84.25842266317747
REV2026-00212,R72 17627 0003,address,05/06/2026,Permit Revision,REV,MVH Interventional Radiology - IR #5,"1 WYOMING ST, DAYTON OH 45409 United States",,,39.745718250758195,-84.1865388265835
REV2026-00193,R72 03113 0060,address,05/06/2026,Permit Revision,REV,(1st REV 5-6-26) INSTALL TYPE 1 HOOD,"1926 BROWN ST, DAYTON OH 45409-2456 United States",,,39.73367475860837,-84.18007361697968
REV2026-00192,R72 04910B0035,address,05/06/2026,Permit Revision,REV,GDPM Storage Building at Mount Crest Court,"700 MOUNT CREST CT, DAYTON OH 45403-1519 United States",,,39.77626341323972,-84.13776867085473
REV2026-00190,,unmatched,05/06/2026,Permit Revision,REV,1st REV - NEW 5 UNIT APARTMENT BLDG TYPE 1,"827 DANNER AVE, DAYTON OH",,,,
REV2026-00189,R72 10502 0033,address,05/06/2026,Permit Revision,REV,(1st REV 5-6-26) Boys and Girls Club - Slab & Underground,"1828 W Stewart ST, DAYTON OH 45417-3741",,,39.74159504551482,-84.22822408841644
REV2026-00188,R72 09801 0007,address,05/06/2026,Permit Revision,REV,1st REV 5/6/26 - NEW 6 UNIT APARTMENT BLDG TYPE 2,"813 Danner AVE, DAYTON OH 45417-3703",,,39.744571957692926,-84.22242539286538
REV2026-00187,R72 09801 0009,address,05/06/2026,Permit Revision,REV,1st REV 5/6/26 - NEW 5 UNIT TOWNHOUSE APARTMENT BLDG TYPE 1,"1800 Germantown ST, DAYTON OH 45417-3703",,,39.74411712389552,-84.22477948178961
REV2026-00185,R72 09801 0007,address,05/06/2026,Permit Revision,REV,1st REV 5/6/26 - NEW 4 UNIT TOWNHOUSE APARTMENT BLDG TYPE 4,"1714 Germantown ST, DAYTON OH 45417-3703",,,39.744811653411666,-84.22292929358555
REV2026-00184,,unmatched,05/06/2026,Permit Revision,REV,1st REV 5/6/26 - NEW 5 UNIT TOWNHOUSE APARTMENT BLDG TYPE 5,"1834 GERMANTOWN ST, DAYTON OH",,,,
REV2026-00183,R72 09801 0007,address,05/06/2026,Permit Revision,REV,1st REV 5/6/26 - NEW 5 UNIT APARTMENT BLDG TYPE 5,"1702 Germantown ST, DAYTON OH 45417-3703",,,39.7449145411736,-84.22265437953033
REV2026-00182,R72 09709 0041,address,05/06/2026,Permit Revision,REV,1st REV 5/6/26 - NEW 4 UNIT TOWNHOUSE APARTMENT BLDG TYPE 4,"1812 Germantown ST, DAYTON OH 45417-3714",,,39.7440255710398,-84.22502978587217
REV2026-00181,R72 09709 0041,address,05/06/2026,Permit Revision,REV,1st REV 5/6/25 - 5 UNIT APARTMENT BUILDING,"1822 Germantown ST, DAYTON OH 45417-3703",,,39.74394008207644,-84.22524107845686
REV2026-00180,R72 01305 0042,address,05/04/2026,Permit Revision,REV,REV 5/4/26 - 1-Story Single Residence Repair,"163 HENRY ST, DAYTON OH 45403-2313 United States",,,39.75720994379359,-84.17196770011923
REV2026-00179,R72 16308 0008,address,05/04/2026,Permit Revision,REV,REV 5/4/26 - Kids Nest II,"3453 W Siebenthaler AVE, DAYTON OH 45406-1829",,,39.79847603292476,-84.24331909552619
REV2026-00177,R72 00110 0001,address,05/04/2026,Permit Revision,REV,Revision ELEVATOR EXPANSION PROJECT,"451 W Third ST, DAYTON OH 45402-1447",,,39.75866421736068,-84.20042098208506
REV2026-00178,R72 04701 0060,address,05/01/2026,Permit Revision,REV,Vacant Single-Family Residence (In nuisance program),"114 N HARBINE AVE, DAYTON OH 45403-1319 United States",,,39.7683347611033,-84.15019571691244
REV2026-00196,R72717413 0023,address,04/29/2026,Permit Revision,REV,"Rev 04/29/2026 - Crocs, Inc - Catwalks Over Ferag","1805 UNION AIRPARK BLVD, DAYTON OH 45377",,,39.90203862056993,-84.25266336957338
REV2026-00176,R72 51469 0005,address,04/29/2026,Permit Revision,REV,"(1st REV 4-29-26)Taft Stettinius Hollister, LLP Suite 700","115 MADISON ST, STE 700, DAYTON OH 45402",,,39.762600941937116,-84.18547596800903
REV2026-00191,R72 06506 0027,address,04/28/2026,Permit Revision,REV,The Riverstone Apartments - Stair Repair,"111 GRAFTON AVE, DAYTON OH 45406-5457 United States",,,39.765880621600346,-84.20492009703358
REV2026-00186,R72 17626 0001,address,04/27/2026,Permit Revision,REV,REV 04/27/2026 - Dayton Childrens Hospital - West Campus Generators,"1 CHILDRENS PLZ, DAYTON OH 45404-1815",,,39.774028226896995,-84.16886982183259
REV2026-00175,R72 16715 0026,address,04/27/2026,Permit Revision,REV,Pathway School of Discovery - Walk-In Unit Addition,"173 AVONDALE DR, DAYTON OH 45404",,,39.79539127451572,-84.15624011745231
REV2026-00174,R72 05706 0112,address,04/24/2026,Permit Revision,REV,REV 4/24/26 - Dayton Police Department - 1st District East Patrol,"417 E HELENA ST, DAYTON OH 45404",,,39.780604583682305,-84.18971085756259
REV2026-00173,R72 09505 0022,address,04/24/2026,Permit Revision,REV,REV 4/24/26 - 8 Unit Apartment Building,"2723 JEROME AVE, DAYTON OH 45417-3271 United States",,,39.74436513544802,-84.23862899751919
REV2026-00172,R72 06612 0039,address,04/24/2026,Permit Revision,REV,REV 4/24/26 Vacant,"812 Neal AVE, 814, DAYTON OH 45406-5233",,,39.77061277534821,-84.21067569598215
REV2026-00171,,unmatched,04/23/2026,Permit Revision,REV,New Home,"6950 BLUEBIRD DR, DAYTON OH 45424",,,,
REV2026-00170,R72 16702 0034,address,04/23/2026,Permit Revision,REV,1st REV - Gas Station,"1451 Troy ST, DAYTON OH 45404-2726",,,39.78724250515979,-84.17068124881916
REV2026-00169,R72 06109 0051,address,04/23/2026,Permit Revision,REV,REV 4/23/26,"1976 N MAIN ST, DAYTON OH 45405-3801 United States",,,39.781874465332244,-84.20815504444198
REV2026-00168,R72 03113 0005,address,04/23/2026,Permit Revision,REV,REV 4/23/26 -Two Future Tenant Spaces for Mercantile Use,"1924 BROWN ST, DAYTON OH 45409-2456",,,39.73371537630397,-84.18030574225784
REV2026-00167,R72 04604 0024,address,04/21/2026,Permit Revision,REV,REV 4/21/26 - 2829 & 2831 E. Third Street,"2829 E Third ST, 2831, DAYTON OH 45403-2103",,,39.76591152019735,-84.1535270105763
REV2026-00166,,unmatched,04/21/2026,Permit Revision,REV,1st REV (4-21-2026) Area Agency on Aging - Ball Park Village,"220 E Monument, DAYTON OH",,,,
REV2026-00165,,unmatched,04/17/2026,Permit Revision,REV,REV 4/17/26 - New Home,"6950 BLUEBIRD DR, DAYTON OH 45424",,,,
REV2026-00164,R72 00708 0043,address,04/17/2026,Permit Revision,REV,3rd & Madison Tilt Building,"431 E Third ST, DAYTON OH 45402",,,39.7607683923376,-84.18536971107433
REV2026-00163,R72 01706 0050,address,04/17/2026,Permit Revision,REV,1st REV 4/17/26 - Paratransit Bus Garage,"701 LONGWORTH ST, DAYTON OH 45402",,,39.748617938103116,-84.19400820635511
REV2026-00162,R72 01706 0050,address,04/17/2026,Permit Revision,REV,1st REV 4/17/26 - Paratransit Bus Garage,"701 LONGWORTH ST, DAYTON OH 45402",,,39.748617938103116,-84.19400820635511
REV2026-00161,R72 00807 0037,address,04/16/2026,Permit Revision,REV,Webster Station Apartments,"112 WEBSTER ST, DAYTON OH 45402",,,39.76310494868162,-84.18194304868865
REV2026-00160,R72 14011 0047,address,04/16/2026,Permit Revision,REV,REV 4/16/26 - Pony Keg,"972 PATTERSON RD, DAYTON OH 45419-4337 United States",,,39.723904121460464,-84.15239766839758
REV2026-00159,,unmatched,04/16/2026,Permit Revision,REV,1st REV 4/16/26 - OnMain - Think Dayton Building,"10 W JASPER ST, DAYTON OH 45409",,,,
REV2026-00158,R72 00708 0043,address,04/16/2026,Permit Revision,REV,REV 4/16/26 - 3rd & Madison Tilt Building,"431 E Third ST, DAYTON OH 45402",,,39.7607683923376,-84.18536971107433
REV2026-00156,R72 00708 0043,address,04/15/2026,Permit Revision,REV,REV 4/15/26 - 3rd & Madison Tilt Building,"431 E Third ST, DAYTON OH 45402",,,39.7607683923376,-84.18536971107433
REV2026-00155,R72 01205 0051,address,04/15/2026,Permit Revision,REV,REV 04/15/2026 - Bossler Mansion,"136 S Dutoit ST, DAYTON OH 45402",,,39.76052867322773,-84.17376215399656
REV2026-00154,R72 17626 0001,address,04/15/2026,Permit Revision,REV,1st REV 04/15/2026 - Dayton Children's Hospital,"1 CHILDRENS PLZ, DAYTON OH 45404 United States",,,39.774028226896995,-84.16886982183259
REV2026-00153,R72 17102 0003,address,04/15/2026,Permit Revision,REV,REV 04/15/2026 - Thurgood Marshall STEM H.S.,"4447 HOOVER AVE, DAYTON OH 45417-1117 United States",,,39.762313757589006,-84.26114116389307
REV2026-00152,R72 16902 0078,address,04/15/2026,Permit Revision,REV,REV 04/15/2026 - Paul Lawrence Dunbar H.S.,"1400 ALBRITTON DR, DAYTON OH 45417 United States",,,39.73393872495715,-84.2332941977309
REV2026-00151,R72 01213 0005,address,04/15/2026,Permit Revision,REV,REV 04/15/2026 - Stivers School of the Arts,"1313 E FIFTH ST, DAYTON OH 45402-2222 United States",,,39.75848844834604,-84.17511130282503
REV2026-00150,R72 10014 0003,address,04/15/2026,Permit Revision,REV,REV 04/15/2026 - Ponitz Career Technology Center,"741 WASHINGTON ST, DAYTON OH 45402-8446 United States",,,39.749846193881545,-84.20238991687164
REV2026-00149,R72 13605 0009,address,04/14/2026,Permit Revision,REV,REV 4/14/26 - Mueller Roofing,"2521 S EDWIN C MOSES BLVD, DAYTON OH 45417-4659 United States",,,39.732829213022306,-84.21468114301236
REV2026-00148,R72 00203 0008,address,04/14/2026,Permit Revision,REV,REV 4/14/26 - Liberty Tower Event Center,"120 W SECOND ST, DAYTON OH 45402-1604 United States",,,39.76038147042693,-84.19466736050762
REV2026-00147,R72 10702 0001,address,04/14/2026,Permit Revision,REV,REV 4/14/26 - 1907 Barn at Carillon Historical Park,"1000 CARILLON BLVD, DAYTON OH 45409",,,39.730666670736156,-84.19841871469411
REV2026-00146,R72 02109 0040,address,04/14/2026,Permit Revision,REV,REV 4/14/26 - Good Shepherd Ministries - New Free-standing Garage,"709 Xenia AVE, DAYTON OH 45410-1837",,,39.752910458414746,-84.16595585229939
REV2026-00145,R72 00504 0010,address,04/14/2026,Permit Revision,REV,1st REV 4/14/26 - Socialite Cafe - Deneau Tower,"40 W Fourth ST, DAYTON OH 45402-1857",,,39.75764457257017,-84.19272237084951
REV2026-00144,R72 15104 0042,address,04/13/2026,Permit Revision,REV,REV 4/13/26 - Flying Ace Car Wash,"2916 Linden AVE, DAYTON OH 45410-3027",,,39.74777482615213,-84.14065905430063
REV2026-00143,I39 00802 0004,address,04/10/2026,Permit Revision,REV,REV 4/10/26 - United Rehabilitation Services,"4710 OLD TROY PIKE, DAYTON OH 45424",,,39.82265624949803,-84.14435934428226
REV2026-00142,,unmatched,04/10/2026,Permit Revision,REV,NEW SINGLE FAMILY HOME,"2122 DELLA DR, DAYTON OH",,,,
REV2026-00141,,unmatched,04/10/2026,Permit Revision,REV,1st REV 4/10/26 - NEW SINGLE FAMILY HOME,"1040 BUNCHE AVE, DAYTON OHIO 45417",,,,
REV2026-00140,,unmatched,04/10/2026,Permit Revision,REV,1st REV 4/10/26 - NEW SINGLE FAMILY HOME,"2413 YOLANDA AVE, DAYTON OH",,,,
REV2026-00139,R72 01605 0037,address,04/09/2026,Permit Revision,REV,REV 4/9/26 - Premier Outpatient Behavioral Health,"725 S LUDLOW ST, DAYTON OH 45402",,,39.75074114622736,-84.19190590461398
REV2026-00138,R72 14011 0047,address,04/09/2026,Permit Revision,REV,1st REV 4/8/26 - Pony Keg,"972 PATTERSON RD, DAYTON OH 45419-4337 United States",,,39.723904121460464,-84.15239766839758
REV2026-00157,R72 17627 0003,address,04/06/2026,Permit Revision,REV,"2nd REV 04/06/2026 - MVH Operating Rooms #12, #14 & #15 Renovations","1 WYOMING ST, DAYTON OH 45409 United States",,,39.745718250758195,-84.1865388265835
REV2026-00137,R72 10702 0001,address,04/02/2026,Permit Revision,REV,REV 4/2/26 - Print Shop Addition,"1000 CARILLON BLVD, DAYTON OH 45409-2023",,,39.730666670736156,-84.19841871469411
REV2026-00136,R72 14806 0061,address,03/31/2026,Permit Revision,REV,1st REV 3/31/26 - Owner Occupied,"2035 Pershing BLVD, DAYTON OH 45420-2430",,,39.73767245350649,-84.14649658692616
REV2026-00135,R72 11704 0022,address,03/31/2026,Permit Revision,REV,Vacant,"2024 RUSTIC RD, DAYTON OH 45405-3233 United States",,,39.78460313471141,-84.2216891338089
REV2026-00134,R72 07807 0015,address,03/31/2026,Permit Revision,REV,REV 3/31/26 - Cambridge II Apartments,"1306 Bryn Mawr DR, DAYTON OH 45402",,,39.770346524589485,-84.21760421780495
REV2026-00133,R72 16815 0001,address,03/31/2026,Permit Revision,REV,REV 3/31/26,"1901 S GETTYSBURG AVE, DAYTON OH 45417-4160 United States",,,39.72703990647095,-84.25422415913177
REV2026-00132,R72 15110 0008,address,03/31/2026,Permit Revision,REV,REV 3/31/26 - First Choice Kratom,"2915 LINDEN AVE, DAYTON OH 45410-3038 United States",,,39.74864179323123,-84.14084025541707
REV2026-00131,R72 01704 0111,address,03/31/2026,Permit Revision,REV,1st REV 3/31/26 - 601 Longworth St.,"601 Longworth St, Dayton OH 45402",,,39.749400154542215,-84.19516871164788
REV2026-00130,R72 16216 0071,address,03/31/2026,Permit Revision,REV,REV 3/31/26 - Westside Makerspace,"3028 Salem AVE, DAYTON OH 45406",,,39.78932378066692,-84.23984400079993
REV2026-00129,R72 11604 0009,address,03/31/2026,Permit Revision,REV,1st REV 3/31/26 - Owner,"1926 BENSON DR, DAYTON OH 45406-4404 United States",,,39.782837521307364,-84.23229726527525
REV2026-00128,R72 01403 0025,address,03/30/2026,Permit Revision,REV,REV 3/30/26 - Little Bear,"521 Wayne AVE, DAYTON OH 45410",,,39.75506108211943,-84.18032237673896
REV2026-00127,R72 02208 0036,address,03/30/2026,Permit Revision,REV,REV 3/30/26,"241 LINDEN AVE, DAYTON OH 45403-2542 United States",,,39.759724383623826,-84.16084028879716
REV2026-00126,R72 01005 0019,address,03/27/2026,Permit Revision,REV,1st REV 03/27/2026 - COD - Vehicle Fleet Maintenance Garage,"1010 Ottawa ST, DAYTON OH 45402",,,39.76793276267117,-84.1740467570221
REV2026-00125,R72 02204 0010,address,03/27/2026,Permit Revision,REV,REV 3/27/26 - Ujumbe Free Methodist Church,"2228 E Third ST, DAYTON OH 45403-2013",,,39.76433818997879,-84.16135475554611
REV2026-00124,,unmatched,03/27/2026,Permit Revision,REV,REV 3/27/26 - Richard Allen Academy,"627 Salem Ave, Dayton OH 45406-5822",,,,
REV2026-00123,R72 04808 0133,address,03/26/2026,Permit Revision,REV,REV 3/26/26 - The Suites - Aesthetics & Wellness Center,"6 S SMITHVILLE RD, DAYTON OH 45431-1833 United States",,,39.76500422824224,-84.13748624774907
REV2026-00122,R72 10016 0001,address,03/26/2026,Permit Revision,REV,1st REV 3/26/26-Dayton Food Bank,"10 ARMOR PL, DAYTON OH 45417 United States",,,39.74932896128422,-84.21045314197515
REV2026-00121,R72 16901 0035,address,03/26/2026,Permit Revision,REV,REV 3/26/26 - Wildenhaus Place,"4100 W Third ST, DAYTON OH 45428",,,39.746902402741334,-84.25608309297633
REV2026-00120,R72 02908 0019,address,03/26/2026,Permit Revision,REV,rev 3/26/26 - Submarine House,"1137 Brown ST, DAYTON OH 45409-2603",,,39.742548165720606,-84.18263142751792
REV2026-00119,R72 00416 0002,address,03/26/2026,Permit Revision,REV,1st REV 3/26/26 - SCC Building 12 - Renovate Conference Room 12217,"444 W THIRD ST, DAYTON OH 45402-1421 United States",,,39.757621145508864,-84.20058764501195
REV2026-00118,R72 01603 0021,address,03/26/2026,Permit Revision,REV,REV 3/26/26 - FIRST FLOOR RENOVATIONS,"505 S Ludlow ST, DAYTON OH 45402-2606",,,39.75293511538563,-84.19218111260149
REV2026-00117,R72 00708 0043,address,03/24/2026,Permit Revision,REV,1st REV 03/25/2026 - Woodard Development - Madison Tilt Building,"431 E Third ST, DAYTON OH 45402",,,39.7607683923376,-84.18536971107433
REV2026-00116,R72 04607 0009,address,03/20/2026,Permit Revision,REV,REV 3/20/26 - New Parking for Holy Family Catholic Church,"134 S FINDLAY ST, DAYTON OH 45403-2025 United States",,,39.762195620436856,-84.15618753814714
REV2026-00115,R72 00609 0002,address,03/20/2026,Permit Revision,REV,"REV 3/20/26 - Tenant ""B"" - Restaurant","803 E Fifth ST, DAYTON OH 45402-4200",,,39.75754556280266,-84.18131080121084
REV2026-00114,R72 07807 0015,address,03/19/2026,Permit Revision,REV,REV 3/19/26 - Cambridge II Apartments,"1306 Bryn Mawr DR, DAYTON OH 45402",,,39.770346524589485,-84.21760421780495
REV2026-00113,,unmatched,03/18/2026,Permit Revision,REV,REV 3/18/26 - Brooks House Condo Unit 39,"39 E FIRST ST, DAYTON OH 45402 United States",,,,
REV2026-00112,R72 04202 0111,address,03/18/2026,Permit Revision,REV,1st REV 3/19/26 - Owner Occupied,"126 Eugene AVE, DAYTON OH 45403-3048",,,39.754943622715565,-84.14492669428131
REV2026-00111,R72 09403 0001,address,03/18/2026,Permit Revision,REV,1st REV 3/19/26 - Jackson Center Alternative School,"329 Abbey AVE, DAYTON OH 45417",,,39.74781259903971,-84.24025096422572
REV2026-00110,R72 08407 0018,address,03/18/2026,Permit Revision,REV,1st REV 3/19/26 - Daily Dose Caffe,"13 N WILLIAMS ST, DAYTON OH 45402-6813 United States",,,39.75661702785248,-84.21201131015555
REV2026-00109,R72 04703 0013,address,03/16/2026,Permit Revision,REV,REV 3/16/26 - Vacant,"16 N HEDGES ST, DAYTON OH 45403-1321 United States",,,39.767141911669,-84.14859222028943
REV2026-00108,R72 02204 0010,address,03/13/2026,Permit Revision,REV,REV 3/13/26 (Review Response) - Ujumbe Free Methodist Church,"2228 E Third ST, DAYTON OH 45403-2013",,,39.76433818997879,-84.16135475554611
REV2026-00107,R72 08403 0008,address,03/12/2026,Permit Revision,REV,Gem City Barber College,"823 W THIRD ST, DAYTON OH 45402-6811 United States",,,39.7568793477604,-84.20889170284394
REV2026-00106,R72 08609 0032,address,03/11/2026,Permit Revision,REV,REV 3/11/26 - NEW PORTICO,"20 Kosmo DR, DAYTON OH 45402-8359",,,39.750612180797624,-84.2114298331064
REV2026-00105,,unmatched,03/11/2026,Permit Revision,REV,REV 3/11/26 - Richard Allen Academy,"627 Salem Ave, Dayton OH 45406-5822",,,,
REV2026-00104,R72 16216 0071,address,03/11/2026,Permit Revision,REV,REV 3/11/26 - Westside Makerspace,"3028 Salem AVE, DAYTON OH 45406",,,39.78932378066692,-84.23984400079993
REV2026-00103,R72 15907 0002,address,03/11/2026,Permit Revision,REV,REV 3/11/26 - Papa John's,"2443 N GETTYSBURG AVE, DAYTON OH 45406",,,39.78955037978412,-84.25416852534777
REV2026-00102,,unmatched,03/11/2026,Permit Revision,REV,1st REV - Dayton Children's Hospital,"1711 GERMANTOWN ST, DAYTON OH 45402",,,,
REV2026-00101,R72717413 0001,address,03/11/2026,Permit Revision,REV,REV 3/11/26 - Reynolds & Reynolds,"3535 MCCAULEY DR, DAYTON OH 45377 United States",,,39.907202253469805,-84.20790387003704
REV2026-00100,R72 02208 0036,address,03/11/2026,Permit Revision,REV,REV 3/1/26,"241 LINDEN AVE, DAYTON OH 45403-2542 United States",,,39.759724383623826,-84.16084028879716
REV2026-00099,R72 05509 0002,address,03/11/2026,Permit Revision,REV,REV 3/11/26 - STAIR & FIRE DAMPER INSTALLATION,"401 N KEOWEE ST, DAYTON OH 45404",,,39.76981073554521,-84.17788850231989
REV2026-00098,,unmatched,03/11/2026,Permit Revision,REV,1st REV 3/11/26 - Liberty High School,"20 LATHROP ST, DAYTON OH 45410",,,,
REV2026-00097,R72 01508 0016,address,03/06/2026,Permit Revision,REV,REV 3/6/26 - Emporium Coffee & Souvenir,"400 E Fifth ST, DAYTON OH 45402-2962",,,39.75709355918025,-84.18562589307531
REV2026-00096,R72 15104 0042,address,03/05/2026,Permit Revision,REV,REV 3/5/26 - Flying Ace Car Wash,"2916 Linden AVE, DAYTON OH 45410-3027",,,39.74777482615213,-84.14065905430063
REV2026-00095,R72 04703 0013,address,03/04/2026,Permit Revision,REV,REV 3/4/26 - Vacant,"16 N HEDGES ST, DAYTON OH 45403-1321 United States",,,39.767141911669,-84.14859222028943
REV2026-00094,R72 11306 0049,address,03/04/2026,Permit Revision,REV,REV 3/4/26 - Fairview Elementary School,"2314 ELSMERE AVE, DAYTON OH 45406 United States",,,39.78993480703365,-84.22970650059739
REV2026-00093,R72 04202 0118,address,03/03/2026,Permit Revision,REV,REV 3/3/26 - Owner Occupied,"110 Eugene AVE, DAYTON OH 45403-3048",,,39.75532561566318,-84.14490371271712
REV2026-00092,,unmatched,03/03/2026,Permit Revision,REV,Dayton Children's Hospital,"1711 GERMANTOWN ST, DAYTON OH 45402",,,,
REV2026-00091,R72 16004 0061,address,03/03/2026,Permit Revision,REV,REV 3/3/26 - 4-Unit Apartment Building,"4122 Free PIKE, DAYTON OH 45416-1215",,,39.797565583298635,-84.25664862895361
REV2026-00090,R72 05206 0040,address,03/03/2026,Permit Revision,REV,Vacant,"266 ALASKA ST, DAYTON OH 45404",,,39.77951560077433,-84.16814366270566
REV2026-00089,R72 10502 0033,address,03/03/2026,Permit Revision,REV,Boys and Girls Club of Dayton,"1828 W Stewart ST, DAYTON OH 45417-3741",,,39.74159504551482,-84.22822408841644
REV2026-00088,R72 02009 0015,address,03/02/2026,Permit Revision,REV,REV 3/2/26 - Owner,"118 CHURCH ST, DAYTON OH 45410 United States",,,39.75352516352401,-84.1667674015205
REV2026-00087,F23 00104 0060,address,03/02/2026,Permit Revision,REV,REV 3/2/26 - INSTALL MAG LOCKS,"40 N Main ST, DAYTON OH 45423-1021",,,39.76070865238252,-84.19178995969571
REV2026-00086,R72 17626 0001,address,02/27/2026,Permit Revision,REV,1st REV 2/27/26 - HELICAL FOUNDATIONS,"1 CHILDRENS PLZ, DAYTON OH 45404 United States",,,39.774028226896995,-84.16886982183259
REV2026-00085,R72 03009 0001,address,02/26/2026,Permit Revision,REV,REV 2/26/26 - 3 TEMPORAY PARKING LOTS,"1043 S Main ST, DAYTON OH 45409-2710",,,39.74346322337277,-84.1877291441674
REV2026-00084,,unmatched,02/25/2026,Permit Revision,REV,REV 2/25/26 (Review Response) - Dayton Children's Hospital,"1711 GERMANTOWN ST, DAYTON OH 45402",,,,
REV2026-00083,R72 17626 0001,address,02/25/2026,Permit Revision,REV,REV 2/25/26 - Dayton Childrens Hospital - Taggart,"1 CHILDRENS PLZ, DAYTON OH 45404-1815",,,39.774028226896995,-84.16886982183259
REV2026-00082,R72 06707 0010,address,02/24/2026,Permit Revision,REV,REV 2/24/26 - Gem City Healthcare and Rehabilitation Center,"323 FOREST AVE, DAYTON OH 45405",,,39.76961622271103,-84.20126792527958
REV2026-00081,R72 01307 0003,address,02/24/2026,Permit Revision,REV,REV 2/24/26 - Single-Family Residence Remodel,"108 MCCLURE ST, DAYTON OH 45403-2432 United States",,,39.756882095845086,-84.17031626945834
REV2026-00080,,unmatched,02/24/2026,Permit Revision,REV,REV 2/24/26 - Richard Allen Academy,"627 Salem Ave, Dayton OH 45406-5822",,,,
REV2026-00079,R72 02204 0010,address,02/24/2026,Permit Revision,REV,REV 2/24/26 (Review Response) - Ujumbe Free Methodist Church,"2228 E Third ST, DAYTON OH 45403-2013",,,39.76433818997879,-84.16135475554611
REV2026-00078,,unmatched,02/23/2026,Permit Revision,REV,"RAMPS, STAIR UPGRADES, ELEVATOR UPGRADES, ELECTRICAL & RADIANT HEATING UPGRADES. CANOPY/STAIR TOWER ROOFING","29 E FOURTH ST, Dayton OH 45431",,,,
REV2026-00077,R72 14209 0061,address,02/23/2026,Permit Revision,REV,1st REV 2/23/26 - Owner Occupied,"2842 Revere AVE, DAYTON OH 45420-1724",,,39.72816154164635,-84.15074190856936
REV2026-00076,R72 08603 0092,address,02/20/2026,Permit Revision,REV,REV2/20/26 - New Garage,"136 S WILLIAMS ST, DAYTON OH 45402 United States",,,39.75382640622974,-84.21210917614891
REV2026-00075,R72 08603 0092,address,02/20/2026,Permit Revision,REV,REV 2/20/26 - New Home,"136 S WILLIAMS ST, DAYTON OH 45402 United States",,,39.75382640622974,-84.21210917614891
REV2026-00074,R72 00511 0010,address,02/20/2026,Permit Revision,REV,1st REV 2/20/26 - Dayton Convention Center Elevate Micro Market,"22 E Fifth ST, DAYTON OH 45402",,,39.756560223829254,-84.19023779466141
REV2026-00073,R72 14702 0003,address,02/19/2026,Permit Revision,REV,REV 2/19/26 - Lohrey Recreation Center,"2366 Glenarm AVE, DAYTON OH 45420-2729",,,39.73303713201385,-84.13850990626285
REV2026-00072,,unmatched,02/19/2026,Permit Revision,REV,REV 2/19/26 - Old North Dayton Baptist Church,"515 LILLIAN AVE, DAYTON OH 45404",,,,
REV2026-00071,R72 17615 0008,address,02/19/2026,Permit Revision,REV,REV 2/19/26 - Home City Ice Underground Storage Tank,"1020 GATEWAY DR, DAYTON OH 45404-2281 United States",,,39.77669645211314,-84.15868160860315
REV2026-00070,R72 17601 0002,address,02/19/2026,Permit Revision,REV,REV 2/19/26 - Mobile Fix Pro,"1046 S Smithville RD, DAYTON OH 45403",,,39.75245430136434,-84.13736680051449
REV2026-00069,R72 00701 0024,address,02/19/2026,Permit Revision,REV,REV 2/19/26 - Area Agency on Aging Office Alterations,"220 E MONUMENT AVE, DAYTON OH 45402-1223 United States",,,39.7643043947213,-84.18845808544255
REV2026-00068,R72 16702 0075,address,02/18/2026,Permit Revision,REV,REV 2/18/26 - Kennicott Brothers,"1331 TROY ST, DAYTON OH 45404-2748 United States",,,39.78614010092929,-84.17173677083764
REV2026-00067,R72 01403 0025,address,02/18/2026,Permit Revision,REV,REV 2/18/26 - Little Bear,"521 Wayne AVE, DAYTON OH 45410",,,39.75506108211943,-84.18032237673896
REV2026-00066,R72 00701 0024,address,02/17/2026,Permit Revision,REV,Area Agency on Aging Office Alterations,"220 E MONUMENT AVE, DAYTON OH 45402-1223 United States",,,39.7643043947213,-84.18845808544255
REV2026-00064,R72 17626 0001,address,02/16/2026,Permit Revision,REV,REV 2/16/26 - Dayton Children's Hospital - Taggart,"1 CHILDRENS PLZ, DAYTON OH 45404-1815",,,39.774028226896995,-84.16886982183259
REV2026-00063,R72 02908 0019,address,02/16/2026,Permit Revision,REV,REV 2/26/26 - Submarine House,"1137 Brown ST, DAYTON OH 45409-2603",,,39.742548165720606,-84.18263142751792
REV2026-00062,R72 01909 0009,address,02/16/2026,Permit Revision,REV,REV 2/16/26,"735 Wayne AVE, DAYTON OH 45410-1635",,,39.75306087770955,-84.17818690007412
REV2026-00061,R72 00202 0010,address,02/16/2026,Permit Revision,REV,2/16/26 - Franck Sszlarkman,"14 W FIRST ST, DAYTON OH 45402-1200 United States",,,39.762025981527415,-84.19316677872351
REV2026-00060,R72 15104 0042,address,02/16/2026,Permit Revision,REV,REV 2/16/26 - Flying Ace Car Wash,"2916 Linden AVE, DAYTON OH 45410-3027",,,39.74777482615213,-84.14065905430063
REV2026-00059,R72 16502 0009,address,02/16/2026,Permit Revision,REV,REV 2/16/26 - Vacant,"5042 WOODBINE AVE, DAYTON OH 45432-3630 United States",,,39.73554191415214,-84.11994030059905
REV2026-00058,R72 17626 0001,address,02/13/2026,Permit Revision,REV,REV 2/13/26 - Dayton Children's Hospital,"1 CHILDRENS PLZ, DAYTON OH 45404-1815",,,39.774028226896995,-84.16886982183259
REV2026-00057,,unmatched,02/13/2026,Permit Revision,REV,REV 2/13/26 - Dayton Children's Hospital,"1711 GERMANTOWN ST, DAYTON OH 45402",,,,
REV2026-00056,R72 01401 0061,address,02/13/2026,Permit Revision,REV,1st REV 2/13/26 - RESTAURANT RENOVATION,"524 E Fifth ST, DAYTON OH 45402",,,39.75695650752616,-84.18294021764807
REV2026-00065,R72 13215 0007,address,02/12/2026,Permit Revision,REV,REV 02/12/2026 - 5-Unit Apartment Building,"3622 MODENA ST, DAYTON OH 45417-4104 United States",,,39.73218131069457,-84.2520918933856
REV2026-00055,,unmatched,02/12/2026,Permit Revision,REV,REV 2/12/26 - CIVIL AND LANDSCAPE,"1778 Guenther, DAYTON OH 45417",,,,
REV2026-00054,R72 12909 0023,address,02/12/2026,Permit Revision,REV,REV 2/12/26 - Owner,"736 GENEVA RD, DAYTON OH 45417-1215 United States",,,39.756697621156526,-84.26005118255597
REV2026-00053,R72 05810 0001,address,02/11/2026,Permit Revision,REV,REV 2/11/26 - Kettering Fields Sports Complex,"444 NORTH BEND BLVD, DAYTON OH 45404",,,39.77645041694719,-84.19216512186922
REV2026-00052,R72 04407 0032,address,02/10/2026,Permit Revision,REV,REV 2/10/26 - Vacant,"755 HUFFMAN AVE, DAYTON OH 45403-2618 United States",,,39.75869273271237,-84.15438951251592
REV2026-00051,,unmatched,02/10/2026,Permit Revision,REV,1st REV 2/10/26 - Danis Resource Center Renovation,"515 N IRWIN ST, DAYTON OH 45403",,,,
REV2026-00050,R72 15105 0012,address,02/10/2026,Permit Revision,REV,REV 2/10/26 - REMODEL RETAIL SPACE,"2702 Linden AVE, DAYTON OH 45410-3045",,,39.7482181535818,-84.14402455452765
REV2026-00049,,unmatched,02/09/2026,Permit Revision,REV,REV 2/9/26 - Liberty High School,"20 LATHROP ST, DAYTON OH 45410",,,,
REV2026-00048,R72 16702 0034,address,02/09/2026,Permit Revision,REV,REV 2/9/26 - Gas Station,"1451 Troy ST, DAYTON OH 45404-2726",,,39.78724250515979,-84.17068124881916
REV2026-00047,R72 01307 0003,address,02/06/2026,Permit Revision,REV,REV 2/6/26 - Single-Family Residence Remodel,"108 MCCLURE ST, DAYTON OH 45403-2432 United States",,,39.756882095845086,-84.17031626945834
REV2026-00046,R72 03411 0015,address,02/05/2026,Permit Revision,REV,Owner Occupied,"128 ILLINOIS AVE, DAYTON OH 45410-2034 United States",,,39.74455101028581,-84.16258325285403
REV2026-00045,R72 17732 0001,address,02/04/2026,Permit Revision,REV,REV 2/4/26 - LONGJIA MASSAGE,"1064 PATTERSON RD, DAYTON OH 45420-1522 United States",,,39.72320655478366,-84.14968587717475
REV2026-00044,R72 05509 0002,address,02/02/2026,Permit Revision,REV,REV 2/2/26 - STAIR & FIRE DAMPER INSTALLATION,"401 N KEOWEE ST, DAYTON OH 45404",,,39.76981073554521,-84.17788850231989
REV2026-00043,R72 14911 0001,address,02/02/2026,Permit Revision,REV,1st REV 2/2/26 - Owner - 4 Solar Panels Removed,"2918 MARIMONT DR, DAYTON OH 45420 United States",,,39.74456276023402,-84.1401644982797
REV2026-00042,R72 16702 0075,address,01/30/2026,Permit Revision,REV,REV 1/30/26 - Kennicott Brothers,"1331 TROY ST, DAYTON OH 45404-2748 United States",,,39.78614010092929,-84.17173677083764
REV2026-00041,R72 01704 0111,address,01/30/2026,Permit Revision,REV,REV 1/30/26 - 601 Longworth St. - Diesel Tank Replacement,"601 Longworth St, Dayton OH 45402",,,39.749400154542215,-84.19516871164788
REV2026-00040,R72 04808 0133,address,01/29/2026,Permit Revision,REV,1st REV 1/29/26 - The Suites - Aesthetics & Wellness Center,"6 S SMITHVILLE RD, DAYTON OH 45431-1833 United States",,,39.76500422824224,-84.13748624774907
REV2026-00039,R72 01509 0001,address,01/29/2026,Permit Revision,REV,REV 1/29/26 - The Brown Street Market Place,"104 Brown ST, DAYTON OH 45402-2829",,,39.75613376964144,-84.18535012290468
REV2026-00038,R72 08407 0008,address,01/29/2026,Permit Revision,REV,1st REV 1/29/26 - WRIGHT-DUNBAR REH LLC - ELECTRICAL,"1163 W Third ST, DAYTON OH 45402-6813",,,39.75616093385978,-84.21352983462936
REV2026-00037,R72 01913 0006,address,01/29/2026,Permit Revision,REV,REV 1/29/26 - New Home,"59 ALBERTA ST, DAYTON OH 45410 United States",,,39.748916203536815,-84.18336144414069
REV2026-00036,R72717413 0013,address,01/29/2026,Permit Revision,REV,1st REV 1/29/26 - Energizer,"2800 Concorde DR, DAYTON OH 45377-3300",,,39.89045951735151,-84.23872220615267
REV2026-00035,R72 06506 0028,address,01/29/2026,Permit Revision,REV,REV 1/29/26 - Park Layne Apartments,"531 Belmonte PARK N, DAYTON OH 45405-4749",,,39.76716240304998,-84.20401208675194
REV2026-00034,R72 00202 0010,address,01/29/2026,Permit Revision,REV,REV 1/29/26 - Franck Sszlarkman,"14 W FIRST ST, DAYTON OH 45402-1200 United States",,,39.762025981527415,-84.19316677872351
REV2026-00033,R72 04903 0005,address,01/28/2026,Permit Revision,REV,1st REV 1/28/26 - Delo Trucking Center,"636 N Irwin ST, DAYTON OH 45403",,,39.77427693537859,-84.1528950012866
REV2026-00032,R72 02909 0017,address,01/27/2026,Permit Revision,REV,1st REV 1/27/26 - Wat Da Pho,"1047 Brown ST, DAYTON OH 45409-2812",,,39.743955849852284,-84.18288592758218
REV2026-00031,R72 04310 0038,address,01/27/2026,Permit Revision,REV,REV 1/27/26 - ELC Panel Added 16 UNIT APARTMENT UPGRADES,"36 Seminary AVE, DAYTON OH 45403-3004",,,39.75700191518203,-84.14560768687113
REV2026-00030,R72 17627 0003,address,01/23/2026,Permit Revision,REV,REV 1/23/26 - Miami Valley Hospital PACU Interior Refresh,"1 Wyoming ST, DAYTON OH 45409",,,39.745718250758195,-84.1865388265835
REV2026-00029,R72 16702 0034,address,01/22/2026,Permit Revision,REV,REV 1/22/26 - Gas Station,"1451 Troy ST, DAYTON OH 45404-2726",,,39.78724250515979,-84.17068124881916
REV2026-00028,R72 10016 0001,address,01/22/2026,Permit Revision,REV,Food Bank,"10 ARMOR PL, DAYTON OH",,,39.74932896128422,-84.21045314197515
REV2026-00027,R72 15104 0042,address,01/21/2026,Permit Revision,REV,REV 1/21/26 - Flying Ace Car Wash,"2916 Linden AVE, DAYTON OH 45410-3027",,,39.74777482615213,-84.14065905430063
REV2026-00026,ROW,address,01/21/2026,Permit Revision,REV,REV 1/21/26 - Owner - Changed to 25 Solar Panels,"4402 BLUE IRIS DR, DAYTON OH 45404",,,39.8171307519781,-84.14093171508226
REV2026-00025,R72 12609 0003,address,01/21/2026,Permit Revision,REV,1st REV 1/21/26 - Owner Occupied,"814 N Gettysburg AVE, DAYTON OH 45417-1614",,,39.75752560228934,-84.25300307826775
REV2026-00024,R72 00507 0060,address,01/21/2026,Permit Revision,REV,REV 1/21/26 - Phase II - Centre City Market Rate Apartments,"40 S Main ST, DAYTON OH 45402",,,39.75858596717528,-84.19123324009236
REV2026-00023,R72 00507 0055,address,01/21/2026,Permit Revision,REV,REV 1/21/26 - Phase I - Centre City Senior Apartments,"17 E Fourth ST, DAYTON OH 45402-2101",,,39.75845352805611,-84.19070706511039
REV2026-00022,,unmatched,01/21/2026,Permit Revision,REV,REV 1/21/26 - MRO HANGER #4,"3234 OLD SPRINGFIELD, DAYTON OH",,,,
REV2026-00021,R72 00502 0045,address,01/21/2026,Permit Revision,REV,REV 1/21/26 - TIFFANY'S ON THIRD - SALON,"30 W THIRD ST, DAYTON OH 45402 United States",,,39.75928775445649,-84.19282990165644
REV2026-00020,R72 00205 0022,address,01/15/2026,Permit Revision,REV,1st REV 1/15/26 - Faruki PLL,"110 N MAIN ST, DAYTON OH 45402 United States",,,39.761402673397924,-84.1922159510382
REV2026-00019,R72 13901 0019,address,01/14/2026,Permit Revision,REV,REV 1/14/26 - OFFICE ALTERATIONS,"617 SHROYER RD, DAYTON OH 45419-4055 United States",,,39.725383588312454,-84.16096340888583
REV2026-00018,R72 17626 0001,address,01/14/2026,Permit Revision,REV,REV 1/14/26 - Dayton Childrens Hospital - West Campus Generators,"1 CHILDRENS PLZ, DAYTON OH 45404-1815",,,39.774028226896995,-84.16886982183259
REV2026-00017,R72 02204 0010,address,01/14/2026,Permit Revision,REV,1st REV 1/14/26 - Ujumbe Free Methodist Church,"2228 E Third ST, DAYTON OH 45403-2013",,,39.76433818997879,-84.16135475554611
REV2026-00016,R72 00203 0011,address,01/13/2026,Permit Revision,REV,REV 1/13/26 (Review Response) - Dayton City Hall,"101 W Third ST, DAYTON OH 45402-1814",,,39.75939750883473,-84.19397456461029
REV2026-00015,R72 01507 0010,address,01/13/2026,Permit Revision,REV,REV 1/13/26 (Review Response) - Gem City Wine & Spirits,"310 S Jefferson ST, DAYTON OH 45402",,,39.75547524745373,-84.188553661364
REV2026-00014,R72 17615 0007,address,01/13/2026,Permit Revision,REV,REV 1/13/26 - Setters,"1008 Gateway DR, DAYTON OH 45404",,,39.7764813461624,-84.15970489029931
REV2026-00013,R72 14713 0074,address,01/13/2026,Permit Revision,REV,Vacant,"4432 WOODBINE AVE, DAYTON OH 45420-3113 United States",,,39.734967514288755,-84.1328117004745
REV2026-00012,R72 08407 0008,address,01/13/2026,Permit Revision,REV,REV 1/13/26 - GWDI,"1163 W Third ST, DAYTON OH 45402-6813",,,39.75616093385978,-84.21352983462936
REV2026-00011,R72 08207 0091,address,01/13/2026,Permit Revision,REV,REV 1/13/25 - Dayton Road Dog,"119 N JAMES H MCGEE BLVD, DAYTON OH 45402-6736 United States",,,39.755435348403225,-84.22578154061931
REV2026-00010,R72 01403 0026,address,01/13/2026,Permit Revision,REV,REV 1/13/26,"525 WAYNE AVE, DAYTON OH 45410 United States",,,39.75501339523777,-84.18020028576406
REV2026-00009,R72 01403 0027,address,01/13/2026,Permit Revision,REV,REV 1/13/26,"527 WAYNE AVE, APT B, DAYTON OH 45410 United States",,,39.754959398461246,-84.18013848301703
REV2026-00008,R72 01403 0026,address,01/13/2026,Permit Revision,REV,REV 1/13/26,"525 WAYNE AVE, APT B, DAYTON OH 45410 United States",,,39.75501339523777,-84.18020028576406
REV2026-00007,R72 00701 0025,address,01/13/2026,Permit Revision,REV,1st REV 1/13/26 - Care Source Parking Garage,"224 HARRIES ST, DAYTON OH 45402 United States",,,39.76378198633836,-84.18850593396361
REV2026-00006,R72 01401 0061,address,01/08/2026,Permit Revision,REV,REV 1/8/25 - RESTAURANT RENOVATION,"524 E Fifth ST, DAYTON OH 45402",,,39.75695650752616,-84.18294021764807
REV2026-00005,,unmatched,01/07/2026,Permit Revision,REV,REV 1/7/26 - MRO HANGER #4,"3234 OLD SPRINGFIELD, DAYTON OH",,,,
REV2026-00004,R72 00202 0010,address,01/07/2026,Permit Revision,REV,REV 1/7/26 - Franck Sszlarkman,"14 W FIRST ST, DAYTON OH 45402-1200 United States",,,39.762025981527415,-84.19316677872351
REV2026-00003,R72 15411 0003,address,01/06/2026,Permit Revision,REV,REV 1/6/26 - New Home,"4325 Merrydale AVE, DAYTON OH 45431-1818",,,39.76302089261181,-84.13695931828894
REV2026-00002,R72 00502 0045,address,01/06/2026,Permit Revision,REV,REV 1/6/26 - TIFFANY'S ON THIRD - SALON,"30 W THIRD ST, DAYTON OH 45402 United States",,,39.75928775445649,-84.19282990165644
REV2026-00001,R72 13501 0022,address,01/05/2026,Permit Revision,REV,REV 1/5/26 - Qnity Electronics (Formerly Dupont Polymers),"1515 NICHOLAS RD, DAYTON OH 45417 United States",,,39.73290423994974,-84.22041583141232
011457,,unmatched,05/27/2026,Pipe-Laying Registration,,,,,,,
011439,,unmatched,05/11/2026,Pipe-Laying Registration,,,,,,,
011418,,unmatched,04/06/2026,Pipe-Laying Registration,,,,,,,
011409,,unmatched,03/17/2026,Pipe-Laying Registration,,,,,,,
011397,,unmatched,02/27/2026,Pipe-Laying Registration,,,,,,,
APP-2026-00103,,unmatched,05/27/2026,Pipe-Laying Registration Application,APP-,,,,,,
APP-2026-00084,,unmatched,05/11/2026,Pipe-Laying Registration Application,APP-,,,,,,
APP-2026-00062,,unmatched,04/06/2026,Pipe-Laying Registration Application,APP-,,,,,,
APP-2026-00053,,unmatched,03/17/2026,Pipe-Laying Registration Application,APP-,,,,,,
APP-2026-00041,,unmatched,02/27/2026,Pipe-Laying Registration Application,APP-,,,,,,
011468,,unmatched,06/22/2026,Plumbing Registration,,,,,,,
011467,,unmatched,06/15/2026,Plumbing Registration,,,,,,,
011466,,unmatched,06/09/2026,Plumbing Registration,,,,,,,
011465,,unmatched,06/03/2026,Plumbing Registration,,,,,,,
011461,,unmatched,06/01/2026,Plumbing Registration,,,,,,,
011460,,unmatched,05/29/2026,Plumbing Registration,,,,,,,
011458,,unmatched,05/27/2026,Plumbing Registration,,,,,,,
011455,,unmatched,05/27/2026,Plumbing Registration,,,,,,,
011443,,unmatched,05/19/2026,Plumbing Registration,,,,,,,
011441,,unmatched,05/13/2026,Plumbing Registration,,,,,,,
011435,,unmatched,05/07/2026,Plumbing Registration,,,,,,,
011429,,unmatched,04/22/2026,Plumbing Registration,0114,,,,,,
011421,,unmatched,04/13/2026,Plumbing Registration,0114,,,,,,
011415,,unmatched,03/24/2026,Plumbing Registration,,,,,,,
011413,,unmatched,03/24/2026,Plumbing Registration,,,,,,,
011408,,unmatched,03/17/2026,Plumbing Registration,,,,,,,
011401,,unmatched,03/05/2026,Plumbing Registration,,,,,,,
011390,,unmatched,02/18/2026,Plumbing Registration,,,,,,,
011384,,unmatched,02/05/2026,Plumbing Registration,,,,,,,
011375,,unmatched,01/30/2026,Plumbing Registration,,,,,,,
011373,,unmatched,01/28/2026,Plumbing Registration,,,,,,,
011363,,unmatched,01/13/2026,Plumbing Registration,,,,,,,
APP-2026-00113,,unmatched,06/22/2026,Plumbing Registration Application,APP-,,,,,,
APP-2026-00112,,unmatched,06/15/2026,Plumbing Registration Application,APP-,,,,,,
APP-2026-00111,,unmatched,06/09/2026,Plumbing Registration Application,APP-,MAX CONSTRUCTION GROUP LLC,,,,,
APP-2026-00107,,unmatched,06/01/2026,Plumbing Registration Application,APP-,,,,,,
APP-2026-00106,,unmatched,05/29/2026,Plumbing Registration Application,APP-,,,,,,
APP-2026-00104,,unmatched,05/27/2026,Plumbing Registration Application,APP-,,,,,,
APP-2026-00101,,unmatched,05/27/2026,Plumbing Registration Application,APP-,,,,,,
APP-2026-00088,,unmatched,05/19/2026,Plumbing Registration Application,APP-,,,,,,
APP-2026-00086,,unmatched,05/13/2026,Plumbing Registration Application,APP-,,,,,,
APP-2026-00080,,unmatched,05/07/2026,Plumbing Registration Application,APP-,,,,,,
APP-2026-00073,,unmatched,04/22/2026,Plumbing Registration Application,APP-,,,,,,
APP-2026-00065,,unmatched,04/13/2026,Plumbing Registration Application,APP-,,,,,,
APP-2026-00059,,unmatched,03/24/2026,Plumbing Registration Application,APP-,,,,,,
APP-2026-00057,,unmatched,03/24/2026,Plumbing Registration Application,APP-,,,,,,
APP-2026-00052,,unmatched,03/17/2026,Plumbing Registration Application,APP-,,,,,,
APP-2026-00045,,unmatched,03/05/2026,Plumbing Registration Application,APP-,,,,,,
APP-2026-00034,,unmatched,02/18/2026,Plumbing Registration Application,APP-,,,,,,
APP-2026-00028,,unmatched,02/05/2026,Plumbing Registration Application,APP-,,,,,,
APP-2026-00019,,unmatched,01/30/2026,Plumbing Registration Application,APP-,,,,,,
APP-2026-00017,,unmatched,01/28/2026,Plumbing Registration Application,APP-,,,,,,
APP-2026-00004,,unmatched,01/13/2026,Plumbing Registration Application,APP-,,,,,,
BLD2026R-00231,R72 07008 0068,address,06/30/2026,Residential Building Permit,BLD,Vacant (In Nuisance),"212 Fountain AVE, 214, DAYTON OH 45405-3930",,,39.777852730218626,-84.21110261456062
BLD2026R-00228,H33 02305 0024,permit_number,06/24/2026,Residential Building Permit,BLD,Who Rehab Initiative,"945 TROY ST, DAYTON OH 45404-1854 United States",30884,ALTERATION,39.78200063857998,-84.17415352130793
BLD2026R-00227,E20 17416 0002,permit_number,06/24/2026,Residential Building Permit,BLD,Who Rehab Initiative,"2654 N GETTYSBURG AVE, DAYTON OH 45406-1710 United States",5,CERTIFICAT,39.79412457157825,-84.25356827765926
BLD2026R-00226,A01 00310 0195,permit_number,06/24/2026,Residential Building Permit,BLD,Who Rehab Initiative,"2718 WENTWORTH AVE, DAYTON OH 45406-1640 United States",1000000,NEW BUILDI,39.795362583899006,-84.25322573538135
BLD2026R-00225,A01 00205 0036,permit_number,06/24/2026,Residential Building Permit,BLD,Owner Occupied,"3609 WAYNE AVE, DAYTON OH 45420-2438 United States",200000,ADDITION,39.73881352571029,-84.14463141639197
BLD2026R-00224,A01 00101 0036,permit_number,06/24/2026,Residential Building Permit,BLD,New Home,"2120 ELSMERE AVE, DAYTON OH 45406-2919 United States",17000,NEW DETACH,39.7859012124504,-84.23011347469739
BLD2026R-00230,P70 00403 0029,permit_number,06/23/2026,Residential Building Permit,BLD,New Solar Panel System,"3624 WAYNE AVE, DAYTON OH 45420-2439 United States",32000,SOLAR (BUI,39.73842735706679,-84.14417064722882
BLD2026R-00229,O67 29104 0009,permit_number,06/23/2026,Residential Building Permit,BLD,New Solar Panel System,"1640 PINECREST DR, DAYTON OH 45414-5318 United States",700000,ADDITION,39.7992884195988,-84.19852235100068
BLD2026R-00223,R72 08001 0016,address,06/23/2026,Residential Building Permit,BLD,Vacant,"1215 OXFORD AVE, DAYTON OH 45402-5614 United States",,,39.76933013528669,-84.23364448452162
BLD2026R-00222,G27 18219 0024,permit_number,06/23/2026,Residential Building Permit,BLD,Owner Occupied,"145 RITA ST, DAYTON OH 45404-2057 United States",2585,NEW DETACH,39.77899709035313,-84.16739817731823
BLD2026R-00221,F22 01408 0038,permit_number,06/23/2026,Residential Building Permit,BLD,New 2-Story Single Residence with Basement,"4625 BLUE IRIS DR, DAYTON OH 45404",10000,NEW BUILDI,,
BLD2026R-00219,F22 01501 0019,permit_number,06/22/2026,Residential Building Permit,BLD,Owner Occupied (MCLB),"1121 W FAIRVIEW AVE, DAYTON OH 45406-2811 United States",40000,ADDITION,39.787528034307776,-84.22891169955837
BLD2026R-00218,P70 04007 0009,permit_number,06/22/2026,Residential Building Permit,BLD,Vacant,"152 N Sperling AVE, DAYTON OH 45403-1712",1,DEMOLITION,39.76986877704126,-84.14616150676429
BLD2026R-00220,R72 08307 0057,address,06/18/2026,Residential Building Permit,BLD,Vacant Single-Family Residence (In nuisance program),"1507 W SECOND ST, DAYTON OH 45402-6727 United States",,,39.75635325861731,-84.21876416325692
BLD2026R-00217,O67 03814 0217,permit_number,06/18/2026,Residential Building Permit,BLD,Renovated Home,"3220 ZEPHYR DR, DAYTON OH 45414-5451 United States",315000,NEW BUILDI,39.794806638584234,-84.20102572825539
BLD2026R-00216,O67 03814 0195,permit_number,06/18/2026,Residential Building Permit,BLD,Vacant - 1101 - 1103 Richmond Ave,"602 W FAIRVIEW AVE, DAYTON OH 45405-3206 United States",315000,NEW BUILDI,39.7861683641504,-84.22224032360336
BLD2026R-00215,R72 07005 0045,address,06/17/2026,Residential Building Permit,BLD,Vacant - 1101 - 1103 Richmond Ave,"1101 RICHMOND AVE, DAYTON OH 45405-3604 United States",,,39.78005984038567,-84.21076180167337
BLD2026R-00214,R72 11509 0003,address,06/16/2026,Residential Building Permit,BLD,CONSTRUCT NEW SINGLE FAMILY UNIBILT HOME,"2033 CATALPA DR, DAYTON OH 45406-3037 United States",,,39.784851933590964,-84.22586286157858
BLD2026R-00213,O67 20206 0018,permit_number,06/16/2026,Residential Building Permit,BLD,CONSTRUCT NEW SINGLE FAMILY UNIBILT HOME,"2054 CATALPA DR, DAYTON OH 45406-3036 United States",12000,FOOTING /,39.78542691570855,-84.22541440909822
BLD2026R-00212,O67 22337 0099,permit_number,06/16/2026,Residential Building Permit,BLD,CONSTRUCT NEW SINGLE FAMILY UNIBILT HOME,"2058 CATALPA DR, DAYTON OH 45406 United States",25068,ALTERATION,39.78552576180967,-84.22541685754456
BLD2026R-00211,I39 00608 0020,permit_number,06/16/2026,Residential Building Permit,BLD,New Home,"4484 CARDINAL FLOWER DR, DAYTON OH 45404",100,DEMOLITION,,
BLD2026R-00210,O67 22334 0014,permit_number,06/16/2026,Residential Building Permit,BLD,Owner Occupied,"700 KENILWORTH AVE, DAYTON OH 45405-4044 United States",75000,ADDITION,39.775930997394255,-84.214831003184
BLD2026R-00209,O67 21402 0013,permit_number,06/15/2026,Residential Building Permit,BLD,Owner Occupied,"4404 WOODCLIFFE AVE, DAYTON OH 45420-3147 United States",6000,ADDITION,39.73879378695852,-84.13349884058408
BLD2026R-00208,R72617603 0022,address,06/12/2026,Residential Building Permit,BLD,Owner Occupied,"6070 PINE GLEN LN, DAYTON OH 45424-4483 United States",,,39.82171803652484,-84.09972249413386
BLD2026R-00207,R72 01308 0008,address,06/12/2026,Residential Building Permit,BLD,Owner Occupied,"144 HENRY ST, DAYTON OH 45403-2314 United States",,,39.75770166783295,-84.17175893942918
BLD2026R-00205,C06 00501 0001,permit_number,06/11/2026,Residential Building Permit,BLD,New Garage,"537 W FAIRVIEW AVE, DAYTON OH 45405-3205 United States",300000,NEW BUILDI,39.7862550397136,-84.22138825672475
BLD2026R-00203,K47 21207 0004,permit_number,06/11/2026,Residential Building Permit,BLD,Owner Occupied - Structural Repair:,"663 OAK ST, DAYTON OH 45410-1425 United States",2000,ADDITION,39.74920146076808,-84.17515845027741
BLD2026R-00202,R72117524 0015,address,06/10/2026,Residential Building Permit,BLD,Owner Occupied,"138 MARK TWAIN CT, DAYTON OH 45414-3762 United States",,,39.821758525100094,-84.21312177221832
BLD2026R-00201,R72 12113 0093,address,06/10/2026,Residential Building Permit,BLD,New Garage,"1331 ALCOTT AVE, DAYTON OH 45406-4204 United States",,,39.77153377428063,-84.24167704400735
BLD2026R-00206,I39 01213 0025,permit_number,06/08/2026,Residential Building Permit,BLD,New 2-Story Single Residence with Basement,"4640 Blue Iris DR, DAYTON OH 45404",62493,ALTERATION,,
BLD2026R-00204,H33 00919 0009,permit_number,06/08/2026,Residential Building Permit,BLD,Maurice Brown Residence - New Generator,"4062 MIDDLEHURST LN, DAYTON OH 45406-3425 United States",10000,ALTERATION,39.78758027171316,-84.25033554477183
BLD2026R-00200,K45 23218 0023,permit_number,06/08/2026,Residential Building Permit,BLD,Owner Occupied,"2834 HAZEL AVE, DAYTON OH 45420-3009 United States",75000,ADDITION,39.72566517964334,-84.13592573279807
BLD2026R-00199,O67 21811 0012,permit_number,06/05/2026,Residential Building Permit,BLD,Vacant,"1236 WISCONSIN BLVD, DAYTON OH 45417-3947 United States",50000,ADDITION,39.73962385611995,-84.2121451932822
BLD2026R-00198,P70 00813 0030,permit_number,06/04/2026,Residential Building Permit,BLD,Vacant,"1245 Patterson RD, DAYTON OH 45420-1525",16286,SOLAR (BUI,39.723979965067386,-84.1444877418441
BLD2026R-00197,P70 01508 0022,permit_number,06/04/2026,Residential Building Permit,BLD,Owner Occupied,"1311 ALCOTT AVE, DAYTON OH 45406-4204 United States",17040,SOLAR (BUI,39.770869659762766,-84.24165333026112
BLD2026R-00196,R72410804 0001,address,06/04/2026,Residential Building Permit,BLD,Owner Occupied,"3559 SURRY RIDGE WAY, DAYTON OH 45424-8012 United States",,,39.807277892566184,-84.10857211352422
BLD2026R-00195,R72603706 0037,address,06/04/2026,Residential Building Permit,BLD,Owner Occupied,"6319 HARVEST MEADOWS DR, DAYTON OH 45424-4873 United States",,,39.827967910731424,-84.1118884060573
BLD2026R-00194,R72 01304 0037,address,06/03/2026,Residential Building Permit,BLD,New Garage,"25 LA BELLE ST, DAYTON OH 45403-2323 United States",,,39.75786841032723,-84.17334964065468
BLD2026R-00193,R72 01304 0036,address,06/03/2026,Residential Building Permit,BLD,New Garage,"29 LA BELLE ST, DAYTON OH 45403-2323 United States",,,39.75777540028352,-84.17332601509514
BLD2026R-00191,R72 06804 0020,address,06/02/2026,Residential Building Permit,BLD,Rental,"623 ROCKFORD AVE, DAYTON OH 45405-4020 United States",,,39.77740018049949,-84.20655426538347
BLD2026R-00192,R72 08109 0003,address,06/01/2026,Residential Building Permit,BLD,Vacant Single-Family Residence (In nuisance program),"1303 EDISON ST, DAYTON OH 45417-2474 United States",,,39.75659414630908,-84.23147410823415
BLD2026R-00190,O67 22019 0017,permit_number,06/01/2026,Residential Building Permit,BLD,Vacant,"1628 GONDERT AVE, DAYTON OH 45403-3330 United States",16000,SOLAR,39.75470466650533,-84.13769244419132
BLD2026R-00189,D14 00804 0100,permit_number,06/01/2026,Residential Building Permit,BLD,Vacant,"867 OSMOND AVE, DAYTON OH 45402-5240 United States",6790,NEW DETACH,39.76343000540198,-84.24946202272668
BLD2026R-00188,K45 21123 0016,permit_number,05/29/2026,Residential Building Permit,BLD,Vacant,"321 ILLINOIS AVE, DAYTON OH 45410-2037 United States",45000,ALTERATION,39.74104591115825,-84.16345999065781
BLD2026R-00187,P70 01614 0043,permit_number,05/28/2026,Residential Building Permit,BLD,Owner Occupied,"117 MARK TWAIN CT, DAYTON OH 45414-3762 United States",26976,SOLAR (BUI,39.82105895115301,-84.21326837867936
BLD2026R-00186,R72 05801 0080,permit_number,05/27/2026,Residential Building Permit,BLD,Vacant,"961 Webster ST, DAYTON OH 45404-1531",20000,MISC,39.77566449074268,-84.18326043805993
BLD2026R-00185,I39 00610 0028,permit_number,05/27/2026,Residential Building Permit,BLD,Vacant,"27 Gebhart ST, DAYTON OH 45410-1718",60000,ADDITION,39.74441862288399,-84.1674459169637
BLD2026R-00184,O67 21523 0030,permit_number,05/26/2026,Residential Building Permit,BLD,Vacant Single-Family Residence (In nuisance program),"121 MIA AVE, DAYTON OH 45417-9011 United States",40000,ADDITION,39.74993040861367,-84.26615881531421
BLD2026R-00183,F24 00205 0035,permit_number,05/22/2026,Residential Building Permit,BLD,Vacant,"1715 SHAFTESBURY RD, DAYTON OH 45406-3942 United States",11486,ALTERATION,39.78013249904605,-84.24083509925508
BLD2026R-00182,R72 16206 0035,address,05/21/2026,Residential Building Permit,BLD,Temporary Residential Ramp,"1719 SHAFTESBURY RD, DAYTON OH 45406-3942 United States",,,39.780284736620196,-84.24075348378726
BLD2026R-00181,R72 12210 0060,address,05/21/2026,Residential Building Permit,BLD,Vacant,"709 WESTWOOD AVE, DAYTON OH 45402-5340 United States",,,39.76302542574033,-84.2416138355934
BLD2026R-00180,O67 03814 0219,permit_number,05/21/2026,Residential Building Permit,BLD,Vacant,"2929 E FIFTH ST, DAYTON OH 45403-2641 United States",315000,NEW BUILDI,39.76211311377498,-84.1525068460294
BLD2026R-00179,O67 03814 0194,permit_number,05/21/2026,Residential Building Permit,BLD,Vacant,"321 Nassau ST, DAYTON OH 45410-1930",315000,NEW BUILDI,39.75016853114298,-84.16512193283359
BLD2026R-00178,O67 03814 0212,permit_number,05/20/2026,Residential Building Permit,BLD,Owner,"5032 GENESEE AVE, DAYTON OH 45406-2232 United States",315000,NEW BUILDI,39.78463896524584,-84.26699610568673
BLD2026R-00177,O67 03814 0211,permit_number,05/20/2026,Residential Building Permit,BLD,Owner,"1729 EMMONS AVE, DAYTON OH 45410-3464 United States",315000,NEW BUILDI,39.742444709661825,-84.13710561416163
BLD2026R-00175,G27 01610 0131,permit_number,05/19/2026,Residential Building Permit,BLD,,"10 S JERSEY ST, DAYTON OH 45403-2136 United States",150000,NEW BUILDI,39.76543756052813,-84.15302248289004
BLD2026R-00176,O67 22302 0020,permit_number,05/18/2026,Residential Building Permit,BLD,Kendrick House - Bathroom Remodel Project,"1213 CLEMENT AVE, DAYTON OH 45417-4556 United States",59834,ADDITION,39.73874522876432,-84.2270828564441
BLD2026R-00174,O67 17914 0002,permit_number,05/18/2026,Residential Building Permit,BLD,,"29 FOREST GLENN AVE, DAYTON OH 45405-2730 United States",79135,ALTERATION,39.79590569018959,-84.21770774949103
BLD2026R-00173,O67 21503 0004,permit_number,05/18/2026,Residential Building Permit,BLD,New Garage,"1911 AUBURN AVE, DAYTON OH 45406-5615 United States",14733,ALTERATION,39.7824325506217,-84.22811619866582
BLD2026R-00172,A01 26116 0014,permit_number,05/18/2026,Residential Building Permit,BLD,New Garage,"1830 MALVERN AVE, DAYTON OH 45406-4447 United States",22766,ALTERATION,39.78192171011745,-84.22880818080236
BLD2026R-00171,G27 18216 0041,permit_number,05/18/2026,Residential Building Permit,BLD,New Home,"1830 MALVERN AVE, DAYTON OH 45406-4447 United States",5121,ALTERATION,39.78192171011745,-84.22880818080236
BLD2026R-00170,R72 11602 0025,address,05/18/2026,Residential Building Permit,BLD,New Home,"1911 AUBURN AVE, DAYTON OH 45406-5615 United States",,,39.7824325506217,-84.22811619866582
BLD2026R-00169,E21 17304 0013,permit_number,05/18/2026,Residential Building Permit,BLD,New Home,"1903 AUBURN AVE, DAYTON OH 45406",17100,DEMOLITION,,
BLD2026R-00168,P70 00703 0027,permit_number,05/18/2026,Residential Building Permit,BLD,New Home,"1916 MALVERN AVE, DAYTON OH 45406-4449 United States",5852,ALTERATION,39.782562351077466,-84.22880985285065
BLD2026R-00167,O67 21912 0017,permit_number,05/18/2026,Residential Building Permit,BLD,New Home,"1818 MALVERN AVE, DAYTON OH 45406-4447 United States",28000,FOOTING /,39.78156581838307,-84.22879579193722
BLD2026R-00166,,unmatched,05/14/2026,Residential Building Permit,BLD,New Home Construction,"4616 Blue Iris, DAYTON OH",,,,
BLD2026R-00165,E20 24402 0003,permit_number,05/13/2026,Residential Building Permit,BLD,Fire Damage Repair for Existing Residence,"911 BURLEIGH AVE, DAYTON OH 45402-5208 United States",33719,ALTERATION,39.7639885255024,-84.24644822327815
BLD2026R-00164,D14 00904 0028,permit_number,05/12/2026,Residential Building Permit,BLD,Addition to Existing Single-Family Home of William Hurley,"3609 WAYNE AVE, DAYTON OH 45420-2438 United States",350000,NEW DETACH,39.73881352571029,-84.14463141639197
BLD2026R-00163,R72 06809 0020,address,05/12/2026,Residential Building Permit,BLD,Tori Brun,"240 KENWOOD AVE, DAYTON OH 45405-4010 United States",,,39.775255331430614,-84.20714579227854
BLD2026R-00162,R72 02203 0010,address,05/11/2026,Residential Building Permit,BLD,Owner Occupied,"113 CENTRE ST, DAYTON OH 45403-1905 United States",,,39.761123505806594,-84.16417186181845
BLD2026R-00160,R72 13803 0035,permit_number,05/08/2026,Residential Building Permit,BLD,Owner,"329 KLING DR, DAYTON OH 45419-4002 United States",15946,MISC,39.73136074543662,-84.16157520423602
BLD2026R-00159,H33 01106 0015,permit_number,05/08/2026,Residential Building Permit,BLD,Owner Occupied,"563 GREENLAWN AVE, DAYTON OH 45403-3010 United States",13000,DEMOLITION,39.756155365392715,-84.14408375084349
BLD2026R-00158,H33300912 0128,permit_number,05/07/2026,Residential Building Permit,BLD,Vacant,"809 WAYNE AVE, DAYTON OH 45410 United States",12250,DEMOLITION,39.752677635624025,-84.17783537436323
BLD2026R-00157,P70 01407 0014,permit_number,05/06/2026,Residential Building Permit,BLD,Owner,"2315 N MAIN ST, DAYTON OH 45405 United States",3000,ALTERATION,39.78509396667697,-84.21087476720628
BLD2026R-00156,R72 01804 0061,permit_number,05/05/2026,Residential Building Permit,BLD,Vacant,"109 E Foraker AVE, 111, DAYTON OH 45409-2920",150000,ALT,39.747266288384374,-84.18676837303352
BLD2026R-00155,O67 03803 0178,permit_number,05/05/2026,Residential Building Permit,BLD,Vacant,"143 E Parkwood DR, DAYTON OH 45405-3426",40000,ALTERATION,39.78819653729337,-84.20863395415374
BLD2026R-00154,,unmatched,05/05/2026,Residential Building Permit,BLD,New Two-Family Residence,"1225 BRYN MAWR DR, DAYTON OH 45402",,,,
BLD2026R-00153,O67 03814 0199,permit_number,05/05/2026,Residential Building Permit,BLD,New Two-Family Residence,"200 CAMBRIDGE AVE, DAYTON OH 45402",354000,NEW BUILDI,,
BLD2026R-00152,,unmatched,05/05/2026,Residential Building Permit,BLD,New Home Construction,"4392 Weeping Willow Dr., DAYTON OH",,,,
BLD2026R-00151,R72217304 0194,permit_number,05/04/2026,Residential Building Permit,BLD,Owner,"4341 WEEPING WILLOW DR, DAYTON OH 45404 United States",2000,DECK,,
BLD2026R-00150,D15 00711 0075,permit_number,05/04/2026,Residential Building Permit,BLD,Vacant Single-Family Residence (In nuisance program),"1136 HALLER AVE, DAYTON OH 45417-4510 United States",12367,ALTERATION,39.73669247496013,-84.23109000650166
BLD2026R-00149,R72 06201 0014,permit_number,05/04/2026,Residential Building Permit,BLD,Vacant,"46 E HILLCREST AVE, 48, DAYTON OH 45405-2824 United States",3300,MISC,39.790982015966705,-84.21249291736585
BLD2026R-00148,R72 11907 0011,permit_number,05/04/2026,Residential Building Permit,BLD,Owner,"1652 CORNELL DR, DAYTON OH 45406-4627 United States",10031,ALT,39.77612813136946,-84.2338741131737
BLD2026R-00147,R72 12112 0169,permit_number,05/04/2026,Residential Building Permit,BLD,Owner Occupied,"1536 SHELLEY DR, DAYTON OH 45406-4242 United States",14919,ADDN,39.775683033669914,-84.24128974723435
BLD2026R-00146,I39 01213 0025,permit_number,05/04/2026,Residential Building Permit,BLD,Residential Detached Garage,"70 E HELENA ST, DAYTON OH 45405-4207 United States",62493,ALTERATION,39.776371004040676,-84.19878206345713
BLD2026R-00145,O67 03802 0035,permit_number,05/04/2026,Residential Building Permit,BLD,The Townes at Wright Dunbar - Bldg 4,"951 W THIRD ST, DAYTON OH 45402 United States",12000,ADDITION,,
BLD2026R-00144,G27 18306 0001,permit_number,05/04/2026,Residential Building Permit,BLD,The Townes at Wright Dunbar - Bldg 4,"949 W THIRD ST, DAYTON OH 45402 United States",1500,DEMOLITION,,
BLD2026R-00143,L53 02904 0020,permit_number,05/04/2026,Residential Building Permit,BLD,The Townes at Wright Dunbar - Bldg 4,"947 W THIRD ST, DAYTON OH 45402 United States",30061,SOLAR (BUI,,
BLD2026R-00142,H33 01321 0049,permit_number,05/04/2026,Residential Building Permit,BLD,The Townes at Wright Dunbar - Bldg 4,"945 W THIRD ST, DAYTON OH 45402 United States",89000,ALTERATION,,
BLD2026R-00141,O67 03811 0061,permit_number,05/04/2026,Residential Building Permit,BLD,The Townes at Wright Dunbar - Bldg 4,"943 W THIRD ST, DAYTON OH 45402 United States",35000,ALTERATION,39.756620253766386,-84.2105391802679
BLD2026R-00140,C06 00501 0132,permit_number,05/04/2026,Residential Building Permit,BLD,The Townes at Wright Dunbar - Bldg 4,"941 W THIRD ST, DAYTON OH 45402 United States",65000,NEW BUILDI,39.75662941925359,-84.21047540569595
BLD2026R-00139,O67 28609 0005,permit_number,05/01/2026,Residential Building Permit,BLD,1-Story Addition to Existing,"28 LA BELLE ST, DAYTON OH 45403-2324 United States",100000,ADDITION,39.75786526734096,-84.17299377837772
BLD2026R-00138,R72 15210 0083,address,05/01/2026,Residential Building Permit,BLD,Owner Occupied,"1805 TUTTLE AVE, DAYTON OH 45403-3429 United States",,,39.75397011550387,-84.13367132270339
BLD2026R-00136,R72 03807 0007,permit_number,04/30/2026,Residential Building Permit,BLD,Rental,"1014 ARBOR AVE, DAYTON OH 45420-1903 United States",15280,ALT,39.74586382248975,-84.15112562368233
BLD2026R-00135,O67 03605 0162,permit_number,04/30/2026,Residential Building Permit,BLD,New Construction,"4504 Cardinal Flower DR, Miamisburg OH 45342",15000,ADDITION,,
BLD2026R-00134,E21 17205 0066,permit_number,04/30/2026,Residential Building Permit,BLD,Who Rehab Initiative,"2654 N GETTYSBURG AVE, DAYTON OH 45406-1710 United States",100,DEMOLITION,39.79412457157825,-84.25356827765926
BLD2026R-00133,R72 11505 0027,permit_number,04/30/2026,Residential Building Permit,BLD,Vacant,"2025 Philadelphia DR, DAYTON OH 45406-2721",30000,REMODEL,39.78451117481315,-84.2351647291541
BLD2026R-00132,R72 14611 0027,permit_number,04/30/2026,Residential Building Permit,BLD,Vacant,"2313 FAUVER AVE, DAYTON OH 45420-2524 United States",75000,FIRE REPR,39.73349140060176,-84.14214447974645
BLD2026R-00131,R72 07701 0048,permit_number,04/30/2026,Residential Building Permit,BLD,Vacant,"605 OXFORD AVE, DAYTON OH 45402-5821 United States",14000,MISC,39.76897069384706,-84.22489302679581
BLD2026R-00128,R72 08001 0076,permit_number,04/28/2026,Residential Building Permit,BLD,Owner Occupied,"1200 WILSON DR, DAYTON OH 45402-5621 United States",23752,ALT,39.76935356208743,-84.23150652904117
BLD2026R-00127,O67 03603 0022,permit_number,04/27/2026,Residential Building Permit,BLD,Owner Occupied,"1306 XENIA AVE, DAYTON OH 45410-2413 United States",830000,ALTERATION,39.75276948720128,-84.1577279281444
BLD2026R-00126,R72 05204 0075,permit_number,04/27/2026,Residential Building Permit,BLD,FIRE DAMAGE,"1325 Schaeffer ST, DAYTON OH 45404-1762",40000,FIRE REPR,39.781761695070685,-84.17550010441845
BLD2026R-00125,R72 04502 0027,permit_number,04/27/2026,Residential Building Permit,BLD,Vacant,"30 BRENNER AVE, DAYTON OH 45403-1122 United States",16000,MISC,39.76603400121489,-84.16413839562972
BLD2026R-00124,R72 05307 0044,permit_number,04/27/2026,Residential Building Permit,BLD,Owner,"7 BALTIMORE ST, DAYTON OH 45404-1950 United States",34444,MISC,39.775644363666295,-84.17125718551871
BLD2026R-00123,R72 16305 0015,permit_number,04/27/2026,Residential Building Permit,BLD,Owner Occupied,"2210 KIPLING DR, DAYTON OH 45406-2607 United States",2000,MISC,39.78925948625814,-84.24268977785871
BLD2026R-00122,C05 00109 0041,permit_number,04/27/2026,Residential Building Permit,BLD,Vacant Repair and Remodel,"59 BALTIMORE ST, DAYTON OH 45404-1950 United States",10000,ALTERATION,39.77703819234722,-84.17113757595492
BLD2026R-00121,R72 11102 0006,address,04/24/2026,Residential Building Permit,BLD,Remodel,"22 MAYLAN DR, DAYTON OH 45405-2736 United States",,,39.79654684218227,-84.21798693686273
BLD2026R-00120,R72 11908 0029,permit_number,04/24/2026,Residential Building Permit,BLD,Owner Occupied,"1575 EARLHAM DR, DAYTON OH 45406-4734 United States",19225,ALT,39.77583805021651,-84.23102717791788
BLD2026R-00119,R72 03005A0020,permit_number,04/24/2026,Residential Building Permit,BLD,Owner Occupied,"22 PLUMWOOD RD, DAYTON OH 45409-2510 United States",18697,MISC,39.73629838750718,-84.1845611387031
BLD2026R-00118,R72 02703 0011,address,04/24/2026,Residential Building Permit,BLD,Owner Occupied,"24 JOHNSON ST, DAYTON OH 45410-1385 United States",,,39.74854307293723,-84.17970994765665
BLD2026R-00117,R72217304 0215,permit_number,04/24/2026,Residential Building Permit,BLD,Owner Occupied,"4302 WEEPING WILLOW DR, DAYTON OH 45404 United States",5000,DECK,,
BLD2026R-00116,R72 13008 0046,permit_number,04/23/2026,Residential Building Permit,BLD,Owner Occupied,"322 BUNGALOW RD, DAYTON OH 45417-1304 United States",8945,MISC,39.7526461209707,-84.25648748170465
BLD2026R-00114,A01 21309 0018,permit_number,04/23/2026,Residential Building Permit,BLD,Owner Occupied,"4817 Avocet Ct, DAYTON OH 45424",17600,SOLAR (BUI,39.823106614125905,-84.11278714121327
BLD2026R-00113,O67 03803 0167,permit_number,04/23/2026,Residential Building Permit,BLD,New Home Construction,"4620 Blue Iris Dr., DAYTON OH",130000,ALTERATION,,
BLD2026R-00112,A01 20116 0021,permit_number,04/22/2026,Residential Building Permit,BLD,Owner Occupied,"716 MOUNT CLAIR AVE, DAYTON OH 45417-3563 United States",40000,ALTERATION,39.73965060707513,-84.24654620845462
BLD2026R-00130,H33 00209 0026,permit_number,04/20/2026,Residential Building Permit,BLD,Maronda Homes - New Single-Family Home,"6665 Chickadee DR, DAYTON OH 45458",200000,ALTERATION,,
BLD2026R-00129,A01 00201 0005,permit_number,04/20/2026,Residential Building Permit,BLD,Maronda Homes - New Single-Family Home,"6654 Chickadee DR, DAYTON OH 45458",85000,NEW DETACH,,
BLD2026R-00111,R72 03603 0034,permit_number,04/20/2026,Residential Building Permit,BLD,Owner,"1257 EPWORTH AVE, DAYTON OH 45410-2613 United States",5000,ALT,39.74235277040081,-84.15708543327763
BLD2026R-00110,H33201706 0009,permit_number,04/20/2026,Residential Building Permit,BLD,,"1648 PENCE PL, DAYTON OH 45432-3316 United States",87990,ADDITION,39.7343582808844,-84.12272943094048
BLD2026R-00109,E21 17604 0051,permit_number,04/20/2026,Residential Building Permit,BLD,,"628 HICKORY ST, DAYTON OH 45410-1235 United States",30000,NEW DETACH,39.752453055410506,-84.17856619864675
BLD2026R-00108,I39 01009 0005,permit_number,04/20/2026,Residential Building Permit,BLD,Vacant,"3822 HOOVER AVE, DAYTON OH 45402-5233 United States",193000,ALTERATION,39.761251222843164,-84.2501011022826
BLD2026R-00107,A01 50515 0009,permit_number,04/20/2026,Residential Building Permit,BLD,New 3-Story Single Family Home,"112 S DUTOIT ST, DAYTON OH 45402",34155,ALTERATION,39.76109495834675,-84.17409950014863
BLD2026R-00106,L54 00408 0068,permit_number,04/20/2026,Residential Building Permit,BLD,New Home,"617 MIAMI CHAPEL RD, DAYTON OH 45417",167575,NEW BUILDI,39.73823717931981,-84.20538206140704
BLD2026R-00105,O67 21617 0005,permit_number,04/20/2026,Residential Building Permit,BLD,Owner Occupied,"13 SPRINGFIELD ST, DAYTON OH 45403-1152 United States",60000,ADDITION,39.76421409567414,-84.16545046878024
BLD2026R-00104,L55 02702 0044,permit_number,04/20/2026,Residential Building Permit,BLD,NEW SINGLE FAMILY HOME,"4513 CARDINAL FLOWER, DAYTON OHIO 45404",93000,ALTERATION,,
BLD2026R-00102,R72 03105 0044,permit_number,04/20/2026,Residential Building Permit,BLD,Owner Occupied,"304 STONEMILL RD, DAYTON OH 45409-2543 United States",3200,MISC,39.73657142999481,-84.17912983030034
BLD2026R-00101,R72 15612 0061,permit_number,04/20/2026,Residential Building Permit,BLD,Vacant Rental,"3930 RIDGE AVE, DAYTON OH 45414-5328 United States",45000,FIRE REPR,39.80139873186808,-84.19651981905751
BLD2026R-00115,O67 51015 0078,permit_number,04/17/2026,Residential Building Permit,BLD,Residential Re-roofing Project,"134 S TORRENCE ST, DAYTON OH 45403-2044 United States",13936,ALTERATION,39.76182695089284,-84.15856606529309
BLD2026R-00100,,unmatched,04/17/2026,Residential Building Permit,BLD,New Home,"4621 BLUE IRIS DR, DAYTON OH 45404",,,,
BLD2026R-00099,D14 00909 0018,permit_number,04/16/2026,Residential Building Permit,BLD,New 1-Story Single Family Home,"5121 Yalecrest RD, DAYTON OH 45449",80000,ADDITION,,
BLD2026R-00103,O67 03807 0178,permit_number,04/13/2026,Residential Building Permit,BLD,New 2-Story Single Family Home w/ Basement,"4507 Cardinal Flower DR, DAYTON OH 45404",1200000,NEW BUILDI,,
BLD2026R-00137,R72 12601 0050,permit_number,04/10/2026,Residential Building Permit,BLD,Single-Family Residence Renovation (In nuisance program),"1804 Oakridge DR, DAYTON OH 45417-2315",30000,REHAB,39.75806696034017,-84.2345560370266
BLD2026R-00097,P70 01710 0048,permit_number,04/09/2026,Residential Building Permit,BLD,Existing Addition,"624 Dennison AVE, DAYTON OH 45417-3219",12160,SOLAR (BUI,39.74569895338186,-84.22996917161366
BLD2026R-00161,R72 07808 0009,address,04/08/2026,Residential Building Permit,BLD,Remodel Existing Single-Family Home,"403 LEXINGTON AVE, DAYTON OH 45402-6047 United States",,,39.76820911209899,-84.21973974872766
BLD2026R-00095,O67 22404 0009,permit_number,04/08/2026,Residential Building Permit,BLD,Owner,"614 HALL AVE, DAYTON OH 45404-1540 United States",5000,SOLAR (BUI,39.78119578779266,-84.18603470614057
BLD2026R-00094,R72 03206 0025,permit_number,04/08/2026,Residential Building Permit,BLD,Owner,"224 RAVELLE CT, DAYTON OH 45420-1894 United States",57000,ALT,39.737002836507884,-84.16316078712114
BLD2026R-00093,R72 06810 0031,permit_number,04/08/2026,Residential Building Permit,BLD,373 & 375 Kenwood Ave.,"373 KENWOOD AVE, DAYTON OH 45405-4013 United States",72000,MISC,39.77558360663848,-84.21023554218334
BLD2026R-00092,G27 01604 0065,permit_number,04/08/2026,Residential Building Permit,BLD,Garage,"369 GENEVA RD, DAYTON OH 45417-1367 United States",116511,NEW BUILDI,39.75301656046059,-84.2605238067652
BLD2026R-00090,R72 04105 0030,permit_number,04/02/2026,Residential Building Permit,BLD,Vacant,"808 Linden AVE, DAYTON OH 45410-2704",5700,FIRE REPR,39.753769279334655,-84.15214434262391
BLD2026R-00089,P70 01216 0012,permit_number,04/02/2026,Residential Building Permit,BLD,New Home,"4220 WEEPING WILLOW DR, DAYTON OH 45404 United States",27211,SOLAR (BUI,,
BLD2026R-00088,,unmatched,04/02/2026,Residential Building Permit,BLD,NEW SINGLE FAMILY HOME,"4414 Water Willow CT, Dayton Ohio 45404",,,,
BLD2026R-00098,R72 14802 0056,permit_number,03/30/2026,Residential Building Permit,BLD,Fire Damage Repair for Existing Residence,"2217 NILL AVE, DAYTON OH 45420-2368 United States",90000,FIRE REPR,39.735259634373755,-84.1474211829501
BLD2026R-00087,C05 00109 0123,permit_number,03/30/2026,Residential Building Permit,BLD,Vacant,"1928 WARD HILL AVE, DAYTON OH 45420-3159 United States",161048,NEW BUILDI,39.73803065351642,-84.13368367972768
BLD2026R-00086,R72 10909 0002,permit_number,03/30/2026,Residential Building Permit,BLD,Vacant,"105 FERNWOOD AVE, DAYTON OH 45405-2620 United States",150000,FIRE REPR,39.794089378267714,-84.21161540883868
BLD2026R-00096,R72 08308 0027,permit_number,03/27/2026,Residential Building Permit,BLD,Vacant Single Family Residence (In nuisance program),"128 N PAUL LAURENCE DUNBAR ST, DAYTON OH 45402-6711 United States",87500,REHAB,39.75706621701635,-84.21830519017807
BLD2026R-00085,R72 04501 0011,permit_number,03/26/2026,Residential Building Permit,BLD,Vacant,"135 STAINTON AVE, DAYTON OH 45403-1140 United States",150000,ALT,39.76560450969457,-84.16614551250807
BLD2026R-00084,O67 03814 0171,permit_number,03/26/2026,Residential Building Permit,BLD,New Home,"4492 CARDINAL FLOWER DR, DAYTON OH 45404",25000,ALTERATION,,
BLD2026R-00091,R72 04208 0022,permit_number,03/25/2026,Residential Building Permit,BLD,Vacant,"21 LIVINGSTON AVE, DAYTON OH 45403-2937 United States",150000,FIRE REPR,39.75757879737608,-84.14888444374286
BLD2026R-00083,R72410823 0006,permit_number,03/20/2026,Residential Building Permit,BLD,,"4301 TARNVIEW CT, DAYTON OH 45424-5186 United States",33000,DECK,39.80538157252136,-84.10610041394415
BLD2026R-00082,R72 07704 0002,address,03/20/2026,Residential Building Permit,BLD,,"1603 W GRAND AVE, DAYTON OH 45402-5839 United States",,,39.76710188468885,-84.22314242653201
BLD2026R-00081,C05 00112 0007,permit_number,03/19/2026,Residential Building Permit,BLD,Vacant,"309 ASHWOOD AVE, DAYTON OH 45405-2522 United States",40000,ADDITION,39.79782701110228,-84.20988116786751
BLD2026R-00080,R72 02306 0051,permit_number,03/17/2026,Residential Building Permit,BLD,Rental,"300 PRITZ AVE, DAYTON OH 45403-2524 United States",500,FIRE REPR,39.755072148287674,-84.15644512189131
BLD2026R-00079,R72 14607 0065,permit_number,03/12/2026,Residential Building Permit,BLD,Owner Occupied,"2538 REVERE AVE, DAYTON OH 45420-1804 United States",5420,ADDN,39.732189518314534,-84.150168748067
BLD2026R-00078,I39 00711 0033,permit_number,03/12/2026,Residential Building Permit,BLD,New Home,"4321 WILLOW HILLS DR, DAYTON OH 45404 United States",8316,ALTERATION,,
BLD2026R-00077,R72 07901 0072,permit_number,03/11/2026,Residential Building Permit,BLD,Vacant,"1215 Windsor AVE, DAYTON OH 45402-5719",5000,ALT,39.76972879043612,-84.2284131154791
BLD2026R-00076,R72 01206 0029,permit_number,03/11/2026,Residential Building Permit,BLD,New Home,"52 S TERRY ST, DAYTON OH 45403",20000,DWLG,,
BLD2026R-00075,R72 01206 0028,permit_number,03/11/2026,Residential Building Permit,BLD,New Home,"52 S TERRY ST, DAYTON OH 45403",180000,DWLG,,
BLD2026R-00074,R72 04501 0028,permit_number,03/10/2026,Residential Building Permit,BLD,Vacant,"148 Stainton AVE, DAYTON OH 45403-1141",1950,ALT,39.76585263987668,-84.16588457528879
BLD2026R-00073,R72 11602 0056,address,03/09/2026,Residential Building Permit,BLD,Vacant,"1907 MALVERN AVE, DAYTON OH 45406-4450 United States",,,39.7823054868001,-84.22928388286871
BLD2026R-00072,O67 22209 0027,permit_number,03/09/2026,Residential Building Permit,BLD,New Home,"6950 BLUEBIRD DR, DAYTON OH 45424",104000,NEW DETACH,,
BLD2026R-00071,R72 07705 0040,permit_number,03/06/2026,Residential Building Permit,BLD,Vacant,"302 LEXINGTON AVE, DAYTON OH 45402-6044 United States",13000,ALT,39.76776916800765,-84.21809927635317
BLD2026R-00070,G27 01707 0034,permit_number,03/04/2026,Residential Building Permit,BLD,Owner,"4428 ACCLIVIS LN, DAYTON OH 45424-5189 United States",22072,FOOTING /,39.805111432033584,-84.10357373380381
BLD2026R-00069,G27 01707 0034,permit_number,03/04/2026,Residential Building Permit,BLD,Basement Bedroom,"302 LEXINGTON AVE, DAYTON OH 45402-6044 United States",22072,ALTERATION,39.76776916800765,-84.21809927635317
BLD2026R-00068,R72 14009 0039,permit_number,03/03/2026,Residential Building Permit,BLD,Owner,"915 GAINSBOROUGH RD, DAYTON OH 45419-3709 United States",13022,ADDN,39.720454850891,-84.15573292519167
BLD2026R-00067,R72 08308 0029,permit_number,03/03/2026,Residential Building Permit,BLD,Owner,"122 N PAUL LAURENCE DUNBAR ST, DAYTON OH 45402-6756 United States",9082,ADDN,39.75690705541279,-84.21826198069114
BLD2026R-00066,,unmatched,03/02/2026,Residential Building Permit,BLD,New Home,"4369 WEEPING WILLOW DR, DAYTON OH 45404 United States",,,,
BLD2026R-00065,C05 00109 0075,permit_number,03/02/2026,Residential Building Permit,BLD,New Home,"4214 WEEPING WILLOW DR, DAYTON OH 45404 United States",25915,ADDITION,,
BLD2026R-00064,L54 00408 0085,permit_number,03/02/2026,Residential Building Permit,BLD,New Home,"4503 BLUE IRIS DR, DAYTON OHIO 45404",151400,NEW BUILDI,,
BLD2026R-00063,R72 06601 0039,address,03/02/2026,Residential Building Permit,BLD,Vacant,"804 HARVARD BLVD, DAYTON OH 45406-5226 United States",,,39.77275637142474,-84.21054689889418
BLD2026R-00062,R72 12606 0044,permit_number,03/02/2026,Residential Building Permit,BLD,Vacant,"400 BURLEIGH AVE, DAYTON OH 45417-1634 United States",10000,FIRE REPR,39.75645276840241,-84.24578980415247
BLD2026R-00061,R72 04701 0060,address,03/02/2026,Residential Building Permit,BLD,Vacant,"114 N HARBINE AVE, DAYTON OH 45403-1319 United States",,,39.7683347611033,-84.15019571691244
BLD2026R-00060,R72 08706 0089,permit_number,03/02/2026,Residential Building Permit,BLD,New Home,"18 MERCER AVE, DAYTON OH 45402",200000,DWLG,,
BLD2026R-00059,R72 08706 0095,permit_number,03/02/2026,Residential Building Permit,BLD,New Garage,"135 S WILLIAMS ST, DAYTON OH 45402 United States",20000,DET GAR,,
BLD2026R-00058,R72 08706 0095,permit_number,03/02/2026,Residential Building Permit,BLD,New Home,"135 S WILLIAMS ST, DAYTON OH 45402 United States",180000,DWLG,,
BLD2026R-00057,R72617603 0017,permit_number,02/27/2026,Residential Building Permit,BLD,Owner,"6045 PINE GLEN LN, DAYTON OH 45424-4476 United States",15700,ALT,39.822210609046735,-84.1006489409797
BLD2026R-00056,K45 02612 0075,permit_number,02/25/2026,Residential Building Permit,BLD,Duplex Addition,"20 N TORRENCE ST, DAYTON OH 45403-1114 United States",420000,NEW BUILDI,39.7653562733071,-84.15965697904709
BLD2026R-00055,L54 00408 0062,permit_number,02/24/2026,Residential Building Permit,BLD,Owner,"3249 ZEPHYR DR, DAYTON OH 45414-5458 United States",167575,NEW BUILDI,39.79565122626251,-84.20166926640945
BLD2026R-00054,R72 12205 0052,permit_number,02/23/2026,Residential Building Permit,BLD,Vacant,"712 BROOKLYN AVE, DAYTON OH 45402-5401 United States",1800,ALT,39.76429139159123,-84.23994120543843
BLD2026R-00053,R72 11508 0018,permit_number,02/23/2026,Residential Building Permit,BLD,Vacant,"2247 Salem AVE, DAYTON OH 45406-5629",16000,ALT,39.78461775711912,-84.22870780105028
BLD2026R-00052,R72 04413 0055,permit_number,02/23/2026,Residential Building Permit,BLD,Vacant,"506 BURKHARDT AVE, DAYTON OH 45403-2708 United States",4000,ALT,39.76071776703882,-84.14748224649992
BLD2026R-00051,R72 16510 0041,permit_number,02/23/2026,Residential Building Permit,BLD,Owner Occupied,"5345 MIDDLEBURY RD, DAYTON OH 45432-3613 United States",2536,ADDN,39.736648658174445,-84.11496560345327
BLD2026R-00050,R72 09309 0039,permit_number,02/19/2026,Residential Building Permit,BLD,Vacant,"25 S MOSS AVE, DAYTON OH 45417-1803 United States",20000,FIRE REPR,39.75038943143291,-84.24232609797026
BLD2026R-00049,R72 10208 0039,permit_number,02/17/2026,Residential Building Permit,BLD,WHO Rehab Initiative,"704 CLEGG ST, DAYTON OH 45417-4633 United States",20000,ALT,39.73968126609214,-84.20671558986616
BLD2026R-00048,R72 02507 0035,permit_number,02/13/2026,Residential Building Permit,BLD,Vacant,"324 PIERCE ST, DAYTON OH 45410-1604 United States",3400,ALT,39.7494736826956,-84.16821744442005
BLD2026R-00047,R72217304 0202,permit_number,02/13/2026,Residential Building Permit,BLD,New Home,"4370 WEEPING WILLOW DR, DAYTON OH 45404 United States",140098,DWLG,,
BLD2026R-00046,R72 05705 0043,permit_number,02/13/2026,Residential Building Permit,BLD,Vacant,"538 BANNOCK ST, DAYTON OH 45404-1502 United States",500,ALT,39.78193558870122,-84.18690320495297
BLD2026R-00045,R72 01208 0088,permit_number,02/12/2026,Residential Building Permit,BLD,Owner Occupied,"109 RINGGOLD ST, DAYTON OH 45403 United States",5075,ADDN,39.76085653238708,-84.16849391698412
BLD2026R-00044,A01 25923 0034,permit_number,02/12/2026,Residential Building Permit,BLD,Owner Occupied,"500 NIAGARA AVE, DAYTON OH 45405-3742 United States",10164,ALTERATION,39.77978329669574,-84.21839202478887
BLD2026R-00043,H33301011 0067,permit_number,02/11/2026,Residential Building Permit,BLD,Vacant,"1809 W GRAND AVE, 1811, DAYTON OH 45402-5721 United States",10000,ALTERATION,39.76702525539729,-84.22703666899116
BLD2026R-00042,R72 01305 0042,address,02/10/2026,Residential Building Permit,BLD,1 Story Single Residence Repair,"163 HENRY ST, DAYTON OH 45403-2313 United States",,,39.75720994379359,-84.17196770011923
BLD2026R-00041,R72 13903 0011,permit_number,02/09/2026,Residential Building Permit,BLD,Owner,"921 Shroyer RD, DAYTON OH 45419-3633",27104,ADDN,39.72192029873997,-84.16121157225089
BLD2026R-00040,R72 15407 0019,permit_number,02/06/2026,Residential Building Permit,BLD,Vacant,"1921 Tuttle AVE, DAYTON OH 45403-3431",35000,ALT,39.75389446215779,-84.13122035393424
BLD2026R-00039,R72 15407 0019,permit_number,02/06/2026,Residential Building Permit,BLD,Vacant,"1921 Tuttle AVE, DAYTON OH 45403-3431",35000,FIRE REPR,39.75389446215779,-84.13122035393424
BLD2026R-00038,O67 21421 0013,permit_number,02/05/2026,Residential Building Permit,BLD,NEW SINGLE FAMILY HOME,"4151 WEEPING WILLOW DR, DAYTON OH 45404 United States",5685,ALTERATION,,
BLD2026R-00037,P70 02107 0058,permit_number,02/05/2026,Residential Building Permit,BLD,New Home,"4418 WATER WILLOW CT, DAYTON OHIO 45404",147122,NEW BUILDI,,
BLD2026R-00036,P70 02107 0057,permit_number,02/04/2026,Residential Building Permit,BLD,Vacant,"51 Mary AVE, DAYTON OH 45405-3838",144985,NEW BUILDI,39.7804584610142,-84.20434070420463
BLD2026R-00035,R72 02304 0032,permit_number,02/04/2026,Residential Building Permit,BLD,Vacant,"224 Pritz AVE, DAYTON OH 45403-2522",9000,REMODEL,39.75571265032883,-84.15639279438888
BLD2026R-00034,R72 09302 0058,permit_number,02/04/2026,Residential Building Permit,BLD,Vacant,"52 BISH AVE, DAYTON OH 45417-2123 United States",10000,REMODEL,39.750863288256554,-84.23575698731072
BLD2026R-00033,P70 02107 0051,permit_number,02/04/2026,Residential Building Permit,BLD,Porch Repair - Single-family dwelling,"925 FERGUSON AVE, DAYTON OH 45402-6115 United States",145303,NEW BUILDI,39.766274464044805,-84.21666771052547
BLD2026R-00032,R72 08603 0092,permit_number,02/04/2026,Residential Building Permit,BLD,New Garage,"136 S WILLIAMS ST, DAYTON OH 45402 United States",20000,DET GAR,39.75382640622974,-84.21210917614891
BLD2026R-00031,R72 08603 0092,permit_number,02/04/2026,Residential Building Permit,BLD,New Home,"136 S WILLIAMS ST, DAYTON OH 45402 United States",180000,DWLG,39.75382640622974,-84.21210917614891
BLD2026R-00030,R72 03112 0031,permit_number,02/03/2026,Residential Building Permit,BLD,Triplex @ 456 Lowes St - Unit C,"456 LOWES ST, APT/UNIT C, DAYTON OH 45409-2438 United States",14000,ALT,39.73509175672422,-84.17489402354208
BLD2026R-00029,R72 04413 0045,permit_number,02/03/2026,Residential Building Permit,BLD,,"507 SHERIDAN AVE, DAYTON OH 45403-2737 United States",3000,ADDN,39.76010983902427,-84.1475603777508
BLD2026R-00028,,unmatched,02/02/2026,Residential Building Permit,BLD,New Home,"4315 WILLOW HILLS, DAYTON OH",,,,
BLD2026R-00027,,unmatched,02/02/2026,Residential Building Permit,BLD,New Home,"4419 WATER WILLOW CT, DAYTON OHIO 45404",,,,
BLD2026R-00026,R72 12909 0023,permit_number,01/30/2026,Residential Building Permit,BLD,Owner,"736 GENEVA RD, DAYTON OH 45417-1215 United States",24421,ADDN,39.756697621156526,-84.26005118255597
BLD2026R-00025,R72217304 0120,permit_number,01/28/2026,Residential Building Permit,BLD,Owner Occupied,"4385 CONEFLOWER DR, DAYTON OH 45404 United States",20000,BSMT FIN,39.81717467275231,-84.14137034098
BLD2026R-00024,R72 12306 0031,permit_number,01/27/2026,Residential Building Permit,BLD,Vacant,"854 OSMOND AVE, DAYTON OH 45402-5239 United States",20000,ALT,39.763151274818,-84.2490067521131
BLD2026R-00023,R72 09504 0008,permit_number,01/27/2026,Residential Building Permit,BLD,Owner,"427 DEARBORN AVE, DAYTON OH 45417",9916,ADDN,39.74584605453631,-84.23930641787402
BLD2026R-00022,K45 25610 0046,permit_number,01/27/2026,Residential Building Permit,BLD,Owner,"113 MCDANIEL ST, DAYTON OH 45405-4819 United States",15000,ADDITION,39.76755003758936,-84.1960443596451
BLD2026R-00021,R72 06904A0009,permit_number,01/27/2026,Residential Building Permit,BLD,Owner,"927 FERNDALE AVE, DAYTON OH 45406-5112 United States",15428,ADDN,39.77477069470372,-84.21287375135789
BLD2026R-00019,E21 17410 0044,permit_number,01/23/2026,Residential Building Permit,BLD,New Home,"4382 WEEPING WILLOW DR, DAYTON OH 45404 United States",9500,ALTERATION,,
BLD2026R-00018,O67 28915 0008,permit_number,01/23/2026,Residential Building Permit,BLD,New Home,"4318 WEEPING WILLOW DR, DAYTON OH 45404 United States",40000,ALTERATION,,
BLD2026R-00017,R72 03206 0018,permit_number,01/23/2026,Residential Building Permit,BLD,Owner,"205 NICOLE CT, DAYTON OH 45420-1897 United States",8000,ADDN,39.737530923634466,-84.16425628328531
BLD2026R-00016,R72 08201 0023,permit_number,01/22/2026,Residential Building Permit,BLD,Vacant,"167 N MARION ST, DAYTON OH 45417-2207 United States",7000,FIRE REPR,39.75587411199691,-84.23355517376483
BLD2026R-00015,R72 16214 0109,address,01/22/2026,Residential Building Permit,BLD,Vacant,"1959 SHAFTESBURY RD, DAYTON OH 45406 United States",,,39.78471306214781,-84.24080006455404
BLD2026R-00020,C05 00314 0079,permit_number,01/21/2026,Residential Building Permit,BLD,Vacant,"2024 RUSTIC RD, DAYTON OH 45405-3233 United States",611000,NEW BUILDI,39.78460313471141,-84.2216891338089
BLD2026R-00014,R72 03608 0048,permit_number,01/21/2026,Residential Building Permit,BLD,Vacant,"1409 HOLLY AVE, DAYTON OH 45410-2630 United States",8000,ALT,39.740069276020336,-84.15527056398122
BLD2026R-00013,R72 07509 0011,permit_number,01/20/2026,Residential Building Permit,BLD,Vacant - 1321 - 1323 W. Riverview Ave.,"1321 W Riverview AVE, 1323, DAYTON OH 45402-6216",5000,ALT,39.76217550376033,-84.21588360922674
BLD2026R-00012,O67 03709 0009,permit_number,01/14/2026,Residential Building Permit,BLD,New Home,"4238 WEEPING WILLOW DR, DAYTON OH 45404 United States",125000,ADDITION,,
BLD2026R-00011,R72 04703 0013,permit_number,01/14/2026,Residential Building Permit,BLD,Vacant,"16 N HEDGES ST, DAYTON OH 45403-1321 United States",65000,REMODEL,39.767141911669,-84.14859222028943
BLD2026R-00010,R72 02208 0036,permit_number,01/14/2026,Residential Building Permit,BLD,,"241 LINDEN AVE, DAYTON OH 45403-2542 United States",20000,REMODEL,39.759724383623826,-84.16084028879716
BLD2026R-00009,R72117201 0041,permit_number,01/09/2026,Residential Building Permit,BLD,Barn Remodel and Addition,"1724 BARTLEY RD, DAYTON OH 45414",200000,REMODEL,39.82822717939078,-84.20392569485801
BLD2026R-00008,R72 14805 0075,permit_number,01/09/2026,Residential Building Permit,BLD,Owner,"2213 ROSEMONT BLVD, DAYTON OH 45420-2536 United States",26135,ADDN,39.73647591100775,-84.14352357196847
BLD2026R-00007,R72 16502 0009,permit_number,01/09/2026,Residential Building Permit,BLD,Vacant,"5042 WOODBINE AVE, DAYTON OH 45432-3630 United States",4200,ADDN,39.73554191415214,-84.11994030059905
BLD2026R-00006,R72 12606 0022,permit_number,01/09/2026,Residential Building Permit,BLD,Vacant,"415 BURLEIGH AVE, DAYTON OH 45417-1633 United States",23500,ALT,39.75678910369895,-84.2462535706402
BLD2026R-00005,R72 10405 0015,address,01/07/2026,Residential Building Permit,BLD,CREATE 2 - 3 BEDROOM DUPLEX,"1318 Danner AVE, DAYTON OH 45417",,,39.73864767276713,-84.22177570520283
BLD2026R-00004,R72 01913 0021,permit_number,01/06/2026,Residential Building Permit,BLD,New Home,"59 ALBERTA ST, DAYTON OH 45410 United States",320000,DWLG,39.748916203536815,-84.18336144414069
BLD2026R-00003,R72 03511 0019,permit_number,01/06/2026,Residential Building Permit,BLD,Owner,"2412 WAYNE AVE, DAYTON OH 45420-1831 United States",25526,ALT,39.73966669492417,-84.15907018889573
BLD2026R-00002,R72 15008 0065,permit_number,01/05/2026,Residential Building Permit,BLD,,"3046 MESMER AVE, DAYTON OH 45410-3448 United States",13000,ALT,39.743387428750964,-84.13821615722341
BLD2026R-00001,R72 05709 0017,permit_number,01/02/2026,Residential Building Permit,BLD,Vacant,"1609 MACK AVE, 1611, DAYTON OH 45404",70000,FIRE REPR,39.78330748893216,-84.17224179155309
ELC2026R-00550,O67 03814 0202,permit_number,06/30/2026,Residential Electrical Permit,ELC,,"2539 BAYWOOD ST, DAYTON OH 45406-1410 United States",0,,39.794302941401064,-84.25650580356078
ELC2026R-00549,A01 20309 0012,permit_number,06/30/2026,Residential Electrical Permit,ELC,,"2 E HUDSON AVE, DAYTON OH 45405-3502 United States",0,,39.78318182993335,-84.2085038377682
ELC2026R-00548,R72 16402 0048,address,06/30/2026,Residential Electrical Permit,ELC,,"2243 NEWGATE AVE, DAYTON OH 45420-3357 United States",,,39.734457365719884,-84.12942478769794
ELC2026R-00547,O67 22307 0014,permit_number,06/30/2026,Residential Electrical Permit,ELC,,"323 Nassau ST, DAYTON",0,,39.75012185047842,-84.16512081753285
ELC2026R-00546,M58 00208 0030,permit_number,06/30/2026,Residential Electrical Permit,ELC,,"321 Nassau ST, DAYTON OH 45410-1930",0,,39.75016853114298,-84.16512193283359
ELC2026R-00545,I39 01113 0014,permit_number,06/29/2026,Residential Electrical Permit,ELC,,"59 ALBERTA ST, DAYTON OH 45410 United States",0,,39.748916203536815,-84.18336144414069
ELC2026R-00544,L54 00408 0083,permit_number,06/29/2026,Residential Electrical Permit,ELC,,"2902 E FIFTH ST, DAYTON OH 45403-2642 United States",0,,39.76167819108658,-84.15355671748634
ELC2026R-00543,O67 20604 0013,permit_number,06/29/2026,Residential Electrical Permit,ELC,,"1216 Amherst PL, DAYTON OH 45406-5032",0,,39.77376080958387,-84.21826843213165
ELC2026R-00542,H33 01613 0009,permit_number,06/29/2026,Residential Electrical Permit,ELC,,"1211 DONALD AVE, DAYTON OH 45420-2221 United States",0,,39.72783190484466,-84.14549250056405
ELC2026R-00541,R72 15701 0137,address,06/29/2026,Residential Electrical Permit,ELC,HOMEOWNER'S PERMIT,"3603 DANDRIDGE AVE, DAYTON OH 45402-4116 United States",,,39.76580966149335,-84.24732294181716
ELC2026R-00540,R72 10212 0041,address,06/29/2026,Residential Electrical Permit,ELC,,"617 MIAMI CHAPEL RD, DAYTON OH 45417",,,39.73823717931981,-84.20538206140704
ELC2026R-00539,O67 29103 0006,permit_number,06/29/2026,Residential Electrical Permit,ELC,,"1910 KENSINGTON DR, DAYTON OH 45406 United States",0,,39.78371792328062,-84.2414300744241
ELC2026R-00538,O67 21425 0013,permit_number,06/29/2026,Residential Electrical Permit,ELC,,"820 OSMOND AVE, DAYTON OH 45402-5239 United States",0,,39.762165818134456,-84.24898557335989
ELC2026R-00537,H33301122 0013,permit_number,06/29/2026,Residential Electrical Permit,ELC,,"2933 HOOVER AVE, DAYTON OH 45402-5540 United States",0,,39.76171353195123,-84.23992416837535
ELC2026R-00536,C05 00112 0007,permit_number,06/26/2026,Residential Electrical Permit,ELC,,"519 GRAMONT AVE, DAYTON OH 45402-5522 United States",0,,39.76221904933184,-84.23767290887616
ELC2026R-00535,I39300208 0022,permit_number,06/25/2026,Residential Electrical Permit,ELC,HOMEOWNER'S PERMIT,"161 LEXINGTON AVE, DAYTON OH 45402-6133 United States",0,,39.768300555801424,-84.21444394359831
ELC2026R-00534,P70 01117 0015,permit_number,06/25/2026,Residential Electrical Permit,ELC,HOMEOWNER'S PERMIT,"4513 SAINT JAMES AVE, DAYTON OH 45406-2322 United States",0,,39.789131079180265,-84.25788450317899
ELC2026R-00533,F22 01401 0037,permit_number,06/25/2026,Residential Electrical Permit,ELC,,"153 N Garland AVE, DAYTON OH 45403-1717",0,,39.76983778535539,-84.14543847349351
ELC2026R-00532,H33301314 0037,permit_number,06/25/2026,Residential Electrical Permit,ELC,HOMEOWNER'S PERMIT,"1636 DEWITT DR, DAYTON OH 45406-3107 United States",0,,39.780447838669716,-84.26287550157555
ELC2026R-00531,A01 21315 0004,permit_number,06/25/2026,Residential Electrical Permit,ELC,,"1718 DARST AVE, DAYTON OH 45403-3104 United States",0,,39.75818051328376,-84.1351628612106
ELC2026R-00524,O67 03814 0176,permit_number,06/24/2026,Residential Electrical Permit,ELC,,"17 VALLEY VIEW DR, DAYTON OH 45405-3242 United States",0,,39.7854037644522,-84.21883127268993
ELC2026R-00525,R72 11409 0005,address,06/24/2026,Residential Electrical Permit,ELC,,"401 W FAIRVIEW AVE, DAYTON OH 45405-3242 United States",,,39.78532511379284,-84.21888426075621
ELC2026R-00530,P70 01616 0014,permit_number,06/24/2026,Residential Electrical Permit,ELC,HOMEOWNER'S PERMIT,"143 E PARKWOOD DR, DAYTON OH 45405-3426 United States",0,,39.78819653729337,-84.20863395415374
ELC2026R-00529,R72 05208 0049,address,06/24/2026,Residential Electrical Permit,ELC,HOMEOWNER'S PERMIT,"1815 Warner AVE, DAYTON OH 45404-1988",,,39.77810935636556,-84.17015262431443
ELC2026R-00528,K45 02502 0063,permit_number,06/24/2026,Residential Electrical Permit,ELC,,"1831 PINECREST DR, DAYTON OH 45414-5319 United States",0,,39.79979786012385,-84.19652712915287
ELC2026R-00527,R72 12304 0066,address,06/24/2026,Residential Electrical Permit,ELC,,"816 BURLEIGH AVE, DAYTON OH 45402-5205 United States",,,39.76328496598306,-84.24575462527399
ELC2026R-00526,R72 12601 0050,address,06/24/2026,Residential Electrical Permit,ELC,,"1804 Oakridge DR, DAYTON OH 45417-2315",,,39.75806696034017,-84.2345560370266
ELC2026R-00523,A01 25902 0011,permit_number,06/24/2026,Residential Electrical Permit,ELC,,"15 VALLEY VIEW DR, DAYTON OH 45405-3242 United States",0,,39.785360941585225,-84.21883709583246
ELC2026R-00522,H33 00518 0001,permit_number,06/24/2026,Residential Electrical Permit,ELC,,"4504 Cardinal Flower DR, Miamisburg OH 45342",0,,,
ELC2026R-00521,F22 01411 0075,permit_number,06/23/2026,Residential Electrical Permit,ELC,HOMEOWNER'S PERMIT,"1257 ALWILDY AVE, DAYTON OH 45417-3950 United States",0,,39.73866331763545,-84.21342333514099
ELC2026R-00520,O67 50306 0010,permit_number,06/23/2026,Residential Electrical Permit,ELC,,"1568 GARWOOD DR, DAYTON OH 45432-3524 United States",0,,39.73503920793474,-84.11797262987095
ELC2026R-00519,E21 17307 0127,permit_number,06/23/2026,Residential Electrical Permit,ELC,,"3117 CORNELL DR, DAYTON OH 45406-4109 United States",0,,39.776525606136104,-84.24002258289603
ELC2026R-00518,R72 03111 0025,address,06/23/2026,Residential Electrical Permit,ELC,,"131 EVANSTON AVE, DAYTON OH 45409-2404 United States",,,39.73464723712796,-84.17430007955686
ELC2026R-00517,O67 22410 0018,permit_number,06/23/2026,Residential Electrical Permit,ELC,,"718 TROY ST, DAYTON OH 45404-1851 United States",0,,39.778682259266816,-84.17406310456121
ELC2026R-00516,P70 01614 0036,permit_number,06/23/2026,Residential Electrical Permit,ELC,,"2317 Catalpa DR, DAYTON OH 45406-2104",0,,39.79004791849441,-84.22598805258897
ELC2026R-00515,O67 03814 0210,permit_number,06/22/2026,Residential Electrical Permit,ELC,,"4392 Weeping Willow Dr., DAYTON OH",0,,,
ELC2026R-00514,O67 03814 0198,permit_number,06/22/2026,Residential Electrical Permit,ELC,,"39 ROCKWOOD AVE, DAYTON OH 45405-4421 United States",0,,39.77036960042512,-84.20626820134636
ELC2026R-00513,E21 17207 0218,permit_number,06/22/2026,Residential Electrical Permit,ELC,,"37 ROCKWOOD AVE, DAYTON OH 45405-4421 United States",0,,39.77031194744131,-84.20626678943059
ELC2026R-00512,,unmatched,06/22/2026,Residential Electrical Permit,ELC,,"6654 Chickadee DR, DAYTON OH 45458",,,,
ELC2026R-00511,F25 01309 0052,permit_number,06/22/2026,Residential Electrical Permit,ELC,,"6950 BLUEBIRD DR, DAYTON OH 45424",0,,,
ELC2026R-00510,,unmatched,06/22/2026,Residential Electrical Permit,ELC,,"6665 Chickadee DR, DAYTON OH 45458",,,,
ELC2026R-00509,R72 15408 0145,address,06/22/2026,Residential Electrical Permit,ELC,,"432 ALEXANDER DR, DAYTON OH 45403-3250 United States",,,39.75800907042355,-84.12776623043966
ELC2026R-00508,O67 03814 0222,permit_number,06/22/2026,Residential Electrical Permit,ELC,,"2849 REVERE AVE, DAYTON OH 45420-1723 United States",0,,39.72799271949491,-84.15122509977431
ELC2026R-00507,O67 22344 0153,permit_number,06/22/2026,Residential Electrical Permit,ELC,,"605 ANNA ST, DAYTON OH 45402-5436 United States",0,,39.76414304112609,-84.23662147503009
ELC2026R-00506,O67 20618 0008,permit_number,06/22/2026,Residential Electrical Permit,ELC,,"55 VIRGINIA AVE, DAYTON OH 45410-2313 United States",0,,39.745505387973765,-84.16053945926856
ELC2026R-00505,K50 02508 0173,permit_number,06/18/2026,Residential Electrical Permit,ELC,,"410 BURLEIGH AVE, DAYTON OH 45417-1634 United States",0,,39.756669671405334,-84.24579168166595
ELC2026R-00504,R72 05206 0023,address,06/18/2026,Residential Electrical Permit,ELC,,"265 ALASKA ST, DAYTON OH 45404-1942 United States",,,39.77949874189702,-84.1686130266073
ELC2026R-00503,R72 14604 0007,address,06/18/2026,Residential Electrical Permit,ELC,,"2417 S SMITHVILLE RD, DAYTON OH 45420-2757 United States",,,39.73114284815271,-84.14135263312104
ELC2026R-00502,R72 13004 0037,address,06/18/2026,Residential Electrical Permit,ELC,,"4317 MIDWAY AVE, DAYTON OH 45417-1315 United States",,,39.751580668186556,-84.25850258028706
ELC2026R-00501,O67 03601 0101,permit_number,06/18/2026,Residential Electrical Permit,ELC,,"2112 S SMITHVILLE RD, DAYTON OH 45420-2806 United States",0,,39.736785321439896,-84.14026247557489
ELC2026R-00500,R72 10403B0054,address,06/18/2026,Residential Electrical Permit,ELC,,"1551 TAMPA AVE, DAYTON OH 45417-3851 United States",,,39.74032656236071,-84.22188658043117
ELC2026R-00499,E20 17003 0042,permit_number,06/17/2026,Residential Electrical Permit,ELC,,"623 ROCKFORD AVE, DAYTON OH 45405-4020 United States",0,,39.77740018049949,-84.20655426538347
ELC2026R-00498,I39 00906 0033,permit_number,06/17/2026,Residential Electrical Permit,ELC,NO PLANS NEEDED PER M.D.,"1616 Wyoming ST, DAYTON OH 45410-2526",0,,39.74659615642503,-84.15836365079001
ELC2026R-00497,O67 03814 0217,permit_number,06/17/2026,Residential Electrical Permit,ELC,,"3031 N MAIN ST, DAYTON OH 45405-2858 United States",0,,39.79285539948987,-84.21543991029813
ELC2026R-00496,I39 00906 0033,permit_number,06/17/2026,Residential Electrical Permit,ELC,,"6825 GREELEY AVE, DAYTON OH 45424-1792 United States",0,,39.831583302513884,-84.09630599838083
ELC2026R-00495,P70 01607 0035,permit_number,06/17/2026,Residential Electrical Permit,ELC,,"34 W MAPLEWOOD AVE, DAYTON OH 45405-2813 United States",0,,39.791629348034945,-84.21572648709194
ELC2026R-00494,R72 11408 0032,address,06/17/2026,Residential Electrical Permit,ELC,,"509 W PARKWOOD DR, DAYTON OH 45405-3232 United States",,,39.78711990285147,-84.22045936995086
ELC2026R-00493,R72 13302 0023,address,06/17/2026,Residential Electrical Permit,ELC,Owner Occupied,"716 MOUNT CLAIR AVE, DAYTON OH 45417-3563 United States",,,39.73965060707513,-84.24654620845462
ELC2026R-00492,P70 00408 0011,permit_number,06/17/2026,Residential Electrical Permit,ELC,,"445 SANDHURST DR, DAYTON OH 45405-2422 United States",0,,39.79966825228034,-84.20864484553526
ELC2026R-00491,G27 01810 0034,permit_number,06/16/2026,Residential Electrical Permit,ELC,,"2107 RIVERSIDE DR, DAYTON OH 45405-3521 United States",0,,39.785108633610776,-84.20497787818677
ELC2026R-00490,H33301009 0135,permit_number,06/16/2026,Residential Electrical Permit,ELC,,"2427 MAYFAIR RD, DAYTON OH 45405-2857 United States",0,,39.792021237660045,-84.22101466519213
ELC2026R-00489,E20 17002 0083,permit_number,06/16/2026,Residential Electrical Permit,ELC,,"1648 PENCE, DAYTON OH",0,,,
ELC2026R-00488,L55 02711 0001,permit_number,06/15/2026,Residential Electrical Permit,ELC,,"402 QUITMAN ST, DAYTON OH 45410 United States",0,,39.74949534937588,-84.17188933764288
ELC2026R-00487,E21 17307 0172,permit_number,06/15/2026,Residential Electrical Permit,ELC,,"224 RAVELLE CT, DAYTON OH 45420-1894 United States",0,,39.737002836507884,-84.16316078712114
ELC2026R-00486,R72 02204 0030,address,06/15/2026,Residential Electrical Permit,ELC,,"25 MCKINLEY ST, DAYTON OH 45403",,,39.763301792730786,-84.1610708114644
ELC2026R-00485,R72 16104 0083,address,06/15/2026,Residential Electrical Permit,ELC,,"5304 W RIVERVIEW AVE, DAYTON OH 45406-2243 United States",,,39.78436139800062,-84.2673770061466
ELC2026R-00484,M60 03107 0078,permit_number,06/15/2026,Residential Electrical Permit,ELC,,"51 CAMBRIDGE AVE, DAYTON OH 45406-5002 United States",0,,39.770276535222294,-84.21469894264067
ELC2026R-00483,K45 18811 0017,permit_number,06/15/2026,Residential Electrical Permit,ELC,,"1446 CHADWICK DR, DAYTON OH 45406-4724 United States",0,,39.77212292884086,-84.22619513612193
ELC2026R-00482,F22 01411 0046,permit_number,06/12/2026,Residential Electrical Permit,ELC,,"2035 WESLEYAN RD, DAYTON OH 45406-3836 United States",0,,39.78633748006558,-84.24400829195882
ELC2026R-00481,H33 01316 0018,permit_number,06/12/2026,Residential Electrical Permit,ELC,,"129 KASTNER AVE, DAYTON OH 45410-1517 United States",0,,39.753738831382,-84.17468409483986
ELC2026R-00480,O67 17921 0004,permit_number,06/12/2026,Residential Electrical Permit,ELC,,"13 SPRINGFIELD ST, DAYTON OH 45403-1152 United States",0,,39.76421409567414,-84.16545046878024
ELC2026R-00479,P70 50217 0016,permit_number,06/12/2026,Residential Electrical Permit,ELC,,"23 LIVINGSTON AVE, DAYTON",0,,39.75753206656076,-84.14888689322137
ELC2026R-00478,F22 01501 0040,permit_number,06/12/2026,Residential Electrical Permit,ELC,,"21 LIVINGSTON AVE, DAYTON OH 45403-2937 United States",0,,39.75757879737608,-84.14888444374286
ELC2026R-00477,O67 03810 0034,permit_number,06/12/2026,Residential Electrical Permit,ELC,,"49 PARNELL AVE, DAYTON OH 45403-3022 United States",0,,39.75677240338262,-84.14765225150596
ELC2026R-00476,R72 04201 0034,address,06/12/2026,Residential Electrical Permit,ELC,,"47 PARNELL AVE, DAYTON OH 45403-3022 United States",,,39.75681634105893,-84.1476532903565
ELC2026R-00475,G27 24514 0064,permit_number,06/11/2026,Residential Electrical Permit,ELC,,"3911 CAIN CT, DAYTON OH 45417-4311 United States",0,,39.72900273508397,-84.24999921073655
ELC2026R-00474,P70 02107 0056,permit_number,06/10/2026,Residential Electrical Permit,ELC,,"1519 FAUVER AVE, DAYTON OH 45410-3214 United States",0,,39.745686344319765,-84.14110507024198
ELC2026R-00473,P70 00310 0025,permit_number,06/10/2026,Residential Electrical Permit,ELC,,"165 W FAIRVIEW AVE, DAYTON OH 45405 United States",0,,39.78499812821938,-84.21573400383144
ELC2026R-00472,K47 22913 0026,permit_number,06/10/2026,Residential Electrical Permit,ELC,,"223 SHOOP AVE, DAYTON OH 45417-2347 United States",0,,39.75703918440424,-84.23904861204795
ELC2026R-00471,P70 03904 0052,permit_number,06/09/2026,Residential Electrical Permit,ELC,HOMEOWNER'S PERMIT,"5026 MORNINGSIDE BLVD, DAYTON OH 45432-3637 United States",0,,39.736861924713956,-84.12058624176862
ELC2026R-00470,L53 02904 0069,permit_number,06/09/2026,Residential Electrical Permit,ELC,,"1026 HUFFMAN AVE, DAYTON OH 45403-2906 United States",0,,39.75813510893762,-84.15111369394491
ELC2026R-00469,G27 24515 0024,permit_number,06/09/2026,Residential Electrical Permit,ELC,,"4632 PRESCOTT AVE, DAYTON OH 45406-2440 United States",0,,39.78629725122449,-84.26045027624727
ELC2026R-00468,H33 00305 0058,permit_number,06/09/2026,Residential Electrical Permit,ELC,,"1029 CUMBERLAND AVE, DAYTON OH 45406-4956 United States",0,,39.77856587614224,-84.22145095348101
ELC2026R-00467,P70 01108 0022,permit_number,06/09/2026,Residential Electrical Permit,ELC,,"1029 CUMBERLAND AVE, DAYTON OH 45406-4956 United States",0,,39.77856587614224,-84.22145095348101
ELC2026R-00466,P70 00803 0017,permit_number,06/09/2026,Residential Electrical Permit,ELC,,"103 WROE AVE, DAYTON OH 45406-5249 United States",0,,39.77104859577818,-84.2092239685817
ELC2026R-00465,D14 00906 0019,permit_number,06/09/2026,Residential Electrical Permit,ELC,,"101 WROE AVE, DAYTON OH 45406-5249 United States",0,,39.77100465193756,-84.20922644646474
ELC2026R-00464,P70 01611 0054,permit_number,06/08/2026,Residential Electrical Permit,ELC,,"3061 WAYLAND AVE, DAYTON OH 45420-2142 United States",0,,39.72179497857497,-84.13543312608473
ELC2026R-00463,O67 21919 0004,permit_number,06/08/2026,Residential Electrical Permit,ELC,,"128 E PARKWOOD DR, DAYTON OH 45405-3425 United States",0,,39.78779906049928,-84.20877366064099
ELC2026R-00462,H33 01202 0014,permit_number,06/08/2026,Residential Electrical Permit,ELC,,"1916 MALVERN AVE, DAYTON OH 45406-4449 United States",0,,39.782562351077466,-84.22880985285065
ELC2026R-00461,E20 24218 0012,permit_number,06/08/2026,Residential Electrical Permit,ELC,,"1818 MALVERN AVE, DAYTON OH 45406-4447 United States",0,,39.78156581838307,-84.22879579193722
ELC2026R-00460,P70 01805 0020,permit_number,06/08/2026,Residential Electrical Permit,ELC,,"2012 PHILADELPHIA DR, DAYTON OH 45406-2720 United States",0,,39.78401290238186,-84.23451172367088
ELC2026R-00459,K47 23103 0015,permit_number,06/05/2026,Residential Electrical Permit,ELC,,"2122 E FOURTH ST, DAYTON OH 45403-2002 United States",0,,39.76233433910475,-84.16092983521487
ELC2026R-00458,I39401314 0030,permit_number,06/04/2026,Residential Electrical Permit,ELC,,"1010 FERGUSON AVE, DAYTON OH 45402-6116 United States",0,,39.767410938738465,-84.21631498091512
ELC2026R-00457,O67 21523 0030,permit_number,06/04/2026,Residential Electrical Permit,ELC,,"605 OXFORD AVE, DAYTON OH 45402-5821 United States",0,,39.76897069384706,-84.22489302679581
ELC2026R-00456,H33 02103 0096,permit_number,06/04/2026,Residential Electrical Permit,ELC,,"225 ELMHURST RD, DAYTON OH 45417-1420 United States",0,,39.75062002486814,-84.25938900444912
ELC2026R-00455,R72 11503 0013,address,06/04/2026,Residential Electrical Permit,ELC,HOMEOWNER'S PERMIT,"1325 WAKEFIELD AVE, DAYTON OH 45406-2926 United States",,,39.786679728323925,-84.2313143922934
ELC2026R-00454,O67 21704 0019,permit_number,06/04/2026,Residential Electrical Permit,ELC,,"1249 BRENTWOOD DR, DAYTON OH 45406-5714 United States",0,,39.78887739768034,-84.23105936971278
ELC2026R-00453,L54 00408 0065,permit_number,06/04/2026,Residential Electrical Permit,ELC,HOMEOWNER'S PERMIT,"65 E MAPLEWOOD AVE, DAYTON OH 45405-2834 United States",0,,39.79220235873383,-84.21241142004875
ELC2026R-00452,R72 14510 0023,address,06/04/2026,Residential Electrical Permit,ELC,,"2650 FERNCLIFF AVE, APT/UNIT C, DAYTON OH 45420-3371 United States",,,39.72761585027152,-84.13033882377046
ELC2026R-00451,C05 00317 0042,permit_number,06/04/2026,Residential Electrical Permit,ELC,,"2650 FERNCLIFF AVE, APT/UNIT A, DAYTON OH 45420-3371 United States",0,,39.72761585027152,-84.13033882377046
ELC2026R-00450,O67 18510 0005,permit_number,06/04/2026,Residential Electrical Permit,ELC,,"1237 ROSEDALE DR, DAYTON OH 45402-5711 United States",0,,39.76995098637167,-84.22693837789589
ELC2026R-00449,O67 28721 0019,permit_number,06/04/2026,Residential Electrical Permit,ELC,,"1935 PHILADELPHIA DR, DAYTON OH 45406-4015 United States",0,,39.782685582192094,-84.2351405966385
ELC2026R-00448,O67 20616 0004,permit_number,06/03/2026,Residential Electrical Permit,ELC,,"1231 S BROADWAY ST, DAYTON OH 45417-3963 United States",0,,39.73922213302312,-84.21576313012996
ELC2026R-00447,P70 01707 0043,permit_number,06/03/2026,Residential Electrical Permit,ELC,,"1229 S BROADWAY ST, DAYTON OH 45417-3963 United States",0,,39.73926602527375,-84.21576421053885
ELC2026R-00446,,unmatched,06/03/2026,Residential Electrical Permit,ELC,,"4362 WEEPING WILLOW DR, DAYTON OH 45404 United States",,,,
ELC2026R-00445,O67 21523 0030,permit_number,06/03/2026,Residential Electrical Permit,ELC,,"4513 WOODBINE AVE, DAYTON OH 45420-3114 United States",0,,39.735570221596596,-84.13232080666894
ELC2026R-00444,G27 01610 0069,permit_number,06/03/2026,Residential Electrical Permit,ELC,,"2536 LYNN AVE, DAYTON OH 45406",0,,39.79398649665653,-84.23130380749672
ELC2026R-00443,R72 12304 0030,address,06/03/2026,Residential Electrical Permit,ELC,,"808 LELAND AVE, DAYTON OH 45402-5308 United States",,,39.763092369715544,-84.24467529058579
ELC2026R-00442,I39 00810 0003,permit_number,06/02/2026,Residential Electrical Permit,ELC,,"2061 LITCHFIELD AVE, DAYTON OH 45406-3813 United States",0,,39.78717596098794,-84.2396978104772
ELC2026R-00441,H33 00305 0074,permit_number,06/02/2026,Residential Electrical Permit,ELC,,"2217 NILL AVE, DAYTON OH 45420-2368 United States",0,,39.735259634373755,-84.1474211829501
ELC2026R-00440,P70 02107 0120,permit_number,06/01/2026,Residential Electrical Permit,ELC,,"867 OSMOND AVE, DAYTON OH 45402-5240 United States",0,,39.76343000540198,-84.24946202272668
ELC2026R-00439,P70 02107 0121,permit_number,06/01/2026,Residential Electrical Permit,ELC,,"2288 LIDO PL, DAYTON OH 45420-3344 United States",0,,39.733450932480324,-84.1305143872195
ELC2026R-00438,L53 16510 0038,permit_number,06/01/2026,Residential Electrical Permit,ELC,,"105 FERNWOOD AVE, DAYTON OH 45405-2620 United States",0,,39.794089378267714,-84.21161540883868
ELC2026R-00437,L52 00101 0004,permit_number,06/01/2026,Residential Electrical Permit,ELC,,"318 ERNST AVE, DAYTON OH 45405-3408 United States",0,,39.78773591538597,-84.20651563663337
ELC2026R-00436,O67 03814 0194,permit_number,06/01/2026,Residential Electrical Permit,ELC,,"718 SAYRE AVE, DAYTON OH 45417-1153 United States",0,,39.758166912887695,-84.26349649582419
ELC2026R-00435,H33301015 0093,permit_number,05/29/2026,Residential Electrical Permit,ELC,,"127 N HARBINE AVE, DAYTON OH 45403-1318 United States",0,,39.76862784171084,-84.15063323390562
ELC2026R-00434,R72 05608 0048,address,05/29/2026,Residential Electrical Permit,ELC,,"724 N KEOWEE ST, DAYTON OH 45404-1680 United States",,,39.77466717086539,-84.18152722999537
ELC2026R-00433,R72 09602 0043,address,05/29/2026,Residential Electrical Permit,ELC,,"530 ELEANOR AVE, DAYTON OH 45417-2006 United States",,,39.74444991962614,-84.23613475836729
ELC2026R-00432,R72 06607 0013,address,05/29/2026,Residential Electrical Permit,ELC,,"45 ROCKWOOD AVE, DAYTON OH 45405-4421 United States",,,39.77056751530176,-84.20625171045882
ELC2026R-00431,O67 03813 0214,permit_number,05/29/2026,Residential Electrical Permit,ELC,,"63 S HEDGES ST, DAYTON OH 45403-2133 United States",0,,39.76488484840324,-84.14852721870575
ELC2026R-00430,O67 03813 0214,permit_number,05/28/2026,Residential Electrical Permit,ELC,,"2817 KENNEDY AVE, DAYTON OH 45420-3020 United States",0,,39.72517810898464,-84.13246509877311
ELC2026R-00429,O67 03813 0214,permit_number,05/28/2026,Residential Electrical Permit,ELC,HOMEOWNER'S PERMIT,"519 EVERGREEN AVE, DAYTON OH 45402-5514 United States",0,,39.762249354168596,-84.23563146727426
ELC2026R-00428,O67 03813 0214,permit_number,05/28/2026,Residential Electrical Permit,ELC,,"128 N PAUL LAURENCE DUNBAR ST, DAYTON OH 45402-6711 United States",0,,39.75706621701635,-84.21830519017807
ELC2026R-00427,O67 03813 0214,permit_number,05/27/2026,Residential Electrical Permit,ELC,,"930 NORDALE AVE, DAYTON OH 45420-2342 United States",0,,39.729663893896955,-84.14350164531442
ELC2026R-00426,O67 03813 0214,permit_number,05/27/2026,Residential Electrical Permit,ELC,,"4522 LAUREL DR, DAYTON OH 45417-1257 United States",0,,39.754912084814386,-84.26137569131835
ELC2026R-00425,O67 03813 0214,permit_number,05/27/2026,Residential Electrical Permit,ELC,,"2930 HOOVER AVE, DAYTON OH 45402-5539 United States",0,,39.7613965156695,-84.23980841412316
ELC2026R-00424,O67 03813 0214,permit_number,05/27/2026,Residential Electrical Permit,ELC,,"168 OAKLAWN AVE, DAYTON OH 45410-2821 United States",0,,39.75240457913864,-84.14876913212179
ELC2026R-00423,O67 03813 0214,permit_number,05/27/2026,Residential Electrical Permit,ELC,,"113 VICTOR AVE, DAYTON OH 45405-3746 United States",0,,39.77911549585593,-84.21112296096776
ELC2026R-00422,O67 03813 0214,permit_number,05/27/2026,Residential Electrical Permit,ELC,HOMEOWNER'S PERMIT,"924 LELAND AVE, DAYTON OH 45402-5310 United States",0,,39.76437998179707,-84.24468619631186
ELC2026R-00421,O67 03813 0214,permit_number,05/27/2026,Residential Electrical Permit,ELC,,"57 Alaska ST, DAYTON OH 45404-1974",0,,39.77625970875402,-84.16892689170957
ELC2026R-00420,O67 03813 0214,permit_number,05/26/2026,Residential Electrical Permit,ELC,,"5563 FAIR VALLEY RD, DAYTON OH 45414-2949 United States",0,,39.82825383530603,-84.21170041574163
ELC2026R-00419,O67 03813 0214,permit_number,05/26/2026,Residential Electrical Permit,ELC,,"4205 FOREST RIDGE BLVD, DAYTON OH 45424-4485 United States",0,,39.81508587340551,-84.11978638020666
ELC2026R-00418,O67 03813 0214,permit_number,05/26/2026,Residential Electrical Permit,ELC,,"4414 Water Willow CT, Dayton Ohio 45404",0,,,
ELC2026R-00417,O67 03813 0214,permit_number,05/26/2026,Residential Electrical Permit,ELC,,"4621 BLUE IRIS DR, DAYTON OH 45404",0,,,
ELC2026R-00416,O67 03813 0214,permit_number,05/26/2026,Residential Electrical Permit,ELC,,"4507 Cardinal Flower DR, DAYTON OH 45404",0,,,
ELC2026R-00415,O67 03813 0214,permit_number,05/22/2026,Residential Electrical Permit,ELC,,"2044 KENSINGTON DR, DAYTON OH 45406-3803 United States",0,,39.786706932864256,-84.24151191525335
ELC2026R-00414,O67 03813 0214,permit_number,05/22/2026,Residential Electrical Permit,ELC,HOMEOWNER'S PERMIT,"2817 KENNEDY AVE, DAYTON OH 45420-3020 United States",0,,39.72517810898464,-84.13246509877311
ELC2026R-00413,O67 03813 0214,permit_number,05/21/2026,Residential Electrical Permit,ELC,,"48 E HILLCREST AVE, DAYTON OH 45405-2824 United States",0,,39.79098010455256,-84.21243595432367
ELC2026R-00412,O67 03813 0214,permit_number,05/21/2026,Residential Electrical Permit,ELC,,"46 E HILLCREST AVE, DAYTON OH 45405-2824 United States",0,,39.790982015966705,-84.21249291736585
ELC2026R-00411,O67 03813 0214,permit_number,05/21/2026,Residential Electrical Permit,ELC,,"59 FRANK ST, DAYTON OH 45409-2706 United States",0,,39.74325880422214,-84.18552960029965
ELC2026R-00410,O67 03813 0214,permit_number,05/21/2026,Residential Electrical Permit,ELC,,"1002 RANDOLPH ST, DAYTON OH 45417-3737 United States",0,,39.73992678566673,-84.22906836056134
ELC2026R-00409,O67 03813 0214,permit_number,05/21/2026,Residential Electrical Permit,ELC,,"627 YALE AVE, DAYTON OH 45402-5823 United States",0,,39.77077699089979,-84.22567073772724
ELC2026R-00408,O67 03813 0214,permit_number,05/21/2026,Residential Electrical Permit,ELC,,"514 LELAND AVE, DAYTON OH 45417-1546 United States",0,,39.75865410507942,-84.24455705894849
ELC2026R-00407,O67 03813 0214,permit_number,05/21/2026,Residential Electrical Permit,ELC,,"1938 BURBANK DR, DAYTON OH 45406-4410 United States",0,,39.783016885180594,-84.23335158401423
ELC2026R-00406,O67 03813 0214,permit_number,05/19/2026,Residential Electrical Permit,ELC,,"1245 WINDSOR AVE, DAYTON OH 45402-5719 United States",0,,39.770603956602024,-84.22846327633148
ELC2026R-00405,O67 03813 0214,permit_number,05/19/2026,Residential Electrical Permit,ELC,,"2612 COLLINS AVE, DAYTON OH 45420-2352 United States",0,,39.73250807068656,-84.14646352418819
ELC2026R-00404,A01 00105 0042,permit_number,05/18/2026,Residential Electrical Permit,ELC,,"4354 FREE PIKE, DAYTON OH 45416-1218 United States",0,,39.7976385721816,-84.26184046735693
ELC2026R-00403,D14 20516 0002,permit_number,05/18/2026,Residential Electrical Permit,ELC,,"1647 ALWILDY AVE, DAYTON OH 45417-4611 United States",0,,39.73389053088586,-84.21345897588489
ELC2026R-00402,R72 07510 0025,address,05/18/2026,Residential Electrical Permit,ELC,,"1211 W RIVERVIEW AVE, DAYTON OH 45402-6431 United States",,,39.761401041030965,-84.21289374161796
ELC2026R-00401,R72 15405 0011,address,05/15/2026,Residential Electrical Permit,ELC,,"1657 HUFFMAN AVE, DAYTON OH 45403-3107 United States",,,39.75764591621311,-84.1366729433507
ELC2026R-00400,E21 19005 0012,permit_number,05/15/2026,Residential Electrical Permit,ELC,,"2110 WAYNE AVE, DAYTON OH 45410-2137 United States",0,,39.74140885189476,-84.16496605078117
ELC2026R-00399,L55 02809 0021,permit_number,05/15/2026,Residential Electrical Permit,ELC,,"5408 FLICKER WAY, DAYTON OH 45424-4526 United States",0,,39.81823144713827,-84.10730835341074
ELC2026R-00398,E20 18108 0010,permit_number,05/15/2026,Residential Electrical Permit,ELC,,"115 VICTOR AVE, DAYTON OH 45405-3746 United States",0,,39.77918143055458,-84.21112102415002
ELC2026R-00397,O67 03814 0199,permit_number,05/14/2026,Residential Electrical Permit,ELC,,"262 NIAGARA AVE, DAYTON OH 45405-3730 United States",0,,39.779692371498555,-84.21541826325496
ELC2026R-00396,R72 07009 0049,address,05/14/2026,Residential Electrical Permit,ELC,,"260 NIAGARA AVE, DAYTON OH 45405-3730 United States",,,39.779693154152184,-84.21536487367524
ELC2026R-00395,,unmatched,05/14/2026,Residential Electrical Permit,ELC,,"4492 CARDINAL FLOWER DR, DAYTON OH 45404",,,,
ELC2026R-00394,P70 50217 0016,permit_number,05/14/2026,Residential Electrical Permit,ELC,,"4220 WEEPING WILLOW DR, DAYTON OH 45404 United States",0,,,
ELC2026R-00393,O67 21415 0006,permit_number,05/14/2026,Residential Electrical Permit,ELC,,"138 W FAIRVIEW AVE, DAYTON OH 45405-3319 United States",0,,39.78460056973965,-84.21457106711617
ELC2026R-00392,R72410803 0009,permit_number,05/14/2026,Residential Electrical Permit,ELC,,"136 W FAIRVIEW AVE, DAYTON OH 45405-3319 United States",0,,39.78460150743334,-84.21450706489499
ELC2026R-00391,R72 04805B0034,address,05/13/2026,Residential Electrical Permit,ELC,,"105 N QUENTIN AVE, DAYTON OH 45403-1748 United States",,,39.76863091421587,-84.14124343302625
ELC2026R-00390,P70 03903 0065,permit_number,05/13/2026,Residential Electrical Permit,ELC,,"225 WESTWOOD AVE, DAYTON OH 45417-1625 United States",0,,39.754776812045755,-84.24143613228502
ELC2026R-00389,R72 06110 0001,address,05/13/2026,Residential Electrical Permit,ELC,,"109 E HUDSON AVE, DAYTON OH 45405-3506 United States",,,39.784520304184774,-84.20615924458536
ELC2026R-00388,R72 11105 0012,address,05/12/2026,Residential Electrical Permit,ELC,,"29 FOREST GLENN AVE, DAYTON OH 45405-2730 United States",,,39.79590569018959,-84.21770774949103
ELC2026R-00387,L54 00601 0001,permit_number,05/12/2026,Residential Electrical Permit,ELC,,"2804 WINBURN AVE, DAYTON OH 45420-2260 United States",0,,39.727626095965924,-84.14860272905734
ELC2026R-00386,O67 03814 0212,permit_number,05/12/2026,Residential Electrical Permit,ELC,,"2316 GREENWAY ST, DAYTON OH 45417-1653 United States",0,,39.75483754584063,-84.24436190499897
ELC2026R-00385,O67 03814 0211,permit_number,05/12/2026,Residential Electrical Permit,ELC,,"431 W FAIRVIEW AVE, DAYTON OH 45405-3308 United States",0,,39.78566927360241,-84.21976870458946
ELC2026R-00384,P70 00908 0039,permit_number,05/11/2026,Residential Electrical Permit,ELC,,"1325 OAKDALE AVE, DAYTON OH 45420-1519 United States",0,,39.722782049057855,-84.14297676927733
ELC2026R-00383,K50 18422 0039,permit_number,05/11/2026,Residential Electrical Permit,ELC,,"52 S TERRY ST, DAYTON OH 45403",0,,,
ELC2026R-00382,P70 50208 0002,permit_number,05/08/2026,Residential Electrical Permit,ELC,,"1805 RIVERSIDE DR, DAYTON OH 45405-3847 United States",0,,39.78148204478572,-84.20324134376509
ELC2026R-00381,K45 02603 0028,permit_number,05/08/2026,Residential Electrical Permit,ELC,,"2313 FAUVER AVE, DAYTON OH 45420-2524 United States",0,,39.73349140060176,-84.14214447974645
ELC2026R-00380,H33 00209 0026,permit_number,05/08/2026,Residential Electrical Permit,ELC,,"60 BELL ST, DAYTON OH 45403-1941 United States",0,,39.76285054005131,-84.16286336843591
ELC2026R-00379,A01 26011 0009,permit_number,05/08/2026,Residential Electrical Permit,ELC,,"525 IRVING AVE, DAYTON OH 45409-2442 United States",0,,39.73467286911134,-84.17308440757411
ELC2026R-00378,O67 21523 0003,permit_number,05/08/2026,Residential Electrical Permit,ELC,,"1461 N EUCLID AVE, DAYTON OH 45406-5919 United States",0,,39.77244218909928,-84.22148469040681
ELC2026R-00377,R72 11503 0039,address,05/08/2026,Residential Electrical Permit,ELC,,"2046 BURROUGHS DR, DAYTON OH 45406-4420 United States",,,39.78525502181372,-84.23110463148356
ELC2026R-00376,R72 12409 0007,address,05/07/2026,Residential Electrical Permit,ELC,,"4108 SHENANDOAH DR, DAYTON OH 45417-1155 United States",,,39.758535060619494,-84.25618412252601
ELC2026R-00375,O67 22207 0018,permit_number,05/07/2026,Residential Electrical Permit,ELC,,"1717 DARST AVE, DAYTON OH 45403-3103 United States",0,,39.75852679630578,-84.13513898719239
ELC2026R-00374,E20 17101A0135,permit_number,05/07/2026,Residential Electrical Permit,ELC,,"4108 MERRYFIELD AVE, DAYTON OH 45416-1220 United States",0,,39.799186443218495,-84.25640828023694
ELC2026R-00373,O67 22344 0154,permit_number,05/07/2026,Residential Electrical Permit,ELC,,"4106 MERRYFIELD AVE, DAYTON OH 45416-1220 United States",0,,39.79928065615646,-84.25635373296656
ELC2026R-00372,R72 04408 0012,address,05/06/2026,Residential Electrical Permit,ELC,,"316 S JERSEY ST, DAYTON OH 45403-2724 United States",,,39.76064899819662,-84.15235822704085
ELC2026R-00371,A01 00308 0084,permit_number,05/06/2026,Residential Electrical Permit,ELC,,"314 S JERSEY ST, DAYTON OH 45403-2724 United States",0,,39.760682018016894,-84.15235189928616
ELC2026R-00370,H33 00303 0041,permit_number,05/06/2026,Residential Electrical Permit,ELC,,"1035 N GETTYSBURG AVE, DAYTON OH 45417-1566 United States",0,,39.75968042378134,-84.25359804305347
ELC2026R-00369,R72 11206 0036,address,05/06/2026,Residential Electrical Permit,ELC,,"423 SANDALWOOD DR, DAYTON OH 45405-2926 United States",,,39.79055024345808,-84.21722327629482
ELC2026R-00368,R72 16009 0029,address,05/06/2026,Residential Electrical Permit,ELC,,"4154 MERRYFIELD AVE, DAYTON OH 45416-1220 United States",,,39.79857606141523,-84.25792711913587
ELC2026R-00367,R72 01804 0061,address,05/06/2026,Residential Electrical Permit,ELC,,"111 E FORAKER AVE, DAYTON OH 45409-2920 United States",,,39.747277973600134,-84.18672238273152
ELC2026R-00366,H33 01211 0022,permit_number,05/06/2026,Residential Electrical Permit,ELC,,"109 E FORAKER AVE, DAYTON OH 45409-2920 United States",0,,39.747266288384374,-84.18676837303352
ELC2026R-00365,K45 21123 0016,permit_number,05/05/2026,Residential Electrical Permit,ELC,,"112 NEAL AVE, DAYTON OH 45405-4526 United States",0,,39.77098965972064,-84.19988917492581
ELC2026R-00364,E21 19004 0018,permit_number,05/05/2026,Residential Electrical Permit,ELC,,"2360 FAUVER AVE, DAYTON OH 45420-2525 United States",0,,39.732215841807324,-84.14186190870404
ELC2026R-00363,I39 01203 0002,permit_number,05/04/2026,Residential Electrical Permit,ELC,,"26 S HALLOWAY ST, DAYTON OH 45417-1802 United States",0,,39.74990924983487,-84.24524880686911
ELC2026R-00362,C06 00401 0051,permit_number,05/04/2026,Residential Electrical Permit,ELC,,"4529 BULRUSH CT, DAYTON OH 45404 United States",0,,39.81866451108163,-84.14497449475047
ELC2026R-00361,H33 00919 0009,permit_number,05/04/2026,Residential Electrical Permit,ELC,,"627 YALE AVE, DAYTON OH 45402-5823 United States",0,,39.77077699089979,-84.22567073772724
ELC2026R-00360,R72 16709 0018,address,05/01/2026,Residential Electrical Permit,ELC,,"73 PAW PAW ST, DAYTON OH 45404-2275 United States",,,39.7842498372064,-84.15850560446272
ELC2026R-00359,R72 08709 0013,address,05/01/2026,Residential Electrical Permit,ELC,HOMEOWNER'S PERMIT,"346 S BROADWAY ST, DAYTON OH 45402-8212 United States",,,39.75218548479313,-84.21386961894808
ELC2026R-00358,K45 21103 0005,permit_number,05/01/2026,Residential Electrical Permit,ELC,HOMEOWNER'S PERMIT,"4432 WOODBINE AVE, DAYTON OH 45420-3113 United States",0,,39.734967514288755,-84.1328117004745
ELC2026R-00357,R72 12305 0037,address,05/01/2026,Residential Electrical Permit,ELC,HOMEOWNER'S PERMIT,"3609 HOOVER AVE, DAYTON OH 45402-5230 United States",,,39.76165521464825,-84.24750689915244
ELC2026R-00356,R72 07416 0004,address,05/01/2026,Residential Electrical Permit,ELC,,"719 MEREDITH ST, DAYTON OH 45402-6342 United States",,,39.7631004666022,-84.21291062766953
ELC2026R-00355,O67 03710 0030,permit_number,05/01/2026,Residential Electrical Permit,ELC,,"717 MEREDITH ST, DAYTON OH 45402-6342 United States",0,,39.76306211272712,-84.21290612812601
ELC2026R-00354,K45 23122 0001,permit_number,05/01/2026,Residential Electrical Permit,ELC,,"704 HART ST, DAYTON OH 45404-1953 United States",0,,39.77518952525649,-84.1708049869325
ELC2026R-00353,R72 07011 0057,address,04/30/2026,Residential Electrical Permit,ELC,,"422 DELAWARE AVE, DAYTON OH 45405-3919 United States",,,39.776856370194366,-84.21388943522324
ELC2026R-00352,R72 11505 0028,address,04/30/2026,Residential Electrical Permit,ELC,HOMEOWNER'S PERMIT,"2025 PHILADELPHIA DR, DAYTON OH 45406-2721 United States",,,39.78451117481315,-84.2351647291541
ELC2026R-00351,R72 08308 0029,address,04/30/2026,Residential Electrical Permit,ELC,,"122 N PAUL LAURENCE DUNBAR ST, DAYTON OH 45402-6756 United States",,,39.75690705541279,-84.21826198069114
ELC2026R-00350,R72 12709 0042,address,04/30/2026,Residential Electrical Permit,ELC,,"121 SHOOP AVE, DAYTON OH 45417-2245 United States",,,39.75479653985466,-84.23900331376421
ELC2026R-00349,K45 23206 0003,permit_number,04/30/2026,Residential Electrical Permit,ELC,,"631 SAINT PAUL AVE, DAYTON OH 45410-1934 United States",0,,39.75006470229173,-84.16334800752853
ELC2026R-00330,I39 01108 0015,permit_number,04/29/2026,Residential Electrical Permit,ELC,,"1535 W Second ST, DAYTON OH 45402-6727",0,,,
ELC2026R-00340,R72 08212 0025,address,04/29/2026,Residential Electrical Permit,ELC,,"1727 W FIRST ST, DAYTON OH 45402 United States",,,39.756316543144614,-84.22447413006768
ELC2026R-00341,,unmatched,04/29/2026,Residential Electrical Permit,ELC,,"203 N Broadway ST, DAYTON OH 45402",,,,
ELC2026R-00325,R72 08301 0079,address,04/29/2026,Residential Electrical Permit,ELC,,"1332 W FIRST ST, DAYTON OH 45402 United States",,,39.75751425322796,-84.21564065186966
ELC2026R-00328,R72 08301 0089,address,04/29/2026,Residential Electrical Permit,ELC,,"1356 W FIRST ST, DAYTON OH 45402 United States",,,39.75735818099574,-84.21653083748943
ELC2026R-00343,R72 08303 0064,address,04/29/2026,Residential Electrical Permit,ELC,,"211 N BROADWAY ST, DAYTON OH 45402 United States",,,39.758108749199366,-84.21475970547357
ELC2026R-00342,R72 08303 0065,address,04/29/2026,Residential Electrical Permit,ELC,,"207 N Broadway St, Dayton OH 45402",,,39.801017531194724,-84.31182720967374
ELC2026R-00327,E21 17404 0030,permit_number,04/29/2026,Residential Electrical Permit,ELC,,"1344 W FIRST ST, DAYTON OH 45402 United States",0,,39.75743607078305,-84.21609577761123
ELC2026R-00326,,unmatched,04/29/2026,Residential Electrical Permit,ELC,,"1333 W FIRST ST, DAYTON OH",,,,
ELC2026R-00323,C05 00423 0002,permit_number,04/29/2026,Residential Electrical Permit,ELC,,"1320 W FIRST ST, DAYTON OH 45402 United States",0,,39.7575776617895,-84.2152175848645
ELC2026R-00324,G27 24507 0010,permit_number,04/29/2026,Residential Electrical Permit,ELC,,"1329 W First ST, DAYTON OH 45402",0,,39.75776732476367,-84.21558853568928
ELC2026R-00331,P70 01707 0042,permit_number,04/29/2026,Residential Electrical Permit,ELC,,"1541 W SECOND ST, DAYTON OH 45402 United States",0,,39.75617778482438,-84.21981378574294
ELC2026R-00332,P70 04009 0064,permit_number,04/29/2026,Residential Electrical Permit,ELC,,"1604 W FIRST ST, DAYTON OH 45402 United States",0,,39.75657025509236,-84.22140846664067
ELC2026R-00344,R72 08303 0064,address,04/29/2026,Residential Electrical Permit,ELC,,"215 N BROADWAY ST, DAYTON OH 45402 United States",,,39.758202502892345,-84.2147867174579
ELC2026R-00348,L54 00408 0063,permit_number,04/29/2026,Residential Electrical Permit,ELC,,"231 N BROADWAY ST, DAYTON OH 45402 United States",0,,39.75858560757862,-84.21491195272893
ELC2026R-00345,R72 08303 0064,address,04/29/2026,Residential Electrical Permit,ELC,,"219 N BROADWAY ST, DAYTON OH 45402 United States",,,39.758303088233724,-84.21483551536426
ELC2026R-00337,E21 17604A0036,permit_number,04/29/2026,Residential Electrical Permit,ELC,,"1701 W SECOND ST, DAYTON OH 45402 United States",0,,39.75558863670253,-84.2233423311234
ELC2026R-00346,H33 01613 0005,permit_number,04/29/2026,Residential Electrical Permit,ELC,,"223 N BROADWAY ST, DAYTON OH 45402 United States",0,,39.75839569483788,-84.21485941204628
ELC2026R-00347,I39 01009 0011,permit_number,04/29/2026,Residential Electrical Permit,ELC,,"227 N BROADWAY ST, DAYTON OH 45402 United States",0,,39.758492976542755,-84.21488960068896
ELC2026R-00335,H33 01213 0022,permit_number,04/29/2026,Residential Electrical Permit,ELC,,"1622 W FIRST ST, DAYTON OH 45402 United States",0,,39.756471592184816,-84.22195803539347
ELC2026R-00334,R72 08311 0058,address,04/29/2026,Residential Electrical Permit,ELC,,"1612 W FIRST ST, DAYTON OH 45402 United States",,,39.75651740175978,-84.2216796901008
ELC2026R-00333,R72 08311 0059,address,04/29/2026,Residential Electrical Permit,ELC,,"1608 W FIRST ST, DAYTON OH 45402 United States",,,39.7565468458594,-84.22154145154053
ELC2026R-00338,A01 21309 0018,permit_number,04/29/2026,Residential Electrical Permit,ELC,,"1707 W SECOND ST, DAYTON OH 45402 United States",0,,39.75555541827927,-84.2235328627552
ELC2026R-00339,R72 08313 0074,address,04/29/2026,Residential Electrical Permit,ELC,,"1720 W FIRST ST, DAYTON OH 45402 United States",,,39.7560866060584,-84.22414572899646
ELC2026R-00336,O67 22302 0020,permit_number,04/29/2026,Residential Electrical Permit,ELC,,"1628 W FIRST ST, DAYTON OH 45402 United States",0,,39.756438226493074,-84.22216025679641
ELC2026R-00329,H33 01321 0049,permit_number,04/29/2026,Residential Electrical Permit,ELC,,"1360 W FIRST ST, DAYTON OH 45402 United States",0,,39.75733492544659,-84.21665379255218
ELC2026R-00322,O67 22019 0017,permit_number,04/29/2026,Residential Electrical Permit,ELC,,"1317 W FIRST ST, DAYTON OH 45402 United States",0,,39.7578331958782,-84.2151837289312
ELC2026R-00321,P70 01614 0043,permit_number,04/28/2026,Residential Electrical Permit,ELC,,"1325 Schaeffer ST, DAYTON OH 45404-1762",0,,39.781761695070685,-84.17550010441845
ELC2026R-00320,P70 01710 0048,permit_number,04/28/2026,Residential Electrical Permit,ELC,,"1612 ROSEMONT BLVD, DAYTON OH 45410-3231 United States",0,,39.744401304166026,-84.14188933453968
ELC2026R-00319,O67 22307 0023,permit_number,04/28/2026,Residential Electrical Permit,ELC,,"538 SHOOP AVE, DAYTON OH 45402-5506 United States",0,,39.762614692346396,-84.23858292393746
ELC2026R-00318,P70 02212 0003,permit_number,04/28/2026,Residential Electrical Permit,ELC,,"1816 SHAFTESBURY RD, DAYTON OH 45406-3910 United States",0,,39.781719428020125,-84.24010957753737
ELC2026R-00317,I39 00606 0033,permit_number,04/28/2026,Residential Electrical Permit,ELC,,"4535 VARNEY AVE, DAYTON OH 45420-3136 United States",0,,39.737700572327945,-84.13136419307538
ELC2026R-00316,M60 25315 0005,permit_number,04/28/2026,Residential Electrical Permit,ELC,,"120 Shannon ST, DAYTON OH 45402-8332",0,,,
ELC2026R-00315,P70 01115 0014,permit_number,04/28/2026,Residential Electrical Permit,ELC,,"4503 BLUE IRIS DR, DAYTON OHIO 45404",0,,,
ELC2026R-00314,O67 17806 0005,permit_number,04/27/2026,Residential Electrical Permit,ELC,,"1015 W FOURTH ST, DAYTON OH 45402-8339 United States",0,,39.75497700255374,-84.21075081332563
ELC2026R-00313,R72 04413 0051,address,04/27/2026,Residential Electrical Permit,ELC,,"531 SHERIDAN AVE, DAYTON OH 45403-2737 United States",,,39.76005696374206,-84.14682981588837
ELC2026R-00312,R72 05705 0043,address,04/27/2026,Residential Electrical Permit,ELC,,"538 BANNOCK ST, DAYTON OH 45404-1502 United States",,,39.78193558870122,-84.18690320495297
ELC2026R-00311,O67 22311 0033,permit_number,04/27/2026,Residential Electrical Permit,ELC,,"104 EDGAR AVE, DAYTON OH 45410-2022 United States",0,,39.74517143125763,-84.16375053331095
ELC2026R-00310,K45 02615 0020,permit_number,04/24/2026,Residential Electrical Permit,ELC,,"1842 HIGH KNOLL DR, DAYTON OH 45414-3737 United States",0,,39.82466935245341,-84.20746012891682
ELC2026R-00309,A01 25918 0019,permit_number,04/24/2026,Residential Electrical Permit,ELC,,"27 DAVIS AVE, DAYTON OH 45403-2901 United States",0,,39.757809251279035,-84.15673732943002
ELC2026R-00308,E20 17004 0092,permit_number,04/24/2026,Residential Electrical Permit,ELC,,"222 BURNS AVE, DAYTON OH 45402 United States",0,,,
ELC2026R-00307,G27 01706 0003,permit_number,04/24/2026,Residential Electrical Permit,ELC,,"1318 LAMAR ST, DAYTON OH 45404-1739 United States",0,,39.78074629434977,-84.17584581161701
ELC2026R-00306,H33 00210 0002,permit_number,04/24/2026,Residential Electrical Permit,ELC,,"220 BURNS AVE, DAYTON OH 45402 United States",0,,,
ELC2026R-00305,P70 51442 0002,permit_number,04/24/2026,Residential Electrical Permit,ELC,,"218 BURNS AVE, DAYTON OH 45402 United States",0,,,
ELC2026R-00304,H33 01509 0013,permit_number,04/24/2026,Residential Electrical Permit,ELC,,"216 BURNS AVE, DAYTON OH 45402 United States",0,,,
ELC2026R-00303,I39 00309 0010,permit_number,04/24/2026,Residential Electrical Permit,ELC,,"214 BURNS AVE, DAYTON OH 45402 United States",0,,,
ELC2026R-00302,O67 28008 0001,permit_number,04/24/2026,Residential Electrical Permit,ELC,,"335 BUNGALOW RD, DAYTON OH 45417-1303 United States",0,,39.75282726011223,-84.25704347404702
ELC2026R-00301,A01 00101 0026,permit_number,04/23/2026,Residential Electrical Permit,ELC,,"2041 LITCHFIELD AVE, DAYTON OH 45406 United States",0,,39.78663055589985,-84.23965392456718
ELC2026R-00300,R72 03409 0005,address,04/23/2026,Residential Electrical Permit,ELC,,"826 WYOMING ST, DAYTON OH 45410-1648 United States",,,39.74717010685125,-84.16839746064993
ELC2026R-00299,H33 00308 0007,permit_number,04/23/2026,Residential Electrical Permit,ELC,,"325 OAK ST, DAYTON OH 45410-1335 United States",0,,39.7476250533546,-84.18034940537298
ELC2026R-00298,D15 00808 0003,permit_number,04/22/2026,Residential Electrical Permit,ELC,,"603 ANNA ST, DAYTON OH 45402-5436 United States",0,,39.764088131416955,-84.23662010649389
ELC2026R-00297,R72516815 0032,permit_number,04/22/2026,Residential Electrical Permit,ELC,,"902 ALMOND AVE, DAYTON OH 45417-1104 United States",0,,39.75971234863705,-84.26243625669618
ELC2026R-00296,R72 13214 0052,address,04/22/2026,Residential Electrical Permit,ELC,,"525 BOWIE DR, DAYTON OH 45417-3102 United States",,,39.74125154263951,-84.2491116475943
ELC2026R-00295,R72 07403 0046,address,04/22/2026,Residential Electrical Permit,ELC,,"707 SUPERIOR AVE, DAYTON OH 45402-6308 United States",,,39.765857250181746,-84.21291083572702
ELC2026R-00294,R72 05710 0039,address,04/22/2026,Residential Electrical Permit,ELC,DETACHED GARAGE,"1128 Troy ST, DAYTON OH 45404-2719",,,39.78395244301124,-84.17322526592535
ELC2026R-00293,R72 02608 0016,address,04/22/2026,Residential Electrical Permit,ELC,,"38 PIERCE ST, DAYTON OH 45410-1627 United States",,,39.74937784789495,-84.172235151517
ELC2026R-00292,E21 17207A0091,permit_number,04/21/2026,Residential Electrical Permit,ELC,,"4647 GREENWICH VILLAGE AVE, DAYTON OH 45406-2411 United States",0,,39.7883128012532,-84.26062577713951
ELC2026R-00291,H33 00509 0006,permit_number,04/21/2026,Residential Electrical Permit,ELC,,"174 BALTIMORE ST, DAYTON OH 45404-1902 United States",0,,39.77981320097248,-84.17043549983521
ELC2026R-00290,O67 03710 0041,permit_number,04/21/2026,Residential Electrical Permit,ELC,,"217 REISINGER AVE, DAYTON OH 45417-2316 United States",0,,39.75748913456572,-84.2333391752797
ELC2026R-00289,H33301314 0028,permit_number,04/20/2026,Residential Electrical Permit,ELC,,"115 GRAMONT AVE, DAYTON OH 45417-2217 United States",0,,39.75458298549535,-84.23803749806456
ELC2026R-00288,E20 17001 0008,permit_number,04/20/2026,Residential Electrical Permit,ELC,,"15 PLEASANT ST, DAYTON OH 45403-2757 United States",0,,39.75952311245895,-84.15197579440972
ELC2026R-00287,E21 17307 0045,permit_number,04/20/2026,Residential Electrical Permit,ELC,,"2717 E FOURTH ST, APT/UNIT 2, DAYTON OH 45403-2113 United States",0,,39.76384721810373,-84.15337338990709
ELC2026R-00286,L53 02911 0075,permit_number,04/20/2026,Residential Electrical Permit,ELC,,"2717 E FOURTH ST, APT/UNIT 1, DAYTON OH 45403-2113 United States",0,,39.76384721810373,-84.15337338990709
ELC2026R-00285,H33 01404 0003,permit_number,04/17/2026,Residential Electrical Permit,ELC,,"2317 RUSTIC RD, DAYTON OH 45406-2137 United States",0,,39.78902551552506,-84.22232519807487
ELC2026R-00284,D14 00911 0042,permit_number,04/17/2026,Residential Electrical Permit,ELC,HOMEOWNER'S PERMIT,"740 LELAND AVE, DAYTON OH 45402-5306 United States",0,,39.76275783310038,-84.24464557984827
ELC2026R-00283,I39401307 0013,permit_number,04/17/2026,Residential Electrical Permit,ELC,,"25 S MOSS AVE, DAYTON OH 45417-1803 United States",0,,39.75038943143291,-84.24232609797026
ELC2026R-00282,L54 00408 0070,permit_number,04/16/2026,Residential Electrical Permit,ELC,,"333 WHITMORE AVE, DAYTON OH 45417-1363 United States",0,,39.75231321379161,-84.26492430781637
ELC2026R-00281,R72410803 0009,address,04/16/2026,Residential Electrical Permit,ELC,,"4117 BRIDLEGATE WAY, DAYTON OH 45424-8001 United States",,,39.80683148239219,-84.11108231601418
ELC2026R-00280,F24 00102 0166,permit_number,04/15/2026,Residential Electrical Permit,ELC,,"30 BRENNER AVE, DAYTON OH 45403-1122 United States",0,,39.76603400121489,-84.16413839562972
ELC2026R-00279,C08 00103 0019,permit_number,04/14/2026,Residential Electrical Permit,ELC,,"3 BELL ST, DAYTON OH 45403 United States",0,,39.76374398298748,-84.16471699045928
ELC2026R-00278,G27 01707 0031,permit_number,04/14/2026,Residential Electrical Permit,ELC,,"1710 FAUVER AVE, DAYTON OH 45420-2503 United States",0,,39.74237733258666,-84.14093112532102
ELC2026R-00277,O67 28015 0002,permit_number,04/14/2026,Residential Electrical Permit,ELC,,"1012 HAMPSHIRE RD, DAYTON OH 45419-3713 United States",0,,39.71986896816928,-84.15851731570658
ELC2026R-00276,I39 00116 0032,permit_number,04/13/2026,Residential Electrical Permit,ELC,,"1210 ARBOR AVE, DAYTON OH 45420-1907 United States",0,,39.74336690067509,-84.15139013443182
ELC2026R-00275,F22 01409 0003,permit_number,04/13/2026,Residential Electrical Permit,ELC,,"400 BURLEIGH AVE, DAYTON OH 45417-1634 United States",0,,39.75645276840241,-84.24578980415247
ELC2026R-00274,R72 12403 0061,address,04/13/2026,Residential Electrical Permit,ELC,,"744 OSMOND AVE, DAYTON OH 45417-1560 United States",,,39.760760156488125,-84.24897162556935
ELC2026R-00273,R72 09401 0051,address,04/13/2026,Residential Electrical Permit,ELC,,"32 S PLAZA AVE, DAYTON OH 45417-1806 United States",,,39.7499472200284,-84.24399407933397
ELC2026R-00272,C05 00204 0019,permit_number,04/13/2026,Residential Electrical Permit,ELC,,"2928 HOOVER AVE, DAYTON OH 45402-5539 United States",0,,39.76139741431494,-84.23974798770641
ELC2026R-00271,G27 18312 0003,permit_number,04/13/2026,Residential Electrical Permit,ELC,,"49 CAMBRIDGE AVE, DAYTON OH 45406-5002 United States",0,,39.7702746257707,-84.21464199648666
ELC2026R-00270,O67 03807 0171,permit_number,04/13/2026,Residential Electrical Permit,ELC,,"4605 SAINT JAMES AVE, DAYTON OH 45406-2324 United States",0,,39.78910238890406,-84.25942847564595
ELC2026R-00269,L54 00408 0090,permit_number,04/13/2026,Residential Electrical Permit,ELC,,"747 HECK AVE, DAYTON OH 45417-4640 United States",0,,39.73735414013277,-84.20793893599702
ELC2026R-00268,F22 01307 0024,permit_number,04/10/2026,Residential Electrical Permit,ELC,,"822 SUNLIGHT AVE, DAYTON OH 45417-9255 United States",0,,39.760076097155306,-84.2708951806215
ELC2026R-00267,P70 01902 0025,permit_number,04/10/2026,Residential Electrical Permit,ELC,,"715 CARLISLE AVE, DAYTON OH 45410-2738 United States",0,,39.74963774532133,-84.15240313453853
ELC2026R-00266,E21 17207A0061,permit_number,04/10/2026,Residential Electrical Permit,ELC,,"2323 NILL AVE, DAYTON OH 45420-2370 United States",0,,39.73367966153011,-84.14788884465665
ELC2026R-00265,H33 02304 0087,permit_number,04/10/2026,Residential Electrical Permit,ELC,,"1633 XENIA AVE, DAYTON OH 45410-2418 United States",0,,39.75321741708653,-84.15343424051763
ELC2026R-00264,F22 01511 0012,permit_number,04/10/2026,Residential Electrical Permit,ELC,,"412 N BROADWAY ST, DAYTON OH 45402-6614 United States",0,,39.760028730438954,-84.21472784586639
ELC2026R-00263,D14 20516 0002,permit_number,04/09/2026,Residential Electrical Permit,ELC,,"301 SMITH ST, DAYTON OH 45417-4040 United States",0,,39.741093779447596,-84.19833847352652
ELC2026R-00262,K47 18707 0015,permit_number,04/09/2026,Residential Electrical Permit,ELC,,"1215 Windsor AVE, DAYTON OH 45402-5719",0,,39.76972879043612,-84.2284131154791
ELC2026R-00261,I39 01213 0025,permit_number,04/09/2026,Residential Electrical Permit,ELC,,"1312 PHILADELPHIA DR, DAYTON OH 45406-4641 United States",0,,39.7707134411676,-84.23405248484151
ELC2026R-00260,E21 17304 0086,permit_number,04/09/2026,Residential Electrical Permit,ELC,,"2026 REVERE AVE, DAYTON OH 45420-1960 United States",0,,39.737984115809326,-84.14929720385005
ELC2026R-00259,P70 02107 0057,permit_number,04/09/2026,Residential Electrical Permit,ELC,,"5424 PLAINFIELD RD, DAYTON OH 45432-3541 United States",0,,39.73041455644315,-84.1136548038877
ELC2026R-00258,O67 21523 0030,permit_number,04/08/2026,Residential Electrical Permit,ELC,Solaredge Energy Bank Battery Installation,"4061 READING RD, DAYTON OH 45420",0,,39.73731412710123,-84.1381872259505
ELC2026R-00257,O67 17921 0004,permit_number,04/08/2026,Residential Electrical Permit,ELC,,"4370 WEEPING WILLOW DR, DAYTON OH 45404 United States",0,,,
ELC2026R-00256,R72 07110 0035,address,04/08/2026,Residential Electrical Permit,ELC,HOMEOWNER'S PERMIT,"142 MARATHON AVE, DAYTON OH 45405-3614 United States",,,39.78165109133447,-84.21216388359547
ELC2026R-00255,R72 08401 0040,address,04/08/2026,Residential Electrical Permit,ELC,,"445 DAKOTA ST, DAYTON OH 45402-6624 United States",,,39.7598546549143,-84.21442826665464
ELC2026R-00254,R72 06310 0014,address,04/08/2026,Residential Electrical Permit,ELC,,"130 KNECHT DR, DAYTON OH 45405-2628 United States",,,39.794665464595944,-84.21221333702933
ELC2026R-00253,L53 02904 0020,permit_number,04/08/2026,Residential Electrical Permit,ELC,,"2109 CATALPA DR, DAYTON OH 45406-3040 United States",0,,39.786013463720394,-84.2258596279023
ELC2026R-00252,A01 25911 0003,permit_number,04/08/2026,Residential Electrical Permit,ELC,,"1238 EVERETT DR, DAYTON OH 45402-5603 United States",0,,39.770357024024094,-84.2303074304434
ELC2026R-00251,I39 01003 0024,permit_number,04/08/2026,Residential Electrical Permit,ELC,,"806 GONDERT AVE, DAYTON OH 45403-3328 United States",0,,39.75515236856041,-84.13958130842917
ELC2026R-00249,A01 20321 0022,permit_number,04/07/2026,Residential Electrical Permit,ELC,,"2122 DELLA DR, DAYTON OH",0,,,
ELC2026R-00250,P70 01203 0026,permit_number,04/07/2026,Residential Electrical Permit,ELC,,"1040 BUNCHE DR, DAYTON OH",0,,,
ELC2026R-00248,H33 01511 0018,permit_number,04/07/2026,Residential Electrical Permit,ELC,,"2206 DELLA DR, DAYTON OH",0,,,
ELC2026R-00247,I39 00616 0008,permit_number,04/07/2026,Residential Electrical Permit,ELC,,"2304 DELLA DR, DAYTON OH",0,,,
ELC2026R-00245,P70 01414 0063,permit_number,04/07/2026,Residential Electrical Permit,ELC,,"912 ANGIER DR, DAYTON OH",0,,,
ELC2026R-00244,K48200921 0008,permit_number,04/07/2026,Residential Electrical Permit,ELC,,"918 ANGIER DR, DAYTON OH",0,,,
ELC2026R-00246,H33 50203 0007,permit_number,04/07/2026,Residential Electrical Permit,ELC,,"2413 YOLANDA DR, DAYTON OH",0,,,
ELC2026R-00243,P70 01511 0049,permit_number,04/07/2026,Residential Electrical Permit,ELC,,"2508 HEARTSOUL DR, DAYTON OH",0,,,
ELC2026R-00242,J44120913 0003,permit_number,04/07/2026,Residential Electrical Permit,ELC,,"2526 YOLANDA DR, DAYTON OH 45431 United States",0,,39.73310079611919,-84.23726142395165
ELC2026R-00241,A01 00109 0053,permit_number,04/07/2026,Residential Electrical Permit,ELC,,"135 S WILLIAMS ST, DAYTON OH 45402 United States",0,,,
ELC2026R-00240,K45 18718 0004,permit_number,04/07/2026,Residential Electrical Permit,ELC,,"4236 LARCHMONT DR, DAYTON OH 45417-1217 United States",0,,39.75634747868263,-84.25795402386795
ELC2026R-00239,O67 22213 0017,permit_number,04/06/2026,Residential Electrical Permit,ELC,,"1345 JORDAN AVE, DAYTON OH 45410-2802 United States",0,,39.75226765857418,-84.14542916385199
ELC2026R-00238,O67 03605 0162,permit_number,04/06/2026,Residential Electrical Permit,ELC,,"608 PRITZ AVE, DAYTON OH 45410-2433 United States",0,,39.7518884393611,-84.15673231686507
ELC2026R-00237,O67 21808 0017,permit_number,04/06/2026,Residential Electrical Permit,ELC,,"6758 GROVEBELLE DR, DAYTON OH 45424-8110 United States",0,,39.83457212194817,-84.10603673661659
ELC2026R-00236,I39 01013 0028,permit_number,04/06/2026,Residential Electrical Permit,ELC,,"1730 FAUVER AVE, DAYTON OH 45420-2503 United States",0,,39.741833040747025,-84.14097874103135
ELC2026R-00235,I39 01013 0028,permit_number,04/06/2026,Residential Electrical Permit,ELC,HOMEOWNER'S PERMIT,"50 DIAMOND AVE, DAYTON OH 45403-1311 United States",0,,39.77044157652254,-84.15072243446654
ELC2026R-00234,C05 00214 0025,permit_number,04/06/2026,Residential Electrical Permit,ELC,,"2419 FAUVER AVE, DAYTON OH 45420-2315 United States",0,,39.73133766012459,-84.14339177134538
ELC2026R-00233,O67 03814 0171,permit_number,04/01/2026,Residential Electrical Permit,ELC,,"70 REDWOOD AVE, DAYTON OH 45405-5109 United States",0,,39.80012734476191,-84.21611740819318
ELC2026R-00232,P70 00611 0042,permit_number,04/01/2026,Residential Electrical Permit,ELC,,"22 Hawthorn ST, DAYTON OH 45402",0,,39.75417850627304,-84.21108692388763
ELC2026R-00231,O67 03813 0214,permit_number,04/01/2026,Residential Electrical Permit,ELC,,"431 N GARLAND AVE, DAYTON OH 45403-1516 United States",0,,39.77442271859019,-84.14136920580584
ELC2026R-00230,O67 03813 0214,permit_number,04/01/2026,Residential Electrical Permit,ELC,,"529 HEISS AVE, DAYTON OH 45403-3012 United States",0,,39.75668688029891,-84.14123607472654
ELC2026R-00229,O67 03813 0214,permit_number,04/01/2026,Residential Electrical Permit,ELC,,"4214 WEEPING WILLOW DR, DAYTON OH 45404 United States",0,,,
ELC2026R-00228,O67 03813 0214,permit_number,04/01/2026,Residential Electrical Permit,ELC,,"25 S MOSS AVE, DAYTON OH 45417-1803 United States",0,,39.75038943143291,-84.24232609797026
ELC2026R-00227,O67 03813 0214,permit_number,04/01/2026,Residential Electrical Permit,ELC,,"316 STEELE AVE, DAYTON OH 45410-1811 United States",0,,39.75408654697286,-84.16725747729346
ELC2026R-00226,O67 03813 0214,permit_number,03/31/2026,Residential Electrical Permit,ELC,,"4031 EDISON ST, DAYTON OH 45417-1201 United States",0,,39.7563313365277,-84.25445650241613
ELC2026R-00225,O67 03813 0214,permit_number,03/30/2026,Residential Electrical Permit,ELC,,"251 LEXINGTON AVE, DAYTON OH 45402-6139 United States",0,,39.768236167211604,-84.21707066225791
ELC2026R-00224,O67 03813 0214,permit_number,03/30/2026,Residential Electrical Permit,ELC,,"249 LEXINGTON AVE, DAYTON OH 45402-6139 United States",0,,39.768239687383776,-84.21702090588862
ELC2026R-00223,O67 03813 0214,permit_number,03/30/2026,Residential Electrical Permit,ELC,,"708 SAINT NICHOLAS AVE, DAYTON OH 45410-2520 United States",0,,39.74988678554091,-84.15537213879982
ELC2026R-00214,O67 03813 0214,permit_number,03/27/2026,Residential Electrical Permit,ELC,,"1113 CICILION AVE, DAYTON OH 45402-4112 United States",0,,39.76776116529612,-84.24921498940581
ELC2026R-00222,O67 03813 0214,permit_number,03/27/2026,Residential Electrical Permit,ELC,,"834 RIVERVIEW TER, DAYTON OH 45402-6433 United States",0,,39.761785108767846,-84.20615405694734
ELC2026R-00221,O67 03813 0214,permit_number,03/27/2026,Residential Electrical Permit,ELC,,"1724 BARTLEY RD, DAYTON OH 45414",0,,39.82822717939078,-84.20392569485801
ELC2026R-00220,O67 03813 0214,permit_number,03/27/2026,Residential Electrical Permit,ELC,,"18 MERCER AVE, DAYTON OH 45402",0,,,
ELC2026R-00219,O67 03813 0214,permit_number,03/27/2026,Residential Electrical Permit,ELC,,"3100 PRINCETON DR, DAYTON OH 45406-4313 United States",0,,39.77231493372981,-84.23937295337278
ELC2026R-00218,O67 03813 0214,permit_number,03/27/2026,Residential Electrical Permit,ELC,,"420 LORENZ AVE, DAYTON OH 45417-2340 United States",0,,39.76028201410063,-84.23479618817952
ELC2026R-00217,O67 03813 0214,permit_number,03/27/2026,Residential Electrical Permit,ELC,HOMEOWNER'S PERMIT,"56 MCREYNOLDS ST, DAYTON OH 45403-2417 United States",0,,39.7582191838036,-84.16705040038988
ELC2026R-00216,O67 03813 0214,permit_number,03/27/2026,Residential Electrical Permit,ELC,,"176 GROVE AVE, DAYTON OH 45404-1933 United States",0,,39.777532739615324,-84.17303551212461
ELC2026R-00215,O67 03813 0214,permit_number,03/27/2026,Residential Electrical Permit,ELC,,"4501 QUEENS AVE, DAYTON OH 45406-3231 United States",0,,39.784308391111885,-84.25740337081629
ELC2026R-00213,O67 03813 0214,permit_number,03/27/2026,Residential Electrical Permit,ELC,,"540 SHOOP AVE, DAYTON OH 45402-5506 United States",0,,39.762661379921965,-84.23858053330524
ELC2026R-00212,O67 03813 0214,permit_number,03/27/2026,Residential Electrical Permit,ELC,,"66 E HUDSON AVE, DAYTON OH 45405-3502 United States",0,,39.783858235103544,-84.20674804851573
ELC2026R-00211,O67 03813 0214,permit_number,03/27/2026,Residential Electrical Permit,ELC,,"607 ANNA ST, DAYTON OH 45402-5436 United States",0,,39.764197950834344,-84.23662284356847
ELC2026R-00210,O67 03813 0214,permit_number,03/26/2026,Residential Electrical Permit,ELC,,"318 W GRAND AVE, DAYTON OH 45405 United States",0,,39.76864218667614,-84.20176397445076
ELC2026R-00209,O67 03813 0214,permit_number,03/26/2026,Residential Electrical Permit,ELC,,"5838 DEERFIELD ST, DAYTON OH 45414-2954 United States",0,,39.83247221970247,-84.20994866405202
ELC2026R-00208,O67 03813 0214,permit_number,03/26/2026,Residential Electrical Permit,ELC,,"3224 MCCALL ST, DAYTON OH 45417-1908 United States",0,,39.74643938014176,-84.2433478181054
ELC2026R-00207,O67 03813 0214,permit_number,03/26/2026,Residential Electrical Permit,ELC,,"200 N ORCHARD AVE, DAYTON OH 45417-2453 United States",0,,39.75661119596848,-84.2292083882014
ELC2026R-00206,O67 03813 0214,permit_number,03/25/2026,Residential Electrical Permit,ELC,,"4416 HOOVER AVE, DAYTON OH 45417-1118 United States",0,,39.76116678295587,-84.25993987877226
ELC2026R-00205,O67 03813 0214,permit_number,03/25/2026,Residential Electrical Permit,ELC,,"660 W SIEBENTHALER AVE, DAYTON OH 45405-1931 United States",0,,39.79802708523631,-84.23250064451042
ELC2026R-00204,R72 12606 0044,address,03/25/2026,Residential Electrical Permit,ELC,HOMEOWNER'S PERMIT,"400 BURLEIGH AVE, DAYTON OH 45417-1634 United States",,,39.75645276840241,-84.24578980415247
ELC2026R-00203,R72 07008 0002,address,03/25/2026,Residential Electrical Permit,ELC,,"262 FOUNTAIN AVE, DAYTON OH 45405-3930 United States",,,39.77781461275142,-84.21276709077544
ELC2026R-00202,C05 00315 0015,permit_number,03/25/2026,Residential Electrical Permit,ELC,,"3909 NECCO AVE, DAYTON OH 45406-3557 United States",0,,39.77927369306273,-84.2518314780414
ELC2026R-00201,R72 03907 0020,address,03/25/2026,Residential Electrical Permit,ELC,,"628 SAINT NICHOLAS AVE, DAYTON OH 45410-2436 United States",,,39.751228541111644,-84.1552439093536
ELC2026R-00200,P70 01802 0018,permit_number,03/24/2026,Residential Electrical Permit,ELC,,"631 BELMONTE PARK N, DAYTON OH 45405-4718 United States",0,,39.76844802979445,-84.20491529783793
ELC2026R-00199,K45 02615 0020,permit_number,03/24/2026,Residential Electrical Permit,ELC,,"358 PARK DR, DAYTON OH 45410-1414 United States",0,,39.74829359099358,-84.17393787973845
ELC2026R-00198,I39 01116 0039,permit_number,03/24/2026,Residential Electrical Permit,ELC,,"2922 E SECOND ST, DAYTON OH 45403-1237 United States",0,,39.76729682078399,-84.15279021643748
ELC2026R-00197,R72 04604 0032,address,03/24/2026,Residential Electrical Permit,ELC,,"2920 E SECOND ST, DAYTON OH 45403-1237 United States",,,39.767287987273264,-84.15283273725993
ELC2026R-00196,A01 20125 0027,permit_number,03/24/2026,Residential Electrical Permit,ELC,,"404 OXFORD AVE, DAYTON OH 45402-5801 United States",0,,39.768650079130126,-84.2213091464334
ELC2026R-00195,H33 00415 0013,permit_number,03/23/2026,Residential Electrical Permit,ELC,,"1328 WAKEFIELD AVE, DAYTON OH 45406-2925 United States",0,,39.786292610053,-84.23149696604105
ELC2026R-00194,C05 00109 0047,permit_number,03/23/2026,Residential Electrical Permit,ELC,,"404 KNECHT DR, DAYTON OH 45405-2634 United States",0,,39.794654508605035,-84.20807693149587
ELC2026R-00193,R72 11502 0091,address,03/20/2026,Residential Electrical Permit,ELC,,"2121 AUBURN AVE, DAYTON OH 45406-2913 United States",,,39.78639321090896,-84.22822157485881
ELC2026R-00192,R72617322 0045,address,03/20/2026,Residential Electrical Permit,ELC,,"5255 GANDER RD W, DAYTON OH 45424-4512 United States",,,39.820142046975775,-84.11193153568892
ELC2026R-00191,R72 06103 0051,address,03/19/2026,Residential Electrical Permit,ELC,,"2221 RIVERSIDE DR, DAYTON OH 45405-3522 United States",,,39.7866117804612,-84.20546309023406
ELC2026R-00190,R72 02306 0051,address,03/19/2026,Residential Electrical Permit,ELC,,"302 PRITZ AVE, DAYTON OH 45403-2524 United States",,,39.75506890855091,-84.15641339690683
ELC2026R-00189,R72 02306 0051,address,03/19/2026,Residential Electrical Permit,ELC,,"300 PRITZ AVE, DAYTON OH 45403-2524 United States",,,39.755072148287674,-84.15644512189131
ELC2026R-00188,G27 01608 0045,permit_number,03/19/2026,Residential Electrical Permit,ELC,,"2103 RAVENWOOD AVE, DAYTON OH 45406 United States",0,,39.78588042227781,-84.22702277633012
ELC2026R-00187,E21 17209 0104,permit_number,03/19/2026,Residential Electrical Permit,ELC,,"2105 RAVENWOOD AVE, DAYTON OH 45406-2907 United States",0,,,
ELC2026R-00186,E20 17001 0119,permit_number,03/19/2026,Residential Electrical Permit,ELC,,"2109 RAVENWOOD AVE, DAYTON OH 45406-2907 United States",0,,,
ELC2026R-00185,O67 28603 0010,permit_number,03/19/2026,Residential Electrical Permit,ELC,,"2053 CATALPA DR, DAYTON OH 45406-3037 United States",0,,39.78543011174718,-84.22585911740522
ELC2026R-00184,R72 11501 0012,address,03/19/2026,Residential Electrical Permit,ELC,,"2105 CATALPA DR, DAYTON OH 45406-3040 United States",,,39.785897791703455,-84.22588166006649
ELC2026R-00183,R72 11307 0036,address,03/19/2026,Residential Electrical Permit,ELC,,"1012 SHERWOOD DR, DAYTON OH 45406-5735 United States",,,39.789149146638245,-84.23255034044088
ELC2026R-00182,P70 01402 0008,permit_number,03/19/2026,Residential Electrical Permit,ELC,,"4420 DAYTON-LIBERTY RD, DAYTON OH 45417-5904 United States",0,,39.731722837764096,-84.26158994822815
ELC2026R-00181,P70 01313 0002,permit_number,03/18/2026,Residential Electrical Permit,ELC,,"1724 LAYTON DR, DAYTON OH 45406-3918 United States",0,,39.779915514053435,-84.24452725731327
ELC2026R-00180,P70 00520 0052,permit_number,03/18/2026,Residential Electrical Permit,ELC,,"214 BURNS AVE, DAYTON OH 45402 United States",0,,,
ELC2026R-00179,L55 02804 0031,permit_number,03/17/2026,Residential Electrical Permit,ELC,,"506 BURKHARDT AVE, DAYTON OH 45403-2708 United States",0,,39.76071776703882,-84.14748224649992
ELC2026R-00178,C09 00507 0065,permit_number,03/16/2026,Residential Electrical Permit,ELC,,"38 E SIEBENTHALER AVE, DAYTON OH 45405-2424 United States",0,,39.798378575847096,-84.21646944605197
ELC2026R-00177,K45 02612 0076,permit_number,03/16/2026,Residential Electrical Permit,ELC,,"4418 WATER WILLOW DR, DAYTON OHIO 45404",0,,,
ELC2026R-00176,P70 02211 0047,permit_number,03/16/2026,Residential Electrical Permit,ELC,,"920 XENIA AVE, DAYTON OH 45410-2234 United States",0,,39.752634360130244,-84.16260509228965
ELC2026R-00175,H33 02301 0112,permit_number,03/12/2026,Residential Electrical Permit,ELC,HOMEOWNER'S PERMIT,"1257 ROSEDALE DR, DAYTON OH 45402-5711 United States",0,DET GAR,39.770499843608334,-84.22695909411617
ELC2026R-00174,R72 06406 0053,address,03/12/2026,Residential Electrical Permit,ELC,,"209 MCDANIEL ST, DAYTON OH 45405-4821 United States",,,39.7683506519777,-84.19631289068285
ELC2026R-00173,R72 16104 0079,address,03/12/2026,Residential Electrical Permit,ELC,HOMEOWNER'S PERMIT,"5032 GENESEE AVE, DAYTON OH 45406-2232 United States",,,39.78463896524584,-84.26699610568673
ELC2026R-00172,P70 00114 0027,permit_number,03/12/2026,Residential Electrical Permit,ELC,,"705 SUNNYVIEW AVE, DAYTON OH 45406-1955 United States",0,,39.793155272083254,-84.22623236929401
ELC2026R-00171,H33300909 0046,permit_number,03/12/2026,Residential Electrical Permit,ELC,,"669 CLEGG ST, DAYTON OH 45417-4630 United States",0,,39.74000958001841,-84.2058557708901
ELC2026R-00170,H33301011 0067,permit_number,03/12/2026,Residential Electrical Permit,ELC,,"134 BLACKBERRY RD, DAYTON OH 45431 United States",0,,39.76214415607507,-84.13230293185394
ELC2026R-00169,R72 14302 0014,address,03/12/2026,Residential Electrical Permit,ELC,,"159 BELLAIRE AVE, DAYTON OH 45420-1705 United States",,,39.72979787760735,-84.15347622622346
ELC2026R-00168,R72 02205 0078,address,03/11/2026,Residential Electrical Permit,ELC,,"2341 E FIFTH ST, DAYTON OH 45403-2662 United States",,,39.76090392971956,-84.16022639834463
ELC2026R-00167,H33 00209 0026,permit_number,03/11/2026,Residential Electrical Permit,ELC,,"136 S WILLIAMS ST, DAYTON OH 45402 United States",0,,39.75382640622974,-84.21210917614891
ELC2026R-00166,H33 00603 0032,permit_number,03/11/2026,Residential Electrical Permit,ELC,,"1120 YORKSHIRE PL, DAYTON OH 45419-2847 United States",0,,39.71732924427368,-84.15501873285885
ELC2026R-00165,H33 01212 0003,permit_number,03/11/2026,Residential Electrical Permit,ELC,,"715 GONDERT AVE, DAYTON OH 45403-3325 United States",0,,39.754921557655344,-84.14121938744462
ELC2026R-00164,R72 03112 0031,address,03/11/2026,Residential Electrical Permit,ELC,,"456 LOWES ST, APT/UNIT C, DAYTON OH 45409-2438 United States",,,39.73509175672422,-84.17489402354208
ELC2026R-00163,F23 00102 0018,permit_number,03/10/2026,Residential Electrical Permit,ELC,,"500 NIAGARA AVE, DAYTON OH 45405-3742 United States",0,,39.77978329669574,-84.21839202478887
ELC2026R-00162,D14 00904 0053,permit_number,03/10/2026,Residential Electrical Permit,ELC,,"1927 RICHARD ST, DAYTON OH 45403-2546 United States",0,,39.75539329457533,-84.15819589091326
ELC2026R-00161,R72 06407 0056,address,03/10/2026,Residential Electrical Permit,ELC,,"41 W MCPHERSON ST, DAYTON OH 45405 United States",,,39.76737748209957,-84.19561495022356
ELC2026R-00160,L54 00408 0085,permit_number,03/09/2026,Residential Electrical Permit,ELC,,"39 E HILLCREST AVE, DAYTON OH 45405-2825 United States",0,,39.79138603470967,-84.2128410246012
ELC2026R-00159,A01 21309 0018,permit_number,03/09/2026,Residential Electrical Permit,ELC,,"37 E HILLCREST AVE, DAYTON OH 45405-2825 United States",0,,39.79131735631828,-84.21284289265263
ELC2026R-00158,A01 26002 0001,permit_number,03/09/2026,Residential Electrical Permit,ELC,,"1425 CANFIELD AVE, DAYTON OH 45406-4206 United States",0,,39.77324421133426,-84.23947800905741
ELC2026R-00157,P70 01414 0024,permit_number,03/09/2026,Residential Electrical Permit,ELC,,"1312 CANFIELD AVE, DAYTON OH 45406-4309 United States",0,,39.77089857851076,-84.23897112575727
ELC2026R-00156,J44128203 0026,permit_number,03/09/2026,Residential Electrical Permit,ELC,,"220 ALBERTA ST, DAYTON OH 45410-1302 United States",0,,39.747792080345505,-84.18159600205763
ELC2026R-00155,O67 22335 0037,permit_number,03/09/2026,Residential Electrical Permit,ELC,,"637 GRAMONT AVE, DAYTON OH 45402-5440 United States",0,,39.7648921113738,-84.23776801927647
ELC2026R-00154,L54 00408 0062,permit_number,03/09/2026,Residential Electrical Permit,ELC,,"2926 N MAIN ST, DAYTON OH 45405-2808 United States",0,,39.79192361813682,-84.21438120295188
ELC2026R-00153,P70 00913 0022,permit_number,03/09/2026,Residential Electrical Permit,ELC,,"2924 N Main ST, DAYTON OH 45405-2808",0,,39.791922367121686,-84.21446660580767
ELC2026R-00152,O67 21809 0008,permit_number,03/06/2026,Residential Electrical Permit,ELC,,"2031 STEGMAN AVE, DAYTON OH 45404-2119 United States",0,,39.782548687201334,-84.1640275648605
ELC2026R-00151,K45 02612 0076,permit_number,03/06/2026,Residential Electrical Permit,ELC,,"2650 FERNCLIFF AVE, APT/UNIT B, DAYTON OH 45420-3371 United States",0,,39.72761585027152,-84.13033882377046
ELC2026R-00150,H33301101 0017,permit_number,03/06/2026,Residential Electrical Permit,ELC,,"4026 LARKSPUR DR, DAYTON OH 45406-3419 United States",0,,39.78597955698038,-84.24904254902155
ELC2026R-00149,I39300210 0027,permit_number,03/05/2026,Residential Electrical Permit,ELC,,"4419 WATER WILLOW CT, DAYTON OHIO 45404",0,,,
ELC2026R-00148,E21 17207 0164,permit_number,03/05/2026,Residential Electrical Permit,ELC,,"25 MARATHON AVE, DAYTON OH 45405-3613 United States",0,,39.782055590016014,-84.2094762569973
ELC2026R-00147,E20 17002 0030,permit_number,03/04/2026,Residential Electrical Permit,ELC,,"768 Heck AVE, DAYTON OH 45417-4641",0,,39.73701929565643,-84.20868119625882
ELC2026R-00146,D14 00909 0018,permit_number,03/04/2026,Residential Electrical Permit,ELC,,"2721 N MAIN ST, DAYTON OH 45405-3009 United States",0,,39.78997105547659,-84.21402704844427
ELC2026R-00145,F25 01306 0022,permit_number,03/04/2026,Residential Electrical Permit,ELC,HOMEOWNER'S PERMIT,"130 DRUMMER AVE, DAYTON OH 45403-2427 United States",0,,39.756573390061206,-84.16904947734444
ELC2026R-00144,R72 14002 0009,address,03/04/2026,Residential Electrical Permit,ELC,,"920 WESTMINSTER PL, DAYTON OH 45419-3759 United States",,,39.7218641061913,-84.15627130597983
ELC2026R-00139,E21 24107 0024,permit_number,03/03/2026,Residential Electrical Permit,ELC,,"931 W THIRD ST, DAYTON OH 45402 United States",0,,,
ELC2026R-00140,,unmatched,03/03/2026,Residential Electrical Permit,ELC,,"933 W THIRD ST, DAYTON OH 45402 United States",,,,
ELC2026R-00141,H33 00819 0007,permit_number,03/03/2026,Residential Electrical Permit,ELC,,"935 W THIRD ST, DAYTON OH 45402 United States",0,,,
ELC2026R-00142,C05 00626 0045,permit_number,03/03/2026,Residential Electrical Permit,ELC,,"937 W THIRD ST, DAYTON OH 45402 United States",0,,,
ELC2026R-00143,K45 23124 0024,permit_number,03/03/2026,Residential Electrical Permit,ELC,,"939 W THIRD ST, DAYTON OH 45402 United States",0,,,
ELC2026R-00138,R72 08406 0041,address,03/03/2026,Residential Electrical Permit,ELC,,"929 W THIRD ST, DAYTON OH 45402 United States",,,39.75669909833787,-84.21005127166542
ELC2026R-00137,,unmatched,03/03/2026,Residential Electrical Permit,ELC,,"4315 WILLOW HILLS, DAYTON OH",,,,
ELC2026R-00136,E21 24101 0003,permit_number,03/03/2026,Residential Electrical Permit,ELC,,"4382 WEEPING WILLOW DR, DAYTON OH 45404 United States",0,,,
ELC2026R-00135,K47 22907 0017,permit_number,03/03/2026,Residential Electrical Permit,ELC,,"205 NICOLE CT, DAYTON OH 45420-1897 United States",0,,39.737530923634466,-84.16425628328531
ELC2026R-00134,P70 00909 0011,permit_number,03/03/2026,Residential Electrical Permit,ELC,,"137 VOLKENAND AVE, DAYTON OH 45410-2005 United States",0,,39.74324350965596,-84.1658990379027
ELC2026R-00133,O67 21614 0008,permit_number,03/03/2026,Residential Electrical Permit,ELC,,"314 POINTVIEW AVE, DAYTON OH 45405-2850 United States",0,,39.792744774627955,-84.2077987537514
ELC2026R-00132,O67 22016 0001,permit_number,03/03/2026,Residential Electrical Permit,ELC,,"312 POINTVIEW AVE, DAYTON OH 45405-2850 United States",0,,39.79280781630793,-84.2078038565811
ELC2026R-00131,P70 01216 0012,permit_number,03/03/2026,Residential Electrical Permit,ELC,,"100 CENTRE ST, DAYTON OH 45403-1906 United States",0,,39.76082879637431,-84.16446589097428
ELC2026R-00130,K45 02611 0033,permit_number,03/02/2026,Residential Electrical Permit,ELC,,"1658 RUSKIN RD, DAYTON OH 45406-4116 United States",0,,39.778649335516235,-84.23568772225848
ELC2026R-00129,R72 10608 0062,address,03/02/2026,Residential Electrical Permit,ELC,,"268 SMITH ST, DAYTON OH 45417-4039 United States",,,39.740740778525904,-84.19749755319985
ELC2026R-00128,C05 00109 0105,permit_number,02/27/2026,Residential Electrical Permit,ELC,,"265 AIR ST, DAYTON OH 45404-1805 United States",0,,39.77404712910622,-84.17254614921002
ELC2026R-00127,M60 25206 0011,permit_number,02/26/2026,Residential Electrical Permit,ELC,Owner,"118 CHURCH ST, DAYTON OH 45410 United States",0,,39.75352516352401,-84.1667674015205
ELC2026R-00126,O67 17810 0002,permit_number,02/26/2026,Residential Electrical Permit,ELC,,"921 Shroyer RD, DAYTON OH 45419-3633",0,,39.72192029873997,-84.16121157225089
ELC2026R-00125,H33 01603 0029,permit_number,02/26/2026,Residential Electrical Permit,ELC,,"749 LA SALLE DR, DAYTON OH 45417-3522 United States",0,,39.736962957973155,-84.24853105045774
ELC2026R-00124,P70 02207 0030,permit_number,02/26/2026,Residential Electrical Permit,ELC,,"1801 NEFF RD, DAYTON OH 45414-5347 United States",0,,39.803943342814875,-84.19770674947671
ELC2026R-00123,R72 15004 0027,address,02/26/2026,Residential Electrical Permit,ELC,,"1854 RUSSET AVE, DAYTON OH 45410-3447 United States",,,39.74047076219777,-84.13040116151686
ELC2026R-00122,P70 01005 0024,permit_number,02/26/2026,Residential Electrical Permit,ELC,,"2330 CATALPA DR, DAYTON OH 45406-2103 United States",0,,39.79036221979624,-84.2255259945902
ELC2026R-00121,C06 00410 0046,permit_number,02/25/2026,Residential Electrical Permit,ELC,,"2061 BELLEFONTAINE AVE, DAYTON OH 45404-2110 United States",0,,39.78334582217091,-84.16358037028563
ELC2026R-00120,R72 12208 0017,address,02/25/2026,Residential Electrical Permit,ELC,,"519 Anna ST, DAYTON OH 45402-5509",,,39.76223262488716,-84.23657386225763
ELC2026R-00119,C05 00409 0023,permit_number,02/25/2026,Residential Electrical Permit,ELC,,"4322 WEEPING WILLOW DR, DAYTON OH 45404",0,,,
ELC2026R-00118,R72 12906 0020,address,02/25/2026,Residential Electrical Permit,ELC,,"521 WHITMORE AVE, DAYTON OH 45417-1249 United States",,,39.75476102980697,-84.26502185676998
ELC2026R-00117,R72 12307 0022,address,02/24/2026,Residential Electrical Permit,ELC,,"4020 DELPHOS AVE, DAYTON OH 45402-5219 United States",,,39.76213852994537,-84.25117654967043
ELC2026R-00116,O67 03803 0165,permit_number,02/24/2026,Residential Electrical Permit,ELC,,"44 E BURTON AVE, DAYTON OH 45405 United States",0,,39.77946096871637,-84.20344107078056
ELC2026R-00115,O67 22344 0116,permit_number,02/23/2026,Residential Electrical Permit,ELC,,"1133 VERNON DR, DAYTON OH 45402-5713 United States",0,,39.768780580266686,-84.22958870961219
ELC2026R-00114,R72 08201 0030,address,02/23/2026,Residential Electrical Permit,ELC,,"180 N ARDMORE AVE, DAYTON OH 45417-2204 United States",,,39.75597085462188,-84.23406986158683
ELC2026R-00113,R72 06904A0009,address,02/23/2026,Residential Electrical Permit,ELC,,"927 FERNDALE AVE, DAYTON OH 45406-5112 United States",,,39.77477069470372,-84.21287375135789
ELC2026R-00112,I39 00711 0033,permit_number,02/20/2026,Residential Electrical Permit,ELC,,"5339 MIDDLEBURY RD, DAYTON OH 45432-3613 United States",0,,39.736673342207155,-84.1151653390364
ELC2026R-00111,H33 00213 0015,permit_number,02/20/2026,Residential Electrical Permit,ELC,,"1921 Tuttle AVE, DAYTON OH 45403-3431",0,,39.75389446215779,-84.13122035393424
ELC2026R-00110,A01 00109 0088,permit_number,02/20/2026,Residential Electrical Permit,ELC,,"1625 E Fifth ST, DAYTON OH 45403-2303",0,,39.759020121237995,-84.17153439212657
ELC2026R-00109,O67 03814 0208,permit_number,02/20/2026,Residential Electrical Permit,ELC,,"1113 Clement AVE, DAYTON OH 45417-3727",0,,39.7396506842749,-84.2271266187424
ELC2026R-00108,R72 11913 0102,address,02/20/2026,Residential Electrical Permit,ELC,,"3011 EARLHAM DR, DAYTON OH 45406-4210 United States",,,39.774560590568015,-84.2386639788426
ELC2026R-00107,O67 03814 0221,permit_number,02/19/2026,Residential Electrical Permit,ELC,,"1677 FALKE DR, DAYTON OH 45432-3313 United States",0,,39.73380077842911,-84.12767396402585
ELC2026R-00106,I39 00708 0047,permit_number,02/19/2026,Residential Electrical Permit,ELC,,"1944 E Fourth ST, DAYTON OH 45403-1910",0,,39.7615559155273,-84.16546521953332
ELC2026R-00105,R72 11604 0009,address,02/19/2026,Residential Electrical Permit,ELC,,"1926 BENSON DR, DAYTON OH 45406-4404 United States",,,39.782837521307364,-84.23229726527525
ELC2026R-00104,F24 00101 0091,permit_number,02/19/2026,Residential Electrical Permit,ELC,,"19 ANDREWS ST, DAYTON OH 45410-1913 United States",0,,39.75091434881289,-84.16422910393351
ELC2026R-00103,R72 12306 0031,address,02/18/2026,Residential Electrical Permit,ELC,,"854 OSMOND AVE, DAYTON OH 45402-5239 United States",,,39.763151274818,-84.2490067521131
ELC2026R-00102,L55 02702 0044,permit_number,02/18/2026,Residential Electrical Permit,ELC,,"908 FIVE OAKS AVE, DAYTON OH 45406-5224 United States",0,,39.771709213350114,-84.21193022910484
ELC2026R-00101,E20 17102B0022,permit_number,02/18/2026,Residential Electrical Permit,ELC,,"2210 Rustic RD, DAYTON OH 45405-3238",0,,39.78762688544399,-84.22146134611253
ELC2026R-00100,P70 01818 0025,permit_number,02/17/2026,Residential Electrical Permit,ELC,,"2513 GERMANTOWN ST, DAYTON OH 45417-3675 United States",0,,39.740344277445246,-84.23615562790064
ELC2026R-00099,R72 02804 0010,address,02/17/2026,Residential Electrical Permit,ELC,341 SIDE OF DOUBLE,"341 WYOMING ST, DAYTON OH 45410-1326 United States",,,39.74582305839489,-84.17887251034152
ELC2026R-00098,K47 22912 0042,permit_number,02/17/2026,Residential Electrical Permit,ELC,,"1044 W GRAND AVE, DAYTON OH 45402-6122 United States",0,,39.76676144480499,-84.21416770200446
ELC2026R-00097,O67 03814 0208,permit_number,02/16/2026,Residential Electrical Permit,ELC,,"3323 Nancy AVE, DAYTON OH 45417-6647",0,,39.72853085278622,-84.24353651079534
ELC2026R-00096,R72 09309 0002,address,02/13/2026,Residential Electrical Permit,ELC,,"27 UPPER AVE, DAYTON OH 45417-1815 United States",,,39.75009987970752,-84.24332911529703
ELC2026R-00095,R72 10403A0012,address,02/12/2026,Residential Electrical Permit,ELC,,"1324 BANCROFT ST, DAYTON OH 45417-3810 United States",,,39.743109015804826,-84.21659512333926
ELC2026R-00094,O67 22407 0008,permit_number,02/12/2026,Residential Electrical Permit,ELC,,"437 N WRIGHT AVE, DAYTON OH 45403-1515 United States",0,,39.77478685898611,-84.14026755530142
ELC2026R-00093,R72 16101 0044,address,02/12/2026,Residential Electrical Permit,ELC,,"1618 HICKORYDALE DR, DAYTON OH 45406-3124 United States",,,39.780537161160254,-84.264963188462
ELC2026R-00092,K50 02508 0043,permit_number,02/12/2026,Residential Electrical Permit,ELC,,"39 N QUENTIN AVE, DAYTON OH 45403-1728 United States",0,,39.76775670744295,-84.14131891170555
ELC2026R-00091,O67 21910 0022,permit_number,02/12/2026,Residential Electrical Permit,ELC,HOMEOWNER'S PERMIT,"1531 W STEWART ST, DAYTON OH 45417-3819 United States",0,,39.74191313685985,-84.2211752555472
ELC2026R-00090,E21 17306 0122,permit_number,02/12/2026,Residential Electrical Permit,ELC,,"5540 SIGNET DR, DAYTON OH 45424-4544 United States",0,,39.820933045555336,-84.11171485721624
ELC2026R-00089,O67 22340 0025,permit_number,02/12/2026,Residential Electrical Permit,ELC,,"3218 LINDEN AVE, DAYTON OH 45410-3033 United States",0,,39.74760421404921,-84.13630909619452
ELC2026R-00088,R72 15801 0004,address,02/12/2026,Residential Electrical Permit,ELC,,"3740 KINGS HWY, DAYTON OH 45406-3504 United States",,,39.7831522300154,-84.24530581433002
ELC2026R-00087,R72 15801 0004,address,02/12/2026,Residential Electrical Permit,ELC,,"3738 KINGS HWY, DAYTON OH 45406-3504 United States",,,39.783153343582036,-84.24523114808377
ELC2026R-00086,I39401319 0054,permit_number,02/12/2026,Residential Electrical Permit,ELC,HOMEOWNER'S PERMIT,"4385 CONEFLOWER DR, DAYTON OH 45404 United States",0,,39.81717467275231,-84.14137034098
ELC2026R-00085,L55 02802 0036,permit_number,02/12/2026,Residential Electrical Permit,ELC,,"1530 DIETZEN ST, DAYTON OH 45417-4635 United States",0,,39.7355250562021,-84.2141570717737
ELC2026R-00084,I39 01013 0029,permit_number,02/12/2026,Residential Electrical Permit,ELC,,"1528 DIETZEN ST, DAYTON OH 45417-4635 United States",0,,39.73556350745149,-84.21415801731483
ELC2026R-00083,L54 00408 0068,permit_number,02/10/2026,Residential Electrical Permit,ELC,,"52 E PARKWOOD DR, DAYTON OH 45405-3423 United States",0,,39.78727340384524,-84.21017373455126
ELC2026R-00082,O67 03712 0064,permit_number,02/10/2026,Residential Electrical Permit,ELC,,"5429 FAIR VALLEY RD, DAYTON OH 45414-2948 United States",0,,39.82640632338801,-84.21167284354097
ELC2026R-00081,O67 20015 0006,permit_number,02/10/2026,Residential Electrical Permit,ELC,,"504 W HILLCREST AVE, DAYTON OH 45406-2119 United States",0,,39.790867152184425,-84.22349902960795
ELC2026R-00080,P70 01406 0002,permit_number,02/10/2026,Residential Electrical Permit,ELC,,"439 ADELITE AVE, DAYTON OH 45417-3270 United States",0,,39.7452733985285,-84.23237736352893
ELC2026R-00079,H33 01208 0024,permit_number,02/10/2026,Residential Electrical Permit,ELC,,"1520 KUMLER AVE, DAYTON OH 45406-5933 United States",0,,39.77590204432221,-84.22334230762583
ELC2026R-00078,R72 07001 0013,address,02/09/2026,Residential Electrical Permit,ELC,,"82 FOUNTAIN AVE, DAYTON OH 45405-3702 United States",,,39.77876628519815,-84.20908949626869
ELC2026R-00077,R72 07002 0017,address,02/09/2026,Residential Electrical Permit,ELC,,"74 FOUNTAIN AVE, DAYTON OH 45405-3702 United States",,,39.77889294574839,-84.20887553260617
ELC2026R-00076,O67 18515 0009,permit_number,02/06/2026,Residential Electrical Permit,ELC,,"509 ETHEL AVE, DAYTON OH 45417-3232 United States",0,,39.74495840576408,-84.23528981452988
ELC2026R-00075,H33 00415 0006,permit_number,02/05/2026,Residential Electrical Permit,ELC,HOMEOWNER'S PERMIT,"930 FIVE OAKS AVE, DAYTON OH 45406-5224 United States",0,,39.77162960318473,-84.21267911211157
ELC2026R-00074,H33 00919 0009,permit_number,02/05/2026,Residential Electrical Permit,ELC,,"744 GREENMOUNT BLVD, DAYTON OH 45419-2838 United States",0,,39.717465673039186,-84.15779524481445
ELC2026R-00073,O67 18506 0027,permit_number,02/05/2026,Residential Electrical Permit,ELC,,"2412 WAYNE AVE, DAYTON OH 45420-1831 United States",0,,39.73966669492417,-84.15907018889573
ELC2026R-00072,K47 18708 0004,permit_number,02/04/2026,Residential Electrical Permit,ELC,,"60 CONSTANTIA AVE, DAYTON OH 45419-4101 United States",0,,39.73277206705432,-84.1615768554204
ELC2026R-00071,P70 00909 0038,permit_number,02/04/2026,Residential Electrical Permit,ELC,,"25 MARATHON AVE, DAYTON OH 45405-3613 United States",0,,39.782055590016014,-84.2094762569973
ELC2026R-00070,ROW,address,02/03/2026,Residential Electrical Permit,ELC,,"4402 BLUE IRIS DR, DAYTON OH 45404",,,39.8171307519781,-84.14093171508226
ELC2026R-00069,R72 10302 0060,address,02/03/2026,Residential Electrical Permit,ELC,HOMEOWNER'S PERMIT,"509 PONTIAC AVE, DAYTON OH 45417-3927 United States",,,39.74294606230234,-84.21103885655062
ELC2026R-00068,R72 04207 0038,address,02/03/2026,Residential Electrical Permit,ELC,,"322 Davis AVE, DAYTON OH 45403-2910",,,39.75722824193904,-84.15271117654304
ELC2026R-00067,L54 00408 0088,permit_number,02/02/2026,Residential Electrical Permit,ELC,,"1402 W RIVERVIEW AVE, DAYTON OH 45402-6217 United States",0,,39.7621676956491,-84.2175377895048
ELC2026R-00066,O67 21903 0022,permit_number,02/02/2026,Residential Electrical Permit,ELC,,"3116 Glen Rock RD, DAYTON OH 45420-1939",0,,39.74040018636455,-84.15011768458348
ELC2026R-00065,P70 00713 0002,permit_number,01/29/2026,Residential Electrical Permit,ELC,,"1007 W THIRD ST, DAYTON OH 45402",0,,,
ELC2026R-00064,A01 25923 0034,permit_number,01/29/2026,Residential Electrical Permit,ELC,,"993 W THIRD ST, DAYTON OH",0,,,
ELC2026R-00063,O67 21921 0014,permit_number,01/29/2026,Residential Electrical Permit,ELC,,"997 W THIRD ST, DAYTON OH",0,,,
ELC2026R-00062,P70 00813 0005,permit_number,01/29/2026,Residential Electrical Permit,ELC,Owner Occupied,"110 Eugene AVE, DAYTON OH 45403-3048",0,,39.75532561566318,-84.14490371271712
ELC2026R-00061,P70 00218 0022,permit_number,01/28/2026,Residential Electrical Permit,ELC,,"1905 EMERSON AVE, DAYTON OH 45406-4808 United States",0,,39.782686888438995,-84.22334648881193
ELC2026R-00060,P70 00218 0024,permit_number,01/28/2026,Residential Electrical Permit,ELC,,"1419 LEXINGTON AVE, DAYTON OH 45402-5635 United States",0,,39.76876430480601,-84.2353240584925
ELC2026R-00059,R72217304 0102,address,01/28/2026,Residential Electrical Permit,ELC,,"4237 WILLOW HILLS DR, DAYTON OH 45404",,,39.8170776360367,-84.14378475685324
ELC2026R-00058,O67 23415 0001,permit_number,01/28/2026,Residential Electrical Permit,ELC,,"814 TYSON AVE, DAYTON OH 45417-9146 United States",0,,39.75993358895133,-84.26679129917777
ELC2026R-00057,O67 23415 0001,permit_number,01/28/2026,Residential Electrical Permit,ELC,,"254 BILLWOOD RD, DAYTON OH 45431 United States",0,,39.76040056976637,-84.13151855335936
ELC2026R-00056,O67 23415 0003,permit_number,01/28/2026,Residential Electrical Permit,ELC,,"825 MOUNT CLAIR AVE, DAYTON OH 45417-3537 United States",0,,39.73754923065624,-84.24696660296163
ELC2026R-00055,O67 23415 0002,permit_number,01/27/2026,Residential Electrical Permit,ELC,,"631 SAINT PAUL AVE, DAYTON OH 45410-1934 United States",0,,39.75006470229173,-84.16334800752853
ELC2026R-00054,K47 18801 0018,permit_number,01/23/2026,Residential Electrical Permit,ELC,,"2325 HOOVER AVE, DAYTON OH 45402-5527 United States",0,,39.761795068602936,-84.23367758764972
ELC2026R-00053,M60 25013 0014,permit_number,01/23/2026,Residential Electrical Permit,ELC,,"2020 ELSMERE AVE, DAYTON OH 45406-4431 United States",0,,39.784084161002326,-84.23005038355096
ELC2026R-00052,H33 01512 0010,permit_number,01/23/2026,Residential Electrical Permit,ELC,,"49 WOODCREST AVE, DAYTON OH 45405-3247 United States",0,,39.78633394828178,-84.21545371443665
ELC2026R-00051,H33 01211 0021,permit_number,01/23/2026,Residential Electrical Permit,ELC,,"65 George ST, DAYTON OH 45410-1513",0,,39.7533900118263,-84.17161995543013
ELC2026R-00050,O67 03712 0050,permit_number,01/23/2026,Residential Electrical Permit,ELC,,"302 LEXINGTON AVE, DAYTON OH 45402-6044 United States",0,,39.76776916800765,-84.21809927635317
ELC2026R-00049,R72617322 0011,permit_number,01/22/2026,Residential Electrical Permit,ELC,,"54 HAYNES ST, DAYTON OH 45410-1819 United States",0,,39.75439287554638,-84.16637905679909
ELC2026R-00048,O67 03808 0048,permit_number,01/22/2026,Residential Electrical Permit,ELC,,"238 S GETTYSBURG AVE, DAYTON OH 45417-1931 United States",0,,39.74565094611805,-84.25274351415298
ELC2026R-00047,O67 29011 0002,permit_number,01/22/2026,Residential Electrical Permit,ELC,,"4375 Weeping Willow, DAYTON OH 45404",0,,,
ELC2026R-00046,O67 21614 0008,permit_number,01/21/2026,Residential Electrical Permit,ELC,,"206 Fillmore ST, DAYTON OH 45410-1639",0,,39.74942051149777,-84.16905604931749
ELC2026R-00045,A01 27616 0015,permit_number,01/21/2026,Residential Electrical Permit,ELC,,"1119 WINDSOR AVE, DAYTON OH 45402-5717 United States",0,,39.7684608534492,-84.22837099293574
ELC2026R-00044,G28 18206 0018,permit_number,01/21/2026,Residential Electrical Permit,ELC,,"708 CLEVERLY RD, DAYTON OH 45417-1211 United States",0,,39.755947367710355,-84.26100696559419
ELC2026R-00043,E20 24114 0007,permit_number,01/21/2026,Residential Electrical Permit,ELC,HOMEOWNER'S PERMIT,"203 ALASKA ST, DAYTON OH 45404-1942 United States",0,,39.77804386132942,-84.1687774633834
ELC2026R-00042,C05 00104 0005,permit_number,01/20/2026,Residential Electrical Permit,ELC,HOMEOWNER'S PERMIT,"113 LAURA AVE, DAYTON OH 45405-3103 United States",0,,39.7886414530958,-84.20994042288041
ELC2026R-00041,F23 00107 0017,permit_number,01/20/2026,Residential Electrical Permit,ELC,,"1567 EARLHAM DR, DAYTON OH 45406-4734 United States",0,,39.77583171535888,-84.23071031777262
ELC2026R-00040,R72 04311 0059,address,01/20/2026,Residential Electrical Permit,ELC,,"312 GREAT OAKS DR, DAYTON OH 45403-2858 United States",,,39.76011033990058,-84.1418610088507
ELC2026R-00039,R72 05106 0065,address,01/20/2026,Residential Electrical Permit,ELC,,"321 BRANDT ST, DAYTON OH 45404 United States",,,39.782559052909434,-84.16252597336297
ELC2026R-00038,R72 04304 0021,address,01/20/2026,Residential Electrical Permit,ELC,,"824 S Smithville RD, DAYTON OH 45403-3350",,,39.75514009737526,-84.13855643239965
ELC2026R-00037,C05 00314 0083,permit_number,01/16/2026,Residential Electrical Permit,ELC,,"4256 WEEPING WILLOW DR, DAYTON OH 45404 United States",0,,,
ELC2026R-00036,P70 01108 0015,permit_number,01/16/2026,Residential Electrical Permit,ELC,,"4244 WEEPING WILLOW DR, DAYTON OH 45404 United States",0,,,
ELC2026R-00035,R72 02204 0096,address,01/16/2026,Residential Electrical Permit,ELC,,"50 S GARFIELD ST, DAYTON OH 45403-2003 United States",,,39.76339650415826,-84.16018663362013
ELC2026R-00034,C05 00314 0079,permit_number,01/16/2026,Residential Electrical Permit,ELC,,"48 S GARFIELD ST, DAYTON OH 45403-2003 United States",0,,39.76342383561435,-84.16019439584983
ELC2026R-00031,A01 20320 0033,permit_number,01/14/2026,Residential Electrical Permit,ELC,,"319 ILLINOIS AVE, DAYTON OH 45410-2037 United States",0,,39.7411343994622,-84.16341583363833
ELC2026R-00030,O67 03814 0149,permit_number,01/14/2026,Residential Electrical Permit,ELC,,"317 ILLINOIS AVE, DAYTON OH 45410-2037 United States",0,,39.74117559963359,-84.16341326247726
ELC2026R-00029,K45 02612 0006,permit_number,01/14/2026,Residential Electrical Permit,ELC,,"311 ILLINOIS AVE, DAYTON OH 45410-2037 United States",0,,39.74134617778408,-84.16338889577544
ELC2026R-00033,L53 02912 0034,permit_number,01/14/2026,Residential Electrical Permit,ELC,,"2720 Philadelphia DR, DAYTON OH 45405-1910",0,,39.79690228787476,-84.23354769195564
ELC2026R-00032,K45 02502 0079,permit_number,01/14/2026,Residential Electrical Permit,ELC,,"787 Ernroe DR, DAYTON OH 45417-3507",0,,39.73581354023498,-84.25066100367076
ELC2026R-00028,O67 28915 0008,permit_number,01/14/2026,Residential Electrical Permit,ELC,,"309 ILLINOIS AVE, DAYTON OH 45410-2037 United States",0,,39.74139016604845,-84.16338639112627
ELC2026R-00027,P70 00410 0027,permit_number,01/14/2026,Residential Electrical Permit,ELC,HOMEOWNER'S PERMIT,"511 BENTLEY ST, DAYTON OH 45404-2112 United States",0,,39.78397504506544,-84.16277685326385
ELC2026R-00026,R72 06101 0008,address,01/14/2026,Residential Electrical Permit,ELC,,"2330 PARKLAND AVE, DAYTON OH 45405-3421 United States",,,39.78634323294362,-84.20994091750356
ELC2026R-00025,R72 15609 0003,address,01/13/2026,Residential Electrical Permit,ELC,,"3213 RIDGE AVE, DAYTON OH 45414-5438 United States",,,39.794683197258244,-84.2004496749821
ELC2026R-00024,E20 17004 0084,permit_number,01/13/2026,Residential Electrical Permit,ELC,,"11 PINEHURST AVE, DAYTON OH 45405-3026 United States",0,,39.78813406794639,-84.21459401742631
ELC2026R-00023,R72 14902 0014,address,01/12/2026,Residential Electrical Permit,ELC,,"1833 COVENTRY RD, DAYTON OH 45420-2403 United States",,,39.74008232090555,-84.14402828377527
ELC2026R-00022,K47 50517 0022,permit_number,01/12/2026,Residential Electrical Permit,ELC,,"437 ETHEL AVE, DAYTON OH 45417-3230 United States",0,,39.74549360214706,-84.23530669423795
ELC2026R-00021,H33300814 0057,permit_number,01/12/2026,Residential Electrical Permit,ELC,,"1100 OAKDALE AVE, DAYTON OH 45420-1516 United States",0,,39.722658957521205,-84.14859905561718
ELC2026R-00020,A01 20116 0022,permit_number,01/09/2026,Residential Electrical Permit,ELC,,"2901 GRACE AVE, DAYTON OH 45420-2617 United States",0,,39.72494854772629,-84.1386683198666
ELC2026R-00019,F25 01302 0144,permit_number,01/09/2026,Residential Electrical Permit,ELC,,"4413 CORINTH DR, DAYTON OH 45410-3474 United States",0,,39.74243358958057,-84.13220415278538
ELC2026R-00018,O67 21803 0018,permit_number,01/08/2026,Residential Electrical Permit,ELC,,"1701 W Fifth ST, DAYTON OH 45402-6913",0,,39.753276575825886,-84.22240215040262
ELC2026R-00017,A01 26102 0006,permit_number,01/08/2026,Residential Electrical Permit,ELC,,"43 CLOVER ST, DAYTON OH 45410-1419 United States",0,,39.749868976159085,-84.17648709515525
ELC2026R-00016,E21 01005B0055,permit_number,01/08/2026,Residential Electrical Permit,ELC,,"4356 WEEPING WILLOW DR, DAYTON OH",0,,,
ELC2026R-00015,,unmatched,01/08/2026,Residential Electrical Permit,ELC,,"4150 WEEPING WILLOW DR, DAYTON OHIO 45404",,,,
ELC2026R-00014,E20 17101 0135,permit_number,01/07/2026,Residential Electrical Permit,ELC,,"1405 KINGSLEY AVE, DAYTON OH 45406-4222 United States",0,,39.772639848980056,-84.24281847079985
ELC2026R-00013,L55 02711 0043,permit_number,01/07/2026,Residential Electrical Permit,ELC,,"2416 GREENWAY ST, DAYTON OH 45417-1654 United States",0,,39.754839720558785,-84.24550389500966
ELC2026R-00012,G28 18308 0067,permit_number,01/06/2026,Residential Electrical Permit,ELC,,"50 THORPE DR, DAYTON OH 45420-1824 United States",0,,39.7317968380882,-84.15735371714398
ELC2026R-00011,O67 03813 0184,permit_number,01/06/2026,Residential Electrical Permit,ELC,,"19 STONEMILL RD, DAYTON OH 45409-2526 United States",0,,39.735843990172604,-84.18465329506739
ELC2026R-00010,L54 00404 0029,permit_number,01/06/2026,Residential Electrical Permit,ELC,,"430 LEXINGTON AVE, DAYTON OH 45402-6046 United States",0,,39.7677421392722,-84.22068538960585
ELC2026R-00009,O67 22333 0043,permit_number,01/06/2026,Residential Electrical Permit,ELC,,"3920 NECCO AVE, DAYTON OH 45406-3556 United States",0,,39.778902647059375,-84.25222428377405
ELC2026R-00008,E21 17303 0195,permit_number,01/06/2026,Residential Electrical Permit,ELC,,"1930 WESLEYAN RD, DAYTON OH 45406 United States",0,,39.7844474669959,-84.24351606240094
ELC2026R-00007,G27 18316 0013,permit_number,01/06/2026,Residential Electrical Permit,ELC,,"148 S DUTOIT ST, DAYTON OH 45402-2214 United States",0,,39.76023369132917,-84.17384401806564
ELC2026R-00006,R72 16502 0009,address,01/05/2026,Residential Electrical Permit,ELC,,"5042 WOODBINE AVE, DAYTON OH 45432-3630 United States",,,39.73554191415214,-84.11994030059905
ELC2026R-00005,R72 07008 0012,address,01/05/2026,Residential Electrical Permit,ELC,,"220 FOUNTAIN AVE, DAYTON OH 45405-3930 United States",,,39.77783729110262,-84.21140471956667
ELC2026R-00004,R72 07705 0022,address,01/05/2026,Residential Electrical Permit,ELC,,"434 LEXINGTON AVE, DAYTON OH 45402-6046 United States",,,39.76772674940231,-84.2207988622125
ELC2026R-00003,P70 01513 0012,permit_number,01/02/2026,Residential Electrical Permit,ELC,,"345 N GARLAND AVE, DAYTON OH 45403-1642 United States",0,,39.77347309389593,-84.14231823030929
ELC2026R-00002,K45 26612 0021,permit_number,01/02/2026,Residential Electrical Permit,ELC,,"1827 HARVARD BLVD, DAYTON OH 45406-4540 United States",0,,39.77964195856088,-84.22891882738469
ELC2026R-00001,P70 00202 0870,permit_number,01/02/2026,Residential Electrical Permit,ELC,,"27 HESS ST, DAYTON OH 45402-2919 United States",0,,39.755593502890264,-84.18435162050929
GAS2026R-00712,R72 02605 0043,address,06/30/2026,Residential Gas Permit,GAS,,"55 LITTLE ST, DAYTON OH 45410-1623 United States",,,39.75074679811301,-84.17128543095778
GAS2026R-00711,R72 02605 0043,address,06/30/2026,Residential Gas Permit,GAS,,"53 LITTLE ST, DAYTON OH 45410-1623 United States",,,39.75074628946505,-84.17132102938841
GAS2026R-00710,R72 09503 0037,address,06/30/2026,Residential Gas Permit,GAS,,"467 GROVELAND AVE, DAYTON OH 45417 United States",,,39.74483854867876,-84.2403981614272
GAS2026R-00709,R72 03601 0054,address,06/30/2026,Residential Gas Permit,GAS,,"1030 EPWORTH AVE, DAYTON OH 45410-2504 United States",,,39.745714997002096,-84.1564077104332
GAS2026R-00702,R72 16201 0052,address,06/29/2026,Residential Gas Permit,GAS,,"3407 CORNELL DR, DAYTON OH 45406-4152 United States",,,39.776451752505224,-84.24295656946362
GAS2026R-00704,R72 16206 0003,address,06/29/2026,Residential Gas Permit,GAS,,"3205 OTTERBEIN AVE, DAYTON OH 45406-3925 United States",,,39.78137442445498,-84.24078071402738
GAS2026R-00692,R72 16203 0041,address,06/29/2026,Residential Gas Permit,GAS,,"3221 CORNELL DR, DAYTON OH 45406-4148 United States",,,39.776511354495064,-84.24134957325862
GAS2026R-00701,R72 16201 0019,address,06/29/2026,Residential Gas Permit,GAS,,"1674 WESLEYAN RD, DAYTON OH 45406-3609 United States",,,39.778768680628986,-84.24335970845968
GAS2026R-00695,R72 16201 0067,address,06/29/2026,Residential Gas Permit,GAS,,"3225 CORNELL DR, DAYTON OH 45406-4148 United States",,,39.776507913498726,-84.24158077854021
GAS2026R-00697,R72 16201 0068,address,06/29/2026,Residential Gas Permit,GAS,,"3305 CORNELL DR, DAYTON OH 45406-4150 United States",,,39.77650246904168,-84.2417621428008
GAS2026R-00691,R72 16201 0042,address,06/29/2026,Residential Gas Permit,GAS,,"1640 WESLEYAN RD, DAYTON OH 45406-3606 United States",,,39.777607510397544,-84.24334132015618
GAS2026R-00696,R72 16201 0071,address,06/29/2026,Residential Gas Permit,GAS,,"3311 CORNELL DR, DAYTON OH 45406-4150 United States",,,39.77650656818376,-84.24203982964937
GAS2026R-00700,R72 16203 0019,address,06/29/2026,Residential Gas Permit,GAS,,"3108 CAMPUS DR, DAYTON OH 45406-4121 United States",,,39.77698652454825,-84.23857147484219
GAS2026R-00694,R72 16201 0039,address,06/29/2026,Residential Gas Permit,GAS,,"1622 WESLEYAN RD, DAYTON OH 45406-3606 United States",,,39.77712164556118,-84.2433291615667
GAS2026R-00699,R72 16201 0053,address,06/29/2026,Residential Gas Permit,GAS,,"3325 CORNELL DR, DAYTON OH 45406-4150 United States",,,39.776488032688064,-84.24236318629927
GAS2026R-00693,R72 16201 0027,address,06/29/2026,Residential Gas Permit,GAS,,"3502 STANFORD PL, DAYTON OH 45406-3639 United States",,,39.77773122522553,-84.2438818120812
GAS2026R-00703,R72 16207 0020,address,06/29/2026,Residential Gas Permit,GAS,,"1740 KIPLING DR, DAYTON OH 45406-3914 United States",,,39.78082911686636,-84.24236855998018
GAS2026R-00698,R72 16203 0002,address,06/29/2026,Residential Gas Permit,GAS,,"3207 CORNELL DR, DAYTON OH 45406-4148 United States",,,39.77651496228169,-84.24092264561584
GAS2026R-00705,,unmatched,06/29/2026,Residential Gas Permit,GAS,,,,,,
GAS2026R-00708,R72 03403 0025,address,06/29/2026,Residential Gas Permit,GAS,,"27 Gebhart ST, DAYTON OH 45410-1718",,,39.74441862288399,-84.1674459169637
GAS2026R-00707,,unmatched,06/29/2026,Residential Gas Permit,GAS,,"4392 Weeping Willow Dr., DAYTON OH",,,,
GAS2026R-00706,,unmatched,06/29/2026,Residential Gas Permit,GAS,,"4504 Cardinal Flower DR, Miamisburg OH 45342",,,,
GAS2026R-00690,R72 16201 0043,address,06/29/2026,Residential Gas Permit,GAS,,"1646 WESLEYAN RD, DAYTON OH 45406-3606 United States",,,39.777758485679826,-84.24334154198296
GAS2026R-00689,R72 12112 0062,address,06/29/2026,Residential Gas Permit,GAS,,"1425 CANFIELD AVE, DAYTON OH 45406-4206 United States",,,39.77324421133426,-84.23947800905741
GAS2026R-00688,R72 08601 0052,address,06/29/2026,Residential Gas Permit,GAS,,"1015 W FOURTH ST, DAYTON OH 45402-8339 United States",,,39.75497700255374,-84.21075081332563
GAS2026R-00687,R72 08601 0052,address,06/29/2026,Residential Gas Permit,GAS,,"1013 W FOURTH ST, DAYTON OH 45402-8339 United States",,,39.75497788702961,-84.21069033493352
GAS2026R-00682,,unmatched,06/25/2026,Residential Gas Permit,GAS,,"216 BURNS AVE, DAYTON OH 45402 United States",,,,
GAS2026R-00683,,unmatched,06/25/2026,Residential Gas Permit,GAS,,"218 BURNS AVE, DAYTON OH 45402 United States",,,,
GAS2026R-00685,,unmatched,06/25/2026,Residential Gas Permit,GAS,,,,,,
GAS2026R-00684,,unmatched,06/25/2026,Residential Gas Permit,GAS,,"220 BURNS AVE, DAYTON OH 45402 United States",,,,
GAS2026R-00686,,unmatched,06/25/2026,Residential Gas Permit,GAS,,"222 BURNS AVE, DAYTON OH 45402 United States",,,,
GAS2026R-00681,,unmatched,06/25/2026,Residential Gas Permit,GAS,,"214 BURNS AVE, DAYTON OH 45402 United States",,,,
GAS2026R-00680,R72 07712 0052,address,06/24/2026,Residential Gas Permit,GAS,,"929 FERGUSON AVE, DAYTON OH 45402-6115 United States",,,39.76636782394304,-84.21667001070564
GAS2026R-00679,R72 11913 0119,address,06/24/2026,Residential Gas Permit,GAS,,"1526 TENNYSON AVE, DAYTON OH 45406-4244 United States",,,39.77534093524176,-84.237886336613
GAS2026R-00678,R72 15408 0145,address,06/24/2026,Residential Gas Permit,GAS,,"432 ALEXANDER DR, DAYTON OH 45403-3250 United States",,,39.75800907042355,-84.12776623043966
GAS2026R-00677,R72 07006 0014,address,06/23/2026,Residential Gas Permit,GAS,,"113 VICTOR AVE, DAYTON OH 45405-3746 United States",,,39.77911549585593,-84.21112296096776
GAS2026R-00676,,unmatched,06/22/2026,Residential Gas Permit,GAS,,"4620 Blue Iris Dr., DAYTON OH",,,,
GAS2026R-00675,R72 16303 0062,address,06/18/2026,Residential Gas Permit,GAS,,"3026 W HILLCREST AVE, DAYTON OH 45406-1811 United States",,,39.79063997920831,-84.23959568107729
GAS2026R-00674,R72 10403 0010,address,06/18/2026,Residential Gas Permit,GAS,,"1430 STEINER AVE, DAYTON OH 45417-3814 United States",,,39.74234509818439,-84.21868901217908
GAS2026R-00673,R72717511 0001,address,06/17/2026,Residential Gas Permit,GAS,,"3054 JEWELSTONE DR, APT/UNIT K, DAYTON OH 45414-2761 United States",,,39.836536801774535,-84.20159323955868
GAS2026R-00672,R72 11913 0080,address,06/16/2026,Residential Gas Permit,GAS,,"1430 TENNYSON AVE, DAYTON OH 45406-4259 United States",,,39.77355521186437,-84.2379520982416
GAS2026R-00671,R72 15609 0045,address,06/15/2026,Residential Gas Permit,GAS,,"3220 ZEPHYR DR, DAYTON OH 45414-5451 United States",,,39.794806638584234,-84.20102572825539
GAS2026R-00670,R72 16104 0083,address,06/15/2026,Residential Gas Permit,GAS,,"5304 W RIVERVIEW AVE, DAYTON OH 45406-2243 United States",,,39.78436139800062,-84.2673770061466
GAS2026R-00669,,unmatched,06/11/2026,Residential Gas Permit,GAS,,"6950 BLUEBIRD DR, DAYTON OH 45424",,,,
GAS2026R-00661,R72 16203 0005,address,06/10/2026,Residential Gas Permit,GAS,,"3117 CORNELL DR, DAYTON OH 45406-4109 United States",,,39.776525606136104,-84.24002258289603
GAS2026R-00648,R72 16201 0020,address,06/10/2026,Residential Gas Permit,GAS,,"1680 WESLEYAN RD, DAYTON OH 45406-3609 United States",,,39.77894169165924,-84.24336048178832
GAS2026R-00650,R72 16203 0022,address,06/10/2026,Residential Gas Permit,GAS,,"3126 CAMPUS DR, DAYTON OH 45406-4121 United States",,,39.776946682061435,-84.2392181818306
GAS2026R-00649,R72 16201 0022,address,06/10/2026,Residential Gas Permit,GAS,,"1675 WESLEYAN RD, DAYTON OH 45406-3608 United States",,,39.77874448276564,-84.24387866534771
GAS2026R-00653,R72 16201 0030,address,06/10/2026,Residential Gas Permit,GAS,,"1629 WESLEYAN RD, DAYTON OH 45406-3607 United States",,,39.77723491033522,-84.24383732085302
GAS2026R-00656,R72 16207 0045,address,06/10/2026,Residential Gas Permit,GAS,,"1726 WESLEYAN RD, DAYTON OH 45406-3943 United States",,,39.78034412683254,-84.24340624973883
GAS2026R-00651,R72 16203 0020,address,06/10/2026,Residential Gas Permit,GAS,,"3112 CAMPUS DR, DAYTON OH 45406-4121 United States",,,39.77697200961277,-84.23880957737657
GAS2026R-00654,R72 16201 0032,address,06/10/2026,Residential Gas Permit,GAS,,"1617 WESLEYAN RD, DAYTON OH 45406-3607 United States",,,39.7769110307688,-84.24382921360422
GAS2026R-00668,R72 16203 0018,address,06/10/2026,Residential Gas Permit,GAS,,"1617 SHAFTESBURY RD, DAYTON OH 45406-4141 United States",,,39.776991300454334,-84.24064984930553
GAS2026R-00646,R72 16207 0050,address,06/10/2026,Residential Gas Permit,GAS,,"3504 HARVARD BLVD, DAYTON OH 45406-3601 United States",,,39.77920281666086,-84.24389369642071
GAS2026R-00645,R72 16203 0023,address,06/10/2026,Residential Gas Permit,GAS,,"3132 CAMPUS DR, DAYTON OH 45406-4121 United States",,,39.77695395389857,-84.23946743970359
GAS2026R-00655,R72 16207 0053,address,06/10/2026,Residential Gas Permit,GAS,,"1711 WESLEYAN RD, DAYTON OH 45406-3944 United States",,,39.77981512656223,-84.24389479788381
GAS2026R-00658,R72 16201 0035,address,06/10/2026,Residential Gas Permit,GAS,,"3411 CORNELL DR, DAYTON OH 45406-4152 United States",,,39.77645293380435,-84.24342990967912
GAS2026R-00647,R72 16207 0049,address,06/10/2026,Residential Gas Permit,GAS,,"1687 WESLEYAN RD, DAYTON OH 45406-3608 United States",,,39.77905738928302,-84.24388649835393
GAS2026R-00665,R72 16201 0040,address,06/10/2026,Residential Gas Permit,GAS,,"1628 WESLEYAN RD, DAYTON OH 45406-3606 United States",,,39.77724518117988,-84.24333225298405
GAS2026R-00666,R72 16203 0007,address,06/10/2026,Residential Gas Permit,GAS,,"3105 CORNELL DR, DAYTON OH 45406-4109 United States",,,39.77652071580036,-84.23961322656594
GAS2026R-00663,R72 16201 0033,address,06/10/2026,Residential Gas Permit,GAS,,"1611 WESLEYAN RD, DAYTON OH 45406-3607 United States",,,39.77673727698034,-84.24387827119575
GAS2026R-00660,R72 16203 0006,address,06/10/2026,Residential Gas Permit,GAS,,"3111 CORNELL DR, DAYTON OH 45406-4109 United States",,,39.77651775398836,-84.23981243532151
GAS2026R-00664,R72 16201 0037,address,06/10/2026,Residential Gas Permit,GAS,,"1610 WESLEYAN RD, DAYTON OH 45406-3606 United States",,,39.77678405007336,-84.24332071346421
GAS2026R-00652,R72 16201 0029,address,06/10/2026,Residential Gas Permit,GAS,,"1635 WESLEYAN RD, DAYTON OH 45406-3607 United States",,,39.77740792939324,-84.24383453925793
GAS2026R-00659,R72 16203 0008,address,06/10/2026,Residential Gas Permit,GAS,,"3031 CORNELL DR, DAYTON OH 45406-4107 United States",,,39.77652114567258,-84.23939972844441
GAS2026R-00657,R72 16201 0026,address,06/10/2026,Residential Gas Permit,GAS,,"3503 STANFORD PL, DAYTON OH 45406-3640 United States",,,39.77810474006538,-84.24387693570833
GAS2026R-00667,R72 16203 0001,address,06/10/2026,Residential Gas Permit,GAS,,"1601 SHAFTESBURY RD, DAYTON OH 45406-4141 United States",,,39.77652647319896,-84.24070231184943
GAS2026R-00662,R72 16203 0009,address,06/10/2026,Residential Gas Permit,GAS,,"3025 CORNELL DR, DAYTON OH 45406-4107 United States",,,39.776524318152966,-84.23918629879847
GAS2026R-00644,R72 16203 0021,address,06/10/2026,Residential Gas Permit,GAS,,"3118 CAMPUS DR, DAYTON OH 45406-4121 United States",,,39.776960615751534,-84.23901924573428
GAS2026R-00643,R72 14611 0027,address,06/10/2026,Residential Gas Permit,GAS,,"2313 FAUVER AVE, DAYTON OH 45420-2524 United States",,,39.73349140060176,-84.14214447974645
GAS2026R-00642,R72 07008 0068,address,06/09/2026,Residential Gas Permit,GAS,,"214 FOUNTAIN AVE, DAYTON OH 45405-3930 United States",,,39.777792282420926,-84.21110468612883
GAS2026R-00641,R72 07008 0068,address,06/09/2026,Residential Gas Permit,GAS,,"212 Fountain AVE, 214, DAYTON OH 45405-3930",,,39.777852730218626,-84.21110261456062
GAS2026R-00640,R72 12112 0028,address,06/09/2026,Residential Gas Permit,GAS,,"3415 EARLHAM DR, DAYTON OH 45406-4218 United States",,,39.77468216403471,-84.2432254396965
GAS2026R-00639,,unmatched,06/08/2026,Residential Gas Permit,GAS,,"4362 WEEPING WILLOW DR, DAYTON OH 45404 United States",,,,
GAS2026R-00638,R72 14802 0056,address,06/05/2026,Residential Gas Permit,GAS,,"2217 NILL AVE, DAYTON OH 45420-2368 United States",,,39.735259634373755,-84.1474211829501
GAS2026R-00637,R72 06005 0034,address,06/04/2026,Residential Gas Permit,GAS,,"37 VINCENT ST, DAYTON OH 45405-4234 United States",,,39.77529211633926,-84.19857787575884
GAS2026R-00636,R72 06005 0034,address,06/04/2026,Residential Gas Permit,GAS,,"35 VINCENT ST, DAYTON OH 45405-4234 United States",,,39.77525578343051,-84.19862322334242
GAS2026R-00635,R72 04001 0007,address,06/02/2026,Residential Gas Permit,GAS,,"1702 XENIA AVE, DAYTON OH 45410-2708 United States",,,39.752865216341455,-84.15276553841151
GAS2026R-00634,R72 04001 0007,address,06/02/2026,Residential Gas Permit,GAS,,"1700 XENIA AVE, DAYTON OH 45410-2708 United States",,,39.75286593950488,-84.15282261484806
GAS2026R-00633,R72 16201 0021,address,06/01/2026,Residential Gas Permit,GAS,,"1681 WESLEYAN RD, DAYTON OH 45406-3608 United States",,,39.77890378498231,-84.24387554042373
GAS2026R-00616,R72 16207 0055,address,06/01/2026,Residential Gas Permit,GAS,,"1717 WESLEYAN RD, DAYTON OH 45406-3944 United States",,,39.78007591960249,-84.2438977688928
GAS2026R-00632,R72 16207 0065,address,06/01/2026,Residential Gas Permit,GAS,,"3411 OTTERBEIN AVE, DAYTON OH 45406-3929 United States",,,39.78118845282115,-84.24312843638931
GAS2026R-00613,R72 16207 0056,address,06/01/2026,Residential Gas Permit,GAS,,"1721 WESLEYAN RD, DAYTON OH 45406-3944 United States",,,39.780218550962864,-84.24390845352957
GAS2026R-00612,R72 16207 0037,address,06/01/2026,Residential Gas Permit,GAS,,"1721 KIPLING DR, DAYTON OH 45406-3915 United States",,,39.780186181537886,-84.242946802582
GAS2026R-00631,R72 16207 0064,address,06/01/2026,Residential Gas Permit,GAS,,"3415 OTTERBEIN AVE, DAYTON OH 45406-3929 United States",,,39.78118052783179,-84.24329196594144
GAS2026R-00630,R72 16207 0054,address,06/01/2026,Residential Gas Permit,GAS,,"1713 WESLEYAN RD, DAYTON OH 45406-3944 United States",,,39.77994694404353,-84.24389454016283
GAS2026R-00614,R72 16206 0028,address,06/01/2026,Residential Gas Permit,GAS,,"1730 KENSINGTON DR, DAYTON OH 45406-3912 United States",,,39.7805624840041,-84.24128000006324
GAS2026R-00615,R72 16201 0024,address,06/01/2026,Residential Gas Permit,GAS,,"1663 WESLEYAN RD, DAYTON OH 45406-3608 United States",,,39.778407098515494,-84.24385599313004
GAS2026R-00628,R72 16201 0025,address,06/01/2026,Residential Gas Permit,GAS,,"1657 WESLEYAN RD, DAYTON OH 45406-3608 United States",,,39.778236876364254,-84.24385528955739
GAS2026R-00624,R72 16207 0059,address,06/01/2026,Residential Gas Permit,GAS,,"1735 WESLEYAN RD, DAYTON OH 45406-3944 United States",,,39.78064417891877,-84.24390843818881
GAS2026R-00629,R72 16207 0030,address,06/01/2026,Residential Gas Permit,GAS,,"1690 WESLEYAN RD, DAYTON OH 45406-3609 United States",,,39.779190134689465,-84.2434556741834
GAS2026R-00622,R72 11906 0012,address,06/01/2026,Residential Gas Permit,GAS,,"1461 PHILADELPHIA DR, DAYTON OH 45406-4646 United States",,,39.774672688611815,-84.2348093810777
GAS2026R-00627,R72 16201 0016,address,06/01/2026,Residential Gas Permit,GAS,,"1656 WESLEYAN RD, DAYTON OH 45406-3609 United States",,,39.77828560488002,-84.24334761933248
GAS2026R-00623,R72 11913 0041,address,06/01/2026,Residential Gas Permit,GAS,,"1459 RUSKIN RD, DAYTON OH 45406-4652 United States",,,39.774698580982694,-84.2360270278549
GAS2026R-00619,R72 16207 0066,address,06/01/2026,Residential Gas Permit,GAS,,"3407 OTTERBEIN AVE, DAYTON OH 45406-3929 United States",,,39.78121319833957,-84.24294404480008
GAS2026R-00620,R72 16207 0044,address,06/01/2026,Residential Gas Permit,GAS,,"1730 WESLEYAN RD, DAYTON OH 45406-3943 United States",,,39.78048149118255,-84.24339901701575
GAS2026R-00621,R72 16207 0057,address,06/01/2026,Residential Gas Permit,GAS,,"1725 WESLEYAN RD, DAYTON OH 45406-3944 United States",,,39.78035870426741,-84.24390129162714
GAS2026R-00626,R72 16207 0019,address,06/01/2026,Residential Gas Permit,GAS,,"3314 OTTERBEIN AVE, DAYTON OH 45406-3926 United States",,,39.78088082618647,-84.24221323914841
GAS2026R-00611,R72 16207 0008,address,06/01/2026,Residential Gas Permit,GAS,,"1701 KENSINGTON DR, DAYTON OH 45406-3913 United States",,,39.779676736733215,-84.24194115456369
GAS2026R-00617,R72 16207 0070,address,06/01/2026,Residential Gas Permit,GAS,,"3311 OTTERBEIN AVE, DAYTON OH 45406-3927 United States",,,39.78135895618551,-84.24200456038766
GAS2026R-00618,R72 16207 0060,address,06/01/2026,Residential Gas Permit,GAS,,"3500 OTTERBEIN AVE, DAYTON OH 45406-3930 United States",,,39.78077837640734,-84.24392958119098
GAS2026R-00625,R72 16201 0018,address,06/01/2026,Residential Gas Permit,GAS,,"1668 WESLEYAN RD, DAYTON OH 45406-3609 United States",,,39.778612227343075,-84.24335579314695
GAS2026R-00610,R72 11913 0116,address,06/01/2026,Residential Gas Permit,GAS,,"1540 TENNYSON AVE, DAYTON OH 45406-4244 United States",,,39.77575321661289,-84.23786105694222
GAS2026R-00609,R72 12408 0015,address,05/29/2026,Residential Gas Permit,GAS,,"514 LELAND AVE, DAYTON OH 45417-1546 United States",,,39.75865410507942,-84.24455705894849
GAS2026R-00608,R72 11201 0033,address,05/29/2026,Residential Gas Permit,GAS,,"2356 RUGBY RD, DAYTON OH 45406-2126 United States",,,39.79029019343822,-84.22407915926267
GAS2026R-00607,R72 07209A0020,address,05/28/2026,Residential Gas Permit,GAS,,"1400 BRYN MAWR DR, DAYTON OH 45406-5901 United States",,,39.770870545069215,-84.2176313613201
GAS2026R-00606,R72 05204 0075,address,05/28/2026,Residential Gas Permit,GAS,,"1325 Schaeffer ST, DAYTON OH 45404-1762",,,39.781761695070685,-84.17550010441845
GAS2026R-00605,R72 12411 0046,address,05/27/2026,Residential Gas Permit,GAS,,"728 Whitmore AVE, DAYTON OH 45417-1165",,,39.75847717017387,-84.26459301262616
GAS2026R-00604,R72410826 0021,address,05/27/2026,Residential Gas Permit,GAS,,"4344 DOBBIN CIR, DAYTON OH 45424-8129 United States",,,39.80833818201902,-84.10753927776138
GAS2026R-00602,R72 07307 0003,address,05/26/2026,Residential Gas Permit,GAS,,"51 CAMBRIDGE AVE, DAYTON OH 45406-5002 United States",,,39.770276535222294,-84.21469894264067
GAS2026R-00603,R72 12709 0096,address,05/26/2026,Residential Gas Permit,GAS,,"115 GRAMONT AVE, DAYTON OH 45417-2217 United States",,,39.75458298549535,-84.23803749806456
GAS2026R-00601,R72 07307 0003,address,05/26/2026,Residential Gas Permit,GAS,,"49 CAMBRIDGE AVE, DAYTON OH 45406-5002 United States",,,39.7702746257707,-84.21464199648666
GAS2026R-00600,R72 09602 0043,address,05/26/2026,Residential Gas Permit,GAS,,"530 ELEANOR AVE, DAYTON OH 45417-2006 United States",,,39.74444991962614,-84.23613475836729
GAS2026R-00599,,unmatched,05/26/2026,Residential Gas Permit,GAS,,"4507 Cardinal Flower DR, DAYTON OH 45404",,,,
GAS2026R-00598,,unmatched,05/26/2026,Residential Gas Permit,GAS,,"4621 BLUE IRIS DR, DAYTON OH 45404",,,,
GAS2026R-00597,,unmatched,05/26/2026,Residential Gas Permit,GAS,,"4414 Water Willow CT, Dayton Ohio 45404",,,,
GAS2026R-00596,R72 07801 0026,address,05/20/2026,Residential Gas Permit,GAS,,"1216 WINDSOR AVE, DAYTON OH 45402-5718 United States",,,39.76993427377205,-84.2278844932343
GAS2026R-00595,R72 12601 0050,address,05/20/2026,Residential Gas Permit,GAS,,"1804 OAKRIDGE DR, DAYTON OH 45417-2315 United States",,,39.75806696034017,-84.2345560370266
GAS2026R-00594,R72 15407 0019,address,05/20/2026,Residential Gas Permit,GAS,,"1921 Tuttle AVE, DAYTON OH 45403-3431",,,39.75389446215779,-84.13122035393424
GAS2026R-00593,,unmatched,05/20/2026,Residential Gas Permit,GAS,,"4220 WEEPING WILLOW DR, DAYTON OH 45404 United States",,,,
GAS2026R-00592,,unmatched,05/20/2026,Residential Gas Permit,GAS,,"4492 CARDINAL FLOWER DR, DAYTON OH 45404",,,,
GAS2026R-00574,R72 11913 0107,address,05/18/2026,Residential Gas Permit,GAS,,"1531 TENNYSON AVE, DAYTON OH 45406-4245 United States",,,39.77544572970451,-84.23841204538493
GAS2026R-00581,R72 16207 0042,address,05/18/2026,Residential Gas Permit,GAS,,"3410 OTTERBEIN AVE, DAYTON OH 45406-3928 United States",,,39.78076428889773,-84.24321747007713
GAS2026R-00576,R72 16207 0006,address,05/18/2026,Residential Gas Permit,GAS,,"3311 HARVARD BLVD, DAYTON OH 45406-4129 United States",,,39.77967407722932,-84.24230410418824
GAS2026R-00577,R72 16207 0003,address,05/18/2026,Residential Gas Permit,GAS,,"3312 HARVARD BLVD, DAYTON OH 45406-4128 United States",,,39.77923061302688,-84.24239621459753
GAS2026R-00591,R72 16207 0040,address,05/18/2026,Residential Gas Permit,GAS,,"1737 KIPLING DR, DAYTON OH 45406-3915 United States",,,39.78079823796848,-84.24278060482021
GAS2026R-00575,R72 16207 0001,address,05/18/2026,Residential Gas Permit,GAS,,"3300 HARVARD BLVD, DAYTON OH 45406-4128 United States",,,39.779218084185516,-84.24194746890127
GAS2026R-00583,R72 16206 0026,address,05/18/2026,Residential Gas Permit,GAS,,"1740 KENSINGTON DR, DAYTON OH 45406-3912 United States",,,39.78096148074329,-84.24122239477083
GAS2026R-00582,R72 16201 0060,address,05/18/2026,Residential Gas Permit,GAS,,"1631 KENSINGTON DR, DAYTON OH 45406-4132 United States",,,39.777803891118424,-84.24176978471216
GAS2026R-00578,R72 16207 0007,address,05/18/2026,Residential Gas Permit,GAS,,"3305 HARVARD BLVD, DAYTON OH 45406-4129 United States",,,39.779654779951876,-84.24212566935525
GAS2026R-00588,R72 16207 0025,address,05/18/2026,Residential Gas Permit,GAS,,"1716 KIPLING DR, DAYTON OH 45406-3914 United States",,,39.780078550798265,-84.24243165021313
GAS2026R-00579,R72 16207 0039,address,05/18/2026,Residential Gas Permit,GAS,,"1731 KIPLING DR, DAYTON OH 45406-3915 United States",,,39.78048358321654,-84.24289016334913
GAS2026R-00587,R72 16207 0038,address,05/18/2026,Residential Gas Permit,GAS,,"1727 KIPLING DR, DAYTON OH 45406-3915 United States",,,39.7803488559711,-84.24290457710372
GAS2026R-00586,R72 16207 0016,address,05/18/2026,Residential Gas Permit,GAS,,"1741 KENSINGTON DR, DAYTON OH 45406-3913 United States",,,39.78093286473579,-84.2416700644118
GAS2026R-00584,R72 12112 0026,address,05/18/2026,Residential Gas Permit,GAS,,"3024 CORNELL DR, DAYTON OH 45406-4106 United States",,,39.776111452228704,-84.23906923738804
GAS2026R-00589,R72 16207 0041,address,05/18/2026,Residential Gas Permit,GAS,,"3406 OTTERBEIN AVE, DAYTON OH 45406-3928 United States",,,39.780783556473125,-84.24302932772922
GAS2026R-00568,R72 16207 0011,address,05/18/2026,Residential Gas Permit,GAS,,"1721 KENSINGTON DR, DAYTON OH 45406-3913 United States",,,39.78022132102291,-84.24188002175799
GAS2026R-00585,R72 12112 0273,address,05/18/2026,Residential Gas Permit,GAS,,"1500 CANFIELD AVE, DAYTON OH 45406-4207 United States",,,39.774542277206095,-84.23915460092947
GAS2026R-00580,R72 16207 0035,address,05/18/2026,Residential Gas Permit,GAS,,"1711 KIPLING DR, DAYTON OH 45406-3915 United States",,,39.77991689384062,-84.2429614046883
GAS2026R-00569,R72 16207 0021,address,05/18/2026,Residential Gas Permit,GAS,,"1734 KIPLING DR, DAYTON OH 45406-3914 United States",,,39.780636957012284,-84.24236375368687
GAS2026R-00570,R72 12112 0015,address,05/18/2026,Residential Gas Permit,GAS,,"3017 EARLHAM DR, DAYTON OH 45406-4210 United States",,,39.77454776175086,-84.23897324266888
GAS2026R-00571,R72 11913 0033,address,05/18/2026,Residential Gas Permit,GAS,,"1425 RUSKIN RD, DAYTON OH 45406-4652 United States",,,39.77360145138388,-84.23613133348272
GAS2026R-00572,R72 16207 0009,address,05/18/2026,Residential Gas Permit,GAS,,"1713 KENSINGTON DR, DAYTON OH 45406-3913 United States",,,39.77991838000146,-84.24194008298241
GAS2026R-00590,R72 16206 0029,address,05/18/2026,Residential Gas Permit,GAS,,"1728 KENSINGTON DR, DAYTON OH 45406-3912 United States",,,39.7804413749159,-84.24129831262557
GAS2026R-00573,R72 16206 0070,address,05/18/2026,Residential Gas Permit,GAS,,"1704 KENSINGTON DR, DAYTON OH 45406-3912 United States",,,39.77968119414031,-84.24145726319638
GAS2026R-00567,R72 12112 0092,address,05/18/2026,Residential Gas Permit,GAS,,"1535 CANFIELD AVE, DAYTON OH 45406-4208 United States",,,39.775386931893976,-84.23959558400082
GAS2026R-00566,R72 01307 0034,address,05/15/2026,Residential Gas Permit,GAS,,"135 DRUMMER AVE, DAYTON OH 45403-2426 United States",,,39.756473271147904,-84.16933169127851
GAS2026R-00565,R72 05207 0036,address,05/14/2026,Residential Gas Permit,GAS,,"174 BALTIMORE ST, DAYTON OH 45404-1902 United States",,,39.77981320097248,-84.17043549983521
GAS2026R-00564,R72 15801 0004,address,05/13/2026,Residential Gas Permit,GAS,,"3740 KINGS HWY, DAYTON OH 45406-3504 United States",,,39.7831522300154,-84.24530581433002
GAS2026R-00563,R72 15801 0004,address,05/13/2026,Residential Gas Permit,GAS,,"3738 KINGS HWY, DAYTON OH 45406-3504 United States",,,39.783153343582036,-84.24523114808377
GAS2026R-00562,R72 10608 0027,address,05/13/2026,Residential Gas Permit,GAS,,"301 SMITH ST, DAYTON OH 45417-4040 United States",,,39.741093779447596,-84.19833847352652
GAS2026R-00561,R72 05208 0049,address,05/13/2026,Residential Gas Permit,GAS,,"1815 Warner AVE, DAYTON OH 45404-1988",,,39.77810935636556,-84.17015262431443
GAS2026R-00551,R72 16207 0026,address,05/12/2026,Residential Gas Permit,GAS,,"1712 KIPLING DR, DAYTON OH 45406-3914 United States",,,39.779949370444584,-84.24243908950453
GAS2026R-00539,R72 11913 0103,address,05/12/2026,Residential Gas Permit,GAS,,"1515 TENNYSON AVE, DAYTON OH 45406-4245 United States",,,39.77491919173426,-84.23836689770651
GAS2026R-00557,R72 16201 0050,address,05/12/2026,Residential Gas Permit,GAS,,"1611 KIPLING DR, DAYTON OH 45406-4134 United States",,,39.776759968524445,-84.24291087379632
GAS2026R-00548,R72 16207 0032,address,05/12/2026,Residential Gas Permit,GAS,,"3409 HARVARD BLVD, DAYTON OH 45406-4131 United States",,,39.77965239000532,-84.24320748773324
GAS2026R-00540,R72 11913 0106,address,05/12/2026,Residential Gas Permit,GAS,,"1527 TENNYSON AVE, DAYTON OH 45406-4245 United States",,,39.7753140177258,-84.23840520140165
GAS2026R-00558,R72 16207 0023,address,05/12/2026,Residential Gas Permit,GAS,,"1724 KIPLING DR, DAYTON OH 45406-3914 United States",,,39.78035637890501,-84.2423994167249
GAS2026R-00544,R72 11913 0102,address,05/12/2026,Residential Gas Permit,GAS,,"3011 EARLHAM DR, DAYTON OH 45406-4210 United States",,,39.774560590568015,-84.2386639788426
GAS2026R-00546,R72 16201 0007,address,05/12/2026,Residential Gas Permit,GAS,,"1676 KIPLING DR, DAYTON OH 45406-4136 United States",,,39.77859851879724,-84.24243375484788
GAS2026R-00554,R72 11913 0104,address,05/12/2026,Residential Gas Permit,GAS,,"1521 TENNYSON AVE, DAYTON OH 45406-4245 United States",,,39.77505354110243,-84.2383809197226
GAS2026R-00552,R72 16201 0057,address,05/12/2026,Residential Gas Permit,GAS,,"1640 KIPLING DR, DAYTON OH 45406-4135 United States",,,39.77771962159269,-84.24226589340702
GAS2026R-00545,R72 16201 0010,address,05/12/2026,Residential Gas Permit,GAS,,"1683 KIPLING DR, DAYTON OH 45406-4137 United States",,,39.77890331891894,-84.24298589740417
GAS2026R-00559,R72 16207 0022,address,05/12/2026,Residential Gas Permit,GAS,,"1730 KIPLING DR, DAYTON OH 45406-3914 United States",,,39.780499441819124,-84.2423780987571
GAS2026R-00553,R72 11913 0111,address,05/12/2026,Residential Gas Permit,GAS,,"1549 TENNYSON AVE, DAYTON OH 45406-4245 United States",,,39.776003183662844,-84.23840817236793
GAS2026R-00541,R72 16206 0032,address,05/12/2026,Residential Gas Permit,GAS,,"1714 KENSINGTON DR, DAYTON OH 45406-3912 United States",,,39.78001393842203,-84.24142290077218
GAS2026R-00536,R72 12112 0023,address,05/12/2026,Residential Gas Permit,GAS,,"1544 CANFIELD AVE, DAYTON OH 45406-4207 United States",,,39.77571278084349,-84.23910196336391
GAS2026R-00555,R72 11913 0112,address,05/12/2026,Residential Gas Permit,GAS,,"3004 CORNELL DR, DAYTON OH 45406-4106 United States",,,39.77616016540931,-84.2383765250298
GAS2026R-00542,R72 11913 0044,address,05/12/2026,Residential Gas Permit,GAS,,"2816 EARLHAM DR, DAYTON OH 45406 United States",,,39.77484307578825,-84.23632149885428
GAS2026R-00543,R72 12112 0289,address,05/12/2026,Residential Gas Permit,GAS,,"3013 EARLHAM DR, DAYTON OH 45406-4210 United States",,,39.77455800020101,-84.23883829593267
GAS2026R-00556,R72 16207 0016,address,05/12/2026,Residential Gas Permit,GAS,,"1741 KENSINGTON DR, DAYTON OH 45406-3913 United States",,,39.78093286473579,-84.2416700644118
GAS2026R-00549,R72 16207 0014,address,05/12/2026,Residential Gas Permit,GAS,,"1733 KENSINGTON DR, DAYTON OH 45406-3913 United States",,,39.780515932376595,-84.24182336773282
GAS2026R-00537,R72 12112 0022,address,05/12/2026,Residential Gas Permit,GAS,,"1540 CANFIELD AVE, DAYTON OH 45406-4207 United States",,,39.7755783180904,-84.23909860674335
GAS2026R-00547,R72 16207 0034,address,05/12/2026,Residential Gas Permit,GAS,,"1701 KIPLING DR, DAYTON OH 45406-3915 United States",,,39.77967852223052,-84.24292698701231
GAS2026R-00550,R72 16207 0024,address,05/12/2026,Residential Gas Permit,GAS,,"1720 KIPLING DR, DAYTON OH 45406-3914 United States",,,39.78020519901574,-84.24240992065764
GAS2026R-00538,R72 11913 0105,address,05/12/2026,Residential Gas Permit,GAS,,"1525 TENNYSON AVE, DAYTON OH 45406-4245 United States",,,39.7751798718387,-84.23838051584177
GAS2026R-00560,R72 06101 0026,address,05/12/2026,Residential Gas Permit,GAS,,"29 E FAIRVIEW AVE, DAYTON OH 45405-3410 United States",,,39.78558493456018,-84.20978352198588
GAS2026R-00535,R72 11913 0108,address,05/12/2026,Residential Gas Permit,GAS,,"1535 TENNYSON AVE, DAYTON OH 45406-4245 United States",,,39.775588361775974,-84.23842271691484
GAS2026R-00534,R72 16109 0018,address,05/11/2026,Residential Gas Permit,GAS,,"4354 FREE PIKE, DAYTON OH 45416-1218 United States",,,39.7976385721816,-84.26184046735693
GAS2026R-00533,R72 06308 0013,address,05/11/2026,Residential Gas Permit,GAS,,"38 POINTVIEW AVE, DAYTON OH 45405-2801 United States",,,39.792776652257636,-84.21369387909276
GAS2026R-00532,R72 08712 0028,address,05/08/2026,Residential Gas Permit,GAS,,"105 GORDON AVE, DAYTON OH 45402-8116 United States",,,39.750145238402744,-84.21668660395532
GAS2026R-00531,R72 01307 0003,address,05/07/2026,Residential Gas Permit,GAS,,"108 MCCLURE ST, DAYTON OH 45403-2432 United States",,,39.756882095845086,-84.17031626945834
GAS2026R-00530,R72 13214 0052,address,05/07/2026,Residential Gas Permit,GAS,,"525 BOWIE DR, DAYTON OH 45417-3102 United States",,,39.74125154263951,-84.2491116475943
GAS2026R-00522,R72 11913 0146,address,05/05/2026,Residential Gas Permit,GAS,,"1507 RUSKIN RD, DAYTON OH 45406-4654 United States",,,39.775619790851806,-84.23593611760126
GAS2026R-00507,R72 11913 0077,address,05/05/2026,Residential Gas Permit,GAS,,"1440 TENNYSON AVE, DAYTON OH 45406-4259 United States",,,39.773944868991975,-84.23796893088509
GAS2026R-00511,R72 16203 0018,address,05/05/2026,Residential Gas Permit,GAS,,"1617 SHAFTESBURY RD, DAYTON OH 45406-4141 United States",,,39.776991300454334,-84.24064984930553
GAS2026R-00523,R72 11906 0001,address,05/05/2026,Residential Gas Permit,GAS,,"1521 PHILADELPHIA DR, DAYTON OH 45406-4113 United States",,,39.77616754702226,-84.23491773597962
GAS2026R-00513,R72 11909 0043,address,05/05/2026,Residential Gas Permit,GAS,,"1460 EARLHAM DR, DAYTON OH 45406-4731 United States",,,39.77540278184298,-84.22796316161784
GAS2026R-00512,R72 11913 0022,address,05/05/2026,Residential Gas Permit,GAS,,"1412 RUSKIN RD, DAYTON OH 45406-4651 United States",,,39.77313699892171,-84.23560379577519
GAS2026R-00526,R72 12112 0017,address,05/05/2026,Residential Gas Permit,GAS,,"1520 CANFIELD AVE, DAYTON OH 45406-4207 United States",,,39.774905770386326,-84.23908537532515
GAS2026R-00505,R72 11913 0055,address,05/05/2026,Residential Gas Permit,GAS,,"1424 NEWTON AVE, DAYTON OH 45406-4255 United States",,,39.773432963813235,-84.23675340707149
GAS2026R-00506,R72 11913 0005,address,05/05/2026,Residential Gas Permit,GAS,,"2719 EARLHAM DR, DAYTON OH 45406-4631 United States",,,39.775681884166694,-84.2352650800234
GAS2026R-00514,R72 11913 0068,address,05/05/2026,Residential Gas Permit,GAS,,"1437 NEWTON AVE, DAYTON OH 45406-4256 United States",,,39.77382920787518,-84.23725080277228
GAS2026R-00515,R72 11906 0002,address,05/05/2026,Residential Gas Permit,GAS,,"1517 PHILADELPHIA DR, DAYTON OH 45406-4113 United States",,,39.776047432615485,-84.23487206664632
GAS2026R-00517,R72 16201 0046,address,05/05/2026,Residential Gas Permit,GAS,,"1635 KIPLING DR, DAYTON OH 45406-4134 United States",,,39.77742366948036,-84.24277804433075
GAS2026R-00516,R72 11906 0007,address,05/05/2026,Residential Gas Permit,GAS,,"1485 PHILADELPHIA DR, DAYTON OH 45406-4646 United States",,,39.77535610342002,-84.2348299553011
GAS2026R-00518,R72 16201 0049,address,05/05/2026,Residential Gas Permit,GAS,,"1617 KIPLING DR, DAYTON OH 45406-4134 United States",,,39.77692518133967,-84.2428794421541
GAS2026R-00519,R72 11913 0147,address,05/05/2026,Residential Gas Permit,GAS,,"1509 RUSKIN RD, DAYTON OH 45406-4654 United States",,,39.77575710219032,-84.23593242552857
GAS2026R-00521,R72 16201 0056,address,05/05/2026,Residential Gas Permit,GAS,,"1634 KIPLING DR, DAYTON OH 45406-4135 United States",,,39.77752213348039,-84.24225028430334
GAS2026R-00509,R72 16201 0048,address,05/05/2026,Residential Gas Permit,GAS,,"1623 KIPLING DR, DAYTON OH 45406-4134 United States",,,39.777079686907385,-84.24282990041195
GAS2026R-00520,R72 16201 0051,address,05/05/2026,Residential Gas Permit,GAS,,"1605 KIPLING DR, DAYTON OH 45406-4134 United States",,,39.776589170836935,-84.24294578135603
GAS2026R-00510,R72 11913 0001,address,05/05/2026,Residential Gas Permit,GAS,,"2720 CORNELL DR, DAYTON OH 45406-4629 United States",,,39.77616247444709,-84.2354478801255
GAS2026R-00508,R72 16201 0069,address,05/05/2026,Residential Gas Permit,GAS,,"3242 CAMPUS DR, DAYTON OH 45406-4123 United States",,,39.77679844074107,-84.24180155130428
GAS2026R-00527,R72 11913 0100,address,05/05/2026,Residential Gas Permit,GAS,,"3001 EARLHAM DR, DAYTON OH 45406 United States",,,39.77476822410459,-84.23836313070939
GAS2026R-00528,R72 16201 0058,address,05/05/2026,Residential Gas Permit,GAS,,"1648 KIPLING DR, DAYTON OH 45406-4135 United States",,,39.777892375929326,-84.24228088284771
GAS2026R-00524,R72 11913 0109,address,05/05/2026,Residential Gas Permit,GAS,,"1541 TENNYSON AVE, DAYTON OH 45406-4245 United States",,,39.775728250824514,-84.23843332120771
GAS2026R-00525,R72 12112 0020,address,05/05/2026,Residential Gas Permit,GAS,,"1532 CANFIELD AVE, DAYTON OH 45406-4207 United States",,,39.77530645382871,-84.23909893371074
GAS2026R-00529,R72 10213 0013,address,05/05/2026,Residential Gas Permit,GAS,,"1317 CINCINNATI ST, DAYTON OH 45417-4628 United States",,,39.736703747868994,-84.20603452239224
GAS2026R-00504,R72 11913 0048,address,05/05/2026,Residential Gas Permit,GAS,,"1452 NEWTON AVE, DAYTON OH 45406-4255 United States",,,39.774395322300435,-84.23666353379232
GAS2026R-00503,R72 12505 0048,address,05/05/2026,Residential Gas Permit,GAS,,"420 LORENZ AVE, DAYTON OH 45417-2340 United States",,,39.76028201410063,-84.23479618817952
GAS2026R-00502,,unmatched,05/04/2026,Residential Gas Permit,GAS,,"4503 BLUE IRIS DR, DAYTON OHIO 45404",,,,
GAS2026R-00501,,unmatched,04/30/2026,Residential Gas Permit,GAS,,"52 S TERRY ST, DAYTON OH 45403",,,,
GAS2026R-00500,R72 11505 0028,address,04/30/2026,Residential Gas Permit,GAS,HOMEOWNERS PERMIT,"2025 PHILADELPHIA DR, DAYTON OH 45406-2721 United States",,,39.78451117481315,-84.2351647291541
GAS2026R-00499,R72 03411 0003,address,04/29/2026,Residential Gas Permit,GAS,,"104 EDGAR AVE, DAYTON OH 45410-2022 United States",,,39.74517143125763,-84.16375053331095
GAS2026R-00498,R72 06005 0034,address,04/28/2026,Residential Gas Permit,GAS,,"35 VINCENT ST, DAYTON OH 45405-4234 United States",,,39.77525578343051,-84.19862322334242
GAS2026R-00497,R72 07905 0016,address,04/28/2026,Residential Gas Permit,GAS,,"1811 W GRAND AVE, DAYTON OH 45402-5721 United States",,,39.76702436333546,-84.22709709928446
GAS2026R-00496,R72 07905 0016,address,04/28/2026,Residential Gas Permit,GAS,,"1809 W GRAND AVE, DAYTON OH 45402-5721 United States",,,39.76702525539729,-84.22703666899116
GAS2026R-00495,R72 06008 0016,address,04/28/2026,Residential Gas Permit,GAS,,"40 DRAKE AVE, DAYTON OH 45405-4133 United States",,,39.77871689744117,-84.20268263257628
GAS2026R-00494,R72 05208 0009,address,04/28/2026,Residential Gas Permit,GAS,,"74 NOTRE DAME AVE, DAYTON OH 45404-1924 United States",,,39.777464686220355,-84.1718417395045
GAS2026R-00476,R72 11913 0007,address,04/27/2026,Residential Gas Permit,GAS,,"2724 EARLHAM DR, DAYTON OH 45406-4630 United States",,,39.77515480960783,-84.23544411679529
GAS2026R-00482,R72 11913 0011,address,04/27/2026,Residential Gas Permit,GAS,,"1454 RUSKIN RD, DAYTON OH 45406-4651 United States",,,39.77449545003431,-84.23546681296456
GAS2026R-00492,R72 16203 0017,address,04/27/2026,Residential Gas Permit,GAS,,"3210 CAMPUS DR, DAYTON OH 45406-4123 United States",,,39.776999521335036,-84.2408351126066
GAS2026R-00491,R72 16201 0066,address,04/27/2026,Residential Gas Permit,GAS,,"3236 CAMPUS DR, DAYTON OH 45406-4123 United States",,,39.77684577371121,-84.24157144231853
GAS2026R-00493,R72 12112 0063,address,04/27/2026,Residential Gas Permit,GAS,,"1429 CANFIELD AVE, DAYTON OH 45406-4206 United States",,,39.773348339907294,-84.23949127832819
GAS2026R-00471,R72 11913 0049,address,04/27/2026,Residential Gas Permit,GAS,,"1448 NEWTON AVE, DAYTON OH 45406-4255 United States",,,39.7742499470353,-84.23665279650297
GAS2026R-00489,R72 11913 0142,address,04/27/2026,Residential Gas Permit,GAS,,"1518 NEWTON AVE, DAYTON OH 45406-4257 United States",,,39.77546538875874,-84.23653366511284
GAS2026R-00484,R72 16203 0016,address,04/27/2026,Residential Gas Permit,GAS,,"3218 CAMPUS DR, DAYTON OH 45406-4123 United States",,,39.776946438427,-84.2410828613603
GAS2026R-00474,R72 12112 0148,address,04/27/2026,Residential Gas Permit,GAS,,"1513 SHAFTESBURY RD, DAYTON OH 45406-4241 United States",,,39.77475890107642,-84.24065459017788
GAS2026R-00485,R72 11913 0064,address,04/27/2026,Residential Gas Permit,GAS,,"1419 NEWTON AVE, DAYTON OH 45406-4256 United States",,,39.773313061497475,-84.23724504440722
GAS2026R-00473,R72 12112 0209,address,04/27/2026,Residential Gas Permit,GAS,,"3305 PRINCETON DR, DAYTON OH 45406-4263 United States",,,39.77279162416026,-84.24166225696986
GAS2026R-00488,R72 11913 0141,address,04/27/2026,Residential Gas Permit,GAS,,"1524 NEWTON AVE, DAYTON OH 45406-4257 United States",,,39.77563323917607,-84.2365093387353
GAS2026R-00479,R72 12112 0100,address,04/27/2026,Residential Gas Permit,GAS,,"1512 SHAFTESBURY RD, DAYTON OH 45406-4240 United States",,,39.77481283738102,-84.24016485659874
GAS2026R-00487,R72 16201 0065,address,04/27/2026,Residential Gas Permit,GAS,,"3251 CAMPUS DR, DAYTON OH 45406-4125 United States",,,39.777153057297774,-84.24214141176599
GAS2026R-00480,R72 12113 0103,address,04/27/2026,Residential Gas Permit,GAS,,"1374 KINGSLEY AVE, DAYTON OH 45406-4219 United States",,,39.772131065550724,-84.2423182953098
GAS2026R-00478,R72 11913 0014,address,04/27/2026,Residential Gas Permit,GAS,,"1444 RUSKIN RD, DAYTON OH 45406-4651 United States",,,39.77424420467495,-84.23556019232842
GAS2026R-00490,R72 11913 0002,address,04/27/2026,Residential Gas Permit,GAS,,"1516 RUSKIN RD, DAYTON OH 45406-4653 United States",,,39.776050017849506,-84.23543796512996
GAS2026R-00481,R72 11913 0009,address,04/27/2026,Residential Gas Permit,GAS,,"1460 RUSKIN RD, DAYTON OH 45406-4651 United States",,,39.774816640131284,-84.23547125789058
GAS2026R-00477,R72 12107 0046,address,04/27/2026,Residential Gas Permit,GAS,,"1227 ALCOTT AVE, DAYTON OH 45406-4202 United States",,,39.7704108993393,-84.24166681443141
GAS2026R-00472,R72 12108 0005,address,04/27/2026,Residential Gas Permit,GAS,,"1316 KINGSLEY AVE, DAYTON OH 45406-4219 United States",,,39.77050365418925,-84.24225975854976
GAS2026R-00475,R72 11913 0071,address,04/27/2026,Residential Gas Permit,GAS,,"2900 EARLHAM DR, DAYTON OH 45406-4253 United States",,,39.77442949278804,-84.23713768186632
GAS2026R-00486,R72 11913 0159,address,04/27/2026,Residential Gas Permit,GAS,,"2807 EARLHAM DR, DAYTON OH 45406-4252 United States",,,39.77546201678649,-84.23602115627516
GAS2026R-00470,R72 11913 0038,address,04/27/2026,Residential Gas Permit,GAS,,"1447 RUSKIN RD, DAYTON OH 45406-4652 United States",,,39.77430517847857,-84.23607768365724
GAS2026R-00483,R72 16203 0042,address,04/27/2026,Residential Gas Permit,GAS,,"3228 CAMPUS DR, DAYTON OH 45406-4123 United States",,,39.776904548268064,-84.24131310819928
GAS2026R-00469,R72 11913 0013,address,04/27/2026,Residential Gas Permit,GAS,,"1450 RUSKIN RD, DAYTON OH 45406-4651 United States",,,39.774373700288315,-84.23553141080093
GAS2026R-00468,R72 10413 0024,address,04/27/2026,Residential Gas Permit,GAS,,"1322 ALWILDY AVE, DAYTON OH 45417-4606 United States",,,39.737150539860274,-84.21303763390613
GAS2026R-00462,R72 11913 0030,address,04/24/2026,Residential Gas Permit,GAS,,"1415 RUSKIN RD, DAYTON OH 45406-4652 United States",,,39.773203300303116,-84.23613208106548
GAS2026R-00454,R72 12112 0193,address,04/24/2026,Residential Gas Permit,GAS,,"1528 KIPLING DR, DAYTON OH 45406-4227 United States",,,39.77550130721092,-84.2424274785102
GAS2026R-00449,R72 11913 0052,address,04/24/2026,Residential Gas Permit,GAS,,"1434 NEWTON AVE, DAYTON OH 45406-4255 United States",,,39.77384287929836,-84.23669961007434
GAS2026R-00458,R72 16207 0028,address,04/24/2026,Residential Gas Permit,GAS,,"3400 HARVARD BLVD, DAYTON OH 45406-4130 United States",,,39.77916331856602,-84.24304219549998
GAS2026R-00467,R72 12113 0162,address,04/24/2026,Residential Gas Permit,GAS,,"1339 KINGSLEY AVE, DAYTON OH 45406-4220 United States",,,39.771234826264084,-84.24276198717145
GAS2026R-00448,R72 11913 0128,address,04/24/2026,Residential Gas Permit,GAS,,"1507 NEWTON AVE, DAYTON OH 45406-4258 United States",,,39.775042066618475,-84.23712094727586
GAS2026R-00451,R72 11913 0039,address,04/24/2026,Residential Gas Permit,GAS,,"1451 RUSKIN RD, DAYTON OH 45406-4652 United States",,,39.77441795929347,-84.23606271224855
GAS2026R-00446,R72 12112 0029,address,04/24/2026,Residential Gas Permit,GAS,,"3411 EARLHAM DR, DAYTON OH 45406-4218 United States",,,39.774698264980614,-84.2430656861035
GAS2026R-00459,R72 12113 0111,address,04/24/2026,Residential Gas Permit,GAS,,"1344 KINGSLEY AVE, DAYTON OH 45406-4219 United States",,,39.77132157727495,-84.24228376831255
GAS2026R-00455,R72 12112 0037,address,04/24/2026,Residential Gas Permit,GAS,,"1521 KIPLING DR, DAYTON OH 45406-4228 United States",,,39.775235944685896,-84.24291548216361
GAS2026R-00463,R72 11913 0066,address,04/24/2026,Residential Gas Permit,GAS,,"1427 NEWTON AVE, DAYTON OH 45406-4256 United States",,,39.773543416455254,-84.23726501401657
GAS2026R-00452,R72 11913 0140,address,04/24/2026,Residential Gas Permit,GAS,,"1526 NEWTON AVE, DAYTON OH 45406-4257 United States",,,39.77576742960038,-84.23653408032892
GAS2026R-00450,R72 11913 0031,address,04/24/2026,Residential Gas Permit,GAS,,"1419 RUSKIN RD, DAYTON OH 45406-4652 United States",,,39.77333776413484,-84.23613543186929
GAS2026R-00460,R72 12113 0109,address,04/24/2026,Residential Gas Permit,GAS,,"1350 KINGSLEY AVE, DAYTON OH 45406-4219 United States",,,39.77149728576124,-84.2422846063338
GAS2026R-00453,R72 11913 0138,address,04/24/2026,Residential Gas Permit,GAS,,"1534 NEWTON AVE, DAYTON OH 45406-4257 United States",,,39.77603091426053,-84.23654064807793
GAS2026R-00456,R72 11913 0042,address,04/24/2026,Residential Gas Permit,GAS,,"2800 EARLHAM DR, DAYTON OH 45406-4251 United States",,,39.775004842622,-84.23592790693147
GAS2026R-00464,R72 11913 0057,address,04/24/2026,Residential Gas Permit,GAS,,"1414 NEWTON AVE, DAYTON OH 45406-4255 United States",,,39.77316384240724,-84.23675381039136
GAS2026R-00461,R72 11913 0021,address,04/24/2026,Residential Gas Permit,GAS,,"1416 RUSKIN RD, DAYTON OH 45406-4651 United States",,,39.77327688744235,-84.23561439284605
GAS2026R-00457,R72 11913 0144,address,04/24/2026,Residential Gas Permit,GAS,,"2811 EARLHAM DR, DAYTON OH 45406-4252 United States",,,39.77534850438589,-84.23626739692533
GAS2026R-00444,R72 11913 0023,address,04/24/2026,Residential Gas Permit,GAS,,"1408 RUSKIN RD, DAYTON OH 45406-4651 United States",,,39.77302459496716,-84.23559032621031
GAS2026R-00447,R72 11913 0035,address,04/24/2026,Residential Gas Permit,GAS,,"1435 RUSKIN RD, DAYTON OH 45406-4652 United States",,,39.773876278391064,-84.23611328707692
GAS2026R-00465,R72 12113 0173,address,04/24/2026,Residential Gas Permit,GAS,,"1328 ALCOTT AVE, DAYTON OH 45406-4203 United States",,,39.771417696149236,-84.24117597287503
GAS2026R-00466,R72 11913 0063,address,04/24/2026,Residential Gas Permit,GAS,,"1415 NEWTON AVE, DAYTON OH 45406-4256 United States",,,39.773145158934156,-84.23727292297797
GAS2026R-00445,R72 12112 0130,address,04/24/2026,Residential Gas Permit,GAS,,"1464 KIPLING DR, DAYTON OH 45406-4223 United States",,,39.77429484388024,-84.24213039710521
GAS2026R-00443,R72 11913 0016,address,04/24/2026,Residential Gas Permit,GAS,,"1436 RUSKIN RD, DAYTON OH 45406-4651 United States",,,39.77398356829714,-84.23554658602689
GAS2026R-00442,R72 12704 0032,address,04/23/2026,Residential Gas Permit,GAS,,"3506 DELPHOS AVE, DAYTON OH 45417-1644 United States",,,39.75489474474836,-84.24752237101987
GAS2026R-00441,R72 04609 0011,address,04/20/2026,Residential Gas Permit,GAS,,"2717 E FOURTH ST, APT/UNIT 2, DAYTON OH 45403-2113 United States",,,39.76384721810373,-84.15337338990709
GAS2026R-00440,R72 04609 0011,address,04/20/2026,Residential Gas Permit,GAS,,"2717 E FOURTH ST, APT/UNIT 1, DAYTON OH 45403-2113 United States",,,39.76384721810373,-84.15337338990709
GAS2026R-00439,R72 06201 0004,address,04/20/2026,Residential Gas Permit,GAS,,"2808 N MAIN ST, DAYTON OH 45405",,,39.790710962995995,-84.21375338828105
GAS2026R-00438,R72 15404 0022,address,04/17/2026,Residential Gas Permit,GAS,,"1718 HUFFMAN AVE, DAYTON OH 45403-3110 United States",,,39.7572209317146,-84.13545340174413
GAS2026R-00437,R72 04502 0027,address,04/16/2026,Residential Gas Permit,GAS,,"30 BRENNER AVE, DAYTON OH 45403-1122 United States",,,39.76603400121489,-84.16413839562972
GAS2026R-00436,R72410803 0009,address,04/16/2026,Residential Gas Permit,GAS,,"4117 BRIDLEGATE WAY, DAYTON OH 45424-8001 United States",,,39.80683148239219,-84.11108231601418
GAS2026R-00417,R72 12112 0094,address,04/15/2026,Residential Gas Permit,GAS,,"1543 CANFIELD AVE, DAYTON OH 45406-4208 United States",,,39.77560372807289,-84.23960455482927
GAS2026R-00424,R72 12113 0174,address,04/15/2026,Residential Gas Permit,GAS,,"1324 ALCOTT AVE, DAYTON OH 45406-4203 United States",,,39.771294054498505,-84.24118005322258
GAS2026R-00431,R72 11913 0120,address,04/15/2026,Residential Gas Permit,GAS,,"1522 TENNYSON AVE, DAYTON OH 45406-4244 United States",,,39.775198400953016,-84.23787211131774
GAS2026R-00418,R72 12112 0093,address,04/15/2026,Residential Gas Permit,GAS,,"1539 CANFIELD AVE, DAYTON OH 45406-4208 United States",,,39.7754911582658,-84.23960530010868
GAS2026R-00432,R72 11913 0081,address,04/15/2026,Residential Gas Permit,GAS,,"1424 TENNYSON AVE, DAYTON OH 45406-4259 United States",,,39.773409835781415,-84.23794135837073
GAS2026R-00422,R72 12112 0111,address,04/15/2026,Residential Gas Permit,GAS,,"1558 SHAFTESBURY RD, DAYTON OH 45406-4240 United States",,,39.7760426274657,-84.24018846262574
GAS2026R-00425,R72 12112 0052,address,04/15/2026,Residential Gas Permit,GAS,,"1440 CANFIELD AVE, DAYTON OH 45406-4205 United States",,,39.77382183120086,-84.23904053482505
GAS2026R-00423,R72 12112 0198,address,04/15/2026,Residential Gas Permit,GAS,,"1550 KIPLING DR, DAYTON OH 45406-4227 United States",,,39.77599809231901,-84.24244345986973
GAS2026R-00412,R72 12113 0168,address,04/15/2026,Residential Gas Permit,GAS,,"1334 ALCOTT AVE, DAYTON OH 45406-4203 United States",,,39.771654012705156,-84.24116409647455
GAS2026R-00419,R72 12112 0211,address,04/15/2026,Residential Gas Permit,GAS,,"3309 PRINCETON DR, DAYTON OH 45406-4263 United States",,,39.7727200325503,-84.24185973919748
GAS2026R-00433,R72 12112 0236,address,04/15/2026,Residential Gas Permit,GAS,,"1461 KIPLING DR, DAYTON OH 45406-4225 United States",,,39.77430588864935,-84.24267871227943
GAS2026R-00428,R72 12112 0176,address,04/15/2026,Residential Gas Permit,GAS,,"3311 EARLHAM DR, DAYTON OH 45406-4216 United States",,,39.77488660385771,-84.24184983501598
GAS2026R-00426,R72 12112 0087,address,04/15/2026,Residential Gas Permit,GAS,,"1515 CANFIELD AVE, DAYTON OH 45406-4208 United States",,,39.77483237936406,-84.23958885029711
GAS2026R-00427,R72 12112 0098,address,04/15/2026,Residential Gas Permit,GAS,,"1561 CANFIELD AVE, DAYTON OH 45406-4208 United States",,,39.77602107385776,-84.23960786259074
GAS2026R-00413,R72 12113 0094,address,04/15/2026,Residential Gas Permit,GAS,,"1335 ALCOTT AVE, DAYTON OH 45406-4204 United States",,,39.77164359334285,-84.24167978934447
GAS2026R-00421,R72 11913 0115,address,04/15/2026,Residential Gas Permit,GAS,,"1544 TENNYSON AVE, DAYTON OH 45406-4244 United States",,,39.775887362587135,-84.23788574170517
GAS2026R-00435,R72 11913 0040,address,04/15/2026,Residential Gas Permit,GAS,,"1455 RUSKIN RD, DAYTON OH 45406-4652 United States",,,39.77457193376405,-84.23604876612792
GAS2026R-00429,R72 12112 0177,address,04/15/2026,Residential Gas Permit,GAS,,"3315 EARLHAM DR, DAYTON OH 45406-4216 United States",,,39.77488712314611,-84.24199933521147
GAS2026R-00420,R72 11913 0131,address,04/15/2026,Residential Gas Permit,GAS,,"1521 NEWTON AVE, DAYTON OH 45406-4258 United States",,,39.775482053079735,-84.2370749561568
GAS2026R-00415,R72 12112 0142,address,04/15/2026,Residential Gas Permit,GAS,,"3220 EARLHAM DR, DAYTON OH 45406-4213 United States",,,39.77431884171416,-84.24125565041
GAS2026R-00414,R72 12112 0060,address,04/15/2026,Residential Gas Permit,GAS,,"1417 CANFIELD AVE, DAYTON OH 45406-4206 United States",,,39.77303047419266,-84.23944777774959
GAS2026R-00434,R72 12112 0235,address,04/15/2026,Residential Gas Permit,GAS,,"1457 KIPLING DR, DAYTON OH 45406-4225 United States",,,39.77419970575173,-84.2426190951381
GAS2026R-00416,R72 12112 0179,address,04/15/2026,Residential Gas Permit,GAS,,"3323 EARLHAM DR, DAYTON OH 45406-4216 United States",,,39.77485814334555,-84.24228685804354
GAS2026R-00430,R72 12113 0067,address,04/15/2026,Residential Gas Permit,GAS,,"3210 PRINCETON DR, DAYTON OH 45406-4229 United States",,,39.77255820211502,-84.24092340882811
GAS2026R-00411,R72 12112 0050,address,04/15/2026,Residential Gas Permit,GAS,,"1432 CANFIELD AVE, DAYTON OH 45406-4205 United States",,,39.773528443699846,-84.2390118737047
GAS2026R-00410,R72 16213 0118,address,04/15/2026,Residential Gas Permit,GAS,,"1939 Parkhill DR, DAYTON OH 45406",,,39.784160709380046,-84.2384302353683
GAS2026R-00409,,unmatched,04/14/2026,Residential Gas Permit,GAS,,"4214 WEEPING WILLOW DR, DAYTON OH 45404 United States",,,,
GAS2026R-00392,R72 12112 0122,address,04/09/2026,Residential Gas Permit,GAS,,"1432 KIPLING DR, DAYTON OH 45406-4223 United States",,,39.77355718690699,-84.24151057219417
GAS2026R-00397,R72 12112 0161,address,04/09/2026,Residential Gas Permit,GAS,,"3221 EARLHAM DR, DAYTON OH 45406-4214 United States",,,39.774683352535114,-84.24093377856266
GAS2026R-00393,R72 12112 0153,address,04/09/2026,Residential Gas Permit,GAS,,"1535 SHAFTESBURY RD, DAYTON OH 45406-4241 United States",,,39.77537622967175,-84.2406842402991
GAS2026R-00407,R72 11913 0082,address,04/09/2026,Residential Gas Permit,GAS,,"1420 TENNYSON AVE, DAYTON OH 45406-4259 United States",,,39.77326762690792,-84.23790224777768
GAS2026R-00408,R72 12112 0066,address,04/09/2026,Residential Gas Permit,GAS,,"1441 CANFIELD AVE, DAYTON OH 45406-4206 United States",,,39.77368307949247,-84.23951030443288
GAS2026R-00394,R72 12112 0159,address,04/09/2026,Residential Gas Permit,GAS,,"1559 SHAFTESBURY RD, DAYTON OH 45406-4241 United States",,,39.77602962718829,-84.24069345370349
GAS2026R-00398,R72 12112 0140,address,04/09/2026,Residential Gas Permit,GAS,,"3214 EARLHAM DR, DAYTON OH 45406-4213 United States",,,39.77423445476109,-84.24102219917079
GAS2026R-00396,R72 12112 0143,address,04/09/2026,Residential Gas Permit,GAS,,"3226 EARLHAM DR, DAYTON OH 45406-4213 United States",,,39.774388570001676,-84.24136770109797
GAS2026R-00395,R72 12112 0096,address,04/09/2026,Residential Gas Permit,GAS,,"1551 CANFIELD AVE, DAYTON OH 45406-4208 United States",,,39.77582358529296,-84.23959226140155
GAS2026R-00399,R72 11913 0086,address,04/09/2026,Residential Gas Permit,GAS,,"1408 TENNYSON AVE, DAYTON OH 45406-4259 United States",,,39.772754486590074,-84.23787877820436
GAS2026R-00406,R72 11913 0095,address,04/09/2026,Residential Gas Permit,GAS,,"1435 TENNYSON AVE, DAYTON OH 45406-4260 United States",,,39.77368475551452,-84.23847129786252
GAS2026R-00400,R72 11913 0083,address,04/09/2026,Residential Gas Permit,GAS,,"1416 TENNYSON AVE, DAYTON OH 45406-4259 United States",,,39.77314424941686,-84.23788850073929
GAS2026R-00401,R72 12112 0125,address,04/09/2026,Residential Gas Permit,GAS,,"1444 KIPLING DR, DAYTON OH 45406-4223 United States",,,39.773833203956826,-84.24178437720622
GAS2026R-00387,R72 11913 0090,address,04/09/2026,Residential Gas Permit,GAS,,"1415 TENNYSON AVE, DAYTON OH 45406-4260 United States",,,39.77302190929924,-84.23836223351717
GAS2026R-00385,R72 12112 0101,address,04/09/2026,Residential Gas Permit,GAS,,"1516 SHAFTESBURY RD, DAYTON OH 45406-4240 United States",,,39.77492276210965,-84.24016048999852
GAS2026R-00388,R72 11913 0084,address,04/09/2026,Residential Gas Permit,GAS,,"1414 TENNYSON AVE, DAYTON OH 45406-4259 United States",,,39.77301875652254,-84.23783552357907
GAS2026R-00402,R72 12112 0090,address,04/09/2026,Residential Gas Permit,GAS,,"1527 CANFIELD AVE, DAYTON OH 45406-4208 United States",,,39.775164534342636,-84.23959714421927
GAS2026R-00390,R72 12112 0049,address,04/09/2026,Residential Gas Permit,GAS,,"1428 CANFIELD AVE, DAYTON OH 45406-4205 United States",,,39.773405270756435,-84.2389874019605
GAS2026R-00391,R72 12112 0158,address,04/09/2026,Residential Gas Permit,GAS,,"1555 SHAFTESBURY RD, DAYTON OH 45406-4241 United States",,,39.77592228680232,-84.24070855391297
GAS2026R-00405,R72 12112 0178,address,04/09/2026,Residential Gas Permit,GAS,,"3317 EARLHAM DR, DAYTON OH 45406-4216 United States",,,39.77486859821439,-84.24213763232433
GAS2026R-00403,R72 11913 0075,address,04/09/2026,Residential Gas Permit,GAS,,"2920 EARLHAM DR, DAYTON OH 45406-4253 United States",,,39.774251923456006,-84.23781649390965
GAS2026R-00389,R72 12112 0091,address,04/09/2026,Residential Gas Permit,GAS,,"1531 CANFIELD AVE, DAYTON OH 45406-4208 United States",,,39.775271512462076,-84.23960337166345
GAS2026R-00386,R72 12112 0123,address,04/09/2026,Residential Gas Permit,GAS,,"1436 KIPLING DR, DAYTON OH 45406-4223 United States",,,39.77367364658042,-84.24162023404222
GAS2026R-00404,R72 12112 0146,address,04/09/2026,Residential Gas Permit,GAS,,"3308 EARLHAM DR, DAYTON OH 45406-4215 United States",,,39.77448713966032,-84.24175443474486
GAS2026R-00384,R72 11913 0091,address,04/09/2026,Residential Gas Permit,GAS,,"1417 TENNYSON AVE, DAYTON OH 45406-4260 United States",,,39.77315346292774,-84.23837974145205
GAS2026R-00383,R72 11501 0011,address,04/09/2026,Residential Gas Permit,GAS,,"2109 CATALPA DR, DAYTON OH 45406-3040 United States",,,39.786013463720394,-84.2258596279023
GAS2026R-00382,R72 07905 0028,address,04/08/2026,Residential Gas Permit,GAS,,"924 WINDSOR AVE, DAYTON OH 45402-5750 United States",,,39.76611916891354,-84.22759063104188
GAS2026R-00381,R72 07905 0028,address,04/08/2026,Residential Gas Permit,GAS,,"922 WINDSOR AVE, DAYTON OH 45402-5750 United States",,,39.766078021021535,-84.22758961080149
GAS2026R-00380,R72 04304 0010,address,04/08/2026,Residential Gas Permit,GAS,,"806 GONDERT AVE, DAYTON OH 45403-3328 United States",,,39.75515236856041,-84.13958130842917
GAS2026R-00379,R72 09602 0045,address,04/07/2026,Residential Gas Permit,GAS,,"2525 JEROME AVE, DAYTON OH 45417",,,39.74428091672911,-84.23609424298606
GAS2026R-00378,R72 03907 0032,address,04/07/2026,Residential Gas Permit,GAS,,"708 SAINT NICHOLAS AVE, DAYTON OH 45410-2520 United States",,,39.74988678554091,-84.15537213879982
GAS2026R-00377,R72 08603 0043,address,04/06/2026,Residential Gas Permit,GAS,,"22 Hawthorn ST, DAYTON OH 45402",,,39.75417850627304,-84.21108692388763
GAS2026R-00376,R72 06111 0009,address,04/06/2026,Residential Gas Permit,GAS,,"145 RIDGE AVE, DAYTON OH 45405-3846 United States",,,39.782148483392504,-84.20440625154582
GAS2026R-00375,R72 05211 0031,address,04/06/2026,Residential Gas Permit,GAS,,"329 GROVE AVE, DAYTON OH 45404-1909 United States",,,39.7809528186676,-84.17311765057013
GAS2026R-00374,R72 13213 0005,address,04/06/2026,Residential Gas Permit,GAS,,"3612 GERMANTOWN ST, DAYTON OH 45417-4130 United States",,,39.73419704369148,-84.25170513587845
GAS2026R-00373,R72 16211 0057,address,04/06/2026,Residential Gas Permit,GAS,,"1846 PARKHILL DR, DAYTON OH 45406 United States",,,39.78267115450838,-84.23777737712113
GAS2026R-00372,R72 07712 0051,address,04/02/2026,Residential Gas Permit,GAS,,"925 FERGUSON AVE, DAYTON OH 45402-6115 United States",,,39.766274464044805,-84.21666771052547
GAS2026R-00371,,unmatched,04/02/2026,Residential Gas Permit,GAS,,"2109 RAVENWOOD AVE, DAYTON OH 45406-2907 United States",,,,
GAS2026R-00370,,unmatched,04/02/2026,Residential Gas Permit,GAS,,"2105 RAVENWOOD AVE, DAYTON OH 45406-2907 United States",,,,
GAS2026R-00369,R72 11501 0012,address,04/02/2026,Residential Gas Permit,GAS,,"2105 CATALPA DR, DAYTON OH 45406-3040 United States",,,39.785897791703455,-84.22588166006649
GAS2026R-00368,R72 11501 0015,address,04/02/2026,Residential Gas Permit,GAS,,"2053 CATALPA DR, DAYTON OH 45406-3037 United States",,,39.78543011174718,-84.22585911740522
GAS2026R-00367,R72 11501 0055,address,04/02/2026,Residential Gas Permit,GAS,,"2103 RAVENWOOD AVE, DAYTON OH 45406 United States",,,39.78588042227781,-84.22702277633012
GAS2026R-00366,R72117011 0026,address,04/02/2026,Residential Gas Permit,GAS,,"5080 SCOTSMAN DR, DAYTON OH 45414",,,39.821374383565995,-84.16108132985852
GAS2026R-00365,R72 06809 0033,address,04/01/2026,Residential Gas Permit,GAS,,"241 KENWOOD AVE, DAYTON OH 45405-4011 United States",,,39.77560944143834,-84.20715091219121
GAS2026R-00364,R72 02408 0008,address,03/31/2026,Residential Gas Permit,GAS,,"828 XENIA AVE, DAYTON OH 45410-1840 United States",,,39.752617328124856,-84.16399584165276
GAS2026R-00363,R72 09502 0024,address,03/31/2026,Residential Gas Permit,GAS,,"3224 MCCALL ST, DAYTON OH 45417-1908 United States",,,39.74643938014176,-84.2433478181054
GAS2026R-00362,R72 02107 0024,address,03/31/2026,Residential Gas Permit,GAS,,"316 STEELE AVE, DAYTON OH 45410-1811 United States",,,39.75408654697286,-84.16725747729346
GAS2026R-00361,R72 14705 0058,address,03/31/2026,Residential Gas Permit,GAS,,"4022 FARNHAM AVE, DAYTON OH 45420-2861 United States",,,39.737778685535126,-84.13952117035228
GAS2026R-00338,R72 16214 0015,address,03/30/2026,Residential Gas Permit,GAS,,"3709 KINGS HWY, DAYTON OH 45406 United States",,,39.783674171694415,-84.24418359793289
GAS2026R-00349,R72 11913 0080,address,03/30/2026,Residential Gas Permit,GAS,,"1430 TENNYSON AVE, DAYTON OH 45406-4259 United States",,,39.77355521186437,-84.2379520982416
GAS2026R-00345,R72 16209 0040,address,03/30/2026,Residential Gas Permit,GAS,,"1825 KIPLING DR, DAYTON OH 45406 United States",,,39.78189066815827,-84.24280793559326
GAS2026R-00354,R72 11913 0079,address,03/30/2026,Residential Gas Permit,GAS,,"1434 TENNYSON AVE, DAYTON OH 45406-4259 United States",,,39.77368962192882,-84.23795900733248
GAS2026R-00340,R72 16215 0053,address,03/30/2026,Residential Gas Permit,GAS,,"2012 KIPLING DR, DAYTON OH 45406-3822 United States",,,39.78580149145406,-84.24257125131025
GAS2026R-00357,R72 11913 0073,address,03/30/2026,Residential Gas Permit,GAS,,"2914 EARLHAM DR, DAYTON OH 45406-4253 United States",,,39.77434814813614,-84.2374381243141
GAS2026R-00346,R72 16214 0021,address,03/30/2026,Residential Gas Permit,GAS,,"1916 WESLEYAN RD, DAYTON OH 45406 United States",,,39.784104226442835,-84.24351814225993
GAS2026R-00358,R72 12112 0206,address,03/30/2026,Residential Gas Permit,GAS,,"1429 KIPLING DR, DAYTON OH 45406-4224 United States",,,39.77343699115601,-84.24202353424312
GAS2026R-00350,R72 11913 0078,address,03/30/2026,Residential Gas Permit,GAS,,"1438 TENNYSON AVE, DAYTON OH 45406-4259 United States",,,39.77380756439122,-84.23796906291639
GAS2026R-00341,R72 16215 0024,address,03/30/2026,Residential Gas Permit,GAS,,"2032 WESLEYAN RD, DAYTON OH 45406-3835 United States",,,39.7862263039234,-84.24363470227352
GAS2026R-00347,R72 11913 0072,address,03/30/2026,Residential Gas Permit,GAS,,"2910 EARLHAM DR, DAYTON OH 45406-4253 United States",,,39.77437500294618,-84.23729286420688
GAS2026R-00359,R72 12112 0089,address,03/30/2026,Residential Gas Permit,GAS,,"1523 CANFIELD AVE, DAYTON OH 45406-4208 United States",,,39.775052130914275,-84.23958366782026
GAS2026R-00351,R72 12112 0067,address,03/30/2026,Residential Gas Permit,GAS,,"1445 CANFIELD AVE, DAYTON OH 45406-4206 United States",,,39.773790269054885,-84.23950231247412
GAS2026R-00352,R72 16209 0028,address,03/30/2026,Residential Gas Permit,GAS,,"1870 KIPLING DR, DAYTON OH 45406 United States",,,39.7833972455872,-84.24250043601951
GAS2026R-00355,R72 12112 0051,address,03/30/2026,Residential Gas Permit,GAS,,"1436 CANFIELD AVE, DAYTON OH 45406-4205 United States",,,39.77365445747768,-84.23903280081011
GAS2026R-00342,R72 16214 0020,address,03/30/2026,Residential Gas Permit,GAS,,"1914 WESLEYAN RD, DAYTON OH 45406 United States",,,39.78400779700212,-84.24354068577658
GAS2026R-00360,R72 12112 0075,address,03/30/2026,Residential Gas Permit,GAS,,"1451 CANFIELD AVE, DAYTON OH 45406-4206 United States",,,39.77404293936292,-84.23949795172598
GAS2026R-00348,R72 12112 0118,address,03/30/2026,Residential Gas Permit,GAS,,"1420 KIPLING DR, DAYTON OH 45406-4223 United States",,,39.77337563939182,-84.2411644468491
GAS2026R-00353,R72 12112 0116,address,03/30/2026,Residential Gas Permit,GAS,,"1412 KIPLING DR, DAYTON OH 45406-4223 United States",,,39.77321429025733,-84.24093624740023
GAS2026R-00337,R72 16209 0073,address,03/30/2026,Residential Gas Permit,GAS,,"1815 WESLEYAN RD, DAYTON OH 45406-3946 United States",,,39.781585482780955,-84.24394267385625
GAS2026R-00344,R72 15808 0010,address,03/30/2026,Residential Gas Permit,GAS,,"4111 KINGS HWY, DAYTON OH 45406-3526 United States",,,39.7837364178817,-84.25178353335194
GAS2026R-00356,R72 12112 0034,address,03/30/2026,Residential Gas Permit,GAS,,"3401 EARLHAM DR, DAYTON OH 45406-4218 United States",,,39.77477112855843,-84.24278287652052
GAS2026R-00343,R72 16215 0029,address,03/30/2026,Residential Gas Permit,GAS,,"2050 WESLEYAN RD, DAYTON OH 45406-3835 United States",,,39.786757700214466,-84.24363441720074
GAS2026R-00339,R72 16215 0047,address,03/30/2026,Residential Gas Permit,GAS,,"2005 KIPLING DR, DAYTON OH 45406-3823 United States",,,39.785581431580795,-84.24315300117907
GAS2026R-00336,R72 12113 0165,address,03/30/2026,Residential Gas Permit,GAS,,"1331 KINGSLEY AVE, DAYTON OH 45406-4220 United States",,,39.77099075618981,-84.24274165696475
GAS2026R-00335,R72 08003 0009,address,03/30/2026,Residential Gas Permit,GAS,MILLER PIPE LINE,"1108 Oxford AVE, DAYTON OH 45402-5658",,,39.76904199146853,-84.2321499698342
GAS2026R-00334,R72 04701 0049,address,03/30/2026,Residential Gas Permit,GAS,,"127 N HARBINE AVE, DAYTON OH 45403-1318 United States",,,39.76862784171084,-84.15063323390562
GAS2026R-00333,R72 02705 0084,address,03/30/2026,Residential Gas Permit,GAS,,"43 CLOVER ST, DAYTON OH 45410-1419 United States",,,39.749868976159085,-84.17648709515525
GAS2026R-00332,R72 08401 0040,address,03/30/2026,Residential Gas Permit,GAS,,"445 DAKOTA ST, DAYTON OH 45402-6624 United States",,,39.7598546549143,-84.21442826665464
GAS2026R-00331,,unmatched,03/30/2026,Residential Gas Permit,GAS,,"4370 WEEPING WILLOW DR, DAYTON OH 45404 United States",,,,
GAS2026R-00330,,unmatched,03/30/2026,Residential Gas Permit,GAS,,"135 S WILLIAMS ST, DAYTON OH 45402 United States",,,,
GAS2026R-00329,,unmatched,03/30/2026,Residential Gas Permit,GAS,,"18 MERCER AVE, DAYTON OH 45402",,,,
GAS2026R-00328,R72 08003 0009,address,03/25/2026,Residential Gas Permit,GAS,MILLER PIPE LINE,"1104 Oxford AVE, DAYTON OH 45402-5658",,,39.76904641940863,-84.23203622481338
GAS2026R-00327,R72 12111 0078,address,03/25/2026,Residential Gas Permit,GAS,,"2815 ATHENS AVE, DAYTON OH 45406-4325 United States",,,39.770517477030225,-84.23615767344783
GAS2026R-00326,R72 06908 0006,address,03/24/2026,Residential Gas Permit,GAS,,"809 HARVARD BLVD, DAYTON OH 45406-5227 United States",,,39.77313903840445,-84.21066659949027
GAS2026R-00325,R72 06908 0006,address,03/24/2026,Residential Gas Permit,GAS,,"807 HARVARD BLVD, DAYTON OH 45406-5227 United States",,,39.77314530492568,-84.21061334957888
GAS2026R-00324,,unmatched,03/24/2026,Residential Gas Permit,GAS,,"4418 WATER WILLOW DR, DAYTON OHIO 45404",,,,
GAS2026R-00323,R72 06301 0002,address,03/24/2026,Residential Gas Permit,GAS,,"2819 N MAIN ST, DAYTON OH 45405-3013 United States",,,39.790889184031144,-84.21451943289702
GAS2026R-00322,R72 16215 0074,address,03/23/2026,Residential Gas Permit,GAS,,"2037 KENSINGTON DR, DAYTON OH 45406-3804 United States",,,39.78647803223711,-84.24194749945413
GAS2026R-00321,R72 07901 0072,address,03/23/2026,Residential Gas Permit,GAS,,"1215 Windsor AVE, DAYTON OH 45402-5719",,,39.76972879043612,-84.2284131154791
GAS2026R-00320,R72 02507 0008,address,03/23/2026,Residential Gas Permit,GAS,,"206 Fillmore ST, DAYTON OH 45410-1639",,,39.74942051149777,-84.16905604931749
GAS2026R-00319,,unmatched,03/23/2026,Residential Gas Permit,GAS,,"4419 WATER WILLOW CT, DAYTON OHIO 45404",,,,
GAS2026R-00318,R72117201 0041,address,03/23/2026,Residential Gas Permit,GAS,,"1724 BARTLEY RD, DAYTON OH 45414",,,39.82822717939078,-84.20392569485801
GAS2026R-00317,R72 06411 0005,address,03/20/2026,Residential Gas Permit,GAS,,"224 W MCPHERSON ST, DAYTON OH 45405-4835 United States",,,39.766676392595386,-84.19778074952171
GAS2026R-00316,R72 06411 0005,address,03/20/2026,Residential Gas Permit,GAS,,"222 W McPherson ST, DAYTON OH 45405-4835",,,39.76668808864505,-84.19773119153912
GAS2026R-00315,R72 12208 0072,address,03/20/2026,Residential Gas Permit,GAS,,"545 Gramont AVE, DAYTON OH 45402-5522",,,39.762907795525315,-84.23770430822049
GAS2026R-00314,R72 13608 0020,address,03/19/2026,Residential Gas Permit,GAS,,"1530 DIETZEN ST, DAYTON OH 45417-4635 United States",,,39.7355250562021,-84.2141570717737
GAS2026R-00313,R72 13608 0051,address,03/19/2026,Residential Gas Permit,GAS,,"1528 DIETZEN ST, DAYTON OH 45417-4635 United States",,,39.73556350745149,-84.21415801731483
GAS2026R-00312,R72 02204 0091,address,03/19/2026,Residential Gas Permit,GAS,,"32 S Garfield ST, DAYTON OH 45403-2003",,,39.7637736861815,-84.16030946517029
GAS2026R-00311,R72 08603 0092,address,03/18/2026,Residential Gas Permit,GAS,,"136 S WILLIAMS ST, DAYTON OH 45402 United States",,,39.75382640622974,-84.21210917614891
GAS2026R-00310,R72 07702 0011,address,03/17/2026,Residential Gas Permit,GAS,,"527 LEXINGTON AVE, DAYTON OH 45402-5813 United States",,,39.76814836046655,-84.22200126610616
GAS2026R-00309,,unmatched,03/17/2026,Residential Gas Permit,GAS,,"3400 Cornell DR, DAYTON OH 45406-4151",,,,
GAS2026R-00301,R72 16215 0021,address,03/16/2026,Residential Gas Permit,GAS,,"2022 WESLEYAN RD, DAYTON OH 45406 United States",,,39.785915024704565,-84.24353576891924
GAS2026R-00291,R72 16214 0009,address,03/16/2026,Residential Gas Permit,GAS,,"1925 WESLEYAN RD, DAYTON OH 45406 United States",,,39.784338607520525,-84.24400448635951
GAS2026R-00303,R72 16209 0069,address,03/16/2026,Residential Gas Permit,GAS,,"1831 WESLEYAN RD, DAYTON OH 45406 United States",,,39.78215111189,-84.24394260713869
GAS2026R-00295,R72 12113 0153,address,03/16/2026,Residential Gas Permit,GAS,,"1351 KINGSLEY AVE, DAYTON OH 45406-4220 United States",,,39.77159173194755,-84.24276380175694
GAS2026R-00287,R72 16214 0012,address,03/16/2026,Residential Gas Permit,GAS,,"1919 WESLEYAN RD, DAYTON OH 45406 United States",,,39.78411896234181,-84.2440025449667
GAS2026R-00298,R72 12113 0120,address,03/16/2026,Residential Gas Permit,GAS,,"1327 KINGSLEY AVE, DAYTON OH 45406-4220 United States",,,39.77087260223896,-84.24274581340809
GAS2026R-00307,R72 12113 0128,address,03/16/2026,Residential Gas Permit,GAS,,"1357 KINGSLEY AVE, DAYTON OH 45406-4220 United States",,,39.771712576827404,-84.2427632686138
GAS2026R-00304,R72 16215 0011,address,03/16/2026,Residential Gas Permit,GAS,,"2021 WESLEYAN RD, DAYTON OH 45406-3836 United States",,,39.78599418671043,-84.24401392485257
GAS2026R-00306,R72 16214 0080,address,03/16/2026,Residential Gas Permit,GAS,,"3301 KINGS HWY, DAYTON OH 45406 United States",,,39.78370349956324,-84.24184610476453
GAS2026R-00292,R72 16214 0027,address,03/16/2026,Residential Gas Permit,GAS,,"1940 WESLEYAN RD, DAYTON OH 45406 United States",,,39.78476037301334,-84.24352389441977
GAS2026R-00288,R72 12113 0102,address,03/16/2026,Residential Gas Permit,GAS,,"3320 PRINCETON DR, DAYTON OH 45406-4230 United States",,,39.77227333734033,-84.24216881445584
GAS2026R-00305,R72 16207 0062,address,03/16/2026,Residential Gas Permit,GAS,,"1807 WESLEYAN RD, DAYTON OH 45406-3946 United States",,,39.78127811546372,-84.2439314224903
GAS2026R-00296,R72 16209 0052,address,03/16/2026,Residential Gas Permit,GAS,,"1840 WESLEYAN RD, DAYTON OH 45406 United States",,,39.782449229000434,-84.24346960484932
GAS2026R-00308,R72 12113 0118,address,03/16/2026,Residential Gas Permit,GAS,,"1319 KINGSLEY AVE, DAYTON OH 45406-4220 United States",,,39.77063111628122,-84.24273621700456
GAS2026R-00293,R72 16214 0004,address,03/16/2026,Residential Gas Permit,GAS,,"1945 WESLEYAN RD, DAYTON OH 45406-3834 United States",,,39.78489637721235,-84.24397932548978
GAS2026R-00285,R72 12113 0132,address,03/16/2026,Residential Gas Permit,GAS,,"1371 KINGSLEY AVE, DAYTON OH 45406-4220 United States",,,39.772170752963845,-84.24278895493053
GAS2026R-00299,R72 12113 0130,address,03/16/2026,Residential Gas Permit,GAS,,"1365 KINGSLEY AVE, DAYTON OH 45406-4220 United States",,,39.77194572689692,-84.24277976993505
GAS2026R-00289,R72 16209 0061,address,03/16/2026,Residential Gas Permit,GAS,,"1865 WESLEYAN RD, DAYTON OH 45406 United States",,,39.78325725722168,-84.2439703000521
GAS2026R-00302,R72 16215 0001,address,03/16/2026,Residential Gas Permit,GAS,,"2061 WESLEYAN RD, DAYTON OH 45406-3836 United States",,,39.78710581674524,-84.24404175778581
GAS2026R-00297,R72 16207 0061,address,03/16/2026,Residential Gas Permit,GAS,,"3501 OTTERBEIN AVE, DAYTON OH 45406-3933 United States",,,39.781137962212505,-84.24393858325956
GAS2026R-00290,R72 12113 0126,address,03/16/2026,Residential Gas Permit,GAS,,"1347 KINGSLEY AVE, DAYTON OH 45406-4220 United States",,,39.77146829408325,-84.24275715806118
GAS2026R-00286,R72 16209 0048,address,03/16/2026,Residential Gas Permit,GAS,,"1824 WESLEYAN RD, DAYTON OH 45406 United States",,,39.78189452690933,-84.24347000727018
GAS2026R-00300,R72 16209 0053,address,03/16/2026,Residential Gas Permit,GAS,,"1844 WESLEYAN RD, DAYTON OH 45406 United States",,,39.782591815274415,-84.24348028784658
GAS2026R-00294,R72 12113 0125,address,03/16/2026,Residential Gas Permit,GAS,,"1343 KINGSLEY AVE, DAYTON OH 45406-4220 United States",,,39.77136116599424,-84.24275803432704
GAS2026R-00284,R72 16209 0067,address,03/16/2026,Residential Gas Permit,GAS,,"1841 WESLEYAN RD, DAYTON OH 45406 United States",,,39.78242825850889,-84.24395310211061
GAS2026R-00283,R72 08212 0025,address,03/16/2026,Residential Gas Permit,GAS,,"1727 W FIRST ST, DAYTON OH 45402 United States",,,39.756316543144614,-84.22447413006768
GAS2026R-00282,R72 08313 0074,address,03/16/2026,Residential Gas Permit,GAS,,"1720 W FIRST ST, DAYTON OH 45402 United States",,,39.7560866060584,-84.22414572899646
GAS2026R-00281,R72 08311 0055,address,03/16/2026,Residential Gas Permit,GAS,,"1628 W FIRST ST, DAYTON OH 45402 United States",,,39.756438226493074,-84.22216025679641
GAS2026R-00280,R72 08311 0056,address,03/16/2026,Residential Gas Permit,GAS,,"1622 W FIRST ST, DAYTON OH 45402 United States",,,39.756471592184816,-84.22195803539347
GAS2026R-00279,R72 08311 0058,address,03/16/2026,Residential Gas Permit,GAS,,"1612 W FIRST ST, DAYTON OH 45402 United States",,,39.75651740175978,-84.2216796901008
GAS2026R-00278,R72 08311 0059,address,03/16/2026,Residential Gas Permit,GAS,,"1608 W FIRST ST, DAYTON OH 45402 United States",,,39.7565468458594,-84.22154145154053
GAS2026R-00277,R72 08311 0060,address,03/16/2026,Residential Gas Permit,GAS,,"1604 W FIRST ST, DAYTON OH 45402 United States",,,39.75657025509236,-84.22140846664067
GAS2026R-00276,R72 08301 0072,address,03/16/2026,Residential Gas Permit,GAS,,"1360 W FIRST ST, DAYTON OH 45402 United States",,,39.75733492544659,-84.21665379255218
GAS2026R-00275,R72 08301 0089,address,03/16/2026,Residential Gas Permit,GAS,,"1356 W FIRST ST, DAYTON OH 45402 United States",,,39.75735818099574,-84.21653083748943
GAS2026R-00274,R72 08301 0077,address,03/16/2026,Residential Gas Permit,GAS,,"1344 W FIRST ST, DAYTON OH 45402 United States",,,39.75743607078305,-84.21609577761123
GAS2026R-00273,R72 08301 0079,address,03/16/2026,Residential Gas Permit,GAS,,"1332 W FIRST ST, DAYTON OH 45402 United States",,,39.75751425322796,-84.21564065186966
GAS2026R-00272,R72 08301 0082,address,03/16/2026,Residential Gas Permit,GAS,,"1320 W FIRST ST, DAYTON OH 45402 United States",,,39.7575776617895,-84.2152175848645
GAS2026R-00271,R72 08303 0039,address,03/16/2026,Residential Gas Permit,GAS,,"1329 W First ST, DAYTON OH 45402",,,39.75776732476367,-84.21558853568928
GAS2026R-00270,R72 08303 0064,address,03/16/2026,Residential Gas Permit,GAS,,"231 N BROADWAY ST, DAYTON OH 45402 United States",,,39.75858560757862,-84.21491195272893
GAS2026R-00269,R72 08303 0064,address,03/16/2026,Residential Gas Permit,GAS,,"227 N BROADWAY ST, DAYTON OH 45402 United States",,,39.758492976542755,-84.21488960068896
GAS2026R-00268,R72 08303 0064,address,03/16/2026,Residential Gas Permit,GAS,,"223 N BROADWAY ST, DAYTON OH 45402 United States",,,39.75839569483788,-84.21485941204628
GAS2026R-00267,R72 08303 0064,address,03/16/2026,Residential Gas Permit,GAS,,"219 N BROADWAY ST, DAYTON OH 45402 United States",,,39.758303088233724,-84.21483551536426
GAS2026R-00266,R72 08303 0064,address,03/16/2026,Residential Gas Permit,GAS,,"215 N BROADWAY ST, DAYTON OH 45402 United States",,,39.758202502892345,-84.2147867174579
GAS2026R-00265,R72 08303 0064,address,03/16/2026,Residential Gas Permit,GAS,,"211 N BROADWAY ST, DAYTON OH 45402 United States",,,39.758108749199366,-84.21475970547357
GAS2026R-00264,R72 08303 0065,address,03/16/2026,Residential Gas Permit,GAS,,"207 N Broadway St, Dayton OH 45402",,,39.801017531194724,-84.31182720967374
GAS2026R-00263,,unmatched,03/16/2026,Residential Gas Permit,GAS,,"203 N Broadway ST, DAYTON OH 45402",,,,
GAS2026R-00262,R72 08313 0059,address,03/16/2026,Residential Gas Permit,GAS,,"1707 W SECOND ST, DAYTON OH 45402 United States",,,39.75555541827927,-84.2235328627552
GAS2026R-00261,R72 08313 0060,address,03/16/2026,Residential Gas Permit,GAS,,"1701 W SECOND ST, DAYTON OH 45402 United States",,,39.75558863670253,-84.2233423311234
GAS2026R-00260,R72 08307 0048,address,03/16/2026,Residential Gas Permit,GAS,,"1541 W SECOND ST, DAYTON OH 45402 United States",,,39.75617778482438,-84.21981378574294
GAS2026R-00259,,unmatched,03/16/2026,Residential Gas Permit,GAS,,"1535 W Second ST, DAYTON OH 45402-6727",,,,
GAS2026R-00258,R72 08303 0044,address,03/16/2026,Residential Gas Permit,GAS,,"1317 W FIRST ST, DAYTON OH 45402 United States",,,39.7578331958782,-84.2151837289312
GAS2026R-00257,,unmatched,03/16/2026,Residential Gas Permit,GAS,,"1333 W FIRST ST, DAYTON OH",,,,
GAS2026R-00256,,unmatched,03/12/2026,Residential Gas Permit,GAS,,"4315 WILLOW HILLS, DAYTON OH",,,,
GAS2026R-00255,,unmatched,03/12/2026,Residential Gas Permit,GAS,,"4382 WEEPING WILLOW DR, DAYTON OH 45404 United States",,,,
GAS2026R-00254,R72 09708 0025,address,03/11/2026,Residential Gas Permit,GAS,,"2027 GERMANTOWN ST, DAYTON OH 45417-3345 United States",,,39.743369364389146,-84.22781632831688
GAS2026R-00252,R72 16214 0023,address,03/09/2026,Residential Gas Permit,GAS,,"1924 WESLEYAN RD, DAYTON OH 45406 United States",,,39.78434866627003,-84.24351358943949
GAS2026R-00246,R72 16214 0065,address,03/09/2026,Residential Gas Permit,GAS,,"1958 Kipling DR, DAYTON OH 45406-3820",,,39.78520099643874,-84.24251704354378
GAS2026R-00239,R72 16209 0057,address,03/09/2026,Residential Gas Permit,GAS,,"1860 WESLEYAN RD, DAYTON OH 45406 United States",,,39.783135392559274,-84.24348677861454
GAS2026R-00253,R72 12112 0231,address,03/09/2026,Residential Gas Permit,GAS,,"1447 KINGSLEY AVE, DAYTON OH 45406-4222 United States",,,39.77372432879625,-84.24264276905572
GAS2026R-00238,R72 12112 0226,address,03/09/2026,Residential Gas Permit,GAS,,"1425 KINGSLEY AVE, DAYTON OH 45406-4222 United States",,,39.77319160481323,-84.24282871727311
GAS2026R-00240,R72 16209 0059,address,03/09/2026,Residential Gas Permit,GAS,,"3416 KINGS HWY, DAYTON OH 45406 United States",,,39.78340355347349,-84.2434753571436
GAS2026R-00247,R72 16209 0054,address,03/09/2026,Residential Gas Permit,GAS,,"1848 WESLEYAN RD, DAYTON OH 45406 United States",,,39.78272642860591,-84.2434765427472
GAS2026R-00227,P70 01511 0003,permit_number,03/09/2026,Residential Gas Permit,GAS,,"1415 KINGSLEY AVE, DAYTON OH 45406-4222 United States",0,,39.77285970671021,-84.24280618920305
GAS2026R-00230,O67 18514 0006,permit_number,03/09/2026,Residential Gas Permit,GAS,,"1854 WESLEYAN RD, DAYTON OH 45406 United States",0,,39.78299824020325,-84.24347978926846
GAS2026R-00231,O67 28912 0006,permit_number,03/09/2026,Residential Gas Permit,GAS,,"1907 KIPLING DR, DAYTON OH 45406 United States",0,,39.78389865283686,-84.24294004196689
GAS2026R-00226,R72 16215 0015,address,03/09/2026,Residential Gas Permit,GAS,,"2005 WESLEYAN RD, DAYTON OH 45406-3836 United States",,,39.7855683924934,-84.24402816337206
GAS2026R-00237,R72 16214 0026,address,03/09/2026,Residential Gas Permit,GAS,,"1938 WESLEYAN RD, DAYTON OH 45406 United States",,,39.78464796239278,-84.24351396745834
GAS2026R-00236,R72 16209 0063,address,03/09/2026,Residential Gas Permit,GAS,,"1855 WESLEYAN RD, DAYTON OH 45406 United States",,,39.782977216689765,-84.24396684558653
GAS2026R-00235,R72 16214 0025,address,03/09/2026,Residential Gas Permit,GAS,,"1934 WESLEYAN RD, DAYTON OH 45406 United States",,,39.78454901070751,-84.24351860402615
GAS2026R-00234,E20 17101 0134,permit_number,03/09/2026,Residential Gas Permit,GAS,,"1435 KINGSLEY AVE, DAYTON OH 45406-4222 United States",0,,39.77340317966603,-84.24281978449658
GAS2026R-00228,J44120913 0137,permit_number,03/09/2026,Residential Gas Permit,GAS,,"1910 WESLEYAN RD, DAYTON OH 45406 United States",0,,39.7839033688661,-84.2435445441557
GAS2026R-00232,C05 00314 0079,permit_number,03/09/2026,Residential Gas Permit,GAS,,"1850 WESLEYAN RD, DAYTON OH 45406 United States",0,,39.782863361151044,-84.24350137012374
GAS2026R-00248,R72 12112 0217,address,03/09/2026,Residential Gas Permit,GAS,,"1420 KINGSLEY AVE, DAYTON OH 45406-4221 United States",,,39.77310850330418,-84.24232489963644
GAS2026R-00229,K47 02403 0152,permit_number,03/09/2026,Residential Gas Permit,GAS,,"1845 KIPLING DR, DAYTON OH 45406 United States",0,,39.78257813634889,-84.2429247854319
GAS2026R-00225,R72 16215 0006,address,03/09/2026,Residential Gas Permit,GAS,,"2043 WESLEYAN RD, DAYTON OH 45406-3836 United States",,,39.78659472678765,-84.24406808890417
GAS2026R-00242,R72 16209 0064,address,03/09/2026,Residential Gas Permit,GAS,,"1851 WESLEYAN RD, DAYTON OH 45406 United States",,,39.78283990448831,-84.24397052218389
GAS2026R-00233,M60 03004 0066,permit_number,03/09/2026,Residential Gas Permit,GAS,,"1431 KINGSLEY AVE, DAYTON OH 45406-4222 United States",0,,39.77330438742865,-84.24281375705358
GAS2026R-00249,R72 12112 0214,address,03/09/2026,Residential Gas Permit,GAS,,"1408 Kingsley AVE, DAYTON OH 45406-4221",,,39.77278188024443,-84.24231673130002
GAS2026R-00244,R72 12112 0225,address,03/09/2026,Residential Gas Permit,GAS,,"1421 KINGSLEY AVE, DAYTON OH 45406-4222 United States",,,39.77308468066719,-84.24281892917271
GAS2026R-00250,R72 16209 0065,address,03/09/2026,Residential Gas Permit,GAS,,"1847 WESLEYAN RD, DAYTON OH 45406 United States",,,39.7827028131067,-84.2439564191494
GAS2026R-00243,R72 16214 0011,address,03/09/2026,Residential Gas Permit,GAS,,"1921 WESLEYAN RD, DAYTON OH 45406 United States",,,39.78423416095315,-84.24401254244434
GAS2026R-00245,R72 12112 0218,address,03/09/2026,Residential Gas Permit,GAS,,"1424 KINGSLEY AVE, DAYTON OH 45406-4221 United States",,,39.77321273834408,-84.24233106248599
GAS2026R-00241,R72 16215 0012,address,03/09/2026,Residential Gas Permit,GAS,,"2017 WESLEYAN RD, DAYTON OH 45406-3836 United States",,,39.78588446617511,-84.24400762099972
GAS2026R-00251,R72 16214 0022,address,03/09/2026,Residential Gas Permit,GAS,,"1920 WESLEYAN RD, DAYTON OH 45406 United States",,,39.78422766203761,-84.24352484684687
GAS2026R-00224,R72 16214 0001,address,03/09/2026,Residential Gas Permit,GAS,,"1959 WESLEYAN RD, DAYTON OH 45406-3834 United States",,,39.78521133819391,-84.24403345156749
GAS2026R-00223,P70 01513 0019,permit_number,03/06/2026,Residential Gas Permit,GAS,,"412 N BROADWAY ST, DAYTON OH 45402-6614 United States",0,,39.760028730438954,-84.21472784586639
GAS2026R-00222,E21 17602A0084,permit_number,03/06/2026,Residential Gas Permit,GAS,,"1861 Emerson AVE, DAYTON OH 45406-4802",0,,39.782477796849825,-84.22337332714355
GAS2026R-00221,O67 03814 0222,permit_number,03/05/2026,Residential Gas Permit,GAS,,"130 KNECHT DR, DAYTON OH 45405-2628 United States",0,,39.794665464595944,-84.21221333702933
GAS2026R-00220,O67 03814 0202,permit_number,03/05/2026,Residential Gas Permit,GAS,,"2139 EMMONS AVE, DAYTON OH 45420-2807 United States",0,,39.73592818014587,-84.13755005957388
GAS2026R-00219,O67 03814 0198,permit_number,03/04/2026,Residential Gas Permit,GAS,,"2721 N MAIN ST, DAYTON OH 45405-3009 United States",0,,39.78997105547659,-84.21402704844427
GAS2026R-00218,L54 00408 0068,permit_number,03/04/2026,Residential Gas Permit,GAS,,"5349 FERNGROVE DR, DAYTON OH 45432-3517 United States",0,,39.732452561357704,-84.11500357198283
GAS2026R-00217,R72 04006 0095,address,02/27/2026,Residential Gas Permit,GAS,,"519 HODAPP AVE, DAYTON OH 45410-2709 United States",,,39.75200163394006,-84.15125326425782
GAS2026R-00216,R72 06602 0023,address,02/26/2026,Residential Gas Permit,GAS,,"930 FIVE OAKS AVE, DAYTON OH 45406-5224 United States",,,39.77162960318473,-84.21267911211157
GAS2026R-00215,O67 03709 0033,permit_number,02/26/2026,Residential Gas Permit,GAS,,"37 MELWOOD AVE, DAYTON OH 45417-1401 United States",0,,39.750223677749226,-84.25451623352821
GAS2026R-00214,K47 23110 0029,permit_number,02/26/2026,Residential Gas Permit,GAS,,"115 YALE AVE, DAYTON OH 45406-5022 United States",0,,39.771266555200846,-84.21609328095118
GAS2026R-00213,K47 23205 0002,permit_number,02/24/2026,Residential Gas Permit,GAS,,"1831 KIPLING DR, DAYTON OH 45406 United States",0,,39.78201652208479,-84.24283953884833
GAS2026R-00212,E21 19005 0012,permit_number,02/24/2026,Residential Gas Permit,GAS,,"1835 KIPLING DR, DAYTON OH 45406 United States",0,,39.78215340184373,-84.24286791992834
GAS2026R-00211,C05 00314 0083,permit_number,02/24/2026,Residential Gas Permit,GAS,,"2057 KIPLING DR, DAYTON OH 45406-3823 United States",0,,39.78694241862034,-84.24303043274895
GAS2026R-00210,H33301101 0071,permit_number,02/24/2026,Residential Gas Permit,GAS,,"2045 KIPLING DR, DAYTON OH 45406-3823 United States",0,,39.78673933924477,-84.24302179418535
GAS2026R-00209,R72 16209 0050,address,02/24/2026,Residential Gas Permit,GAS,,"1830 WESLEYAN RD, DAYTON OH 45406 United States",,,39.78217198434583,-84.24346266587976
GAS2026R-00208,R72 16209 0049,address,02/24/2026,Residential Gas Permit,GAS,,"1828 WESLEYAN RD, DAYTON OH 45406 United States",,,39.78204291084282,-84.24346299310072
GAS2026R-00207,P70 01513 0019,permit_number,02/24/2026,Residential Gas Permit,GAS,,"1911 KIPLING DR, DAYTON OH 45406 United States",0,,39.784003045488284,-84.24293553959319
GAS2026R-00206,O67 22307 0014,permit_number,02/24/2026,Residential Gas Permit,GAS,,"1824 KIPLING DR, DAYTON OH 45406 United States",0,,39.78190911058782,-84.24230659483571
GAS2026R-00205,R72 16209 0041,address,02/24/2026,Residential Gas Permit,GAS,,"1821 KIPLING DR, DAYTON OH 45406 United States",,,39.78175884283249,-84.24281175169227
GAS2026R-00204,R72 16215 0027,address,02/24/2026,Residential Gas Permit,GAS,,"2042 Wesleyan RD, DAYTON OH 45406-3835",,,39.786562789541144,-84.24359985800045
GAS2026R-00203,R72 16209 0024,address,02/24/2026,Residential Gas Permit,GAS,,"1854 KIPLING DR, DAYTON OH 45406 United States",,,39.782867648869214,-84.24247651745888
GAS2026R-00202,R72 16207 0067,address,02/24/2026,Residential Gas Permit,GAS,,"1801 KIPLING DR, DAYTON OH 45406-3917 United States",,,39.781262429279046,-84.24277087790948
GAS2026R-00201,O67 03814 0210,permit_number,02/24/2026,Residential Gas Permit,GAS,,"2001 KIPLING DR, DAYTON OH 45406-3823 United States",0,,39.7854661387943,-84.24296503550184
GAS2026R-00200,P70 03904 0115,permit_number,02/24/2026,Residential Gas Permit,GAS,,"1817 KIPLING DR, DAYTON OH 45406-3917 United States",0,,39.78162438836328,-84.2428048301453
GAS2026R-00199,P70 02207 0039,permit_number,02/24/2026,Residential Gas Permit,GAS,,"1839 KIPLING DR, DAYTON OH 45406 United States",0,,39.7823146525531,-84.24291819292105
GAS2026R-00198,O67 28912 0007,permit_number,02/24/2026,Residential Gas Permit,GAS,,"2031 KIPLING DR, DAYTON OH 45406-3823 United States",0,,39.786226299960816,-84.24299472807415
GAS2026R-00197,E20 24218 0012,permit_number,02/24/2026,Residential Gas Permit,GAS,,"1850 KIPLING DR, DAYTON OH 45406 United States",0,,39.782743815089006,-84.2424391339247
GAS2026R-00196,R72 16214 0063,address,02/24/2026,Residential Gas Permit,GAS,,"1950 KIPLING DR, DAYTON OH 45406-3820 United States",,,39.78500904771019,-84.2424980139317
GAS2026R-00195,R72 16214 0037,address,02/24/2026,Residential Gas Permit,GAS,,"1937 KIPLING DR, DAYTON OH 45406 United States",,,39.784669786316385,-84.24297000813934
GAS2026R-00194,R72 16214 0038,address,02/24/2026,Residential Gas Permit,GAS,,"1933 KIPLING DR, DAYTON OH 45406 United States",,,39.78455722471414,-84.24296719162002
GAS2026R-00193,R72 16214 0042,address,02/24/2026,Residential Gas Permit,GAS,,"1921 Kipling DR, DAYTON OH 45406",,,39.78425275240986,-84.24294890206308
GAS2026R-00192,R72 16214 0040,address,02/24/2026,Residential Gas Permit,GAS,,"1929 KIPLING DR, DAYTON OH 45406 United States",,,39.784406462461156,-84.24295274814476
GAS2026R-00191,R72 16214 0050,address,02/24/2026,Residential Gas Permit,GAS,,"3323 KINGS HWY, DAYTON OH 45406 United States",,,39.783724462456156,-84.2422843608895
GAS2026R-00190,R72 16214 0079,address,02/24/2026,Residential Gas Permit,GAS,,"3307 KINGS HWY, DAYTON OH 45406 United States",,,39.783714620314534,-84.24202078762016
GAS2026R-00189,R72 16215 0054,address,02/24/2026,Residential Gas Permit,GAS,,"2016 KIPLING DR, DAYTON OH 45406-3822 United States",,,39.78592808744452,-84.24255307564732
GAS2026R-00188,R72 16215 0057,address,02/24/2026,Residential Gas Permit,GAS,,"2030 KIPLING DR, DAYTON OH 45406-3822 United States",,,39.78623798566312,-84.24257861430677
GAS2026R-00187,O67 20604 0013,permit_number,02/24/2026,Residential Gas Permit,GAS,,"19 ANDREWS ST, DAYTON OH 45410-1913 United States",0,,39.75091434881289,-84.16422910393351
GAS2026R-00186,R72 01913 0006,address,02/24/2026,Residential Gas Permit,GAS,,"59 ALBERTA ST, DAYTON OH 45410 United States",,,39.748916203536815,-84.18336144414069
GAS2026R-00185,R72 01913 0006,address,02/24/2026,Residential Gas Permit,GAS,,"59 ALBERTA ST, DAYTON OH 45410 United States",,,39.748916203536815,-84.18336144414069
GAS2026R-00181,P70 02107 0050,permit_number,02/23/2026,Residential Gas Permit,GAS,,"1841 KIPLING DR, DAYTON OH 45406 United States",0,,39.782446424892,-84.24291793338358
GAS2026R-00176,E21 17408 0141,permit_number,02/23/2026,Residential Gas Permit,GAS,,"1830 KIPLING DR, DAYTON OH 45406 United States",0,,39.782068253815794,-84.24231413178883
GAS2026R-00174,R72 16209 0034,address,02/23/2026,Residential Gas Permit,GAS,,"1851 KIPLING DR, DAYTON OH 45406 United States",,,39.78272044996208,-84.24295680105173
GAS2026R-00178,O67 03814 0209,permit_number,02/23/2026,Residential Gas Permit,GAS,,"1865 KIPLING DR, DAYTON OH 45406 United States",0,,39.783254844161306,-84.2430271408046
GAS2026R-00173,R72 16209 0016,address,02/23/2026,Residential Gas Permit,GAS,,"1820 KIPLING DR, DAYTON OH 45406 United States",,,39.78177190427858,-84.24230316310296
GAS2026R-00182,P70 02107 0051,permit_number,02/23/2026,Residential Gas Permit,GAS,,"1869 KIPLING DR, DAYTON OH 45406 United States",0,,39.783397580494764,-84.24303071241314
GAS2026R-00170,K47 21126 0001,permit_number,02/23/2026,Residential Gas Permit,GAS,,"1838 KIPLING DR, DAYTON OH 45406 United States",0,,39.78233388955339,-84.24236351620274
GAS2026R-00171,R72 16209 0019,address,02/23/2026,Residential Gas Permit,GAS,,"1834 KIPLING DR, DAYTON OH 45406 United States",,,39.78218076256558,-84.24232050352984
GAS2026R-00184,C09 00406 0007,permit_number,02/23/2026,Residential Gas Permit,GAS,,"1846 KIPLING DR, DAYTON OH 45406 United States",0,,39.782629250675754,-84.24238647294172
GAS2026R-00177,A01 27612 0009,permit_number,02/23/2026,Residential Gas Permit,GAS,,"1813 KIPLING DR, DAYTON OH 45406-3917 United States",0,,39.7814817039959,-84.2427977038937
GAS2026R-00169,K47 02403 0152,permit_number,02/23/2026,Residential Gas Permit,GAS,,"1864 KIPLING DR, DAYTON OH 45406 United States",0,,39.78328172826779,-84.242511773905
GAS2026R-00172,R72 16209 0021,address,02/23/2026,Residential Gas Permit,GAS,,"1842 KIPLING DR, DAYTON OH 45406 United States",,,39.782473460339375,-84.24239546195335
GAS2026R-00183,P70 02107 0052,permit_number,02/23/2026,Residential Gas Permit,GAS,,"1855 KIPLING DR, DAYTON OH 45406 United States",0,,39.78285474552005,-84.24297438873342
GAS2026R-00179,A01 25902 0011,permit_number,02/23/2026,Residential Gas Permit,GAS,,"1863 KIPLING DR, DAYTON OH 45406 United States",0,,39.78312603460728,-84.2430096901908
GAS2026R-00180,O67 22344 0096,permit_number,02/23/2026,Residential Gas Permit,GAS,,"3333 KINGS HWY, DAYTON OH 45406 United States",0,,39.78371289475921,-84.24250833197475
GAS2026R-00175,R72 16209 0025,address,02/23/2026,Residential Gas Permit,GAS,,"1858 KIPLING DR, DAYTON OH 45406 United States",,,39.783015925924246,-84.2424766115585
GAS2026R-00168,K45 23109 0014,permit_number,02/23/2026,Residential Gas Permit,GAS,,"1816 KIPLING DR, DAYTON OH 45406-3916 United States",0,,39.78163755564477,-84.24228913217108
GAS2026R-00167,L55 02702 0044,permit_number,02/23/2026,Residential Gas Permit,GAS,,"3007 CORNELL DR, DAYTON OH 45406-4107 United States",0,,39.776523653571196,-84.23849234901998
GAS2026R-00166,L54 00408 0085,permit_number,02/23/2026,Residential Gas Permit,GAS,,"1653 HARVARD BLVD, DAYTON OH 45406-5944 United States",0,,39.77924698067248,-84.22516881205989
GAS2026R-00165,R72 15612 0051,address,02/20/2026,Residential Gas Permit,GAS,,"3900 RIDGE AVE, DAYTON OH 45414-5328 United States",,,39.80132767560939,-84.19782454792987
GAS2026R-00164,,unmatched,02/19/2026,Residential Gas Permit,GAS,,"4322 WEEPING WILLOW DR, DAYTON OH 45404",,,,
GAS2026R-00154,O67 03814 0211,permit_number,02/16/2026,Residential Gas Permit,GAS,,"2614 HOME AVE, DAYTON OH 45417-2118 United States",0,,39.74745043920527,-84.23703433215464
GAS2026R-00161,R72 06108 0027,address,02/16/2026,Residential Gas Permit,GAS,,"125 ELMWOOD AVE E, DAYTON OH 45405-3534 United States",,,39.78335788394901,-84.20669281495856
GAS2026R-00155,O67 03814 0212,permit_number,02/16/2026,Residential Gas Permit,GAS,,"115 ELMWOOD AVE E, DAYTON OH 45405-3534 United States",0,,39.78318877762874,-84.2070875644819
GAS2026R-00162,R72 06108 0027,address,02/16/2026,Residential Gas Permit,GAS,,"127 ELMWOOD AVE E, DAYTON OH 45405-3534 United States",,,39.7833809016332,-84.20671856912861
GAS2026R-00156,R72 06108 0026,address,02/16/2026,Residential Gas Permit,GAS,,"121 ELMWOOD AVE E, DAYTON OH 45405-3534 United States",,,39.78329136772704,-84.20683025323216
GAS2026R-00163,R72 06108 0036,address,02/16/2026,Residential Gas Permit,GAS,,"2024 EASTVIEW AVE, DAYTON OH 45405-3529 United States",,,39.78312692054916,-84.20586890677497
GAS2026R-00157,R72 06108 0025,address,02/16/2026,Residential Gas Permit,GAS,,"117 ELMWOOD AVE E, DAYTON OH 45405-3534 United States",,,39.783237377304935,-84.20695709381098
GAS2026R-00158,R72 06108 0029,address,02/16/2026,Residential Gas Permit,GAS,,"133 ELMWOOD AVE E, DAYTON OH 45405-3534 United States",,,39.78343121963689,-84.20646714763987
GAS2026R-00159,R72 06108 0043,address,02/16/2026,Residential Gas Permit,GAS,,"102 ELMWOOD AVE E, DAYTON OH 45405-3533 United States",,,39.78279554335957,-84.20712772287692
GAS2026R-00160,R72 06108 0028,address,02/16/2026,Residential Gas Permit,GAS,,"129 ELMWOOD AVE E, DAYTON OH 45405-3534 United States",,,39.783388255254124,-84.20659064392495
GAS2026R-00153,O67 03814 0194,permit_number,02/16/2026,Residential Gas Permit,GAS,,"2640 HOME AVE, DAYTON OH 45417-2118 United States",0,,39.74735922387235,-84.23762965652325
GAS2026R-00152,O67 29109 0001,permit_number,02/12/2026,Residential Gas Permit,GAS,,"20 FAIRGROUND AVE, DAYTON OH 45409 United States",0,,39.7420790356066,-84.18622670419985
GAS2026R-00151,E21 17408 0011,permit_number,02/12/2026,Residential Gas Permit,GAS,,"11 S IRWIN ST, DAYTON OH 45403",0,,39.76581935077774,-84.15111192386857
GAS2026R-00150,D14 00906 0019,permit_number,02/11/2026,Residential Gas Permit,GAS,,"1636 PENCE PL, DAYTON OH 45432-3316 United States",0,,39.73469648133614,-84.12269459360246
GAS2026R-00149,P70 01611 0054,permit_number,02/10/2026,Residential Gas Permit,GAS,,"2618 N MAIN ST, DAYTON OH 45405-3001 United States",0,,39.788134494642534,-84.21231258007748
GAS2026R-00148,C05 00109 0123,permit_number,02/10/2026,Residential Gas Permit,GAS,,"2616 N MAIN ST, DAYTON OH 45405-3001 United States",0,,39.78808827617802,-84.2122829870445
GAS2026R-00147,,unmatched,02/06/2026,Residential Gas Permit,GAS,,"4244 WEEPING WILLOW DR, DAYTON OH 45404 United States",,,,
GAS2026R-00146,R72 12209 0007,address,02/06/2026,Residential Gas Permit,GAS,,"2909 HOOVER AVE, DAYTON OH 45402-5540 United States",,,39.76172295662606,-84.23918748269645
GAS2026R-00145,L54 00408 0070,permit_number,02/05/2026,Residential Gas Permit,GAS,,"4375 Weeping Willow, DAYTON OH 45404",0,,,
GAS2026R-00144,R72 02304 0032,address,02/04/2026,Residential Gas Permit,GAS,,"224 Pritz AVE, DAYTON OH 45403-2522",,,39.75571265032883,-84.15639279438888
GAS2026R-00143,O67 21523 0030,permit_number,02/04/2026,Residential Gas Permit,GAS,,"4256 WEEPING WILLOW DR, DAYTON OH 45404 United States",0,,,
GAS2026R-00142,R72 16201 0019,address,02/03/2026,Residential Gas Permit,GAS,,"1674 WESLEYAN RD, DAYTON OH 45406-3609 United States",,,39.778768680628986,-84.24335970845968
GAS2026R-00141,R72 04106 0042,address,02/02/2026,Residential Gas Permit,GAS,,"441 LIVINGSTON AVE, DAYTON OH 45410-2818 United States",,,39.75333263423257,-84.15032784598999
GAS2026R-00140,,unmatched,02/02/2026,Residential Gas Permit,GAS,,"15 EDITH, DAYTON OH",,,,
GAS2026R-00139,I39 00810 0003,permit_number,01/30/2026,Residential Gas Permit,GAS,,"1105 PRITZ AVE, DAYTON OH 45410-2640 United States",0,,39.74467975986059,-84.15835004801035
GAS2026R-00138,L54 00601 0001,permit_number,01/30/2026,Residential Gas Permit,GAS,,"39 E MAPLEWOOD AVE, DAYTON OH 45405-2834 United States",0,,39.79220509941575,-84.21327544951431
GAS2026R-00137,I39 00704 0028,permit_number,01/30/2026,Residential Gas Permit,GAS,,"74 FOUNTAIN AVE, DAYTON OH 45405-3702 United States",0,,39.77889294574839,-84.20887553260617
GAS2026R-00136,P70 00908 0039,permit_number,01/30/2026,Residential Gas Permit,GAS,,"82 FOUNTAIN AVE, DAYTON OH 45405-3702 United States",0,,39.77876628519815,-84.20908949626869
GAS2026R-00135,O67 28015 0002,permit_number,01/30/2026,Residential Gas Permit,GAS,,"4826 BECKER DR, DAYTON OH 45417-9118 United States",0,,39.75685688857101,-84.26788190482382
GAS2026R-00134,R72 08001 0002,address,01/30/2026,Residential Gas Permit,GAS,,"1312 PHILADELPHIA DR, DAYTON OH 45406-4641 United States",,,39.7707134411676,-84.23405248484151
GAS2026R-00133,R72 06003 0036,address,01/28/2026,Residential Gas Permit,GAS,,"53 LOCUST ST, DAYTON OH 45405-4622 United States",,,39.774024391560154,-84.19644036824302
GAS2026R-00132,R72 02109 0032,address,01/28/2026,Residential Gas Permit,GAS,,"154 CHURCH ST, DAYTON OH 45410-1802 United States",,,39.75345501196444,-84.16552416560073
GAS2026R-00131,R72 09309 0002,address,01/28/2026,Residential Gas Permit,GAS,,"27 UPPER AVE, DAYTON OH 45417-1815 United States",,,39.75009987970752,-84.24332911529703
GAS2026R-00130,P70 02107 0121,permit_number,01/27/2026,Residential Gas Permit,GAS,,"439 ADELITE AVE, DAYTON OH 45417-3270 United States",0,,39.7452733985285,-84.23237736352893
GAS2026R-00129,P70 02107 0120,permit_number,01/27/2026,Residential Gas Permit,GAS,,"313 LELAND AVE, DAYTON OH 45417-1655 United States",0,,39.755423535087075,-84.24502401681494
GAS2026R-00128,P70 02107 0119,permit_number,01/21/2026,Residential Gas Permit,GAS,,"3920 NECCO AVE, DAYTON OH 45406-3556 United States",0,,39.778902647059375,-84.25222428377405
GAS2026R-00127,O67 03814 0199,permit_number,01/21/2026,Residential Gas Permit,GAS,,"1930 WESLEYAN RD, DAYTON OH 45406 United States",0,,39.7844474669959,-84.24351606240094
GAS2026R-00126,A01 00301 0052,permit_number,01/21/2026,Residential Gas Permit,GAS,,"4356 WEEPING WILLOW DR, DAYTON OH",0,,,
GAS2026R-00125,O67 28721 0019,permit_number,01/21/2026,Residential Gas Permit,GAS,,"4150 WEEPING WILLOW DR, DAYTON OHIO 45404",0,,,
GAS2026R-00124,O67 21523 0003,permit_number,01/20/2026,Residential Gas Permit,GAS,,"1825 AUBURN AVE, DAYTON OH 45406-5613 United States",0,,39.781661614469975,-84.22807573337683
GAS2026R-00123,E20 17101A0100,permit_number,01/20/2026,Residential Gas Permit,GAS,,"542 W HUDSON AVE, DAYTON OH 45406-4843 United States",0,,39.78102449300587,-84.22267896577155
GAS2026R-00122,L54 00408 0062,permit_number,01/20/2026,Residential Gas Permit,GAS,,"2020 ELSMERE AVE, DAYTON OH 45406-4431 United States",0,,39.784084161002326,-84.23005038355096
GAS2026R-00121,R72 07307 0020,address,01/20/2026,Residential Gas Permit,GAS,,"724 SALEM AVE, DAYTON OH 45406-5823 United States",,,39.770658374471246,-84.21318896094569
GAS2026R-00120,R72 02202 0015,address,01/20/2026,Residential Gas Permit,GAS,,"32 BELL ST, DAYTON OH 45403-1902 United States",,,39.76341251925928,-84.16369863890867
GAS2026R-00119,R72 02107 0013,address,01/20/2026,Residential Gas Permit,GAS,,"54 HAYNES ST, DAYTON OH 45410-1819 United States",,,39.75439287554638,-84.16637905679909
GAS2026R-00118,A01 27612 0009,permit_number,01/20/2026,Residential Gas Permit,GAS,,"1044 W GRAND AVE, DAYTON OH 45402-6122 United States",0,,39.76676144480499,-84.21416770200446
GAS2026R-00117,O67 03604 0136,permit_number,01/16/2026,Residential Gas Permit,GAS,,"1520 KUMLER AVE, DAYTON OH 45406-5933 United States",0,,39.77590204432221,-84.22334230762583
GAS2026R-00116,D15 00808 0003,permit_number,01/16/2026,Residential Gas Permit,GAS,,"13 S HARBINE AVE, DAYTON OH 45403-2109 United States",0,,39.76592332782501,-84.14997584981504
GAS2026R-00115,E21 17404 0030,permit_number,01/16/2026,Residential Gas Permit,GAS,,"20 N ALDER ST, DAYTON OH 45417-1765 United States",0,,39.75048075629308,-84.2503713777761
GAS2026R-00114,R72 12807 0014,address,01/16/2026,Residential Gas Permit,GAS,,"18 N ALDER ST, DAYTON OH 45417-1765 United States",,,39.750434076466206,-84.25037020537697
GAS2026R-00113,R72 06803 0013,address,01/15/2026,Residential Gas Permit,GAS,,"111 Delaware AVE, DAYTON OH 45405-3906",,,39.778884623812225,-84.20756573008107
GAS2026R-00112,R72 07010 0022,address,01/15/2026,Residential Gas Permit,GAS,,"233 VICTOR AVE, DAYTON OH 45405-3748 United States",,,39.779128144096255,-84.21438658448997
GAS2026R-00111,P70 01115 0014,permit_number,01/14/2026,Residential Gas Permit,GAS,,"230 E MAPLEWOOD AVE, DAYTON OH 45405-2838 United States",0,,39.791903392827074,-84.20900609122515
GAS2026R-00110,R72 08109 0079,address,01/14/2026,Residential Gas Permit,GAS,,"1514 OAKRIDGE DR, DAYTON OH 45417-2417 United States",,,39.75814126904268,-84.23102158734744
GAS2026R-00109,E20 17506 0041,permit_number,01/14/2026,Residential Gas Permit,GAS,,"1027 SUPERIOR AVE, DAYTON OH 45402-6253 United States",0,,39.765715610622934,-84.21863927977515
GAS2026R-00108,M60 25315 0005,permit_number,01/13/2026,Residential Gas Permit,GAS,,"34 W BRUCE AVE, DAYTON OH 45405-2714 United States",0,,39.794850382453916,-84.21758205532502
GAS2026R-00107,H33301011 0067,permit_number,01/12/2026,Residential Gas Permit,GAS,,"3031 N MAIN ST, DAYTON OH 45405-2858 United States",0,,39.79285539948987,-84.21543991029813
GAS2026R-00106,R72 12403 0035,address,01/09/2026,Residential Gas Permit,GAS,,"3818 HOOVER AVE, DAYTON OH 45402-5233 United States",,,39.76125883661,-84.24995900457823
GAS2026R-00105,R72 02412 0053,address,01/09/2026,Residential Gas Permit,GAS,,"638 HULBERT ST, DAYTON OH 45410-2224 United States",,,39.75127003993603,-84.16200009978563
GAS2026R-00104,P70 51442 0001,permit_number,01/07/2026,Residential Gas Permit,GAS,,"4363 WEEPING WILLOW DR, DAYTON OH 45404",0,,,
GAS2026R-00103,P70 51442 0002,permit_number,01/07/2026,Residential Gas Permit,GAS,,"1625 PINECREST DR, DAYTON OH 45414-5317 United States",0,,39.799788542508395,-84.19906143748709
GAS2026R-00102,R72 05210 0029,address,01/05/2026,Residential Gas Permit,GAS,,"235 GROVE AVE, DAYTON OH 45404-1907 United States",,,39.77903622976062,-84.17331358625614
GAS2026R-00101,R72 15501 0079,address,01/05/2026,Residential Gas Permit,GAS,,"333 WHITMORE AVE, DAYTON OH 45417-1363 United States",,,39.75231321379161,-84.26492430781637
GAS2026R-00100,K45 18718 0008,permit_number,01/02/2026,Residential Gas Permit,GAS,,"68 MCREYNOLDS ST, DAYTON OH 45403-2417 United States",0,,39.75794791975382,-84.1670119115526
GAS2026R-00099,F22 01409 0003,permit_number,01/02/2026,Residential Gas Permit,GAS,,"120 GLENCOE AVE, DAYTON OH 45410-1721 United States",0,,39.74614777098563,-84.169614359722
GAS2026R-00098,E21 17307 0045,permit_number,01/02/2026,Residential Gas Permit,GAS,,"53 N QUENTIN AVE, DAYTON OH 45403-1728 United States",0,,39.76814992158767,-84.14127833109923
MEC2026R-00500,I39 00704 0028,permit_number,06/30/2026,Residential Mechanical Permit,MEC,,"1958 KENSINGTON DR, DAYTON OH 45406-3801 United States",0,,39.78515047203541,-84.24148367291554
MEC2026R-00499,R72117011 0026,address,06/30/2026,Residential Mechanical Permit,MEC,,"5188 SANTA FE DR, DAYTON OH 45414",,,39.8233739589981,-84.16064479921516
MEC2026R-00498,R72617527 0016,address,06/30/2026,Residential Mechanical Permit,MEC,,"6768 HERITAGE PARK BLVD, DAYTON OH 45424-1832 United States",,,39.8334357045352,-84.09677869203664
MEC2026R-00497,A01 25917 0002,permit_number,06/30/2026,Residential Mechanical Permit,MEC,,"901 DEVONSHIRE RD, DAYTON OH 45419-3607 United States",0,,39.72171737199846,-84.15964579717657
MEC2026R-00496,O67 17907 0005,permit_number,06/29/2026,Residential Mechanical Permit,MEC,,"1216 WINDSOR AVE, DAYTON OH 45402-5718 United States",0,,39.76993427377205,-84.2278844932343
MEC2026R-00495,P70 01511 0047,permit_number,06/29/2026,Residential Mechanical Permit,MEC,,"2037 KENSINGTON DR, DAYTON OH 45406-3804 United States",0,,39.78647803223711,-84.24194749945413
MEC2026R-00494,R72 07905 0016,address,06/29/2026,Residential Mechanical Permit,MEC,,"1811 W GRAND AVE, DAYTON OH 45402-5721 United States",,,39.76702436333546,-84.22709709928446
MEC2026R-00493,R72 07905 0016,address,06/29/2026,Residential Mechanical Permit,MEC,,"1809 W GRAND AVE, 1811, DAYTON OH 45402-5721 United States",,,39.76702525539729,-84.22703666899116
MEC2026R-00492,K45 26607 0020,permit_number,06/26/2026,Residential Mechanical Permit,MEC,NEW SINGLE FAMILY HOME,"2122 DELLA DR, DAYTON OH",0,,,
MEC2026R-00491,I39 00905 0029,permit_number,06/26/2026,Residential Mechanical Permit,MEC,NEW SINGLE FAMILY HOME,"1040 BUNCHE AVE, DAYTON OHIO 45417",0,,,
MEC2026R-00490,F25 01312 0009,permit_number,06/26/2026,Residential Mechanical Permit,MEC,NEW SINGLE FAMILY HOME,"2206 DELLA DR, DAYTON OH 45417",0,,,
MEC2026R-00489,K47 21109 0025,permit_number,06/26/2026,Residential Mechanical Permit,MEC,,"1332 HOLLY AVE, DAYTON OH 45410-2629 United States",0,,39.74114195926663,-84.15475188209412
MEC2026R-00488,R72 14203 0020,address,06/26/2026,Residential Mechanical Permit,MEC,,"1127 CROYDEN DR, DAYTON OH 45420-2271 United States",,,39.72585585927168,-84.14718114673278
MEC2026R-00487,O67 51315 0019,permit_number,06/26/2026,Residential Mechanical Permit,MEC,,"1737 PERSHING BLVD, DAYTON OH 45420-2424 United States",0,,39.7422462728977,-84.14615650171561
MEC2026R-00486,P70 00606 0028,permit_number,06/25/2026,Residential Mechanical Permit,MEC,,"2706 MADDEN HILLS DR, DAYTON OH 45417-4451 United States",0,,39.73669458290149,-84.2390922886993
MEC2026R-00485,R72 11205 0005,address,06/25/2026,Residential Mechanical Permit,MEC,,"136 CLIFF ST, DAYTON OH 45405-2806 United States",,,39.79226003526683,-84.21858951434555
MEC2026R-00484,H33 00112 0002,permit_number,06/24/2026,Residential Mechanical Permit,MEC,,"2228 WAYNE AVE, DAYTON OH 45410-2139 United States",0,,39.74024407155221,-84.16346218323724
MEC2026R-00483,O67 22114 0002,permit_number,06/24/2026,Residential Mechanical Permit,MEC,,"2324 LAKEVIEW AVE, DAYTON OH 45417-3636 United States",0,,39.74222205172321,-84.23298444993509
MEC2026R-00482,E20 17002 0104,permit_number,06/23/2026,Residential Mechanical Permit,MEC,,"36 BURLINGTON AVE, DAYTON OH 45403-1120 United States",0,,39.766472883458626,-84.16243035500285
MEC2026R-00481,P70 00403 0008,permit_number,06/23/2026,Residential Mechanical Permit,MEC,,"616 FULMER DR, DAYTON OH 45403-3215 United States",0,,39.75627823095669,-84.12507549823906
MEC2026R-00480,O67 20803 0011,permit_number,06/23/2026,Residential Mechanical Permit,MEC,,"1601 EMMONS AVE, DAYTON OH 45410-3316 United States",0,,39.74465757170163,-84.1371220424774
MEC2026R-00479,P70 00514 0022,permit_number,06/23/2026,Residential Mechanical Permit,MEC,,"468 ROCKCLIFF CIR, DAYTON OH 45406-2124 United States",0,,39.792355934486956,-84.22289875698787
MEC2026R-00478,K45 02608 0060,permit_number,06/23/2026,Residential Mechanical Permit,MEC,,"4619 OZARK AVE, DAYTON OH 45432-3203 United States",0,,39.736737096787145,-84.12779584402708
MEC2026R-00477,O67 21811 0012,permit_number,06/23/2026,Residential Mechanical Permit,MEC,,"44 MCOWEN ST, DAYTON OH 45405 United States",0,,39.7766449232841,-84.2001517031219
MEC2026R-00476,I39 01306 0024,permit_number,06/23/2026,Residential Mechanical Permit,MEC,New 2-Story Single Residence with Basement,"4625 BLUE IRIS DR, DAYTON OH 45404",0,,,
MEC2026R-00475,P70 01404 0038,permit_number,06/22/2026,Residential Mechanical Permit,MEC,,"1341 SHAFTESBURY RD, DAYTON OH 45406-4323 United States",0,,39.77172567241714,-84.24059303287716
MEC2026R-00474,E20 17702 0024,permit_number,06/22/2026,Residential Mechanical Permit,MEC,,"2323 LAKEVIEW AVE, DAYTON OH 45417-3635 United States",0,,39.742716629666695,-84.23277623161613
MEC2026R-00473,R72 06810 0073,address,06/18/2026,Residential Mechanical Permit,MEC,,"325 KENILWORTH AVE, DAYTON OH 45405-4037 United States",,,39.77644686732158,-84.20865892831138
MEC2026R-00472,E20 17702 0024,permit_number,06/18/2026,Residential Mechanical Permit,MEC,,"541 HAYDEN AVE, DAYTON OH 45431-1942 United States",0,,39.76050807205929,-84.12793844472344
MEC2026R-00471,I39 00108 0001,permit_number,06/17/2026,Residential Mechanical Permit,MEC,,"809 WAYNE AVE, DAYTON OH 45410 United States",0,,39.752677635624025,-84.17783537436323
MEC2026R-00470,K45 23123 0012,permit_number,06/17/2026,Residential Mechanical Permit,MEC,,"4066 DELPHOS AVE, DAYTON OH 45402-5219 United States",0,,39.7634299425139,-84.25112004942686
MEC2026R-00469,F24 00310 0019,permit_number,06/16/2026,Residential Mechanical Permit,MEC,,"4236 COACH LIGHT TRL, DAYTON OH 45424-8039 United States",0,,39.8050886009236,-84.10743930060434
MEC2026R-00468,A01 00104 0075,permit_number,06/16/2026,Residential Mechanical Permit,MEC,,"1415 ARBOR AVE, DAYTON OH 45420-1910 United States",0,,39.73977830955854,-84.1521551296109
MEC2026R-00467,A01 20116 0008,permit_number,06/16/2026,Residential Mechanical Permit,MEC,New Home,"4484 CARDINAL FLOWER DR, DAYTON OH 45404",0,,,
MEC2026R-00466,R72 14705 0039,address,06/16/2026,Residential Mechanical Permit,MEC,,"4115 FARNHAM AVE, DAYTON OH 45420-2822 United States",,,39.738031039381795,-84.13836408481487
MEC2026R-00465,K47 18813 0011,permit_number,06/16/2026,Residential Mechanical Permit,MEC,,"44 HAYNES ST, DAYTON OH 45410-1819 United States",0,,39.75433218893505,-84.16678314826835
MEC2026R-00464,A01 00309 0173,permit_number,06/15/2026,Residential Mechanical Permit,MEC,,"1730 AUBURN AVE, DAYTON OH 45406-4512 United States",0,,39.780377522527914,-84.22763817884022
MEC2026R-00463,P70 00712 0005,permit_number,06/12/2026,Residential Mechanical Permit,MEC,New Home,"1916 MALVERN AVE, DAYTON OH 45406-4449 United States",0,,39.782562351077466,-84.22880985285065
MEC2026R-00462,O67 23410 0007,permit_number,06/12/2026,Residential Mechanical Permit,MEC,New Home,"1830 MALVERN AVE, DAYTON OH 45406-4447 United States",0,,39.78192171011745,-84.22880818080236
MEC2026R-00461,O67 51409 0065,permit_number,06/12/2026,Residential Mechanical Permit,MEC,New Home,"1818 MALVERN AVE, DAYTON OH 45406-4447 United States",0,,39.78156581838307,-84.22879579193722
MEC2026R-00460,O67 03814 0217,permit_number,06/12/2026,Residential Mechanical Permit,MEC,New Home,"1911 AUBURN AVE, DAYTON OH 45406-5615 United States",0,,39.7824325506217,-84.22811619866582
MEC2026R-00459,O67 03814 0195,permit_number,06/12/2026,Residential Mechanical Permit,MEC,New Home,"1903 AUBURN AVE, DAYTON OH 45406",0,,,
MEC2026R-00457,K45 21106 0009,permit_number,06/12/2026,Residential Mechanical Permit,MEC,,"312 W NORMAN AVE, DAYTON OH 45405-3340 United States",0,,39.783644389751835,-84.21854424165704
MEC2026R-00456,E21 17306 0143,permit_number,06/12/2026,Residential Mechanical Permit,MEC,,"708 SAINT NICHOLAS AVE, DAYTON OH 45410-2520 United States",0,,39.74988678554091,-84.15537213879982
MEC2026R-00455,R72 12601 0050,address,06/12/2026,Residential Mechanical Permit,MEC,,"1804 Oakridge DR, DAYTON OH 45417-2315",,,39.75806696034017,-84.2345560370266
MEC2026R-00453,K45 23022 0002,permit_number,06/11/2026,Residential Mechanical Permit,MEC,,"4629 ALLEGHENY AVE, DAYTON OH 45432-3248 United States",0,,39.73746974696577,-84.12763161682699
MEC2026R-00452,L54 00408 0063,permit_number,06/11/2026,Residential Mechanical Permit,MEC,,"4800 SPARROW DR, DAYTON OH 45424-4519 United States",0,,39.82195910784218,-84.10758314352579
MEC2026R-00458,K47 22913 0026,permit_number,06/10/2026,Residential Mechanical Permit,MEC,New Home,"22 Hawthorn ST, DAYTON OH 45402",0,,39.75417850627304,-84.21108692388763
MEC2026R-00451,A01 26010 0024,permit_number,06/10/2026,Residential Mechanical Permit,MEC,,"1100 N MAIN ST, DAYTON OH 45405-4214 United States",0,,39.774641631264394,-84.1993163823494
MEC2026R-00450,I39101404 0047,permit_number,06/10/2026,Residential Mechanical Permit,MEC,,"3941 ALVIN AVE, DAYTON OH 45417-4309 United States",0,,39.7306630962524,-84.25115755228839
MEC2026R-00449,O67 21402 0011,permit_number,06/09/2026,Residential Mechanical Permit,MEC,,"154 S DUTOIT ST, DAYTON OH 45402-2214 United States",0,,39.76012157828002,-84.17381287982325
MEC2026R-00448,A01 20327 0014,permit_number,06/09/2026,Residential Mechanical Permit,MEC,,"231 N CHERRYWOOD AVE, DAYTON OH 45403-1605 United States",0,,39.77113039154547,-84.13981139537056
MEC2026R-00447,K45 22922 0008,permit_number,06/09/2026,Residential Mechanical Permit,MEC,,"12 S PHILADELPHIA ST, DAYTON OH 45403-2102 United States",0,,39.76503945640313,-84.15566094988897
MEC2026R-00446,R72 04706 0055,address,06/09/2026,Residential Mechanical Permit,MEC,,"63 S HEDGES ST, DAYTON OH 45403-2133 United States",,,39.76488484840324,-84.14852721870575
MEC2026R-00454,,unmatched,06/08/2026,Residential Mechanical Permit,MEC,New 2-Story Single Residence with Basement,"4640 Blue Iris DR, DAYTON OH 45404",,,,
MEC2026R-00445,R72410823 0018,address,06/08/2026,Residential Mechanical Permit,MEC,,"3448 FOREST RIDGE BLVD, DAYTON OH 45424-5185 United States",,,39.80597799652662,-84.10485395832865
MEC2026R-00444,I39 00906 0041,permit_number,06/08/2026,Residential Mechanical Permit,MEC,,"221 WATERVLIET AVE, DAYTON OH 45420-2454 United States",0,,39.736640846795645,-84.14877683327596
MEC2026R-00443,P70 00611 0061,permit_number,06/05/2026,Residential Mechanical Permit,MEC,,"3320 E FOURTH ST, DAYTON OH 45403-2212 United States",0,,39.76440020744276,-84.14608926387693
MEC2026R-00442,P70 00409 0013,permit_number,06/04/2026,Residential Mechanical Permit,MEC,,"1325 SCHAEFFER ST, DAYTON OH 45404-1762 United States",0,,39.781761695070685,-84.17550010441845
MEC2026R-00441,O67 51317 0078,permit_number,06/04/2026,Residential Mechanical Permit,MEC,,"2948 KINGSTON AVE, DAYTON OH 45420-2628 United States",0,,39.72386537024817,-84.13719560114066
MEC2026R-00440,K45 26612 0021,permit_number,06/03/2026,Residential Mechanical Permit,MEC,,"77 NEAL AVE, DAYTON OH 45405-4561 United States",0,,39.771421290120976,-84.19947266607751
MEC2026R-00439,O67 03802 0001,permit_number,06/03/2026,Residential Mechanical Permit,MEC,,"51 CLIFF ST, DAYTON OH 45405-2805 United States",0,,39.792671493803056,-84.2169338961582
MEC2026R-00438,K47 21110 0019,permit_number,06/02/2026,Residential Mechanical Permit,MEC,,"1702 XENIA AVE, DAYTON OH 45410-2708 United States",0,,39.752865216341455,-84.15276553841151
MEC2026R-00437,I39 00311 0011,permit_number,06/02/2026,Residential Mechanical Permit,MEC,,"1700 XENIA AVE, DAYTON OH 45410-2708 United States",0,,39.75286593950488,-84.15282261484806
MEC2026R-00436,R72 12808 0014,address,06/02/2026,Residential Mechanical Permit,MEC,,"53 N UPLAND AVE, DAYTON OH 45417-1749 United States",,,39.75204691359361,-84.24699565068056
MEC2026R-00435,E20 17507 0048,permit_number,06/02/2026,Residential Mechanical Permit,MEC,,"5303 KITRIDGE RD, DAYTON OH 45424",0,,39.825054391956805,-84.10785531903572
MEC2026R-00434,H33 00501 0039,permit_number,06/01/2026,Residential Mechanical Permit,MEC,,"220 FOUNTAIN AVE, DAYTON OH 45405-3930 United States",0,,39.77783729110262,-84.21140471956667
MEC2026R-00433,A01 20116 0015,permit_number,06/01/2026,Residential Mechanical Permit,MEC,,"978 IRVING AVE, APT/UNIT 46, DAYTON OH 45419-4108 United States",0,,39.73229984561359,-84.1656268531789
MEC2026R-00432,I39 01109 0030,permit_number,06/01/2026,Residential Mechanical Permit,MEC,,"4720 BURKHARDT AVE, DAYTON OH 45403-3204 United States",0,,39.759714210192215,-84.13052766674464
MEC2026R-00431,O67 50306 0010,permit_number,06/01/2026,Residential Mechanical Permit,MEC,,"2112 S SMITHVILLE RD, DAYTON OH 45420-2806 United States",0,,39.736785321439896,-84.14026247557489
MEC2026R-00430,I39101407 0046,permit_number,05/29/2026,Residential Mechanical Permit,MEC,,"6452 HERITAGE PARK BLVD, DAYTON OH 45424-1770 United States",0,,39.82816896857152,-84.0941942512673
MEC2026R-00429,K45 25611 0015,permit_number,05/29/2026,Residential Mechanical Permit,MEC,,"4447 ACCLIVIS LN, DAYTON OH 45424-5188 United States",0,,39.805834021158574,-84.10313828195655
MEC2026R-00428,E21 17404 0030,permit_number,05/29/2026,Residential Mechanical Permit,MEC,,"1044 W GRAND AVE, DAYTON OH 45402-6122 United States",0,,39.76676144480499,-84.21416770200446
MEC2026R-00427,P70 00313 0020,permit_number,05/29/2026,Residential Mechanical Permit,MEC,,"1402 CHADWICK DR, DAYTON OH 45406-4724 United States",0,,39.772080736339234,-84.22495935577703
MEC2026R-00426,O67 21507 0005,permit_number,05/28/2026,Residential Mechanical Permit,MEC,,"3315 E FIFTH ST, DAYTON OH 45403-2715 United States",0,,39.76278686085625,-84.14842995953315
MEC2026R-00425,A01 26018 0005,permit_number,05/28/2026,Residential Mechanical Permit,MEC,,"431 W FAIRVIEW AVE, DAYTON OH 45405-3308 United States",0,,39.78566927360241,-84.21976870458946
MEC2026R-00424,R72 03402 0053,address,05/28/2026,Residential Mechanical Permit,MEC,,"1600 WAYNE AVE, DAYTON OH 45410-1710 United States",,,39.74594636485026,-84.1700648557684
MEC2026R-00423,P70 02017 0139,permit_number,05/26/2026,Residential Mechanical Permit,MEC,,"601 RIDGEDALE RD, DAYTON OH 45406-4855 United States",0,,39.78071224809106,-84.21945414824054
MEC2026R-00422,,unmatched,05/26/2026,Residential Mechanical Permit,MEC,NEW SINGLE FAMILY HOME,"2526 YOLANDA AVE, DAYTON OH",,,,
MEC2026R-00421,R72117011 0026,address,05/26/2026,Residential Mechanical Permit,MEC,,"5140 SILVERDOME DR, DAYTON OH 45414",,,39.82235571079292,-84.15926022544686
MEC2026R-00420,O67 22337 0061,permit_number,05/26/2026,Residential Mechanical Permit,MEC,NEW SINGLE FAMILY HOME,"2304 DELLA DR, DAYTON OH",0,,,
MEC2026R-00419,A01 00301 0052,permit_number,05/26/2026,Residential Mechanical Permit,MEC,NEW SINGLE FAMILY HOME,"2508 HEARTSOUL DR, DAYTON OH",0,,,
MEC2026R-00418,R72 16109 0020,address,05/26/2026,Residential Mechanical Permit,MEC,,"4322 FREE PIKE, DAYTON OH 45416-1218 United States",,,39.79765822072204,-84.2612642783919
MEC2026R-00417,R72 15608 0004,address,05/26/2026,Residential Mechanical Permit,MEC,,"1855 FIELDSTONE DR, DAYTON OH 45414-5303 United States",,,39.800705177632025,-84.19568417733389
MEC2026R-00416,,unmatched,05/26/2026,Residential Mechanical Permit,MEC,NEW SINGLE FAMILY HOME,"2413 YOLANDA AVE, DAYTON OH",,,,
MEC2026R-00415,P70 03903 0002,permit_number,05/26/2026,Residential Mechanical Permit,MEC,,"2960 RIDGE AVE, DAYTON OH 45414-5437 United States",0,,39.793187565817114,-84.19925987688336
MEC2026R-00414,C05 00416 0001,permit_number,05/22/2026,Residential Mechanical Permit,MEC,,"747 HECK AVE, DAYTON OH 45417-4640 United States",0,,39.73735414013277,-84.20793893599702
MEC2026R-00413,H33 00919 0009,permit_number,05/22/2026,Residential Mechanical Permit,MEC,,"1653 HARVARD BLVD, DAYTON OH 45406-5944 United States",0,,39.77924698067248,-84.22516881205989
MEC2026R-00412,P70 01503 0029,permit_number,05/22/2026,Residential Mechanical Permit,MEC,,"117 NEAL AVE, DAYTON OH 45405-4528 United States",0,,39.7712678016843,-84.20020908521549
MEC2026R-00411,K45 02605 0011,permit_number,05/22/2026,Residential Mechanical Permit,MEC,,"117 NEAL AVE, DAYTON OH 45405-4528 United States",0,,39.7712678016843,-84.20020908521549
MEC2026R-00410,C05 00423 0002,permit_number,05/22/2026,Residential Mechanical Permit,MEC,,"117 NEAL AVE, DAYTON OH 45405-4528 United States",0,,39.7712678016843,-84.20020908521549
MEC2026R-00409,P70 00102 0041,permit_number,05/22/2026,Residential Mechanical Permit,MEC,,"117 NEAL AVE, DAYTON OH 45405-4528 United States",0,,39.7712678016843,-84.20020908521549
MEC2026R-00408,E20 17105A0090,permit_number,05/22/2026,Residential Mechanical Permit,MEC,,"808 OLYMPIAN CIR, DAYTON OH 45417-8836 United States",0,,39.73462928691914,-84.27294809720493
MEC2026R-00407,O67 29011 0002,permit_number,05/21/2026,Residential Mechanical Permit,MEC,,"1919 PATTERSON RD, DAYTON OH 45420-3026 United States",0,,39.72347644004889,-84.13575348973323
MEC2026R-00406,H33 01223 0063,permit_number,05/21/2026,Residential Mechanical Permit,MEC,,"110 OTTERBEIN AVE, DAYTON OH 45406-4551 United States",0,,39.78082555965857,-84.22593039206018
MEC2026R-00405,H33301011 0003,permit_number,05/21/2026,Residential Mechanical Permit,MEC,,"35 VIRGINIA AVE, DAYTON OH 45410-2313 United States",0,,39.745970132789644,-84.16049004011731
MEC2026R-00404,L53 02912 0069,permit_number,05/20/2026,Residential Mechanical Permit,MEC,,"109 RINGGOLD ST, DAYTON OH 45403 United States",0,,39.76085653238708,-84.16849391698412
MEC2026R-00403,R72 08001 0029,address,05/18/2026,Residential Mechanical Permit,MEC,,"1209 SENECA DR, DAYTON OH 45402-5618 United States",,,39.76953031713008,-84.23329005884419
MEC2026R-00402,O67 03707 0045,permit_number,05/18/2026,Residential Mechanical Permit,MEC,,"249 PARK DR, DAYTON OH 45410-1315 United States",0,,39.74799310835851,-84.17689724967236
MEC2026R-00401,P70 01116 0008,permit_number,05/18/2026,Residential Mechanical Permit,MEC,,"4405 GENESEE AVE, DAYTON OH 45406-3216 United States",0,,39.785109669834284,-84.2552418710557
MEC2026R-00398,K45 28310 0039,permit_number,05/18/2026,Residential Mechanical Permit,MEC,,"121 MALDEN AVE, DAYTON OH 45417-9005 United States",0,,39.74993011342003,-84.26745004448526
MEC2026R-00400,P70 01506 0054,permit_number,05/14/2026,Residential Mechanical Permit,MEC,HVAC FOR NEW SINGLE FAMILY HOME,"918 ANGIER, DAYTON OH",0,,,
MEC2026R-00399,H33 00110 0014,permit_number,05/14/2026,Residential Mechanical Permit,MEC,HVAC FOR NEW SINGLE FAMILY HOME,"912 ANGIER DR, DAYTON OH",0,,,
MEC2026R-00397,R72 07801 0007,address,05/14/2026,Residential Mechanical Permit,MEC,,"1237 ROSEDALE DR, DAYTON OH 45402-5711 United States",,,39.76995098637167,-84.22693837789589
MEC2026R-00396,O67 03814 0219,permit_number,05/14/2026,Residential Mechanical Permit,MEC,New Home Construction,"4616 Blue Iris, DAYTON OH",0,,,
MEC2026R-00395,O67 03814 0194,permit_number,05/13/2026,Residential Mechanical Permit,MEC,,"334 FOUNTAIN AVE, DAYTON OH 45405-3932 United States",0,,39.777791170194575,-84.21436790902345
MEC2026R-00394,O67 03814 0212,permit_number,05/13/2026,Residential Mechanical Permit,MEC,,"2406 MADDEN HILLS DR, DAYTON OH 45417-4446 United States",0,,39.73603844375601,-84.23520288769903
MEC2026R-00393,O67 03814 0211,permit_number,05/13/2026,Residential Mechanical Permit,MEC,,"608 PRITZ AVE, DAYTON OH 45410-2433 United States",0,,39.7518884393611,-84.15673231686507
MEC2026R-00392,K47 23215 0002,permit_number,05/12/2026,Residential Mechanical Permit,MEC,,"28 LA BELLE ST, DAYTON OH 45403-2324 United States",0,,39.75786526734096,-84.17299377837772
MEC2026R-00391,I39 00909 0043,permit_number,05/12/2026,Residential Mechanical Permit,MEC,,"3516 VIEWEL AVE, DAYTON OH 45414-5336 United States",0,,39.798198414470924,-84.19434876050148
MEC2026R-00390,K45 02605 0011,permit_number,05/12/2026,Residential Mechanical Permit,MEC,,"120 E BEECHWOOD AVE, DAYTON OH 45405-3130 United States",0,,39.790130926756945,-84.21023322363705
MEC2026R-00389,A01 26011 0008,permit_number,05/12/2026,Residential Mechanical Permit,MEC,,"1724 BARTLEY RD, DAYTON OH 45414",0,,39.82822717939078,-84.20392569485801
MEC2026R-00388,I39101509 0009,permit_number,05/11/2026,Residential Mechanical Permit,MEC,,"38 POINTVIEW AVE, DAYTON OH 45405-2801 United States",0,,39.792776652257636,-84.21369387909276
MEC2026R-00387,O67 20721 0002,permit_number,05/11/2026,Residential Mechanical Permit,MEC,,"1615 MERILINE AVE, DAYTON OH 45410-3331 United States",0,,39.74503654230505,-84.13495764626383
MEC2026R-00386,R72 10210 0041,permit_number,05/11/2026,Residential Mechanical Permit,MEC,,"1427 PERSHING BLVD, DAYTON OH 45410-3114 United States",0,,39.747660850875334,-84.14538445204107
MEC2026R-00385,K47 23008 0005,permit_number,05/11/2026,Residential Mechanical Permit,MEC,,"113 MCDANIEL ST, DAYTON OH 45405-4819 United States",0,,39.76755003758936,-84.1960443596451
MEC2026R-00384,R72 03011 0003,address,05/08/2026,Residential Mechanical Permit,MEC,,"1600 S MAIN ST, DAYTON OH 45409 United States",,,39.73732151977501,-84.18550739119193
MEC2026R-00383,R72 11206 0036,address,05/07/2026,Residential Mechanical Permit,MEC,,"423 SANDALWOOD DR, DAYTON OH 45405-2926 United States",,,39.79055024345808,-84.21722327629482
MEC2026R-00382,P70 50208 0044,permit_number,05/07/2026,Residential Mechanical Permit,MEC,,"51 S MOSS AVE, DAYTON OH 45417-1803 United States",0,,39.74961200912925,-84.24234932439143
MEC2026R-00381,P70 00217 0013,permit_number,05/07/2026,Residential Mechanical Permit,MEC,,"4111 BRIDLEGATE WAY, DAYTON OH 45424-8001 United States",0,,39.80664220391559,-84.11107082037756
MEC2026R-00380,E21 17407 0066,permit_number,05/07/2026,Residential Mechanical Permit,MEC,,"1839 SPEICE AVE, DAYTON OH 45403-3134 United States",0,,39.759275981774564,-84.13202229567428
MEC2026R-00379,O67 51204 0019,permit_number,05/07/2026,Residential Mechanical Permit,MEC,,"808 Linden AVE, DAYTON OH 45410-2704",0,,39.753769279334655,-84.15214434262391
MEC2026R-00378,H33 00114 0016,permit_number,05/07/2026,Residential Mechanical Permit,MEC,,"3479 SEABOARD DR, DAYTON OH 45414",0,,39.820553258304116,-84.16109026705392
MEC2026R-00377,L54 00408 0068,permit_number,05/06/2026,Residential Mechanical Permit,MEC,,"1815 WARNER AVE, DAYTON OH 45404-1988 United States",0,,39.77810935636556,-84.17015262431443
MEC2026R-00376,E21 17307 0045,permit_number,05/06/2026,Residential Mechanical Permit,MEC,,"4557 OLD TROY PIKE, DAYTON OH 45404-1335 United States",0,,39.820970784250534,-84.14591344175098
MEC2026R-00375,O67 03805 0004,permit_number,05/05/2026,Residential Mechanical Permit,MEC,,"301 ROCKWOOD AVE, DAYTON OH 45405-4305 United States",0,,39.773460489331704,-84.20670682300947
MEC2026R-00374,G27 18217 0007,permit_number,05/05/2026,Residential Mechanical Permit,MEC,,"2117 AUBURN AVE, DAYTON OH 45406-2913 United States",0,,39.78629578526342,-84.22822347219675
MEC2026R-00373,K45 22921 0024,permit_number,05/05/2026,Residential Mechanical Permit,MEC,,"1431 WILMINGTON AVE, APT/UNIT 209, DAYTON OH 45420-1565 United States",0,,39.72108467668179,-84.1511965951389
MEC2026R-00372,O67 20019 0012,permit_number,05/05/2026,Residential Mechanical Permit,MEC,New Home,"52 S TERRY ST, DAYTON OH 45403",0,,,
MEC2026R-00371,O67 23307 0008,permit_number,05/05/2026,Residential Mechanical Permit,MEC,New Home,"4392 Weeping Willow Dr., DAYTON OH",0,,,
MEC2026R-00370,R72 14307 0009,address,05/05/2026,Residential Mechanical Permit,MEC,,"925 NORDALE AVE, DAYTON OH 45420-2341 United States",,,39.73007218418085,-84.1434962971539
MEC2026R-00369,O67 17809 0013,permit_number,05/04/2026,Residential Mechanical Permit,MEC,,"409 EDGEWOOD AVE, DAYTON OH 45402-6325 United States",0,,39.76396947757579,-84.21300672198181
MEC2026R-00368,I39 00315 0009,permit_number,05/04/2026,Residential Mechanical Permit,MEC,,"41 CONSTANTIA AVE, DAYTON OH 45419-4102 United States",0,,39.733457265576284,-84.16205198103621
MEC2026R-00367,I39101610 0007,permit_number,05/04/2026,Residential Mechanical Permit,MEC,,"3111 BROOKS ST, DAYTON OH 45420-1957 United States",0,,39.74315648584019,-84.15015094564234
MEC2026R-00366,O67 22308 0006,permit_number,05/04/2026,Residential Mechanical Permit,MEC,,"608 DANIEL ST, DAYTON OH 45404-1638 United States",0,,39.7818969258783,-84.18100532070278
MEC2026R-00365,I39 01209 0016,permit_number,05/01/2026,Residential Mechanical Permit,MEC,,"627 S SMITHVILLE RD, DAYTON OH 45403-3126 United States",0,,39.756843132354135,-84.13890241993188
MEC2026R-00364,O67 23412 0010,permit_number,05/01/2026,Residential Mechanical Permit,MEC,,"352 WESTWOOD AVE, DAYTON OH 45417-1628 United States",0,,39.75764344904684,-84.24106664544377
MEC2026R-00363,K45 23015 0059,permit_number,05/01/2026,Residential Mechanical Permit,MEC,,"4449 WILLOW MIST DR, DAYTON OH 45424-4464 United States",0,,39.819856605504185,-84.10352522266567
MEC2026R-00362,P70 04008 0151,permit_number,05/01/2026,Residential Mechanical Permit,MEC,,"133 S HORTON ST, DAYTON OH 45403-2035 United States",0,,39.76201294592942,-84.15784110021747
MEC2026R-00361,O67 03814 0199,permit_number,05/01/2026,Residential Mechanical Permit,MEC,,"174 BALTIMORE ST, DAYTON OH 45404-1902 United States",0,,39.77981320097248,-84.17043549983521
MEC2026R-00360,R72 02205 0078,address,05/01/2026,Residential Mechanical Permit,MEC,,"2341 E FIFTH ST, DAYTON OH 45403-2662 United States",,,39.76090392971956,-84.16022639834463
MEC2026R-00359,R72 08002 0020,address,04/30/2026,Residential Mechanical Permit,MEC,,"1020 PHILADELPHIA DR, DAYTON OH 45402-5638 United States",,,39.767722875996974,-84.23407768476928
MEC2026R-00358,G27 01703 0003,permit_number,04/30/2026,Residential Mechanical Permit,MEC,New Construction,"4504 Cardinal Flower DR, Miamisburg OH 45342",0,,,
MEC2026R-00357,F22 01511 0012,permit_number,04/30/2026,Residential Mechanical Permit,MEC,,"1114 CREIGHTON AVE, DAYTON OH 45420-1928 United States",0,,39.744929595061976,-84.15330878719776
MEC2026R-00356,H33 00510 0032,permit_number,04/30/2026,Residential Mechanical Permit,MEC,HOMEOWNER'S PERMIT,"2025 PHILADELPHIA DR, DAYTON OH 45406-2721 United States",0,,39.78451117481315,-84.2351647291541
MEC2026R-00355,O67 50611 0041,permit_number,04/30/2026,Residential Mechanical Permit,MEC,,"208 WROE AVE, DAYTON OH 45406-5251 United States",0,,39.772666692703325,-84.20860533898355
MEC2026R-00354,P70 01106 0012,permit_number,04/30/2026,Residential Mechanical Permit,MEC,,"900 DEVONSHIRE RD, DAYTON OH 45419-3606 United States",0,,39.72129960977602,-84.15967494351489
MEC2026R-00353,H33 01407 0009,permit_number,04/30/2026,Residential Mechanical Permit,MEC,,"3919 WHITE SPRUCE CIR, DAYTON OH 45424-4889 United States",0,,39.819322426660484,-84.1202801849316
MEC2026R-00352,K45 26508 0012,permit_number,04/30/2026,Residential Mechanical Permit,MEC,,"1324 BANCROFT ST, DAYTON OH 45417-3810 United States",0,,39.743109015804826,-84.21659512333926
MEC2026R-00351,P70 01610 0017,permit_number,04/30/2026,Residential Mechanical Permit,MEC,,"1085 PATTERSON RD, DAYTON OH 45420-1563 United States",0,,39.724266067345305,-84.14893219833333
MEC2026R-00350,O67 28713 0006,permit_number,04/30/2026,Residential Mechanical Permit,MEC,,"1717 TOWNSLEY RD, DAYTON OH 45432-3557 United States",0,,39.73087180450494,-84.11474647923846
MEC2026R-00349,K45 26625 0016,permit_number,04/29/2026,Residential Mechanical Permit,MEC,New Home,"18 MERCER AVE, DAYTON OH 45402",0,,,
MEC2026R-00348,E20 24401 0011,permit_number,04/29/2026,Residential Mechanical Permit,MEC,,"506 BURKHARDT AVE, DAYTON OH 45403-2708 United States",0,,39.76071776703882,-84.14748224649992
MEC2026R-00347,R72 04209 0037,address,04/29/2026,Residential Mechanical Permit,MEC,,"244 LIVINGSTON AVE, DAYTON OH 45403-2942 United States",,,39.75492216399222,-84.14879314282855
MEC2026R-00346,O67 21809 0005,permit_number,04/29/2026,Residential Mechanical Permit,MEC,,"916 PRINCETON DR, DAYTON OH 45406 United States",0,,39.77411285711407,-84.21897451880801
MEC2026R-00345,A01 20126 0010,permit_number,04/28/2026,Residential Mechanical Permit,MEC,,"1222 EVERETT DR, DAYTON OH 45402-5603 United States",0,,39.769920572945516,-84.23030014713483
MEC2026R-00344,P70 01511 0049,permit_number,04/28/2026,Residential Mechanical Permit,MEC,,"1138 W FIRST ST, DAYTON OH 45402-6603 United States",0,,39.75825313939774,-84.21086714757207
MEC2026R-00343,K47 21204 0041,permit_number,04/28/2026,Residential Mechanical Permit,MEC,,"74 NOTRE DAME AVE, DAYTON OH 45404-1924 United States",0,,39.777464686220355,-84.1718417395045
MEC2026R-00342,P70 00604 0028,permit_number,04/28/2026,Residential Mechanical Permit,MEC,,"1714 MCLAIN ST, DAYTON OH 45403-2518 United States",0,,39.75723549815452,-84.16111425508092
MEC2026R-00341,O67 28110 0012,permit_number,04/28/2026,Residential Mechanical Permit,MEC,,"2827 DWIGHT AVE, DAYTON OH 45420-2607 United States",0,,39.72609135256007,-84.13960905473058
MEC2026R-00340,E20 19201 0007,permit_number,04/28/2026,Residential Mechanical Permit,MEC,,"1720 LEO, DAYTON OH",0,,,
MEC2026R-00339,O67 29014 0015,permit_number,04/28/2026,Residential Mechanical Permit,MEC,,"4424 BURKHARDT AVE, DAYTON OH 45431-1867 United States",0,,39.75999586057409,-84.13631189681527
MEC2026R-00338,H33301314 0028,permit_number,04/28/2026,Residential Mechanical Permit,MEC,,"515 CHERRY DR, DAYTON OH 45405-2932 United States",0,,39.788689519703404,-84.21940545609229
MEC2026R-00337,K47 23108 0028,permit_number,04/27/2026,Residential Mechanical Permit,MEC,,"834 MANHATTAN AVE, DAYTON OH 45406-5138 United States",0,,39.773613692354886,-84.21125467669395
MEC2026R-00336,R72 16209 0072,address,04/27/2026,Residential Mechanical Permit,MEC,,"1819 WESLEYAN RD, DAYTON OH 45406 United States",,,39.78173629006299,-84.2439571200161
MEC2026R-00335,P70 00503 0018,permit_number,04/24/2026,Residential Mechanical Permit,MEC,,"220 OTTERBEIN AVE, DAYTON OH 45406-4553 United States",0,,39.78067380085877,-84.22747113004885
MEC2026R-00334,E20 18016 0009,permit_number,04/24/2026,Residential Mechanical Permit,MEC,,"1769 KING AVE, DAYTON OH 45420-2444 United States",0,,39.74148626742534,-84.1472838005829
MEC2026R-00333,P70 01710 0011,permit_number,04/24/2026,Residential Mechanical Permit,MEC,,"1716 OAKRIDGE DR, DAYTON OH 45417-2313 United States",0,,39.75809105386568,-84.23330081333354
MEC2026R-00332,P70 00502 0019,permit_number,04/24/2026,Residential Mechanical Permit,MEC,,"4209 WILLOW MIST DR, DAYTON OH 45424-4480 United States",0,,39.81945938579157,-84.09984502819769
MEC2026R-00331,R72 03202A0011,address,04/24/2026,Residential Mechanical Permit,MEC,,"755 IRVING AVE, APT/UNIT 1, DAYTON OH 45409-2308 United States",,,39.733496920029665,-84.16969283496839
MEC2026R-00330,P70 00609 0045,permit_number,04/24/2026,Residential Mechanical Permit,MEC,,"410 LOWES ST, DAYTON OH 45409-2438 United States",0,,39.73483659775812,-84.17660429949845
MEC2026R-00329,P70 00601 0015,permit_number,04/24/2026,Residential Mechanical Permit,MEC,,"42 CHAMBERS ST, DAYTON OH 45409-2815 United States",0,,39.74382099104144,-84.18118958339194
MEC2026R-00328,L55 02702 0044,permit_number,04/24/2026,Residential Mechanical Permit,MEC,,"319 KIEFABER ST, UNIT 4, DAYTON OH 45409 United States",0,,39.73592644315523,-84.17841241430442
MEC2026R-00327,O67 22116 0008,permit_number,04/23/2026,Residential Mechanical Permit,MEC,Ryan Homes New Home Construction,"4620 Blue Iris Dr., DAYTON OH",0,,,
MEC2026R-00326,O67 21419 0015,permit_number,04/23/2026,Residential Mechanical Permit,MEC,,"18 TECUMSEH ST, DAYTON OH 45402-2841 United States",0,,39.75562062285368,-84.1860883157696
MEC2026R-00325,G27 18216 0002,permit_number,04/23/2026,Residential Mechanical Permit,MEC,,"4848 SPARROW DR, DAYTON OH 45424-4519 United States",0,,39.822534487237235,-84.1078706323956
MEC2026R-00324,H33301011 0067,permit_number,04/23/2026,Residential Mechanical Permit,MEC,,"928 BERKSHIRE RD, DAYTON OH 45419-3737 United States",0,,39.72034735478016,-84.15421210804726
MEC2026R-00323,A01 27622 0013,permit_number,04/23/2026,Residential Mechanical Permit,MEC,,"329 KLING DR, DAYTON OH 45419-4002 United States",0,,39.73136074543662,-84.16157520423602
MEC2026R-00322,P70 00415 0017,permit_number,04/23/2026,Residential Mechanical Permit,MEC,,"1205 OAKDALE AVE, DAYTON OH 45420-1517 United States",0,,39.722915866467325,-84.14595608430524
MEC2026R-00321,K47 23214 0026,permit_number,04/23/2026,Residential Mechanical Permit,MEC,,"603 BOWIE DR, DAYTON OH 45417-3101 United States",0,,39.7410787342222,-84.24910020221333
MEC2026R-00320,O67 17816 0007,permit_number,04/23/2026,Residential Mechanical Permit,MEC,,"774 ARGONNE DR, DAYTON OH 45417-3502 United States",0,,39.738112477239795,-84.24804773437174
MEC2026R-00319,K45 23120 0006,permit_number,04/22/2026,Residential Mechanical Permit,MEC,,"703 WELLMEIER AVE, DAYTON OH 45410-2728 United States",0,,39.7497539041577,-84.14962061046955
MEC2026R-00318,O67 21418 0004,permit_number,04/22/2026,Residential Mechanical Permit,MEC,,"815 BOWEN ST, DAYTON OH 45410-2513 United States",0,,39.74852501797136,-84.15478130282604
MEC2026R-00317,O67 21418 0004,permit_number,04/22/2026,Residential Mechanical Permit,MEC,,"1424 W STEWART ST, DAYTON OH 45417-3818 United States",0,,39.74155080025082,-84.21836709811227
MEC2026R-00316,I39 00320 0017,permit_number,04/22/2026,Residential Mechanical Permit,MEC,New Home,"2053 CATALPA DR, DAYTON OH 45406-3037 United States",0,,39.78543011174718,-84.22585911740522
MEC2026R-00315,P70 01806 0035,permit_number,04/22/2026,Residential Mechanical Permit,MEC,New Home,"2109 RAVENWOOD AVE, DAYTON OH 45406-2907 United States",0,,,
MEC2026R-00314,O67 22331 0005,permit_number,04/22/2026,Residential Mechanical Permit,MEC,New Home,"2103 RAVENWOOD AVE, DAYTON OH 45406 United States",0,,39.78588042227781,-84.22702277633012
MEC2026R-00313,R72 11501 0012,address,04/22/2026,Residential Mechanical Permit,MEC,New Home,"2105 CATALPA DR, DAYTON OH 45406-3040 United States",,,39.785897791703455,-84.22588166006649
MEC2026R-00312,,unmatched,04/22/2026,Residential Mechanical Permit,MEC,New Home,"2105 RAVENWOOD AVE, DAYTON OH 45406-2907 United States",,,,
MEC2026R-00311,O67 22331 0003,permit_number,04/22/2026,Residential Mechanical Permit,MEC,New Home,"135 S WILLIAMS ST, DAYTON OH 45402 United States",0,,,
MEC2026R-00310,P70 00914 0037,permit_number,04/22/2026,Residential Mechanical Permit,MEC,New Home,"136 S WILLIAMS ST, DAYTON OH 45402 United States",0,,39.75382640622974,-84.21210917614891
MEC2026R-00309,L54 00408 0085,permit_number,04/22/2026,Residential Mechanical Permit,MEC,,"111 HARRIES ST, DAYTON OH 45402 United States",0,,39.762032900373896,-84.18831764767742
MEC2026R-00308,C05 00109 0123,permit_number,04/22/2026,Residential Mechanical Permit,MEC,,"1424 KINGSLEY AVE, DAYTON OH 45406-4221 United States",0,,39.77321273834408,-84.24233106248599
MEC2026R-00307,E20 01106 0012,permit_number,04/21/2026,Residential Mechanical Permit,MEC,,"214 Fountain AVE, DAYTON OH 45405-3930",0,,39.777792282420926,-84.21110468612883
MEC2026R-00306,E20 17506 0025,permit_number,04/21/2026,Residential Mechanical Permit,MEC,,"212 Fountain AVE, 214, DAYTON OH 45405-3930",0,,39.777852730218626,-84.21110261456062
MEC2026R-00305,R72 02409 0008,address,04/21/2026,Residential Mechanical Permit,MEC,,"1327 WYOMING ST, DAYTON OH 45410-2201 United States",,,39.74716084613206,-84.16191277590191
MEC2026R-00304,R72117011 0026,address,04/21/2026,Residential Mechanical Permit,MEC,,"5315 SPORTSCRAFT DR, DAYTON OH 45414",,,39.82495608960732,-84.16215320375169
MEC2026R-00303,H33 00510 0032,permit_number,04/21/2026,Residential Mechanical Permit,MEC,,"51 Mary AVE, DAYTON OH 45405-3838",0,,39.7804584610142,-84.20434070420463
MEC2026R-00302,G27 01810 0050,permit_number,04/21/2026,Residential Mechanical Permit,MEC,,"545 WESTWOOD AVE, DAYTON OH 45417-1530 United States",0,,39.76067608882504,-84.24153733834522
MEC2026R-00300,P70 00814 0020,permit_number,04/21/2026,Residential Mechanical Permit,MEC,,"51 S MOSS AVE, DAYTON OH 45417-1803 United States",0,,39.74961200912925,-84.24234932439143
MEC2026R-00301,E20 17102 0180,permit_number,04/20/2026,Residential Mechanical Permit,MEC,HVAC FOR NEW SINGLE FAMILY HOME,"4513 CARDINAL FLOWER, DAYTON OHIO 45404",0,,,
MEC2026R-00298,P70 02009 0038,permit_number,04/20/2026,Residential Mechanical Permit,MEC,,"1615 SELKIRK RD, DAYTON OH 45432-3513 United States",0,,39.733722908069005,-84.11963839429075
MEC2026R-00297,L54 00601 0006,permit_number,04/20/2026,Residential Mechanical Permit,MEC,,"4809 AVOCET CT, DAYTON OH 45424-4550 United States",0,,39.822922875180886,-84.1125727988802
MEC2026R-00296,P70 01511 0044,permit_number,04/17/2026,Residential Mechanical Permit,MEC,,"1238 EVERETT DR, DAYTON OH 45402-5603 United States",0,,39.770357024024094,-84.2303074304434
MEC2026R-00295,P70 01713 0038,permit_number,04/17/2026,Residential Mechanical Permit,MEC,,"439 ADELITE AVE, DAYTON OH 45417-3270 United States",0,,39.7452733985285,-84.23237736352893
MEC2026R-00294,O67 20011 0003,permit_number,04/17/2026,Residential Mechanical Permit,MEC,,"30 BRENNER AVE, DAYTON OH 45403-1122 United States",0,,39.76603400121489,-84.16413839562972
MEC2026R-00293,O67 22114 0002,permit_number,04/17/2026,Residential Mechanical Permit,MEC,New Home,"4621 BLUE IRIS DR, DAYTON OH 45404",0,,,
MEC2026R-00292,R72 13407 0006,address,04/16/2026,Residential Mechanical Permit,MEC,,"1020 HALLER AVE, DAYTON OH 45417-4508 United States",,,39.73857036396298,-84.23110820658249
MEC2026R-00291,L54 00408 0062,permit_number,04/16/2026,Residential Mechanical Permit,MEC,,"1821 BURROUGHS DR, DAYTON OH 45406-4417 United States",0,,39.78171305025829,-84.2316536268041
MEC2026R-00290,O67 23418 0025,permit_number,04/16/2026,Residential Mechanical Permit,MEC,,"2450 WYOMING ST, APT/UNIT D, DAYTON OH 45410-2934 United States",0,,39.74553882258701,-84.14885923059661
MEC2026R-00289,H33301015 0035,permit_number,04/16/2026,Residential Mechanical Permit,MEC,,"687 GREENLAWN AVE, DAYTON OH 45403-3353 United States",0,,39.75347519181976,-84.14379141016502
MEC2026R-00288,A01 27613 0007,permit_number,04/15/2026,Residential Mechanical Permit,MEC,,"52 BISH AVE, DAYTON OH 45417-2123 United States",0,,39.750863288256554,-84.23575698731072
MEC2026R-00287,O67 21425 0097,permit_number,04/15/2026,Residential Mechanical Permit,MEC,,"1939 PARKHILL DR, DAYTON OH 45406 United States",0,,39.784160709380046,-84.2384302353683
MEC2026R-00286,K45 18721 0066,permit_number,04/14/2026,Residential Mechanical Permit,MEC,,"445 DAKOTA ST, DAYTON OH 45402-6624 United States",0,,39.7598546549143,-84.21442826665464
MEC2026R-00299,P70 00802 0006,permit_number,04/13/2026,Residential Mechanical Permit,MEC,HVAC For New 2-Story Single Family Home w/ Basement,"4507 Cardinal Flower DR, DAYTON OH 45404",0,,,
MEC2026R-00285,K45 02611 0033,permit_number,04/13/2026,Residential Mechanical Permit,MEC,,"1510 ROOSEVELT AVE, DAYTON OH 45417-4561 United States",0,,39.73846597040488,-84.22050683559189
MEC2026R-00284,K47 21211 0005,permit_number,04/13/2026,Residential Mechanical Permit,MEC,,"810 N PAUL LAURENCE DUNBAR ST, DAYTON OH 45402-5929 United States",0,,39.764777845348064,-84.21948431799711
MEC2026R-00283,H33 00418 0004,permit_number,04/13/2026,Residential Mechanical Permit,MEC,,"1501 Riverside DR, DAYTON OH 45405-4110",0,,39.77864754212861,-84.20159914369935
MEC2026R-00282,H33 01308 0004,permit_number,04/13/2026,Residential Mechanical Permit,MEC,,"1919 PATTERSON RD, DAYTON OH 45420-3026 United States",0,,39.72347644004889,-84.13575348973323
MEC2026R-00281,R72 16413 0035,address,04/13/2026,Residential Mechanical Permit,MEC,,"1515 WOODMAN DR, DAYTON OH 45432-3321 United States",,,39.73691101607803,-84.12219491672194
MEC2026R-00280,I39 01009 0023,permit_number,04/10/2026,Residential Mechanical Permit,MEC,,"1210 SUPERIOR AVE, DAYTON OH 45402-5933 United States",0,,39.76520906201254,-84.22246230859669
MEC2026R-00279,P70 01710 0023,permit_number,04/10/2026,Residential Mechanical Permit,MEC,,"746 BROADMOOR DR, DAYTON OH 45419-2802 United States",0,,39.7229002773236,-84.15290017893001
MEC2026R-00278,K47 21209 0069,permit_number,04/10/2026,Residential Mechanical Permit,MEC,,"113 JAY ST, DAYTON OH 45410-1322 United States",0,,39.74672551760107,-84.1783607124498
MEC2026R-00277,P70 01217 0002,permit_number,04/10/2026,Residential Mechanical Permit,MEC,,"119 BILLWOOD RD, DAYTON OH 45431 United States",0,,39.762560127902816,-84.13181102478886
MEC2026R-00276,K45 22909 0005,permit_number,04/09/2026,Residential Mechanical Permit,MEC,,"145 RIDGE AVE, DAYTON OH 45405-3846 United States",0,,39.782148483392504,-84.20440625154582
MEC2026R-00275,H33 00620 0005,permit_number,04/09/2026,Residential Mechanical Permit,MEC,,"1322 SCHAEFFER ST, DAYTON OH 45404-1763 United States",0,,39.781487838524725,-84.17564301688296
MEC2026R-00274,O67 03712 0074,permit_number,04/09/2026,Residential Mechanical Permit,MEC,,"2808 N MAIN ST, DAYTON OH 45405",0,,39.790710962995995,-84.21375338828105
MEC2026R-00273,G27 18316 0007,permit_number,04/09/2026,Residential Mechanical Permit,MEC,,"1215 Windsor AVE, DAYTON OH 45402-5719",0,,39.76972879043612,-84.2284131154791
MEC2026R-00272,H33 00309 0012,permit_number,04/09/2026,Residential Mechanical Permit,MEC,,"6698 LEXINGTON PL N, DAYTON OH 45424-4275 United States",0,,39.83026966027825,-84.09760064680114
MEC2026R-00271,K45 02608 0052,permit_number,04/09/2026,Residential Mechanical Permit,MEC,,"206 LAWNVIEW AVE, DAYTON OH 45409 United States",0,,39.73462725403379,-84.17686589944039
MEC2026R-00270,H33 00104 0004,permit_number,04/08/2026,Residential Mechanical Permit,MEC,,"39 E MAPLEWOOD AVE, DAYTON OH 45405-2834 United States",0,,39.79220509941575,-84.21327544951431
MEC2026R-00269,O67 28413 0017,permit_number,04/07/2026,Residential Mechanical Permit,MEC,,"326 E STEWART ST, APT/UNIT 2A, DAYTON OH 45409-2829 United States",0,,39.74103941054857,-84.17985632759768
MEC2026R-00268,R72 16804 0005,address,04/07/2026,Residential Mechanical Permit,MEC,,"2710 DELLA DR, DAYTON OH 45417-4432 United States",,,39.73501340962793,-84.23581396263837
MEC2026R-00267,R72 13007 0013,address,04/07/2026,Residential Mechanical Permit,MEC,,"335 BUNGALOW RD, DAYTON OH 45417-1303 United States",,,39.75282726011223,-84.25704347404702
MEC2026R-00266,R72217320 0042,address,04/07/2026,Residential Mechanical Permit,MEC,,"5001 STRATHAVEN DR, DAYTON OH 45424-4620 United States",,,39.822510885067125,-84.11795436203994
MEC2026R-00265,O67 22016 0022,permit_number,04/06/2026,Residential Mechanical Permit,MEC,,"8 CHAMBERS ST, DAYTON OH 45409-2813 United States",0,,39.7439102756311,-84.18242957571793
MEC2026R-00264,O67 17902 0001,permit_number,04/06/2026,Residential Mechanical Permit,MEC,,"424 KIEFABER ST, DAYTON OH 45409-2538 United States",0,,39.73591775466082,-84.17642105924918
MEC2026R-00263,H33 02301 0018,permit_number,04/06/2026,Residential Mechanical Permit,MEC,,"1047 PATTERSON RD, DAYTON OH 45420-1563 United States",0,,39.724307840158936,-84.15043545585993
MEC2026R-00262,L54 00408 0070,permit_number,04/06/2026,Residential Mechanical Permit,MEC,,"404 DAWNVIEW AVE, DAYTON OH 45431-1807 United States",0,,39.76151206807349,-84.13430892372143
MEC2026R-00261,D14 00909 0018,permit_number,04/06/2026,Residential Mechanical Permit,MEC,,"6073 PINE GLEN LN, DAYTON OH 45424-4476 United States",0,,39.82196754522662,-84.099546613679
MEC2026R-00260,K45 25601 0006,permit_number,04/02/2026,Residential Mechanical Permit,MEC,,"200 N ORCHARD AVE, DAYTON OH 45417-2453 United States",0,,39.75661119596848,-84.2292083882014
MEC2026R-00259,R72 12414 0089,address,04/02/2026,Residential Mechanical Permit,MEC,,"822 SUNLIGHT AVE, DAYTON OH 45417-9255 United States",,,39.760076097155306,-84.2708951806215
MEC2026R-00258,,unmatched,04/02/2026,Residential Mechanical Permit,MEC,New Home,"4220 WEEPING WILLOW DR, DAYTON OH 45404 United States",,,,
MEC2026R-00257,P70 03912 0088,permit_number,04/02/2026,Residential Mechanical Permit,MEC,NEW SINGLE FAMILY HOME,"4414 Water Willow CT, Dayton Ohio 45404",0,,,
MEC2026R-00256,P70 00312 0008,permit_number,04/02/2026,Residential Mechanical Permit,MEC,,"5080 SCOTSMAN DR, DAYTON OH 45414",0,,39.821374383565995,-84.16108132985852
MEC2026R-00255,O67 22344 0116,permit_number,04/02/2026,Residential Mechanical Permit,MEC,,"135 LEXINGTON AVE, DAYTON OH 45402-6133 United States",0,,39.76831823589976,-84.21361178553187
MEC2026R-00254,P70 01704 0015,permit_number,04/02/2026,Residential Mechanical Permit,MEC,,"630 TAYLOR ST, DAYTON OH 45404-1632 United States",0,,39.7719079498684,-84.181372778805
MEC2026R-00253,O67 20621 0012,permit_number,04/01/2026,Residential Mechanical Permit,MEC,,"1461 EARLHAM DR, DAYTON OH 45406-4732 United States",0,,39.775839149462975,-84.22760743259751
MEC2026R-00252,O67 28801 0004,permit_number,04/01/2026,Residential Mechanical Permit,MEC,,"64 GRAMONT AVE, DAYTON OH 45417-2255 United States",0,,39.75360951016922,-84.23757917400498
MEC2026R-00251,K47 21211 0001,permit_number,04/01/2026,Residential Mechanical Permit,MEC,,"1333 W FIRST ST, DAYTON OH",0,,,
MEC2026R-00250,K45 18807 0010,permit_number,04/01/2026,Residential Mechanical Permit,MEC,,"1317 W First ST, DAYTON OH 45402-6634",0,,39.7578331958782,-84.2151837289312
MEC2026R-00249,K47 21202 0053,permit_number,04/01/2026,Residential Mechanical Permit,MEC,,"207 N Broadway St, Dayton OH 45402",0,,39.801017531194724,-84.31182720967374
MEC2026R-00248,K47 23021 0013,permit_number,04/01/2026,Residential Mechanical Permit,MEC,,"203 N Broadway ST, DAYTON OH 45402",0,,,
MEC2026R-00247,P70 00502 0013,permit_number,03/31/2026,Residential Mechanical Permit,MEC,,"211 N Broadway St, Dayton OH 45402",0,,39.758108749199366,-84.21475970547357
MEC2026R-00246,R72 08401 0028,address,03/31/2026,Residential Mechanical Permit,MEC,,"412 N BROADWAY ST, DAYTON OH 45402-6614 United States",,,39.760028730438954,-84.21472784586639
MEC2026R-00245,O67 22312 0012,permit_number,03/31/2026,Residential Mechanical Permit,MEC,,"215 N Broadway St, Dayton OH 45402",0,,39.758202502892345,-84.2147867174579
MEC2026R-00244,P70 01510 0003,permit_number,03/31/2026,Residential Mechanical Permit,MEC,,"219 N BROADWAY ST, DAYTON OH",0,,39.758303088233724,-84.21483551536426
MEC2026R-00243,P70 50207 0016,permit_number,03/31/2026,Residential Mechanical Permit,MEC,,"223 N Broadway St, Dayton OH 45402",0,,39.75839569483788,-84.21485941204628
MEC2026R-00242,P70 00709 0009,permit_number,03/31/2026,Residential Mechanical Permit,MEC,,"227 N Broadway St, Dayton OH 45402",0,,39.758492976542755,-84.21488960068896
MEC2026R-00241,O67 28915 0008,permit_number,03/31/2026,Residential Mechanical Permit,MEC,,"231 N Broadway St, Dayton OH 45402",0,,39.75858560757862,-84.21491195272893
MEC2026R-00240,P70 01116 0033,permit_number,03/31/2026,Residential Mechanical Permit,MEC,,"431 OSTRANDER DR, DAYTON OH 45403-3218 United States",0,,39.75806429227316,-84.12932215405687
MEC2026R-00239,K45 25624 0014,permit_number,03/30/2026,Residential Mechanical Permit,MEC,,"130 KNECHT DR, DAYTON OH 45405-2628 United States",0,,39.794665464595944,-84.21221333702933
MEC2026R-00238,H33 02210 0103,permit_number,03/30/2026,Residential Mechanical Permit,MEC,,"2109 CATALPA DR, DAYTON OH 45406-3040 United States",0,,39.786013463720394,-84.2258596279023
MEC2026R-00237,I39 00814 0053,permit_number,03/30/2026,Residential Mechanical Permit,MEC,,"1535 W SECOND ST, DAYTON OH 45402-6727",0,,,
MEC2026R-00236,K47 18809 0010,permit_number,03/30/2026,Residential Mechanical Permit,MEC,,"1541 W SECOND ST, DAYTON OH 45402-6518",0,,39.75617778482438,-84.21981378574294
MEC2026R-00235,O67 21809 0008,permit_number,03/30/2026,Residential Mechanical Permit,MEC,,"1701 W Second ST, DAYTON OH 45402",0,,39.75558863670253,-84.2233423311234
MEC2026R-00234,E20 01006 0208,permit_number,03/30/2026,Residential Mechanical Permit,MEC,,"1707 W Second ST, DAYTON OH 45402",0,,39.75555541827927,-84.2235328627552
MEC2026R-00233,A01 26003 0002,permit_number,03/30/2026,Residential Mechanical Permit,MEC,,"1329 W First ST, DAYTON OH 45402",0,,39.75776732476367,-84.21558853568928
MEC2026R-00232,R72610807 0011,address,03/30/2026,Residential Mechanical Permit,MEC,,"6550 GANDER RD E, DAYTON OH 45424-4493 United States",,,39.82993667349502,-84.1028813958919
MEC2026R-00231,E20 19009 0008,permit_number,03/27/2026,Residential Mechanical Permit,MEC,,"1320 W First ST, DAYTON OH 45402-6633",0,,39.7575776617895,-84.2152175848645
MEC2026R-00230,O67 29109 0001,permit_number,03/27/2026,Residential Mechanical Permit,MEC,,"1332 W First ST, DAYTON OH 45402-6633",0,,39.75751425322796,-84.21564065186966
MEC2026R-00229,P70 03905 0060,permit_number,03/27/2026,Residential Mechanical Permit,MEC,,"1344 W First ST, DAYTON OH 45402-6633",0,,39.75743607078305,-84.21609577761123
MEC2026R-00228,I39 01022 0001,permit_number,03/27/2026,Residential Mechanical Permit,MEC,,"1356 W First ST, DAYTON OH 45402-6633",0,,39.75735818099574,-84.21653083748943
MEC2026R-00227,R72 08301 0072,address,03/27/2026,Residential Mechanical Permit,MEC,,"1360 W First St, Dayton OH 45402",,,39.75733492544659,-84.21665379255218
MEC2026R-00226,C05 00205 0065,permit_number,03/27/2026,Residential Mechanical Permit,MEC,,"1604 W FIRST ST, DAYTON OH",0,,39.75657025509236,-84.22140846664067
MEC2026R-00225,L52 00117 0013,permit_number,03/27/2026,Residential Mechanical Permit,MEC,,"1608 W FIRST ST, DAYTON OH 45402",0,,39.7565468458594,-84.22154145154053
MEC2026R-00224,H33 01414 0014,permit_number,03/26/2026,Residential Mechanical Permit,MEC,,"409 COLLEGE PARK AVE, DAYTON OH 45409-2627 United States",0,,39.739739641126526,-84.18050078777306
MEC2026R-00223,K45 50617 0025,permit_number,03/26/2026,Residential Mechanical Permit,MEC,New Home,"4492 CARDINAL FLOWER DR, DAYTON OH 45404",0,,,
MEC2026R-00222,O67 51315 0020,permit_number,03/26/2026,Residential Mechanical Permit,MEC,,"1634 GONDERT, DAYTON OH",0,,,
MEC2026R-00221,K47 22920 0008,permit_number,03/26/2026,Residential Mechanical Permit,MEC,,"2138 MALVERN AVE, DAYTON OH 45406-2923 United States",0,,39.78583933253442,-84.22891252733672
MEC2026R-00220,P70 00411 0029,permit_number,03/26/2026,Residential Mechanical Permit,MEC,,"2918 MARIMONT DR, DAYTON OH 45420 United States",0,,39.74456276023402,-84.1401644982797
MEC2026R-00219,,unmatched,03/26/2026,Residential Mechanical Permit,MEC,,"222 BURNS AVE, DAYTON OH 45402 United States",,,,
MEC2026R-00218,,unmatched,03/26/2026,Residential Mechanical Permit,MEC,,"220 BURNS AVE, DAYTON OH 45402 United States",,,,
MEC2026R-00217,,unmatched,03/26/2026,Residential Mechanical Permit,MEC,,"218 BURNS AVE, DAYTON OH 45402 United States",,,,
MEC2026R-00216,,unmatched,03/26/2026,Residential Mechanical Permit,MEC,,"216 BURNS AVE, DAYTON OH 45402 United States",,,,
MEC2026R-00215,,unmatched,03/26/2026,Residential Mechanical Permit,MEC,,"214 BURNS AVE, DAYTON OH 45402 United States",,,,
MEC2026R-00214,R72 16910 0009,address,03/25/2026,Residential Mechanical Permit,MEC,,"468 LISCUM DR, DAYTON OH 45417-8802 United States",,,39.73710825059079,-84.26790740043045
MEC2026R-00213,A01 27621 0006,permit_number,03/25/2026,Residential Mechanical Permit,MEC,,"400 BURLEIGH AVE, DAYTON OH 45417-1634 United States",0,,39.75645276840241,-84.24578980415247
MEC2026R-00212,K45 18811 0013,permit_number,03/24/2026,Residential Mechanical Permit,MEC,,"28 WOODLAND AVE, DAYTON OH 45409-2852 United States",0,,39.74281014553519,-84.18140710115479
MEC2026R-00211,E20 17312 0095,permit_number,03/24/2026,Residential Mechanical Permit,MEC,,"1728 SALEM AVE, DAYTON OH 45406 United States",0,,39.780044390167696,-84.22248394870216
MEC2026R-00210,P70 02008 0025,permit_number,03/24/2026,Residential Mechanical Permit,MEC,,"29 ROGGE ST, DAYTON OH 45409-2823 United States",0,,39.74492431523467,-84.17931328818354
MEC2026R-00209,E20 17003 0050,permit_number,03/24/2026,Residential Mechanical Permit,MEC,,"978 IRVING AVE, UNIT 32, DAYTON OH 45419",0,,39.73229984561359,-84.1656268531789
MEC2026R-00208,K45 23119 0026,permit_number,03/24/2026,Residential Mechanical Permit,MEC,,"411 LOWES ST, DAYTON OH 45409-2439 United States",0,,39.735137382945084,-84.17665006525263
MEC2026R-00207,R72 51010 0034,address,03/24/2026,Residential Mechanical Permit,MEC,,"978 IRVING AVE, APT/UNIT 39, DAYTON OH 45419-4108 United States",,,39.73229984561359,-84.1656268531789
MEC2026R-00206,P70 02211 0047,permit_number,03/24/2026,Residential Mechanical Permit,MEC,,"4545 SAINT JAMES AVE, DAYTON OH 45406-2322 United States",0,,39.78912289729953,-84.25897699627872
MEC2026R-00205,A01 26009 0014,permit_number,03/24/2026,Residential Mechanical Permit,MEC,,"203 KLEE AVE, DAYTON OH 45403-2935 United States",0,,39.755940372624465,-84.14999471793884
MEC2026R-00204,O67 18501 0009,permit_number,03/24/2026,Residential Mechanical Permit,MEC,,"241 GRAMONT AVE, DAYTON OH 45417-2323 United States",0,,39.75759149742018,-84.23809825374246
MEC2026R-00203,R72 13806 0026,address,03/23/2026,Residential Mechanical Permit,MEC,,"423 SHADOWLAWN AVE, DAYTON OH 45419-4034 United States",,,39.72933245592648,-84.15958167851524
MEC2026R-00202,P70 00706 0031,permit_number,03/23/2026,Residential Mechanical Permit,MEC,,"1235 DONALD AVE, DAYTON OH 45420-2221 United States",0,,39.72776167021958,-84.14443472827982
MEC2026R-00201,I39401319 0001,permit_number,03/20/2026,Residential Mechanical Permit,MEC,,"715 GREENLAWN AVE, DAYTON OH 45403-3331 United States",0,,39.75323436419844,-84.14295332776355
MEC2026R-00200,H33 01414 0007,permit_number,03/20/2026,Residential Mechanical Permit,MEC,,"2053 LITCHFIELD AVE, DAYTON OH 45406-3813 United States",0,,39.78694291723038,-84.2396742049524
MEC2026R-00199,P70 01313 0002,permit_number,03/20/2026,Residential Mechanical Permit,MEC,,"715 CARLISLE AVE, DAYTON OH 45410-2738 United States",0,,39.74963774532133,-84.15240313453853
MEC2026R-00198,R72 16813 0009,address,03/19/2026,Residential Mechanical Permit,MEC,,"2211 RICHLEY DR, DAYTON OH 45417-4514 United States",,,39.73622441587746,-84.232846004868
MEC2026R-00197,P70 51431 0013,permit_number,03/19/2026,Residential Mechanical Permit,MEC,,"1118 HAMPSHIRE RD, DAYTON OH 45419-3715 United States",0,,39.718761897848275,-84.15739230074185
MEC2026R-00196,A01 00109 0088,permit_number,03/18/2026,Residential Mechanical Permit,MEC,,"4313 OWENS DR, DAYTON OH 45406-1424 United States",0,,39.79175158454091,-84.25470805176032
MEC2026R-00195,C05 00208 0008,permit_number,03/17/2026,Residential Mechanical Permit,MEC,,"514 OSTRANDER DR, DAYTON OH 45403-3221 United States",0,,39.75746814654103,-84.12895249241056
MEC2026R-00194,P70 00520 0014,permit_number,03/17/2026,Residential Mechanical Permit,MEC,,"1024 W FAIRVIEW AVE, DAYTON OH 45406-2808 United States",0,,39.78718426326024,-84.22783190484522
MEC2026R-00193,G27 01709 0028,permit_number,03/17/2026,Residential Mechanical Permit,MEC,,"41 POINTVIEW AVE, DAYTON OH 45405-2802 United States",0,,39.79310183579748,-84.21361288798981
MEC2026R-00192,P70 00520 0014,permit_number,03/17/2026,Residential Mechanical Permit,MEC,,"3455 LINDALE AVE, DAYTON OH 45414-5403 United States",0,,39.79834165792337,-84.19791551933643
MEC2026R-00191,R72 01204 0076,address,03/17/2026,Residential Mechanical Permit,MEC,,"1625 E FIFTH ST, DAYTON OH 45403-2303 United States",,,39.759020121237995,-84.17153439212657
MEC2026R-00190,A01 25901 0007,permit_number,03/16/2026,Residential Mechanical Permit,MEC,,"1612 W First St, Dayton OH 45402",0,,39.75651740175978,-84.2216796901008
MEC2026R-00189,H33301314 0014,permit_number,03/16/2026,Residential Mechanical Permit,MEC,,"1622 W First St, Dayton OH 45402",0,,39.756471592184816,-84.22195803539347
MEC2026R-00188,H33 01220 0024,permit_number,03/16/2026,Residential Mechanical Permit,MEC,,"1628 W First St, Dayton OH 45402",0,,39.756438226493074,-84.22216025679641
MEC2026R-00187,E20 17516 0011,permit_number,03/16/2026,Residential Mechanical Permit,MEC,,"1720 W First St, Dayton OH 45402",0,,39.7560866060584,-84.22414572899646
MEC2026R-00186,P70 01613 0012,permit_number,03/16/2026,Residential Mechanical Permit,MEC,,"1727 W First ST, DAYTON OH 45402",0,,39.756316543144614,-84.22447413006768
MEC2026R-00185,O67 21910 0022,permit_number,03/16/2026,Residential Mechanical Permit,MEC,,"1727 W First ST, DAYTON OH 45402",0,,39.756316543144614,-84.22447413006768
MEC2026R-00184,O67 50809 0025,permit_number,03/16/2026,Residential Mechanical Permit,MEC,,"62 NOTRE DAME AVE, DAYTON OH 45404-1924 United States",0,,39.77715116527051,-84.17187689380947
MEC2026R-00183,R72 16008 0011,address,03/16/2026,Residential Mechanical Permit,MEC,,"4406 DANADO DR, DAYTON OH 45406-1417 United States",,,39.79240912944661,-84.25516957900957
MEC2026R-00182,P70 01901 0043,permit_number,03/16/2026,Residential Mechanical Permit,MEC,,"717 MCLAIN ST, DAYTON OH 45403-2331 United States",0,,39.75675832804428,-84.17340475984885
MEC2026R-00181,K45 51105 0013,permit_number,03/16/2026,Residential Mechanical Permit,MEC,,"4043 QUAIL BUSH DR, DAYTON OH 45424-4739 United States",0,,39.8173448477224,-84.11208046183285
MEC2026R-00180,E20 18003 0057,permit_number,03/12/2026,Residential Mechanical Permit,MEC,,"136 ASHWOOD AVE, DAYTON OH 45405-2642 United States",0,,39.797553471586696,-84.21281471120817
MEC2026R-00179,K45 26617 0011,permit_number,03/12/2026,Residential Mechanical Permit,MEC,,"1024 W FAIRVIEW AVE, DAYTON OH 45406-2808 United States",0,,39.78718426326024,-84.22783190484522
MEC2026R-00178,,unmatched,03/12/2026,Residential Mechanical Permit,MEC,New Home,"4321 WILLOW HILLS DR, DAYTON OH 45404 United States",,,,
MEC2026R-00177,R72 02411 0015,address,03/11/2026,Residential Mechanical Permit,MEC,,"19 ANDREWS ST, DAYTON OH 45410-1913 United States",,,39.75091434881289,-84.16422910393351
MEC2026R-00176,O67 23311 0012,permit_number,03/11/2026,Residential Mechanical Permit,MEC,,"456 LOWES ST, DAYTON OH 45409-2438 United States",0,,39.73509175672422,-84.17489402354208
MEC2026R-00175,,unmatched,03/11/2026,Residential Mechanical Permit,MEC,,"421 SHROYER, DAYTON OH",,,,
MEC2026R-00174,P70 00502 0038,permit_number,03/10/2026,Residential Mechanical Permit,MEC,,"1710 ACADEMY PL, DAYTON OH 45406-4601 United States",0,,39.77445798816281,-84.23132380991656
MEC2026R-00173,H33 01213 0040,permit_number,03/10/2026,Residential Mechanical Permit,MEC,,"2302 W SECOND ST, DAYTON OH 45417-2427 United States",0,,39.75431507157108,-84.2320329158116
MEC2026R-00172,K47 50716 0047,permit_number,03/10/2026,Residential Mechanical Permit,MEC,,"2515 MADDEN HILLS DR, DAYTON OH 45417-4447 United States",0,,39.73680631503916,-84.23619296568681
MEC2026R-00171,R72 01906 0014,address,03/09/2026,Residential Mechanical Permit,MEC,,"129 ALBERTA ST, DAYTON OH 45410-1213 United States",,,39.748181708124655,-84.18250063390217
MEC2026R-00170,P70 01317 0026,permit_number,03/09/2026,Residential Mechanical Permit,MEC,,"212 E BEECHWOOD AVE, DAYTON OH 45405-3132 United States",0,,39.790147216532915,-84.20779909452217
MEC2026R-00169,O67 51436 0047,permit_number,03/09/2026,Residential Mechanical Permit,MEC,,"3315 WELLINGTON DR, DAYTON OH 45410-3138 United States",0,,39.74712478441685,-84.13544412622227
MEC2026R-00168,D14 00904 0028,permit_number,03/09/2026,Residential Mechanical Permit,MEC,,"1312 PHILADELPHIA DR, DAYTON OH 45406-4641 United States",0,,39.7707134411676,-84.23405248484151
MEC2026R-00167,R72117207 0009,address,03/06/2026,Residential Mechanical Permit,MEC,,"5727 WOODMORE DR, DAYTON OH 45414-3009 United States",,,39.83057924972711,-84.20588502847149
MEC2026R-00166,O67 28404 0013,permit_number,03/05/2026,Residential Mechanical Permit,MEC,,"304 Sandhurst DR, DAYTON OH 45405-2419",0,,39.79928134212427,-84.21163622402128
MEC2026R-00165,R72 06504 0052,address,03/05/2026,Residential Mechanical Permit,MEC,,"146 CENTRAL AVE, DAYTON OH 45406-5467 United States",,,39.766329764935364,-84.20631868125346
MEC2026R-00164,P70 01409 0048,permit_number,03/04/2026,Residential Mechanical Permit,MEC,,"2721 N MAIN ST, DAYTON OH 45405-3009 United States",0,,39.78997105547659,-84.21402704844427
MEC2026R-00163,H33 00715 0028,permit_number,03/04/2026,Residential Mechanical Permit,MEC,,"104 SANDHURST DR, DAYTON OH 45405-2410 United States",0,,39.79933077599731,-84.21538583419168
MEC2026R-00162,O67 22333 0036,permit_number,03/04/2026,Residential Mechanical Permit,MEC,,"812 Milburn AVE, DAYTON OH 45404-1627",0,,39.77447405471117,-84.18050235254857
MEC2026R-00161,P70 03908 0077,permit_number,03/04/2026,Residential Mechanical Permit,MEC,,"2804 PRINCETON DR, DAYTON OH 45406-4340 United States",0,,39.77248126867607,-84.2361247565514
MEC2026R-00160,P70 01404 0057,permit_number,03/04/2026,Residential Mechanical Permit,MEC,,"35 PLEASANT ST, DAYTON OH 45403-2725 United States",0,,39.75946407620175,-84.15129486767836
MEC2026R-00159,A01 27616 0015,permit_number,03/04/2026,Residential Mechanical Permit,MEC,,"522 BELLAIRE AVE, DAYTON OH 45420-2304 United States",0,,39.728826248831155,-84.14858490772951
MEC2026R-00158,R72 02108 0013,address,03/04/2026,Residential Mechanical Permit,MEC,,"837 XENIA AVE, DAYTON OH 45410-1839 United States",,,39.75296243007331,-84.16366970997407
MEC2026R-00157,I39300208 0003,permit_number,03/04/2026,Residential Mechanical Permit,MEC,,"840 SAINT AGNES ST, DAYTON OH 45402-5925 United States",0,,39.763963268440236,-84.22054223181992
MEC2026R-00156,G27 18218 0010,permit_number,03/03/2026,Residential Mechanical Permit,MEC,,"1488 BENSON DR, DAYTON OH 45406-4609 United States",0,,39.77616242375428,-84.231558335833
MEC2026R-00155,I39401318 0045,permit_number,03/03/2026,Residential Mechanical Permit,MEC,,"230 N WILLIAMS ST, DAYTON OH 45402 United States",0,,39.75909338108216,-84.21122019834485
MEC2026R-00154,R72 02207 0003,address,03/03/2026,Residential Mechanical Permit,MEC,,"2250 E FIFTH ST, DAYTON OH 45403-2447 United States",,,39.760168782232945,-84.16279937301293
MEC2026R-00153,O67 22401 0008,permit_number,03/03/2026,Residential Mechanical Permit,MEC,,"2936 KINGSTON AVE, DAYTON OH 45420-2628 United States",0,,39.72414038468655,-84.13716296718479
MEC2026R-00152,O67 21512 0008,permit_number,03/03/2026,Residential Mechanical Permit,MEC,,"629 HICKORY HILL DR, DAYTON OH 45417-8302 United States",0,,39.758001566343765,-84.2738878164957
MEC2026R-00151,I39401315 0019,permit_number,03/03/2026,Residential Mechanical Permit,MEC,,"146 CENTRAL AVE, DAYTON OH 45406-5467 United States",0,,39.766329764935364,-84.20631868125346
MEC2026R-00150,J44128204 0032,permit_number,03/02/2026,Residential Mechanical Permit,MEC,New Home,"4369 WEEPING WILLOW DR, DAYTON OH 45404 United States",0,,,
MEC2026R-00149,P70 00618 0039,permit_number,03/02/2026,Residential Mechanical Permit,MEC,New Home,"4214 WEEPING WILLOW DR, DAYTON OH 45404 United States",0,,,
MEC2026R-00148,K45 02605 0011,permit_number,03/02/2026,Residential Mechanical Permit,MEC,New Home,"4503 BLUE IRIS DR, DAYTON OHIO 45404",0,,,
MEC2026R-00147,O67 20802 0039,permit_number,03/02/2026,Residential Mechanical Permit,MEC,,"3740 KINGS HWY, DAYTON OH 45406-3504 United States",0,,39.7831522300154,-84.24530581433002
MEC2026R-00146,H33 00401 0040,permit_number,03/02/2026,Residential Mechanical Permit,MEC,,"3738 KINGS HWY, DAYTON OH 45406-3504 United States",0,,39.783153343582036,-84.24523114808377
MEC2026R-00145,K47 25614 0015,permit_number,03/02/2026,Residential Mechanical Permit,MEC,,"111 E FORAKER AVE, DAYTON OH 45409-2920 United States",0,,39.747277973600134,-84.18672238273152
MEC2026R-00144,F25 01301 0010,permit_number,03/02/2026,Residential Mechanical Permit,MEC,,"109 E Foraker AVE, DAYTON OH 45409-2920",0,,39.747266288384374,-84.18676837303352
MEC2026R-00143,O67 22007 0007,permit_number,02/27/2026,Residential Mechanical Permit,MEC,,"420 LORENZ AVE, DAYTON OH 45417-2340 United States",0,,39.76028201410063,-84.23479618817952
MEC2026R-00142,O67 21611 0002,permit_number,02/27/2026,Residential Mechanical Permit,MEC,New Home,"59 ALBERTA ST, DAYTON OH 45410 United States",0,,39.748916203536815,-84.18336144414069
MEC2026R-00141,I39 00513 0028,permit_number,02/27/2026,Residential Mechanical Permit,MEC,,"411 W HUDSON AVE, DAYTON OH 45406-4833 United States",0,,39.783287401874254,-84.21985578952692
MEC2026R-00140,K45 28336 0037,permit_number,02/27/2026,Residential Mechanical Permit,MEC,,"121 VIRGINIA AVE, DAYTON OH 45410-2315 United States",0,,39.74461190926387,-84.16061776673567
MEC2026R-00139,M58 00114 0010,permit_number,02/27/2026,Residential Mechanical Permit,MEC,,"839 MANHATTAN AVE, DAYTON OH 45406-5139 United States",0,,39.774005926662284,-84.21147069759459
MEC2026R-00138,K47 23213 0004,permit_number,02/26/2026,Residential Mechanical Permit,MEC,,"116 SHANNON ST, DAYTON OH 45402-8332 United States",0,,39.75424935463478,-84.20998602920945
MEC2026R-00137,P70 01009 0014,permit_number,02/26/2026,Residential Mechanical Permit,MEC,,"545 BRIGHTWOOD AVE, DAYTON OH 45405-4309 United States",0,,39.77429148967309,-84.20129813942525
MEC2026R-00136,H33 01608 0011,permit_number,02/25/2026,Residential Mechanical Permit,MEC,,"3470 BERRYWOOD DR, DAYTON OH 45424 United States",0,,39.812193651871986,-84.12401644030993
MEC2026R-00135,A01 00101 0043,permit_number,02/25/2026,Residential Mechanical Permit,MEC,,"903 WESTWOOD AVE, DAYTON OH 45402-5344 United States",0,,39.76565735197568,-84.2417009575398
MEC2026R-00134,H33 50012 0008,permit_number,02/25/2026,Residential Mechanical Permit,MEC,,"1106 XENIA AVE, DAYTON OH 45410-2237 United States",0,,39.75268162834414,-84.1604365194438
MEC2026R-00133,P70 01316 0011,permit_number,02/25/2026,Residential Mechanical Permit,MEC,,"233 N GARLAND AVE, DAYTON OH 45403-1640 United States",0,,39.77146047421518,-84.14505337412533
MEC2026R-00132,O67 20221 0004,permit_number,02/25/2026,Residential Mechanical Permit,MEC,,"1817 ROSEMONT BLVD, DAYTON OH 45420-2510 United States",0,,39.740450431850654,-84.14284191228357
MEC2026R-00131,R72 03302 0010,address,02/24/2026,Residential Mechanical Permit,MEC,,"17 WARE AVE, DAYTON OH 45410-2130 United States",,,39.74240993768265,-84.16813060652008
MEC2026R-00130,R72 03302 0010,address,02/24/2026,Residential Mechanical Permit,MEC,,"101 MEDFORD ST, DAYTON OH 45410-2130 United States",,,39.74240930996359,-84.16798222530485
MEC2026R-00129,P70 00811 0001,permit_number,02/24/2026,Residential Mechanical Permit,MEC,,"30 BUCKEYE ST, DAYTON OH 45402-2842 United States",0,,39.751673001443855,-84.18664557226134
MEC2026R-00128,O67 22313 0014,permit_number,02/24/2026,Residential Mechanical Permit,MEC,,"1221 ANGIER DR, DAYTON OH 45417-4410 United States",0,,39.73563110854283,-84.23526744945303
MEC2026R-00127,O67 17907 0001,permit_number,02/24/2026,Residential Mechanical Permit,MEC,,"5604 GANDER RD E, DAYTON OH 45424-4528 United States",0,,39.81742154986062,-84.10749972703547
MEC2026R-00126,H33 02209 0003,permit_number,02/24/2026,Residential Mechanical Permit,MEC,,"4704 AMESBOROUGH RD, DAYTON OH 45420-3352 United States",0,,39.72927314654167,-84.12766071878247
MEC2026R-00125,O67 21518 0010,permit_number,02/24/2026,Residential Mechanical Permit,MEC,,"1825 LINNBROOK DR, DAYTON OH 45406-3139 United States",0,,39.78344331988912,-84.26452789416544
MEC2026R-00124,A01 26118 0004,permit_number,02/24/2026,Residential Mechanical Permit,MEC,,"155 BELLAIRE AVE, DAYTON OH 45420-1705 United States",0,,39.72984504614438,-84.15363378328401
MEC2026R-00123,P70 00702 0018,permit_number,02/23/2026,Residential Mechanical Permit,MEC,,"439 ADELITE AVE, DAYTON OH 45417-3270 United States",0,,39.7452733985285,-84.23237736352893
MEC2026R-00122,L52 00217 0018,permit_number,02/20/2026,Residential Mechanical Permit,MEC,,"2317 CATALPA DR, DAYTON OH 45406-2104 United States",0,,39.79004791849441,-84.22598805258897
MEC2026R-00121,F24 00101 0091,permit_number,02/20/2026,Residential Mechanical Permit,MEC,,"335 Geyer ST, DAYTON OH 45405-4518",0,,39.77091801836667,-84.19933941959127
MEC2026R-00120,P70 02207 0029,permit_number,02/20/2026,Residential Mechanical Permit,MEC,,"824 BROADVIEW BLVD, DAYTON OH 45419-3650 United States",0,,39.72298100508113,-84.15941272527382
MEC2026R-00119,P70 00106 0013,permit_number,02/20/2026,Residential Mechanical Permit,MEC,,"4330 OWENS DR, DAYTON OH 45406-1423 United States",0,,39.791272302406064,-84.25535804311897
MEC2026R-00118,H33 01402 0023,permit_number,02/19/2026,Residential Mechanical Permit,MEC,,"4913 W THIRD ST, DAYTON OH 45417-9047 United States",0,,39.747386980346356,-84.26638960663546
MEC2026R-00117,H33 02208 0030,permit_number,02/19/2026,Residential Mechanical Permit,MEC,,"570 GRAMONT AVE, DAYTON OH 45402-5521 United States",0,,39.7634033250312,-84.23725061529845
MEC2026R-00116,P70 01701 0024,permit_number,02/18/2026,Residential Mechanical Permit,MEC,,"832 NEAL AVE, DAYTON OH 45406-5233 United States",0,,39.770566856570944,-84.21130850602735
MEC2026R-00115,K45 18810 0002,permit_number,02/18/2026,Residential Mechanical Permit,MEC,,"607 MARYLAND AVE, DAYTON OH 45404-1756 United States",0,,39.77878740215991,-84.17573461157801
MEC2026R-00114,P70 50208 0030,permit_number,02/18/2026,Residential Mechanical Permit,MEC,,"4505 COLLEGE VIEW DR, DAYTON OH 45417-8912 United States",0,,39.733164686701194,-84.26302761072628
MEC2026R-00113,C04 00607 0023,permit_number,02/18/2026,Residential Mechanical Permit,MEC,,"730 GREENLAWN AVE, DAYTON OH 45403-3332 United States",0,,39.753458113317635,-84.14219520777483
MEC2026R-00112,P70 02107 0050,permit_number,02/18/2026,Residential Mechanical Permit,MEC,,"57 ALASKA ST, DAYTON OH 45404-1974 United States",0,,39.77625970875402,-84.16892689170957
MEC2026R-00111,P70 02107 0049,permit_number,02/18/2026,Residential Mechanical Permit,MEC,,"1146 GUENTHER RD, DAYTON OH 45417-9237 United States",0,,39.76455824138345,-84.26593184580672
MEC2026R-00110,P70 02107 0048,permit_number,02/13/2026,Residential Mechanical Permit,MEC,,"519 Anna ST, DAYTON OH 45402-5509",0,,39.76223262488716,-84.23657386225763
MEC2026R-00109,R72 09602 0045,address,02/13/2026,Residential Mechanical Permit,MEC,,"2525 JEROME AVE, DAYTON OH 45417",,,39.74428091672911,-84.23609424298606
MEC2026R-00108,,unmatched,02/13/2026,Residential Mechanical Permit,MEC,New Home,"4370 WEEPING WILLOW DR, DAYTON OH 45404 United States",,,,
MEC2026R-00107,P70 02107 0058,permit_number,02/13/2026,Residential Mechanical Permit,MEC,,"110 EUGENE AVE, DAYTON OH 45403-3048 United States",0,,39.75532561566318,-84.14490371271712
MEC2026R-00106,P70 02107 0057,permit_number,02/12/2026,Residential Mechanical Permit,MEC,,"2926 N MAIN ST, DAYTON OH 45405-2808 United States",0,,39.79192361813682,-84.21438120295188
MEC2026R-00105,P70 02107 0047,permit_number,02/12/2026,Residential Mechanical Permit,MEC,,"136 S IRWIN ST, DAYTON OH 45403-2204 United States",0,,39.763243204049175,-84.15006091304384
MEC2026R-00104,P70 02107 0056,permit_number,02/12/2026,Residential Mechanical Permit,MEC,,"1622 EARLHAM DR, DAYTON OH 45406-4611 United States",0,,39.77536529541598,-84.2321719831034
MEC2026R-00103,I39300220 0025,permit_number,02/12/2026,Residential Mechanical Permit,MEC,,"821 CLEMENT AVE, DAYTON OH 45417-3724 United States",0,,39.742808167305874,-84.227144427758
MEC2026R-00102,P70 02107 0052,permit_number,02/12/2026,Residential Mechanical Permit,MEC,,"2924 N MAIN ST, DAYTON OH 45405-2808 United States",0,,39.791922367121686,-84.21446660580767
MEC2026R-00101,P70 02107 0051,permit_number,02/12/2026,Residential Mechanical Permit,MEC,,"4385 CONEFLOWER DR, DAYTON OH 45404 United States",0,,39.81717467275231,-84.14137034098
MEC2026R-00100,P70 00909 0038,permit_number,02/12/2026,Residential Mechanical Permit,MEC,,"47 S WESTVIEW AVE, DAYTON OH 45403-2247 United States",0,,39.765462824868195,-84.14374829405283
MEC2026R-00099,K45 28308 0009,permit_number,02/11/2026,Residential Mechanical Permit,MEC,,"761 BROOKLYN AVE, DAYTON OH 45402-5402 United States",0,,39.76542399194543,-84.24059213215402
MEC2026R-00098,O67 17809 0011,permit_number,02/11/2026,Residential Mechanical Permit,MEC,,"1117 BELLAIRE AVE, DAYTON OH 45420-2601 United States",0,,39.728466025587956,-84.14061790338175
MEC2026R-00097,F25 01306 0022,permit_number,02/11/2026,Residential Mechanical Permit,MEC,,"5133 SPORTSCRAFT DR, DAYTON OH 45414",0,,39.822118128971496,-84.16207121304929
MEC2026R-00096,H33 01405 0008,permit_number,02/11/2026,Residential Mechanical Permit,MEC,,"67 BURLINGTON AVE, DAYTON OH 45403-1119 United States",0,,39.767067247318955,-84.16292127246908
MEC2026R-00095,A01 26003 0019,permit_number,02/11/2026,Residential Mechanical Permit,MEC,,"2811 Argella AVE, DAYTON OH 45410-3106",0,,39.74649447273503,-84.14104227771853
MEC2026R-00094,K47 25802 0019,permit_number,02/10/2026,Residential Mechanical Permit,MEC,,"4826 BECKER DR, DAYTON OH 45417-9118 United States",0,,39.75685688857101,-84.26788190482382
MEC2026R-00093,O67 50615 0004,permit_number,02/10/2026,Residential Mechanical Permit,MEC,,"5021 STRATHAVEN DR, DAYTON OH 45424-4620 United States",0,,39.82290736842427,-84.1178745477949
MEC2026R-00092,C05 00605 0030,permit_number,02/10/2026,Residential Mechanical Permit,MEC,,DAYTON OH,0,,,
MEC2026R-00091,P70 01109 0018,permit_number,02/10/2026,Residential Mechanical Permit,MEC,,"527 CLIFTON DR, DAYTON OH 45417-3213 United States",0,,39.74450470205658,-84.23403715935146
MEC2026R-00090,P70 01817 0010,permit_number,02/10/2026,Residential Mechanical Permit,MEC,,"2423 AUBURN AVE, DAYTON OH 45406-1929 United States",0,,39.79180504917938,-84.22841633197532
MEC2026R-00089,O67 51015 0077,permit_number,02/10/2026,Residential Mechanical Permit,MEC,,"4145 BREEZEWOOD AVE, DAYTON OH 45406-1311 United States",0,,39.79706312685991,-84.25737634445201
MEC2026R-00088,K45 28309 0043,permit_number,02/09/2026,Residential Mechanical Permit,MEC,,"3119 GLEN ROCK RD, DAYTON OH 45420-1900 United States",0,,39.74075739635519,-84.15009770385771
MEC2026R-00087,P70 01902 0012,permit_number,02/09/2026,Residential Mechanical Permit,MEC,,"733 MAPLEHURST AVE, DAYTON OH 45402-5546 United States",0,,39.762615156859376,-84.23355564236645
MEC2026R-00086,O67 17913 0013,permit_number,02/09/2026,Residential Mechanical Permit,MEC,,"4914 HOPTON LOOP, DAYTON OH 45414",0,,39.8218199238587,-84.21921186068873
MEC2026R-00085,E20 24114 0013,permit_number,02/09/2026,Residential Mechanical Permit,MEC,,"2520 BRIDGEPORT DR, DAYTON OH 45406-1432 United States",0,,39.79411232998774,-84.25987188237902
MEC2026R-00084,E20 17507 0102,permit_number,02/09/2026,Residential Mechanical Permit,MEC,,"1145 PURSELL AVE, DAYTON OH 45420-1942 United States",0,,39.74388760811067,-84.15068399310438
MEC2026R-00083,P70 02017 0031,permit_number,02/05/2026,Residential Mechanical Permit,MEC,NEW SINGLE FAMILY HOME,"4151 WEEPING WILLOW DR, DAYTON OH 45404 United States",0,,,
MEC2026R-00082,E20 18010 0003,permit_number,02/05/2026,Residential Mechanical Permit,MEC,New Home,"4418 WATER WILLOW DR, DAYTON OHIO 45404",0,,,
MEC2026R-00081,O67 51303 0015,permit_number,02/05/2026,Residential Mechanical Permit,MEC,,"2152 BICKMORE AVE, DAYTON OH 45404-2236 United States",0,,39.78252753108045,-84.16029739181803
MEC2026R-00080,R72 12211 0028,address,02/05/2026,Residential Mechanical Permit,MEC,,"15 EDITH ST, DAYTON OH 45402-5314 United States",,,39.762843665446205,-84.24238493178514
MEC2026R-00079,K47 21209 0066,permit_number,02/05/2026,Residential Mechanical Permit,MEC,,"2043 BURBANK DR, DAYTON OH 45406-4414 United States",0,,39.78512715455982,-84.23306600863009
MEC2026R-00078,P70 01301 0035,permit_number,02/05/2026,Residential Mechanical Permit,MEC,,"313 LELAND AVE, DAYTON OH 45417-1655 United States",0,,39.755423535087075,-84.24502401681494
MEC2026R-00077,I39 01213 0018,permit_number,02/04/2026,Residential Mechanical Permit,MEC,,"224 Pritz AVE, DAYTON OH 45403-2522",0,,39.75571265032883,-84.15639279438888
MEC2026R-00076,K45 28335 0021,permit_number,02/04/2026,Residential Mechanical Permit,MEC,,"1944 W GRAND AVE, DAYTON OH 45402-5733 United States",0,,39.766493072557836,-84.22964204496101
MEC2026R-00075,P70 00606 0017,permit_number,02/04/2026,Residential Mechanical Permit,MEC,,"1942 W GRAND AVE, DAYTON OH 45402-5733 United States",0,,39.766492626694294,-84.22959615618232
MEC2026R-00074,P70 00417 0003,permit_number,02/04/2026,Residential Mechanical Permit,MEC,,"544 LEXINGTON AVE, DAYTON OH 45402-5812 United States",0,,39.76772364396789,-84.22268816821308
MEC2026R-00073,O67 18518 0021,permit_number,02/04/2026,Residential Mechanical Permit,MEC,,"65 GREEN ST, DAYTON OH 45402-2832 United States",0,,39.75455711217658,-84.18653218575875
MEC2026R-00072,O67 21417 0013,permit_number,02/04/2026,Residential Mechanical Permit,MEC,,"17 CLOVER ST, DAYTON OH 45410-1419 United States",0,,39.74945031654506,-84.17715290252227
MEC2026R-00071,O67 18517 0001,permit_number,02/04/2026,Residential Mechanical Permit,MEC,,"1624 HARVARD BLVD, DAYTON OH 45406-5942 United States",0,,39.778871809276815,-84.22379656861108
MEC2026R-00070,H33402307 0063,permit_number,02/03/2026,Residential Mechanical Permit,MEC,,"1376 BARTLEY RD, DAYTON OH 45414-2935 United States",0,,39.82826342047437,-84.21010527411252
MEC2026R-00069,M60 19102 0009,permit_number,02/03/2026,Residential Mechanical Permit,MEC,,"2255 CATALPA DR, DAYTON OH 45406-3003 United States",0,,39.7888089568186,-84.2260285528936
MEC2026R-00068,O67 20224 0004,permit_number,02/03/2026,Residential Mechanical Permit,MEC,,"43 MAYLAN DR, DAYTON OH 45405-2737 United States",0,,39.796855231310175,-84.21886311366728
MEC2026R-00067,I39 01009 0052,permit_number,02/02/2026,Residential Mechanical Permit,MEC,,"1449 ROSEDALE DR, DAYTON OH 45406-4745 United States",0,,39.77510425008896,-84.22679571170406
MEC2026R-00066,O67 03603 0026,permit_number,02/02/2026,Residential Mechanical Permit,MEC,,"836 GREENMOUNT BLVD, DAYTON OH 45419-2840 United States",0,,39.71727958941658,-84.15561843720819
MEC2026R-00065,E21 17205 0055,permit_number,02/02/2026,Residential Mechanical Permit,MEC,New Home,"4315 WILLOW HILLS, DAYTON OH",0,,,
MEC2026R-00064,H33301015 0103,permit_number,02/02/2026,Residential Mechanical Permit,MEC,New Home,"4419 WATER WILLOW CT, DAYTON OHIO 45404",0,,,
MEC2026R-00063,O67 28020 0012,permit_number,02/02/2026,Residential Mechanical Permit,MEC,,"505 NORDALE AVE, DAYTON OH 45420-2333 United States",0,,39.73038592424654,-84.14897026971113
MEC2026R-00062,R72 03406 0017,address,01/29/2026,Residential Mechanical Permit,MEC,,"6 Lucerne AVE, DAYTON OH 45410-2048",,,39.7444688744474,-84.16527032962787
MEC2026R-00061,R72 14111 0023,address,01/29/2026,Residential Mechanical Permit,MEC,,"912 Danbury RD, DAYTON OH 45420-1607",,,39.7248878864275,-84.15486748082324
MEC2026R-00060,R72410816 0003,address,01/29/2026,Residential Mechanical Permit,MEC,,"4413 SOFTWOOD LN, DAYTON OH 45424-8028 United States",,,39.80765848447499,-84.10644842042025
MEC2026R-00059,R72 14108 0001,address,01/29/2026,Residential Mechanical Permit,MEC,,"3121 KENMORE AVE, DAYTON OH 45420-2237 United States",,,39.72418772269172,-84.14640534238191
MEC2026R-00058,R72 15504 0086,address,01/29/2026,Residential Mechanical Permit,MEC,,"27 STRAND AVE, DAYTON OH 45417-8930 United States",,,39.74585167303388,-84.27004643131595
MEC2026R-00057,I39401319 0039,permit_number,01/29/2026,Residential Mechanical Permit,MEC,,"325 RITCHIE ST, DAYTON OH 45404-2117 United States",0,,39.78422520402074,-84.16507479199359
MEC2026R-00056,H33301005 0013,permit_number,01/29/2026,Residential Mechanical Permit,MEC,,"1927 BENSON DR, DAYTON OH 45406-4405 United States",0,,39.78278451743595,-84.23291163214056
MEC2026R-00055,G27 24507 0010,permit_number,01/28/2026,Residential Mechanical Permit,MEC,,"503 CLIFTON DR, DAYTON OH 45417-3213 United States",0,,39.74507598217867,-84.23402642931363
MEC2026R-00054,A01 26002 0029,permit_number,01/23/2026,Residential Mechanical Permit,MEC,New Home,"4382 WEEPING WILLOW DR, DAYTON OH 45404 United States",0,,,
MEC2026R-00053,,unmatched,01/23/2026,Residential Mechanical Permit,MEC,New Home,"4318 WEEPING WILLOW DR, DAYTON OH 45404 United States",,,,
MEC2026R-00052,O67 03810 0115,permit_number,01/22/2026,Residential Mechanical Permit,MEC,,"20 FAIRGROUND AVE, DAYTON OH 45409 United States",0,,39.7420790356066,-84.18622670419985
MEC2026R-00051,P70 01312 0076,permit_number,01/22/2026,Residential Mechanical Permit,MEC,,"816 WELLMEIER AVE, DAYTON OH 45410-2907 United States",0,,39.748110446902714,-84.1493327440844
MEC2026R-00050,E21 24107 0024,permit_number,01/22/2026,Residential Mechanical Permit,MEC,,"6717 SERRELL LN, DAYTON OH 45424-8702 United States",0,,39.83199964335536,-84.09859476009999
MEC2026R-00049,P70 01614 0027,permit_number,01/22/2026,Residential Mechanical Permit,MEC,,"30 EVANSTON AVE, DAYTON OH 45409-2401 United States",0,,39.735653347565524,-84.17413912450472
MEC2026R-00048,K45 25625 0026,permit_number,01/22/2026,Residential Mechanical Permit,MEC,,"1226 COLWICK DR, DAYTON OH 45420-2208 United States",0,,39.72465944587649,-84.1451758488971
MEC2026R-00047,F25 01302 0138,permit_number,01/22/2026,Residential Mechanical Permit,MEC,,"4682 HEDGEWOOD AVE, DAYTON OH 45406-1339 United States",0,,39.79202826627332,-84.26206163347285
MEC2026R-00046,O67 21610 0027,permit_number,01/21/2026,Residential Mechanical Permit,MEC,,"33 S IRWIN ST, DAYTON OH 45403-2119 United States",0,,39.76523228424151,-84.15095484414486
MEC2026R-00045,C05 00314 0083,permit_number,01/21/2026,Residential Mechanical Permit,MEC,,"825 SALEM AVE, DAYTON OH 45406-5827 United States",0,,39.77209394995531,-84.21378294898507
MEC2026R-00044,K45 23206 0005,permit_number,01/21/2026,Residential Mechanical Permit,MEC,,"825 SALEM AVE, DAYTON OH 45406-5827 United States",0,,39.77209394995531,-84.21378294898507
MEC2026R-00043,K50 18450 0008,permit_number,01/21/2026,Residential Mechanical Permit,MEC,,"519 GRAMONT AVE, DAYTON OH 45402-5522 United States",0,,39.76221904933184,-84.23767290887616
MEC2026R-00042,P70 01815 0032,permit_number,01/21/2026,Residential Mechanical Permit,MEC,,"5524 E SIERRA CIR, DAYTON OH 45414",0,,,
MEC2026R-00041,M60 03102 0076,permit_number,01/20/2026,Residential Mechanical Permit,MEC,,"196 ALTON AVE, DAYTON OH 45404",0,,39.777836386643266,-84.16954029961872
MEC2026R-00040,C05 00314 0079,permit_number,01/20/2026,Residential Mechanical Permit,MEC,,"234 Bellewood AVE, DAYTON OH 45406-4821",0,,39.78252834957134,-84.21694721573263
MEC2026R-00039,O67 18510 0006,permit_number,01/20/2026,Residential Mechanical Permit,MEC,,"251 WYOMING ST, DAYTON OH 45409-2826 United States",0,,39.74547131156858,-84.18118317741548
MEC2026R-00038,I39 00814 0026,permit_number,01/20/2026,Residential Mechanical Permit,MEC,,"409 KENILWORTH AVE, DAYTON OH 45405-4039 United States",0,,39.776394293066986,-84.21094225674463
MEC2026R-00037,K45 25803 0006,permit_number,01/20/2026,Residential Mechanical Permit,MEC,,"3250 CAMPUS DR, DAYTON OH 45406-4123 United States",0,,39.7767563365982,-84.24204607531098
MEC2026R-00036,P70 01416 0022,permit_number,01/15/2026,Residential Mechanical Permit,MEC,,"39 PLEASANT ST, DAYTON OH 45403-2725 United States",0,,39.75946019547066,-84.15118093818396
MEC2026R-00035,P70 01503 0038,permit_number,01/15/2026,Residential Mechanical Permit,MEC,,"724 SALEM AVE, DAYTON OH 45406-5823 United States",0,,39.770658374471246,-84.21318896094569
MEC2026R-00034,O67 22340 0012,permit_number,01/15/2026,Residential Mechanical Permit,MEC,,"212 Mercer AVE, DAYTON OH 45402-8244",0,,39.75409466713616,-84.21680878053989
MEC2026R-00033,R72 02101 0022,address,01/15/2026,Residential Mechanical Permit,MEC,,"68 MCREYNOLDS ST, DAYTON OH 45403-2417 United States",,,39.75794791975382,-84.1670119115526
MEC2026R-00032,O67 17912 0003,permit_number,01/15/2026,Residential Mechanical Permit,MEC,,"4080 PRESCOTT AVE, DAYTON OH 45406-3434 United States",0,,39.7867551757547,-84.25152491439708
MEC2026R-00031,P70 01010 0008,permit_number,01/15/2026,Residential Mechanical Permit,MEC,New Home,"4238 WEEPING WILLOW DR, DAYTON OH 45404 United States",0,,,
MEC2026R-00030,P70 01414 0041,permit_number,01/13/2026,Residential Mechanical Permit,MEC,,"2000 SHAFTESBURY RD, DAYTON OH 45406-3818 United States",0,,39.78551951358037,-84.2403006061157
MEC2026R-00029,P70 01510 0021,permit_number,01/13/2026,Residential Mechanical Permit,MEC,,"1515 WESTONA DR, DAYTON OH 45410-3337 United States",0,,39.746497141591654,-84.13634359802224
MEC2026R-00028,O67 18515 0009,permit_number,01/13/2026,Residential Mechanical Permit,MEC,,"854 N UPLAND AVE, DAYTON OH 45402-5241 United States",0,,39.763159115284836,-84.2468259244579
MEC2026R-00027,H33301011 0096,permit_number,01/13/2026,Residential Mechanical Permit,MEC,,"2618 N MAIN ST, DAYTON OH 45405-3001 United States",0,,39.788134494642534,-84.21231258007748
MEC2026R-00026,H33 01208 0024,permit_number,01/13/2026,Residential Mechanical Permit,MEC,,"2616 N MAIN ST, DAYTON OH 45405-3001 United States",0,,39.78808827617802,-84.2122829870445
MEC2026R-00025,O67 28809 0008,permit_number,01/13/2026,Residential Mechanical Permit,MEC,Townes at Wright-Dunbar Project,"939 W THIRD ST, DAYTON OH 45402",0,,,
MEC2026R-00024,P70 00520 0051,permit_number,01/13/2026,Residential Mechanical Permit,MEC,,"2705 E SECOND ST, DAYTON OH 45403-1233 United States",0,,39.76707105380104,-84.15606861344257
MEC2026R-00023,P70 00905 0076,permit_number,01/12/2026,Residential Mechanical Permit,MEC,Townes at Wright-Dunbar Project,"937 W THIRD ST, DAYTON OH 45402",0,,,
MEC2026R-00022,,unmatched,01/12/2026,Residential Mechanical Permit,MEC,Townes at Wright-Dunbar Project,"935 W THIRD ST, DAYTON OH 45402",,,,
MEC2026R-00021,O67 17922 0004,permit_number,01/12/2026,Residential Mechanical Permit,MEC,Townes at Wright-Dunbar Project,"933 W THIRD ST, DAYTON OH 45402",0,,,
MEC2026R-00020,P70 00617 0019,permit_number,01/12/2026,Residential Mechanical Permit,MEC,Townes at Wright-Dunbar Project,"931 W THIRD ST, DAYTON OH 45402",0,,,
MEC2026R-00019,O67 03814 0208,permit_number,01/12/2026,Residential Mechanical Permit,MEC,Townes at Wright-Dunbar Project,"929 W Third St, Dayton OH 45402",0,,39.75669909833787,-84.21005127166542
MEC2026R-00018,P70 01506 0054,permit_number,01/12/2026,Residential Mechanical Permit,MEC,,"644 BOWEN ST, DAYTON OH 45410-2423 United States",0,,39.750770130747156,-84.15406984406087
MEC2026R-00017,R72 11006 0005,address,01/12/2026,Residential Mechanical Permit,MEC,,"57 REDWOOD AVE, DAYTON OH 45405-5111 United States",,,39.80054209469574,-84.2166686964794
MEC2026R-00016,H33 01316 0004,permit_number,01/12/2026,Residential Mechanical Permit,MEC,,"1219 HARVARD BLVD, DAYTON OH 45406-5928 United States",0,,39.77344379923261,-84.21910038208999
MEC2026R-00015,O67 28801 0003,permit_number,01/09/2026,Residential Mechanical Permit,MEC,,"4033 PRESCOTT AVE, DAYTON OH 45406-3455 United States",0,,39.78713297386728,-84.2493989384176
MEC2026R-00014,O67 50508 0001,permit_number,01/09/2026,Residential Mechanical Permit,MEC,,"43 CLOVER ST, DAYTON OH 45410-1419 United States",0,,39.749868976159085,-84.17648709515525
MEC2026R-00013,O67 28617 0011,permit_number,01/08/2026,Residential Mechanical Permit,MEC,,"2133 CATALPA DR, DAYTON OH 45406-3040 United States",0,,39.78666892908228,-84.2259114382736
MEC2026R-00012,P70 02108 0008,permit_number,01/08/2026,Residential Mechanical Permit,MEC,,"1608 W RIVERVIEW AVE, DAYTON OH 45402-5914 United States",0,,39.76255437839151,-84.21999867085484
MEC2026R-00011,G27 24507 0004,permit_number,01/08/2026,Residential Mechanical Permit,MEC,,"4527 PRESCOTT AVE, DAYTON OH 45406-2439 United States",0,,39.78663476701883,-84.25827354336609
MEC2026R-00010,O67 22209 0005,permit_number,01/08/2026,Residential Mechanical Permit,MEC,,"1447 TENNYSON AVE, DAYTON OH 45406-4260 United States",0,,39.77416097760596,-84.2383906556138
MEC2026R-00009,O67 50009 0117,permit_number,01/07/2026,Residential Mechanical Permit,MEC,,"837 LILAC AVE, DAYTON OH 45417-9128 United States",0,,39.76065958725707,-84.26842710651084
MEC2026R-00008,P70 00607 0029,permit_number,01/07/2026,Residential Mechanical Permit,MEC,,"1625 PINECREST DR, DAYTON OH 45414-5317 United States",0,,39.799788542508395,-84.19906143748709
MEC2026R-00007,P70 00512 0052,permit_number,01/06/2026,Residential Mechanical Permit,MEC,,"3014 MARTEL DR, DAYTON OH 45420-2248 United States",0,,39.72515501269201,-84.1435197994974
MEC2026R-00006,H33 00419 0008,permit_number,01/06/2026,Residential Mechanical Permit,MEC,,"1545 TAMPA AVE, DAYTON OH 45417-3851 United States",0,,39.74033793290099,-84.22167340574396
MEC2026R-00005,K47 23004 0004,permit_number,01/06/2026,Residential Mechanical Permit,MEC,,"3222 MESMER AVE, DAYTON OH 45410-3453 United States",0,,39.74326731456333,-84.13600809854265
MEC2026R-00004,O67 20208 0017,permit_number,01/02/2026,Residential Mechanical Permit,MEC,,"6684 LEXINGTON PL S, DAYTON OH 45424-4275 United States",0,,39.83004331243423,-84.09809046859505
MEC2026R-00003,O67 21716 0008,permit_number,01/02/2026,Residential Mechanical Permit,MEC,,"643 WATERVLIET AVE, DAYTON OH 45420-2544 United States",0,,39.731776171422524,-84.1431277965545
MEC2026R-00002,O67 22019 0004,permit_number,01/02/2026,Residential Mechanical Permit,MEC,,"4644 AMESBOROUGH RD, DAYTON OH 45420-3349 United States",0,,39.729428511135005,-84.12813726797114
MEC2026R-00001,E20 17612 0007,permit_number,01/02/2026,Residential Mechanical Permit,MEC,,"421 S SMITHVILLE RD, DAYTON OH 45403-3151 United States",0,,39.75886739286687,-84.1386625521967
PLB2026R-00530,R72 05104 0042,address,06/30/2026,Residential Plumbing Permit,PLB,,"320 RITA ST, DAYTON OH 45404-2062 United States",,,39.78150521361104,-84.16615568769429
PLB2026R-00529,R72 15501 0072,address,06/30/2026,Residential Plumbing Permit,PLB,,"407 WHITMORE AVE, DAYTON OH 45417-1365 United States",,,39.753579861495425,-84.26523388227052
PLB2026R-00528,R72 03403 0025,address,06/29/2026,Residential Plumbing Permit,PLB,,"27 GEBHART ST, DAYTON OH 45410-1718 United States",,,39.74441862288399,-84.1674459169637
PLB2026R-00527,,unmatched,06/29/2026,Residential Plumbing Permit,PLB,,"4392 Weeping Willow Dr., DAYTON OH",,,,
PLB2026R-00526,,unmatched,06/29/2026,Residential Plumbing Permit,PLB,,"4504 Cardinal Flower DR, Miamisburg OH 45342",,,,
PLB2026R-00525,R72 16211 0051,address,06/26/2026,Residential Plumbing Permit,PLB,,"2900 FOREST GROVE AVE, DAYTON OH 45406 United States",,,39.78260212018182,-84.23706387748926
PLB2026R-00524,R72 14611 0058,address,06/26/2026,Residential Plumbing Permit,PLB,,"2227 S SMITHVILLE RD, DAYTON OH 45420-2753 United States",,,39.73502841903964,-84.14101416191218
PLB2026R-00523,R72 15011 0002,address,06/25/2026,Residential Plumbing Permit,PLB,,"1671 PELL DR, DAYTON OH 45410-3310 United States",,,39.743498782338406,-84.13162443627027
PLB2026R-00522,R72 11303 0028,address,06/25/2026,Residential Plumbing Permit,PLB,,"821 W HILLCREST AVE, DAYTON OH 45406-1902 United States",,,39.79123833632498,-84.2279324744937
PLB2026R-00521,R72 07712 0052,address,06/24/2026,Residential Plumbing Permit,PLB,,"929 FERGUSON AVE, DAYTON OH 45402-6115 United States",,,39.76636782394304,-84.21667001070564
PLB2026R-00520,R72 07411 0076,address,06/24/2026,Residential Plumbing Permit,PLB,,"511 DAYTON VIEW PL, DAYTON OH 45402-4306 United States",,,39.76294383518023,-84.2105728756757
PLB2026R-00519,R72 09610 0007,address,06/24/2026,Residential Plumbing Permit,PLB,,"2324 LAKEVIEW AVE, DAYTON OH 45417-3636 United States",,,39.74222205172321,-84.23298444993509
PLB2026R-00518,R72 03113 0014,address,06/23/2026,Residential Plumbing Permit,PLB,,"232 LOWES ST, DAYTON OH 45409-2432 United States",,,39.73446069065342,-84.17921230417194
PLB2026R-00517,R72 03111 0019,address,06/23/2026,Residential Plumbing Permit,PLB,,"132 EVANSTON AVE, DAYTON OH 45409-2403 United States",,,39.73469683847392,-84.17391180718293
PLB2026R-00516,R72 11304 0024,address,06/23/2026,Residential Plumbing Permit,PLB,,"2445 MALVERN AVE, DAYTON OH 45406-1947 United States",,,39.79243112465714,-84.22953172847131
PLB2026R-00515,R72 01404 0057,address,06/23/2026,Residential Plumbing Permit,PLB,,"332 JONES ST, DAYTON OH 45410-1104 United States",,,39.7544885674145,-84.18061095331184
PLB2026R-00514,R72 07006 0014,address,06/23/2026,Residential Plumbing Permit,PLB,,"115 VICTOR AVE, DAYTON OH 45405-3746 United States",,,39.77918143055458,-84.21112102415002
PLB2026R-00513,R72 07006 0014,address,06/23/2026,Residential Plumbing Permit,PLB,,"113 VICTOR AVE, DAYTON OH 45405-3746 United States",,,39.77911549585593,-84.21112296096776
PLB2026R-00512,R72617323 0007,address,06/23/2026,Residential Plumbing Permit,PLB,,"4010 TERRE LINDA DR, DAYTON OH 45424-4521 United States",,,39.81782928114715,-84.1135906462592
PLB2026R-00511,,unmatched,06/22/2026,Residential Plumbing Permit,PLB,,"4620 Blue Iris Dr., DAYTON OH",,,,
PLB2026R-00510,R72 14504 0047,address,06/22/2026,Residential Plumbing Permit,PLB,,"2733 DWIGHT AVE, DAYTON OH 45420-2605 United States",,,39.727342425878795,-84.13948554071375
PLB2026R-00509,R72517515 0007,address,06/22/2026,Residential Plumbing Permit,PLB,,"1012 LISCUM DR, DAYTON OH 45417-5991 United States",,,39.72948726241765,-84.26762166747085
PLB2026R-00508,R72 09607 0034,address,06/22/2026,Residential Plumbing Permit,PLB,,"2323 LAKEVIEW AVE, DAYTON OH 45417-3635 United States",,,39.742716629666695,-84.23277623161613
PLB2026R-00507,R72 10403 0020,address,06/22/2026,Residential Plumbing Permit,PLB,,"1431 W STEWART ST, DAYTON OH 45417-3817 United States",,,39.74193779911808,-84.21856515850466
PLB2026R-00506,R72 16303 0062,address,06/18/2026,Residential Plumbing Permit,PLB,,"3026 W HILLCREST AVE, DAYTON OH 45406-1811 United States",,,39.79063997920831,-84.23959568107729
PLB2026R-00505,R72 12006 0017,address,06/18/2026,Residential Plumbing Permit,PLB,,"1346 PHILADELPHIA DR, DAYTON OH 45406-4644 United States",,,39.77166597933194,-84.23407263683114
PLB2026R-00504,R72 11304 0003,address,06/18/2026,Residential Plumbing Permit,PLB,,"1205 W HILLCREST AVE, DAYTON OH 45406-1916 United States",,,39.79118043510653,-84.23184981647074
PLB2026R-00503,R72 15404 0070,address,06/18/2026,Residential Plumbing Permit,PLB,,"1704 SUMAN AVE, DAYTON OH 45403-3139 United States",,,39.75634415245839,-84.1359059886237
PLB2026R-00502,R72 12307 0034,address,06/17/2026,Residential Plumbing Permit,PLB,,"4066 DELPHOS AVE, DAYTON OH 45402-5219 United States",,,39.7634299425139,-84.25112004942686
PLB2026R-00501,R72 09309 0039,address,06/17/2026,Residential Plumbing Permit,PLB,,"25 S MOSS AVE, DAYTON OH 45417-1803 United States",,,39.75038943143291,-84.24232609797026
PLB2026R-00500,R72 15609 0045,address,06/15/2026,Residential Plumbing Permit,PLB,,"3220 ZEPHYR DR, DAYTON OH 45414-5451 United States",,,39.794806638584234,-84.20102572825539
PLB2026R-00499,R72 02204 0030,address,06/15/2026,Residential Plumbing Permit,PLB,,"25 McKinley ST, DAYTON OH 45403",,,39.763301792730786,-84.1610708114644
PLB2026R-00498,R72 16104 0083,address,06/15/2026,Residential Plumbing Permit,PLB,,"5304 W RIVERVIEW AVE, DAYTON OH 45406-2243 United States",,,39.78436139800062,-84.2673770061466
PLB2026R-00497,R72 11207 0026,address,06/15/2026,Residential Plumbing Permit,PLB,,"447 CHERRY DR, DAYTON OH 45405-3052 United States",,,39.7886147024287,-84.21814368272831
PLB2026R-00496,R72 08503 0083,address,06/15/2026,Residential Plumbing Permit,PLB,,"123 HORACE AVE, DAYTON OH 45402-8316 United States",,,39.75420975408984,-84.20782199217224
PLB2026R-00495,R72 04712 0043,address,06/15/2026,Residential Plumbing Permit,PLB,,"53 S WRIGHT AVE, DAYTON OH 45403-2249 United States",,,39.76515916026141,-84.14269156182696
PLB2026R-00494,R72 14903 0079,address,06/15/2026,Residential Plumbing Permit,PLB,,"1812 COVENTRY RD, DAYTON OH 45420-2404 United States",,,39.74059206201276,-84.1435103739084
PLB2026R-00493,R72 07107 0030,address,06/15/2026,Residential Plumbing Permit,PLB,,"68 W NORMAN AVE, DAYTON OH 45405-3332 United States",,,39.78364032399281,-84.21226618827635
PLB2026R-00492,R72 06910 0063,address,06/12/2026,Residential Plumbing Permit,PLB,,"1215 MOUNT VERNON AVE, DAYTON OH 45405-3950 United States",,,39.77898747325267,-84.21835816756068
PLB2026R-00486,R72 14303 0019,address,06/11/2026,Residential Plumbing Permit,PLB,,"216 NORDALE AVE, DAYTON OH 45420-1740 United States",,,39.73031958001698,-84.15250352729323
PLB2026R-00487,R72 03603 0036,address,06/11/2026,Residential Plumbing Permit,PLB,,"1216 EPWORTH AVE, DAYTON OH 45410-2614 United States",,,39.74345507760936,-84.15661012366566
PLB2026R-00485,R72 15111 0023,address,06/11/2026,Residential Plumbing Permit,PLB,,"28 BRAD CIR, DAYTON OH 45410-3108 United States",,,39.74602036107897,-84.14644838753053
PLB2026R-00488,R72 01911 0058,address,06/11/2026,Residential Plumbing Permit,PLB,,"17 JAMES ST, DAYTON OH 45410-1243 United States",,,39.751569493004645,-84.1790998802718
PLB2026R-00491,R72 16411 0007,address,06/11/2026,Residential Plumbing Permit,PLB,,"4629 ALLEGHENY AVE, DAYTON OH 45432-3248 United States",,,39.73746974696577,-84.12763161682699
PLB2026R-00490,,unmatched,06/11/2026,Residential Plumbing Permit,PLB,,"6950 BLUEBIRD DR, DAYTON OH 45424",,,,
PLB2026R-00489,R72 51461 0001,address,06/11/2026,Residential Plumbing Permit,PLB,20 UNIT CONDO,"207 E SIXTH ST, DAYTON OH 45402-2862 United States",,,39.756193685247126,-84.18709829300921
PLB2026R-00484,R72217623 0022,address,06/11/2026,Residential Plumbing Permit,PLB,,"3921 COPPER TREE CT, DAYTON OH 45424-4887 United States",,,39.818292247386694,-84.1205663905789
PLB2026R-00483,R72603714 0019,address,06/11/2026,Residential Plumbing Permit,PLB,,"6406 OSPREY CT, DAYTON OH 45424-8108 United States",,,39.83459685169624,-84.10703452480699
PLB2026R-00482,R72 04304 0008,address,06/11/2026,Residential Plumbing Permit,PLB,,"809 S SMITHVILLE RD, DAYTON OH 45403-3349 United States",,,39.75546842749665,-84.13903375514364
PLB2026R-00481,R72 04302 0036,address,06/11/2026,Residential Plumbing Permit,PLB,,"1529 HUFFMAN AVE, DAYTON OH 45403-3020 United States",,,39.75785853390699,-84.13981389573846
PLB2026R-00480,R72 14002 0022,address,06/11/2026,Residential Plumbing Permit,PLB,,"1010 BROADVIEW BLVD, DAYTON OH 45419-3701 United States",,,39.72113263005267,-84.15770469342534
PLB2026R-00479,R72 10609 0040,address,06/10/2026,Residential Plumbing Permit,PLB,,"402 HARRIET ST, DAYTON OH 45417-4024 United States",,,39.73895230061558,-84.19831828764472
PLB2026R-00478,R72 14208 0012,address,06/10/2026,Residential Plumbing Permit,PLB,,"618 BELLAIRE AVE, DAYTON OH 45420-2306 United States",,,39.72874623247893,-84.14724943831858
PLB2026R-00477,R72 14611 0027,address,06/10/2026,Residential Plumbing Permit,PLB,,"2313 FAUVER AVE, DAYTON OH 45420-2524 United States",,,39.73349140060176,-84.14214447974645
PLB2026R-00476,R72 07307 0003,address,06/09/2026,Residential Plumbing Permit,PLB,,"49 CAMBRIDGE AVE, DAYTON OH 45406-5002 United States",,,39.7702746257707,-84.21464199648666
PLB2026R-00475,R72 07307 0003,address,06/09/2026,Residential Plumbing Permit,PLB,,"51 CAMBRIDGE AVE, DAYTON OH 45406-5002 United States",,,39.770276535222294,-84.21469894264067
PLB2026R-00474,R72 09602 0043,address,06/09/2026,Residential Plumbing Permit,PLB,,"530 ELEANOR AVE, DAYTON OH 45417-2006 United States",,,39.74444991962614,-84.23613475836729
PLB2026R-00473,R72 11703 0008,address,06/09/2026,Residential Plumbing Permit,PLB,,"602 W FAIRVIEW AVE, DAYTON OH 45405-3206 United States",,,39.7861683641504,-84.22224032360336
PLB2026R-00472,R72 12302 0034,address,06/09/2026,Residential Plumbing Permit,PLB,,"945 LELAND AVE, DAYTON OH 45402-5311 United States",,,39.764993521622664,-84.24515695421275
PLB2026R-00471,R72 04605 0018,address,06/09/2026,Residential Plumbing Permit,PLB,,"12 S PHILADELPHIA ST, DAYTON OH 45403-2102 United States",,,39.76503945640313,-84.15566094988897
PLB2026R-00470,R72 12505 0059,address,06/09/2026,Residential Plumbing Permit,PLB,,"454 LORENZ AVE, DAYTON OH 45417-2340 United States",,,39.761091718871505,-84.23481634666629
PLB2026R-00469,R72 11305 0007,address,06/09/2026,Residential Plumbing Permit,PLB,,"725 UHRIG AVE, DAYTON OH 45406-2837 United States",,,39.79045667741462,-84.22675628158433
PLB2026R-00468,R72 07405 0090,address,06/09/2026,Residential Plumbing Permit,PLB,,"645 SUPERIOR AVE, DAYTON OH 45402-6304 United States",,,39.76583885593601,-84.21191768525455
PLB2026R-00467,R72 02808 0001,address,06/08/2026,Residential Plumbing Permit,PLB,,"101 WOODLAND AVE, DAYTON OH 45409-2855 United States",,,39.74320905995476,-84.18020739615439
PLB2026R-00466,R72 14107 0022,address,06/08/2026,Residential Plumbing Permit,PLB,,"1245 Patterson RD, DAYTON OH 45420-1525",,,39.723979965067386,-84.1444877418441
PLB2026R-00465,,unmatched,06/08/2026,Residential Plumbing Permit,PLB,,"4362 WEEPING WILLOW DR, DAYTON OH 45404 United States",,,,
PLB2026R-00464,R72 16215 0109,address,06/08/2026,Residential Plumbing Permit,PLB,,"2039 SHAFTESBURY RD, DAYTON OH 45406-3819 United States",,,39.78650008838395,-84.2408340537185
PLB2026R-00463,R72 07712 0010,address,06/05/2026,Residential Plumbing Permit,PLB,,"1216 W GRAND AVE, DAYTON OH 45402-6260 United States",,,39.76673111052589,-84.21698495459881
PLB2026R-00462,R72 14802 0056,address,06/05/2026,Residential Plumbing Permit,PLB,,"2217 NILL AVE, DAYTON OH 45420-2368 United States",,,39.735259634373755,-84.1474211829501
PLB2026R-00461,R72 11601 0037,address,06/05/2026,Residential Plumbing Permit,PLB,,"1835 RAVENWOOD AVE, DAYTON OH 45406-5622 United States",,,39.782054370147335,-84.22695015497175
PLB2026R-00460,R72 15105 0075,address,06/04/2026,Residential Plumbing Permit,PLB,,"1423 JOHN GLENN RD, DAYTON OH 45410-3112 United States",,,39.7476642736221,-84.14455569463122
PLB2026R-00459,,unmatched,06/04/2026,Residential Plumbing Permit,PLB,,"2121 MERSHON, DAYTON OH",,,,
PLB2026R-00458,R72 51466 0031,address,06/03/2026,Residential Plumbing Permit,PLB,,"226 MCDANIEL ST, DAYTON OH 45405-4828 United States",,,39.768958951416465,-84.1958331094702
PLB2026R-00457,R72 06703 0071,address,06/03/2026,Residential Plumbing Permit,PLB,,"77 NEAL AVE, DAYTON OH 45405-4561 United States",,,39.771421290120976,-84.19947266607751
PLB2026R-00456,R72 11106 0041,address,06/03/2026,Residential Plumbing Permit,PLB,,"51 CLIFF ST, DAYTON OH 45405-2805 United States",,,39.792671493803056,-84.2169338961582
PLB2026R-00455,R72 13101 0011,address,06/02/2026,Residential Plumbing Permit,PLB,,"23 S HATFIELD ST, DAYTON OH 45417-1827 United States",,,39.74881718439566,-84.25199433037326
PLB2026R-00454,R72 12808 0014,address,06/02/2026,Residential Plumbing Permit,PLB,,"53 N UPLAND AVE, DAYTON OH 45417-1749 United States",,,39.75204691359361,-84.24699565068056
PLB2026R-00453,R72 14106 0022,address,06/02/2026,Residential Plumbing Permit,PLB,,"1327 PATTERSON RD, DAYTON OH 45420-1527 United States",,,39.72386100727925,-84.14279240535885
PLB2026R-00446,R72 06808 0034,address,06/01/2026,Residential Plumbing Permit,PLB,,"249 WROE AVE, DAYTON OH 45406-5252 United States",,,39.77377783802077,-84.20923041022355
PLB2026R-00448,R72117201 0026,address,06/01/2026,Residential Plumbing Permit,PLB,,"1639 BARTLEY RD, DAYTON OH 45414-3048 United States",,,39.82899255335226,-84.20491661327408
PLB2026R-00447,R72 14801 0070,address,06/01/2026,Residential Plumbing Permit,PLB,,"2151 MAPLEVIEW AVE, DAYTON OH 45420-1813 United States",,,39.73677374326344,-84.15142599551378
PLB2026R-00449,R72 03407 0018,address,06/01/2026,Residential Plumbing Permit,PLB,,"24 MISSOURI AVE, DAYTON OH 45410-2014 United States",,,39.74644195918943,-84.16515738354282
PLB2026R-00450,R72 13810 0022,address,06/01/2026,Residential Plumbing Permit,PLB,,"552 KLING DR, DAYTON OH 45419-4007 United States",,,39.726752891085845,-84.16140852176221
PLB2026R-00451,R72 02006 0045,address,06/01/2026,Residential Plumbing Permit,PLB,,"248 MCCLURE ST, DAYTON OH 45410-1529 United States",,,39.754171882534536,-84.16955405506462
PLB2026R-00452,R72410820 0023,address,06/01/2026,Residential Plumbing Permit,PLB,,"4271 COACH LIGHT TRL, DAYTON OH 45424-8038 United States",,,39.80480410419249,-84.10636478488965
PLB2026R-00445,R72 02806 0011,address,06/01/2026,Residential Plumbing Permit,PLB,,"260 OBELL CT, DAYTON OH 45409-2819 United States",,,39.744397232535995,-84.18064507947493
PLB2026R-00444,R72 15610 0129,address,06/01/2026,Residential Plumbing Permit,PLB,,"3809 HILLMONT AVE, DAYTON OH 45414-5311 United States",,,39.80167892045826,-84.20218679633714
PLB2026R-00443,R72 15613 0002,address,05/29/2026,Residential Plumbing Permit,PLB,,"2904 RIDGE AVE, DAYTON OH 45414-5437 United States",,,39.79180629034728,-84.19926892375791
PLB2026R-00442,R72 14801 0005,address,05/29/2026,Residential Plumbing Permit,PLB,,"2225 KING AVE, DAYTON OH 45420-2361 United States",,,39.7358501249381,-84.14877234820709
PLB2026R-00441,R72 04311 0026,address,05/29/2026,Residential Plumbing Permit,PLB,,"1469 DARST AVE, DAYTON OH 45403-2807 United States",,,39.758841878744214,-84.14146111049128
PLB2026R-00440,R72 01510 0012,address,05/29/2026,Residential Plumbing Permit,PLB,,"127 JONES ST, DAYTON OH 45410-1107 United States",,,39.75422830619918,-84.18400557787429
PLB2026R-00439,R72 12013 0016,address,05/29/2026,Residential Plumbing Permit,PLB,,"1402 CHADWICK DR, DAYTON OH 45406-4724 United States",,,39.772080736339234,-84.22495935577703
PLB2026R-00438,R72 05204 0062,address,05/29/2026,Residential Plumbing Permit,PLB,,"1306 LEO ST, DAYTON OH 45404-1742 United States",,,39.78225720521133,-84.17598536602183
PLB2026R-00437,R72 13608 0051,address,05/28/2026,Residential Plumbing Permit,PLB,,"1528 DIETZEN ST, DAYTON OH 45417-4635 United States",,,39.73556350745149,-84.21415801731483
PLB2026R-00436,R72 05204 0075,address,05/28/2026,Residential Plumbing Permit,PLB,,"1325 Schaeffer ST, DAYTON OH 45404-1762",,,39.781761695070685,-84.17550010441845
PLB2026R-00435,R72710810 0003,address,05/28/2026,Residential Plumbing Permit,PLB,,"6021 RIVA RIDGE DR, DAYTON OH 45414-2903 United States",,,39.834765330691056,-84.2076353691828
PLB2026R-00434,R72 04804 0036,address,05/28/2026,Residential Plumbing Permit,PLB,,"3500 E THIRD ST, DAYTON OH 45403-2228 United States",,,39.76670649790011,-84.14649240960182
PLB2026R-00433,R72 50409 0001,address,05/28/2026,Residential Plumbing Permit,PLB,,"512 WATERVLIET AVE, APT/UNIT A, DAYTON OH 45420-2563 United States",,,39.73388590872436,-84.14455076238214
PLB2026R-00432,R72 12411 0046,address,05/27/2026,Residential Plumbing Permit,PLB,,"728 Whitmore AVE, DAYTON OH 45417-1165",,,39.75847717017387,-84.26459301262616
PLB2026R-00431,R72 11408 0003,address,05/27/2026,Residential Plumbing Permit,PLB,,"431 W FAIRVIEW AVE, DAYTON OH 45405-3308 United States",,,39.78566927360241,-84.21976870458946
PLB2026R-00430,R72 14903 0037,address,05/27/2026,Residential Plumbing Permit,PLB,,"1900 ROSEMONT BLVD, DAYTON OH 45420-2513 United States",,,39.739435629181806,-84.14236988589577
PLB2026R-00429,R72 07008 0032,address,05/27/2026,Residential Plumbing Permit,PLB,,"311 DELAWARE AVE, DAYTON OH 45405-3914 United States",,,39.7773331774242,-84.21095458813129
PLB2026R-00428,R72 14711 0030,address,05/27/2026,Residential Plumbing Permit,PLB,,"4014 WOODCLIFFE AVE, DAYTON OH 45420-2849 United States",,,39.73917644031484,-84.1397069502573
PLB2026R-00427,R72410826 0021,address,05/27/2026,Residential Plumbing Permit,PLB,,"4344 DOBBIN CIR, DAYTON OH 45424-8129 United States",,,39.80833818201902,-84.10753927776138
PLB2026R-00426,R72 11805 0008,address,05/26/2026,Residential Plumbing Permit,PLB,,"601 RIDGEDALE RD, DAYTON OH 45406-4855 United States",,,39.78071224809106,-84.21945414824054
PLB2026R-00425,R72117011 0026,address,05/26/2026,Residential Plumbing Permit,PLB,,"5140 SILVERDOME DR, DAYTON OH 45414",,,39.82235571079292,-84.15926022544686
PLB2026R-00424,R72410823 0018,address,05/26/2026,Residential Plumbing Permit,PLB,,"3448 FOREST RIDGE BLVD, DAYTON OH 45424-5185 United States",,,39.80597799652662,-84.10485395832865
PLB2026R-00423,R72603713 0008,address,05/26/2026,Residential Plumbing Permit,PLB,,"6359 FOUNTAINHEAD DR, DAYTON OH 45424-4194 United States",,,39.83719601383336,-84.10630740904851
PLB2026R-00422,R72 12110 0007,address,05/26/2026,Residential Plumbing Permit,PLB,,"1412 N JAMES H MCGEE BLVD, DAYTON OH 45402-5410 United States",,,39.767112504715975,-84.23912567198481
PLB2026R-00421,,unmatched,05/26/2026,Residential Plumbing Permit,PLB,,"4507 Cardinal Flower DR, DAYTON OH 45404",,,,
PLB2026R-00420,,unmatched,05/26/2026,Residential Plumbing Permit,PLB,,"4621 BLUE IRIS DR, DAYTON OH 45404",,,,
PLB2026R-00419,,unmatched,05/26/2026,Residential Plumbing Permit,PLB,,"4414 Water Willow CT, Dayton Ohio 45404",,,,
PLB2026R-00418,R72 12706 0039,address,05/22/2026,Residential Plumbing Permit,PLB,,"2316 GREENWAY ST, DAYTON OH 45417-1653 United States",,,39.75483754584063,-84.24436190499897
PLB2026R-00417,R72 06308 0013,address,05/22/2026,Residential Plumbing Permit,PLB,,"38 POINTVIEW AVE, DAYTON OH 45405-2801 United States",,,39.792776652257636,-84.21369387909276
PLB2026R-00416,R72516922 0009,address,05/21/2026,Residential Plumbing Permit,PLB,,"5155 DAYTON-LIBERTY RD, DAYTON OH 45417-5949 United States",,,39.73228850230158,-84.27701388990056
PLB2026R-00415,R72 11913 0099,address,05/21/2026,Residential Plumbing Permit,PLB,,"1447 TENNYSON AVE, DAYTON OH 45406-4260 United States",,,39.77416097760596,-84.2383906556138
PLB2026R-00414,R72 03606 0021,address,05/21/2026,Residential Plumbing Permit,PLB,,"1321 HOLLY AVE, DAYTON OH 45410-2628 United States",,,39.74146939948362,-84.15509041599508
PLB2026R-00413,R72 16415 0012,address,05/21/2026,Residential Plumbing Permit,PLB,Shrout Single Family Home - Tub to Shower Replacement,"4869 Andes DR, DAYTON OH 45432",,,39.73355631343571,-84.12393057239092
PLB2026R-00412,R72 04706 0055,address,05/21/2026,Residential Plumbing Permit,PLB,,"63 S HEDGES ST, DAYTON OH 45403-2133 United States",,,39.76488484840324,-84.14852721870575
PLB2026R-00411,R72 17722 0013,address,05/21/2026,Residential Plumbing Permit,PLB,,"4205 CAPE COD CT, DAYTON OH 45406-1431 United States",,,39.79444816203865,-84.2587166108412
PLB2026R-00410,R72 11806 0028,address,05/21/2026,Residential Plumbing Permit,PLB,,"21 VASSAR DR, DAYTON OH 45406-4929 United States",,,39.77925005802704,-84.2221653745725
PLB2026R-00409,R72 11709 0009,address,05/20/2026,Residential Plumbing Permit,PLB,,"312 W NORMAN AVE, DAYTON OH 45405-3340 United States",,,39.783644389751835,-84.21854424165704
PLB2026R-00408,R72 15407 0019,address,05/20/2026,Residential Plumbing Permit,PLB,,"1921 Tuttle AVE, DAYTON OH 45403-3431",,,39.75389446215779,-84.13122035393424
PLB2026R-00407,,unmatched,05/20/2026,Residential Plumbing Permit,PLB,,"4220 WEEPING WILLOW DR, DAYTON OH 45404 United States",,,,
PLB2026R-00406,,unmatched,05/20/2026,Residential Plumbing Permit,PLB,,"4492 CARDINAL FLOWER DR, DAYTON OH 45404",,,,
PLB2026R-00405,R72 16118 0013,address,05/19/2026,Residential Plumbing Permit,PLB,,"2134 HICKORYDALE DR, DAYTON OH 45406-2241 United States",,,39.788465410149534,-84.26398602175928
PLB2026R-00404,R72 02805 0081,address,05/18/2026,Residential Plumbing Permit,PLB,,"19 ROGGE ST, DAYTON OH 45409-2823 United States",,,39.74496829632821,-84.17954212394501
PLB2026R-00403,R72 14410 0061,address,05/18/2026,Residential Plumbing Permit,PLB,,"2827 DWIGHT AVE, DAYTON OH 45420-2607 United States",,,39.72609135256007,-84.13960905473058
PLB2026R-00402,R72 12603 0028,address,05/18/2026,Residential Plumbing Permit,PLB,,"352 WESTWOOD AVE, DAYTON OH 45417-1628 United States",,,39.75764344904684,-84.24106664544377
PLB2026R-00401,R72 10403A0012,address,05/18/2026,Residential Plumbing Permit,PLB,,"1324 BANCROFT ST, DAYTON OH 45417-3810 United States",,,39.743109015804826,-84.21659512333926
PLB2026R-00400,R72 15611 0007,address,05/15/2026,Residential Plumbing Permit,PLB,,"3816 RIDGE AVE, DAYTON OH 45414-5326 United States",,,39.80132487955066,-84.19934096553857
PLB2026R-00399,R72 04307 0010,address,05/14/2026,Residential Plumbing Permit,PLB,,"726 GREENLAWN AVE, DAYTON OH 45403-3332 United States",,,39.753483599886,-84.14233452205126
PLB2026R-00398,R72 05207 0036,address,05/14/2026,Residential Plumbing Permit,PLB,,"174 BALTIMORE ST, DAYTON OH 45404-1902 United States",,,39.77981320097248,-84.17043549983521
PLB2026R-00397,R72 04804 0078,address,05/14/2026,Residential Plumbing Permit,PLB,,"3709 E Third ST, DAYTON OH 45403-2235",,,39.76697428983648,-84.14405898581047
PLB2026R-00396,R72 07705 0042,address,05/13/2026,Residential Plumbing Permit,PLB,,"1407 W GRAND AVE, DAYTON OH 45402-6037 United States",,,39.76715220233978,-84.21990936124759
PLB2026R-00395,R72 15801 0004,address,05/13/2026,Residential Plumbing Permit,PLB,,"3740 KINGS HWY, DAYTON OH 45406-3504 United States",,,39.7831522300154,-84.24530581433002
PLB2026R-00394,R72 15801 0004,address,05/13/2026,Residential Plumbing Permit,PLB,,"3738 KINGS HWY, DAYTON OH 45406-3504 United States",,,39.783153343582036,-84.24523114808377
PLB2026R-00393,,unmatched,05/13/2026,Residential Plumbing Permit,PLB,,"2206 DELLA DR, DAYTON OH 45417",,,,
PLB2026R-00392,,unmatched,05/13/2026,Residential Plumbing Permit,PLB,,"1040 BUNCHE AVE, DAYTON OHIO 45417",,,,
PLB2026R-00391,R72 14701 0010,address,05/13/2026,Residential Plumbing Permit,PLB,,"819 HIGHRIDGE AVE, DAYTON OH 45420-2738 United States",,,39.73175859611566,-84.14020106834123
PLB2026R-00390,R72 16505 0020,address,05/13/2026,Residential Plumbing Permit,PLB,,"1561 SELKIRK RD, DAYTON OH 45432-3511 United States",,,39.73499345552181,-84.11949369431676
PLB2026R-00389,R72 16210 0040,address,05/13/2026,Residential Plumbing Permit,PLB,,"1831 SHAFTESBURY RD, DAYTON OH 45406 United States",,,39.782156381385576,-84.24063658204861
PLB2026R-00388,R72417305 0013,address,05/13/2026,Residential Plumbing Permit,PLB,,"5437 QUISENBERRY DR, DAYTON OH 45424-4743 United States",,,39.815687462951026,-84.11220583552
PLB2026R-00387,R72 13312 0047,address,05/13/2026,Residential Plumbing Permit,PLB,,"2846 REVELS AVE, DAYTON OH 45417-4227 United States",,,39.736152227523206,-84.24121627987431
PLB2026R-00386,R72 03502 0105,address,05/13/2026,Residential Plumbing Permit,PLB,,"1119 HIGHLAND AVE, DAYTON OH 45410-2321 United States",,,39.74461814526035,-84.15940501211742
PLB2026R-00385,R72 12907 0010,address,05/13/2026,Residential Plumbing Permit,PLB,,"4644 LAUREL DR, DAYTON OH 45417-1259 United States",,,39.755301079577876,-84.26417108951622
PLB2026R-00384,R72 17006 0032,address,05/12/2026,Residential Plumbing Permit,PLB,,"3516 VIEWEL AVE, DAYTON OH 45414-5336 United States",,,39.798198414470924,-84.19434876050148
PLB2026R-00383,R72 06903 0063,address,05/12/2026,Residential Plumbing Permit,PLB,,"527 KENWOOD AVE, DAYTON OH 45406-5116 United States",,,39.7754754516814,-84.21274876208818
PLB2026R-00382,R72 12111 0001,address,05/12/2026,Residential Plumbing Permit,PLB,,"3008 PRINCETON DR, DAYTON OH 45406-4311 United States",,,39.77227708831105,-84.23859276714587
PLB2026R-00381,R72 12608 0010,address,05/12/2026,Residential Plumbing Permit,PLB,,"2915 EDISON ST, DAYTON OH 45417-1603 United States",,,39.75637939431881,-84.25051598407056
PLB2026R-00380,R72 04905 0080,address,05/12/2026,Residential Plumbing Permit,PLB,,"50 DIAMOND AVE, DAYTON OH 45403-1311 United States",,,39.77044157652254,-84.15072243446654
PLB2026R-00379,R72 12112 0177,address,05/12/2026,Residential Plumbing Permit,PLB,,"3315 Earlham DR, DAYTON OH 45406-4216",,,39.77488712314611,-84.24199933521147
PLB2026R-00378,R72 03112 0075,address,05/12/2026,Residential Plumbing Permit,PLB,,"202 LAWNVIEW AVE, DAYTON OH 45409-2431 United States",,,39.73482150152586,-84.17691351498848
PLB2026R-00377,R72 15408 0222,address,05/12/2026,Residential Plumbing Permit,PLB,,"4720 BURKHARDT AVE, DAYTON OH 45403-3204 United States",,,39.759714210192215,-84.13052766674464
PLB2026R-00376,R72 03110 0053,address,05/11/2026,Residential Plumbing Permit,PLB,,"411 LOWES ST, DAYTON OH 45409-2439 United States",,,39.735137382945084,-84.17665006525263
PLB2026R-00375,R72 11212 0020,address,05/11/2026,Residential Plumbing Permit,PLB,,"2444 MAYFAIR RD, DAYTON OH 45405-2823 United States",,,39.79238677214191,-84.2204292736752
PLB2026R-00374,R72 06407 0044,address,05/08/2026,Residential Plumbing Permit,PLB,,"128 MCDANIEL ST, DAYTON OH 45405-4818 United States",,,39.7679604407114,-84.19576613367809
PLB2026R-00373,R72 16117 0008,address,05/08/2026,Residential Plumbing Permit,PLB,,"5050 COPELAND ST, DAYTON OH 45406-1211 United States",,,39.79397771641765,-84.26625776898373
PLB2026R-00372,R72 05208 0049,address,05/07/2026,Residential Plumbing Permit,PLB,,"1815 Warner AVE, DAYTON OH 45404-1988",,,39.77810935636556,-84.17015262431443
PLB2026R-00371,R72 12114 0005,address,05/07/2026,Residential Plumbing Permit,PLB,,"1525 WESLEYAN RD, DAYTON OH 45406-4250 United States",,,39.77512238920438,-84.24440729015164
PLB2026R-00370,R72 11507 0049,address,05/07/2026,Residential Plumbing Permit,PLB,,"2020 ELSMERE AVE, DAYTON OH 45406-4431 United States",,,39.784084161002326,-84.23005038355096
PLB2026R-00369,R72 01307 0003,address,05/07/2026,Residential Plumbing Permit,PLB,,"108 MCCLURE ST, DAYTON OH 45403-2432 United States",,,39.756882095845086,-84.17031626945834
PLB2026R-00368,R72 13214 0052,address,05/07/2026,Residential Plumbing Permit,PLB,,"525 BOWIE DR, DAYTON OH 45417-3102 United States",,,39.74125154263951,-84.2491116475943
PLB2026R-00367,R72 04304 0005,address,05/05/2026,Residential Plumbing Permit,PLB,,"1536 GUMMER AVE, DAYTON OH 45403-3354 United States",,,39.75571775864046,-84.13946294443225
PLB2026R-00366,,unmatched,05/05/2026,Residential Plumbing Permit,PLB,,"222 BURNS AVE, DAYTON OH 45402 United States",,,,
PLB2026R-00365,,unmatched,05/05/2026,Residential Plumbing Permit,PLB,,"220 BURNS AVE, DAYTON OH 45402 United States",,,,
PLB2026R-00364,,unmatched,05/05/2026,Residential Plumbing Permit,PLB,,"218 BURNS AVE, DAYTON OH 45402 United States",,,,
PLB2026R-00363,,unmatched,05/05/2026,Residential Plumbing Permit,PLB,,"216 BURNS AVE, DAYTON OH 45402 United States",,,,
PLB2026R-00362,,unmatched,05/05/2026,Residential Plumbing Permit,PLB,,"214 BURNS AVE, DAYTON OH 45402 United States",,,,
PLB2026R-00361,R72 02806 0073,address,05/05/2026,Residential Plumbing Permit,PLB,,"51 CHAMBERS ST, APT/UNIT 2, DAYTON OH 45409-2875 United States",,,39.74410827771459,-84.18087995761256
PLB2026R-00360,R72 03907 0051,address,05/05/2026,Residential Plumbing Permit,PLB,,"624 BOWEN ST, DAYTON OH 45410-2423 United States",,,39.75126499308915,-84.15402820268845
PLB2026R-00359,R72 15106 0005,address,05/05/2026,Residential Plumbing Permit,PLB,,"819 SANTA CRUZ AVE, DAYTON OH 45410-3128 United States",,,39.74800181492299,-84.14866497714601
PLB2026R-00358,R72217304 0058,address,05/04/2026,Residential Plumbing Permit,PLB,,"4529 BULRUSH CT, DAYTON OH 45404 United States",,,39.81866451108163,-84.14497449475047
PLB2026R-00357,,unmatched,05/04/2026,Residential Plumbing Permit,PLB,,"4503 BLUE IRIS DR, DAYTON OHIO 45404",,,,
PLB2026R-00356,R72 07403 0033,address,05/04/2026,Residential Plumbing Permit,PLB,,"1044 W GRAND AVE, DAYTON OH 45402-6122 United States",,,39.76676144480499,-84.21416770200446
PLB2026R-00355,R72 12501 0034,address,05/04/2026,Residential Plumbing Permit,PLB,,"525 HURON AVE, DAYTON OH 45417-1508 United States",,,39.76017526771506,-84.24271662312988
PLB2026R-00354,R72 15402 0001,address,05/04/2026,Residential Plumbing Permit,PLB,,"1839 GUMMER AVE, DAYTON OH 45403-3442 United States",,,39.755660880778095,-84.13253528954668
PLB2026R-00353,,unmatched,04/30/2026,Residential Plumbing Permit,PLB,,"52 S TERRY ST, DAYTON OH 45403",,,,
PLB2026R-00352,R72617309 0014,address,04/30/2026,Residential Plumbing Permit,PLB,,"5000 GANDER RD W, DAYTON OH 45424-4509 United States",,,39.824540337046734,-84.11016034447184
PLB2026R-00351,R72 11505 0028,address,04/30/2026,Residential Plumbing Permit,PLB,HOMEOWNERS PERMIT,"2025 PHILADELPHIA DR, DAYTON OH 45406-2721 United States",,,39.78451117481315,-84.2351647291541
PLB2026R-00350,R72 04209 0037,address,04/29/2026,Residential Plumbing Permit,PLB,,"244 LIVINGSTON AVE, DAYTON OH 45403-2942 United States",,,39.75492216399222,-84.14879314282855
PLB2026R-00349,R72 07208 0033,address,04/29/2026,Residential Plumbing Permit,PLB,,"916 PRINCETON DR, DAYTON OH 45406 United States",,,39.77411285711407,-84.21897451880801
PLB2026R-00348,R72 07905 0016,address,04/28/2026,Residential Plumbing Permit,PLB,,"1811 W GRAND AVE, DAYTON OH 45402-5721 United States",,,39.76702436333546,-84.22709709928446
PLB2026R-00347,R72 07905 0016,address,04/28/2026,Residential Plumbing Permit,PLB,,"1809 W GRAND AVE, DAYTON OH 45402-5721 United States",,,39.76702525539729,-84.22703666899116
PLB2026R-00346,R72 16215 0074,address,04/28/2026,Residential Plumbing Permit,PLB,,"2037 KENSINGTON DR, DAYTON OH 45406-3804 United States",,,39.78647803223711,-84.24194749945413
PLB2026R-00345,R72 12209 0060,address,04/28/2026,Residential Plumbing Permit,PLB,,"644 BROOKLYN AVE, DAYTON OH 45402-5501 United States",,,39.76281499456842,-84.23988300333886
PLB2026R-00344,R72 14601 0031,address,04/28/2026,Residential Plumbing Permit,PLB,,"1156 HIGHRIDGE AVE, DAYTON OH 45420-3067 United States",,,39.73098069555963,-84.13300282737539
PLB2026R-00343,R72 11203 0085,address,04/28/2026,Residential Plumbing Permit,PLB,,"515 CHERRY DR, DAYTON OH 45405-2932 United States",,,39.788689519703404,-84.21940545609229
PLB2026R-00342,R72 15907 0038,address,04/28/2026,Residential Plumbing Permit,PLB,,"4432 SAINT JOHNS AVE, DAYTON OH 45406-2329 United States",,,39.789597789466455,-84.25624480074647
PLB2026R-00341,R72 03604 0052,address,04/27/2026,Residential Plumbing Permit,PLB,,"1334 EPWORTH AVE, DAYTON OH 45410-2616 United States",,,39.74125626002586,-84.1567641529875
PLB2026R-00340,R72 12601 0050,address,04/23/2026,Residential Plumbing Permit,PLB,,"1804 Oakridge DR, DAYTON OH 45417-2315",,,39.75806696034017,-84.2345560370266
PLB2026R-00339,R72516922 0005,address,04/23/2026,Residential Plumbing Permit,PLB,,"5069 DAYTON-LIBERTY RD, DAYTON OH 45417-5992 United States",,,39.732479978001685,-84.27507345223857
PLB2026R-00338,R72410816 0004,address,04/23/2026,Residential Plumbing Permit,PLB,,"4419 SOFTWOOD LN, DAYTON OH 45424-8028 United States",,,39.80775698528517,-84.10627267492066
PLB2026R-00337,R72 11906 0019,address,04/23/2026,Residential Plumbing Permit,PLB,,"1423 PHILADELPHIA DR, DAYTON OH 45406-4646 United States",,,39.77344573768643,-84.23478238510728
PLB2026R-00336,R72 08110 0054,address,04/23/2026,Residential Plumbing Permit,PLB,,"1716 OAKRIDGE DR, DAYTON OH 45417-2313 United States",,,39.75809105386568,-84.23330081333354
PLB2026R-00335,R72 16411 0053,address,04/22/2026,Residential Plumbing Permit,PLB,,"4706 WOODBINE AVE, DAYTON OH 45432-3214 United States",,,39.73559434413401,-84.1272392672662
PLB2026R-00334,R72 02409 0008,address,04/21/2026,Residential Plumbing Permit,PLB,,"1327 WYOMING ST, DAYTON OH 45410-2201 United States",,,39.74716084613206,-84.16191277590191
PLB2026R-00333,R72117011 0026,address,04/21/2026,Residential Plumbing Permit,PLB,,"5315 SPORTSCRAFT DR, DAYTON OH 45414",,,39.82495608960732,-84.16215320375169
PLB2026R-00332,R72 12502 0060,address,04/21/2026,Residential Plumbing Permit,PLB,,"545 WESTWOOD AVE, DAYTON OH 45417-1530 United States",,,39.76067608882504,-84.24153733834522
PLB2026R-00331,R72117011 0028,address,04/21/2026,Residential Plumbing Permit,PLB,,"5224 SKYLANE DR, DAYTON OH 45414",,,39.824597291613166,-84.16324854753829
PLB2026R-00330,R72603718 0015,address,04/21/2026,Residential Plumbing Permit,PLB,,"6902 BELLEGLADE DR, DAYTON OH 45424-8116 United States",,,39.83463509634139,-84.10464564479932
PLB2026R-00329,R72 04811 0171,address,04/21/2026,Residential Plumbing Permit,PLB,,"242 BLACKWOOD AVE, DAYTON OH 45403-1602 United States",,,39.7713234316467,-84.1381862678207
PLB2026R-00328,R72 01503 0030,address,04/21/2026,Residential Plumbing Permit,PLB,,"85 JONES ST, DAYTON OH 45402-2801 United States",,,39.75402049362299,-84.18528118099232
PLB2026R-00327,R72 04609 0011,address,04/20/2026,Residential Plumbing Permit,PLB,,"2717 E FOURTH ST, APT/UNIT 2, DAYTON OH 45403-2113 United States",,,39.76384721810373,-84.15337338990709
PLB2026R-00326,R72 04609 0011,address,04/20/2026,Residential Plumbing Permit,PLB,,"2717 E FOURTH ST, APT/UNIT 1, DAYTON OH 45403-2113 United States",,,39.76384721810373,-84.15337338990709
PLB2026R-00325,R72 16806 0006,address,04/17/2026,Residential Plumbing Permit,PLB,,"1017 RUTH AVE, DAYTON OH 45417-3614 United States",,,39.73785127992538,-84.23701212610018
PLB2026R-00324,R72 04502 0027,address,04/16/2026,Residential Plumbing Permit,PLB,,"30 BRENNER AVE, DAYTON OH 45403-1122 United States",,,39.76603400121489,-84.16413839562972
PLB2026R-00323,R72 04808 0114,address,04/16/2026,Residential Plumbing Permit,PLB,,"119 MURRAY DR, DAYTON OH 45403-2845 United States",,,39.76367899271582,-84.13957197500888
PLB2026R-00322,R72 02205 0078,address,04/16/2026,Residential Plumbing Permit,PLB,,"2341 E FIFTH ST, DAYTON OH 45403-2662 United States",,,39.76090392971956,-84.16022639834463
PLB2026R-00321,R72 11111 0006,address,04/16/2026,Residential Plumbing Permit,PLB,,"474 ROCKCLIFF CIR, DAYTON OH 45406-2124 United States",,,39.79235036194455,-84.223090832366
PLB2026R-00320,R72 16213 0118,address,04/15/2026,Residential Plumbing Permit,PLB,,"1939 Parkhill DR, DAYTON OH 45406",,,39.784160709380046,-84.2384302353683
PLB2026R-00319,,unmatched,04/14/2026,Residential Plumbing Permit,PLB,,"4214 WEEPING WILLOW DR, DAYTON OH 45404 United States",,,,
PLB2026R-00318,R72 13804 0015,address,04/14/2026,Residential Plumbing Permit,PLB,,"218 SHADOWLAWN AVE, DAYTON OH 45419-4029 United States",,,39.73134311450483,-84.15875475223618
PLB2026R-00317,R72351410 0002,address,04/14/2026,Residential Plumbing Permit,PLB,,"1073 GENESIS WAY, DAYTON OH 45417",,,39.763347997393,-84.28110067718093
PLB2026R-00316,R72603725 0019,address,04/14/2026,Residential Plumbing Permit,PLB,,"6630 GREELEY AVE, DAYTON OH 45424-1800 United States",,,39.832493303059756,-84.10104561315453
PLB2026R-00315,R72201620 0005,address,04/14/2026,Residential Plumbing Permit,PLB,,"3821 WINDING OAK CIR, DAYTON OH 45424",,,39.81532756442947,-84.12493335261807
PLB2026R-00314,R72 14703 0011,address,04/14/2026,Residential Plumbing Permit,PLB,,"2137 MORELAND AVE, DAYTON OH 45420-2813 United States",,,39.7360993843627,-84.13963818360925
PLB2026R-00313,R72 12411 0046,address,04/14/2026,Residential Plumbing Permit,PLB,,"728 Whitmore AVE, DAYTON OH 45417-1165",,,39.75847717017387,-84.26459301262616
PLB2026R-00312,R72 10405 0028,address,04/13/2026,Residential Plumbing Permit,PLB,,"1510 ROOSEVELT AVE, DAYTON OH 45417-4561 United States",,,39.73846597040488,-84.22050683559189
PLB2026R-00311,R72 15607 0136,address,04/13/2026,Residential Plumbing Permit,PLB,,"3436 RIDGE AVE, DAYTON OH 45414-5441 United States",,,39.797638522810324,-84.19982413857699
PLB2026R-00310,R72 14902 0089,address,04/13/2026,Residential Plumbing Permit,PLB,,"1832 KING AVE, DAYTON OH 45420-2447 United States",,,39.740260754347034,-84.14695607668874
PLB2026R-00309,R72 07711 0103,address,04/10/2026,Residential Plumbing Permit,PLB,,"1210 SUPERIOR AVE, DAYTON OH 45402-5933 United States",,,39.76520906201254,-84.22246230859669
PLB2026R-00308,R72 15409 0001,address,04/10/2026,Residential Plumbing Permit,PLB,,"119 BILLWOOD RD, DAYTON OH 45431 United States",,,39.762560127902816,-84.13181102478886
PLB2026R-00307,R72 11501 0011,address,04/09/2026,Residential Plumbing Permit,PLB,,"2109 CATALPA DR, DAYTON OH 45406-3040 United States",,,39.786013463720394,-84.2258596279023
PLB2026R-00306,R72 01307 0002,address,04/08/2026,Residential Plumbing Permit,PLB,,"104 MCCLURE ST, DAYTON OH 45403-2432 United States",,,39.75696103594082,-84.17036438259943
PLB2026R-00305,R72 16804 0005,address,04/07/2026,Residential Plumbing Permit,PLB,,"2710 DELLA DR, DAYTON OH 45417-4432 United States",,,39.73501340962793,-84.23581396263837
PLB2026R-00304,R72 13007 0013,address,04/07/2026,Residential Plumbing Permit,PLB,,"335 BUNGALOW RD, DAYTON OH 45417-1303 United States",,,39.75282726011223,-84.25704347404702
PLB2026R-00303,R72617528 0026,address,04/07/2026,Residential Plumbing Permit,PLB,,"6719 DURYEA CT, DAYTON OH 45424-1866 United States",,,39.8348550316726,-84.10121745423622
PLB2026R-00302,R72217321 0023,address,04/07/2026,Residential Plumbing Permit,PLB,,"4841 WHITEWOOD CT, DAYTON OH 45424-4627 United States",,,39.8241412188775,-84.11462006920767
PLB2026R-00301,R72 03907 0032,address,04/07/2026,Residential Plumbing Permit,PLB,,"708 SAINT NICHOLAS AVE, DAYTON OH 45410-2520 United States",,,39.74988678554091,-84.15537213879982
PLB2026R-00300,R72 07901 0072,address,04/06/2026,Residential Plumbing Permit,PLB,,"1215 WINDSOR AVE, DAYTON OH 45402-5719 United States",,,39.76972879043612,-84.2284131154791
PLB2026R-00299,R72 08603 0043,address,04/06/2026,Residential Plumbing Permit,PLB,,"22 Hawthorn ST, DAYTON OH 45402",,,39.75417850627304,-84.21108692388763
PLB2026R-00298,R72 08208 0017,address,04/06/2026,Residential Plumbing Permit,PLB,,"200 N ORCHARD AVE, DAYTON OH 45417-2453 United States",,,39.75661119596848,-84.2292083882014
PLB2026R-00297,R72 10210 0041,address,04/06/2026,Residential Plumbing Permit,PLB,,"669 CLEGG ST, DAYTON OH 45417-4630 United States",,,39.74000958001841,-84.2058557708901
PLB2026R-00296,R72 04105 0030,address,04/06/2026,Residential Plumbing Permit,PLB,,"808 Linden AVE, DAYTON OH 45410-2704",,,39.753769279334655,-84.15214434262391
PLB2026R-00295,R72 10311 0016,address,04/06/2026,Residential Plumbing Permit,PLB,,"747 HECK AVE, DAYTON OH 45417-4640 United States",,,39.73735414013277,-84.20793893599702
PLB2026R-00294,R72 10909 0002,address,04/06/2026,Residential Plumbing Permit,PLB,,"105 FERNWOOD AVE, DAYTON OH 45405-2620 United States",,,39.794089378267714,-84.21161540883868
PLB2026R-00293,R72 16209 0020,address,04/02/2026,Residential Plumbing Permit,PLB,,"1838 KIPLING DR, DAYTON OH 45406 United States",,,39.78233388955339,-84.24236351620274
PLB2026R-00292,R72 15901 0033,address,04/02/2026,Residential Plumbing Permit,PLB,,"4405 GENESEE AVE, DAYTON OH 45406-3216 United States",,,39.785109669834284,-84.2552418710557
PLB2026R-00291,R72 03102 0011,address,04/02/2026,Residential Plumbing Permit,PLB,,"431 COLLEGE PARK AVE, DAYTON OH 45409-2627 United States",,,39.73934603306352,-84.18018542869197
PLB2026R-00290,R72 02808 0019,address,04/02/2026,Residential Plumbing Permit,PLB,,"104 WOODLAND AVE, DAYTON OH 45409-2854 United States",,,39.742881817218745,-84.18024216490768
PLB2026R-00289,R72 03407 0021,address,04/02/2026,Residential Plumbing Permit,PLB,,"1100 WYOMING ST, DAYTON OH 45410-1910 United States",,,39.747018364548566,-84.16517115476404
PLB2026R-00288,R72 06411 0005,address,04/02/2026,Residential Plumbing Permit,PLB,,"222 W MCPHERSON ST, DAYTON OH 45405-4835 United States",,,39.76668808864505,-84.19773119153912
PLB2026R-00287,R72 06411 0005,address,04/02/2026,Residential Plumbing Permit,PLB,,"224 W MCPHERSON ST, DAYTON OH 45405-4835 United States",,,39.766676392595386,-84.19778074952171
PLB2026R-00286,R72 12905 0026,address,04/02/2026,Residential Plumbing Permit,PLB,,"645 WHITMORE AVE, DAYTON OH 45417-1236 United States",,,39.75676749563278,-84.26507267727081
PLB2026R-00285,,unmatched,04/02/2026,Residential Plumbing Permit,PLB,,"2109 RAVENWOOD AVE, DAYTON OH 45406-2907 United States",,,,
PLB2026R-00284,,unmatched,04/02/2026,Residential Plumbing Permit,PLB,,"2105 RAVENWOOD AVE, DAYTON OH 45406-2907 United States",,,,
PLB2026R-00283,R72 11501 0012,address,04/02/2026,Residential Plumbing Permit,PLB,,"2105 CATALPA DR, DAYTON OH 45406-3040 United States",,,39.785897791703455,-84.22588166006649
PLB2026R-00282,R72 11501 0015,address,04/02/2026,Residential Plumbing Permit,PLB,,"2053 CATALPA DR, DAYTON OH 45406-3037 United States",,,39.78543011174718,-84.22585911740522
PLB2026R-00281,R72 11501 0055,address,04/02/2026,Residential Plumbing Permit,PLB,,"2103 RAVENWOOD AVE, DAYTON OH 45406 United States",,,39.78588042227781,-84.22702277633012
PLB2026R-00280,R72117011 0026,address,04/02/2026,Residential Plumbing Permit,PLB,APT #106,"5080 SCOTSMAN DR, DAYTON OH 45414",,,39.821374383565995,-84.16108132985852
PLB2026R-00279,R72 07311 0001,address,04/02/2026,Residential Plumbing Permit,PLB,,"135 LEXINGTON AVE, DAYTON OH 45402-6133 United States",,,39.76831823589976,-84.21361178553187
PLB2026R-00278,R72 05505 0005,address,04/01/2026,Residential Plumbing Permit,PLB,,"630 TAYLOR ST, DAYTON OH 45404-1632 United States",,,39.7719079498684,-84.181372778805
PLB2026R-00277,R72 15206 0034,address,04/01/2026,Residential Plumbing Permit,PLB,,"3414 LINDEN AVE, DAYTON OH 45410-3037 United States",,,39.74745684605962,-84.13427813508663
PLB2026R-00276,R72 12104 0019,address,03/31/2026,Residential Plumbing Permit,PLB,,"607 ANNA ST, DAYTON OH 45402-5436 United States",,,39.764197950834344,-84.23662284356847
PLB2026R-00275,R72 12104 0019,address,03/31/2026,Residential Plumbing Permit,PLB,,"605 ANNA ST, DAYTON OH 45402-5436 United States",,,39.76414304112609,-84.23662147503009
PLB2026R-00274,R72 12104 0019,address,03/31/2026,Residential Plumbing Permit,PLB,,"603 ANNA ST, DAYTON OH 45402-5436 United States",,,39.764088131416955,-84.23662010649389
PLB2026R-00273,R72 13306 0011,address,03/31/2026,Residential Plumbing Permit,PLB,,"3032 GERMANTOWN ST, DAYTON OH 45417-4138 United States",,,39.73713427251855,-84.2436770612785
PLB2026R-00272,R72 17722 0006,address,03/31/2026,Residential Plumbing Permit,PLB,,"2520 BRIDGEPORT DR, DAYTON OH 45406-1432 United States",,,39.79411232998774,-84.25987188237902
PLB2026R-00271,R72217623 0001,address,03/31/2026,Residential Plumbing Permit,PLB,,"3955 BERRYWOOD DR, DAYTON OH 45424",,,39.82013531697402,-84.11918459537578
PLB2026R-00270,R72 11110 0087,address,03/31/2026,Residential Plumbing Permit,PLB,,"2414 WOODWAY AVE, DAYTON OH 45406-2148 United States",,,39.79159805800643,-84.22364879378998
PLB2026R-00269,R72 14209 0047,address,03/31/2026,Residential Plumbing Permit,PLB,,"2721 WINBURN AVE, DAYTON OH 45420-2257 United States",,,39.728368587981265,-84.14930306579431
PLB2026R-00268,R72 04701 0049,address,03/30/2026,Residential Plumbing Permit,PLB,,"127 N HARBINE AVE, DAYTON OH 45403-1318 United States",,,39.76862784171084,-84.15063323390562
PLB2026R-00267,R72 12414 0089,address,03/30/2026,Residential Plumbing Permit,PLB,,"822 SUNLIGHT AVE, DAYTON OH 45417-9255 United States",,,39.760076097155306,-84.2708951806215
PLB2026R-00266,R72 02705 0084,address,03/30/2026,Residential Plumbing Permit,PLB,,"43 CLOVER ST, DAYTON OH 45410-1419 United States",,,39.749868976159085,-84.17648709515525
PLB2026R-00265,R72 08401 0040,address,03/30/2026,Residential Plumbing Permit,PLB,,"445 DAKOTA ST, DAYTON OH 45402-6624 United States",,,39.7598546549143,-84.21442826665464
PLB2026R-00264,,unmatched,03/30/2026,Residential Plumbing Permit,PLB,,"4370 WEEPING WILLOW DR, DAYTON OH 45404 United States",,,,
PLB2026R-00263,,unmatched,03/30/2026,Residential Plumbing Permit,PLB,,"135 S WILLIAMS ST, DAYTON OH 45402 United States",,,,
PLB2026R-00262,,unmatched,03/30/2026,Residential Plumbing Permit,PLB,,"18 MERCER AVE, DAYTON OH 45402",,,,
PLB2026R-00261,R72117212 0007,address,03/30/2026,Residential Plumbing Permit,PLB,,"5529 FAIR VALLEY RD, DAYTON OH 45414-2949 United States",,,39.82774570914697,-84.2117128942686
PLB2026R-00260,R72 17103 0002,address,03/27/2026,Residential Plumbing Permit,PLB,,"1146 Guenther RD, DAYTON OH 45417-9237",,,39.76455824138345,-84.26593184580672
PLB2026R-00259,R72 16801 0093,address,03/27/2026,Residential Plumbing Permit,PLB,,"3021 RALLISTON AVE, DAYTON OH 45417-6547 United States",,,39.73167537569531,-84.24184415135792
PLB2026R-00258,R72 08001 0034,address,03/27/2026,Residential Plumbing Permit,PLB,,"1250 SENECA DR, DAYTON OH 45402-5617 United States",,,39.770647748355145,-84.23274139811642
PLB2026R-00257,R72 03105 0064,address,03/26/2026,Residential Plumbing Permit,PLB,,"13 LAWNVIEW AVE, DAYTON OH 45409-2505 United States",,,39.73624148866751,-84.17763170021928
PLB2026R-00256,R72 03108 0014,address,03/26/2026,Residential Plumbing Permit,PLB,,"226 KIEFABER ST, DAYTON OH 45409-2540 United States",,,39.73525253208708,-84.17957458112728
PLB2026R-00255,R72 11502 0072,address,03/26/2026,Residential Plumbing Permit,PLB,,"2138 MALVERN AVE, DAYTON OH 45406-2923 United States",,,39.78583933253442,-84.22891252733672
PLB2026R-00254,R72 14506 0008,address,03/26/2026,Residential Plumbing Permit,PLB,,"1009 WATERVLIET AVE, DAYTON OH 45420-2717 United States",,,39.72841084532149,-84.1384829765518
PLB2026R-00253,R72 14011 0022,address,03/26/2026,Residential Plumbing Permit,PLB,,"711 BROADMOOR DR, DAYTON OH 45419-2803 United States",,,39.7236957884855,-84.1533457250987
PLB2026R-00252,R72 17108 0013,address,03/26/2026,Residential Plumbing Permit,PLB,,"615 LONGVALE DR, DAYTON OH 45417-8322 United States",,,39.75752944716378,-84.27279070109269
PLB2026R-00251,R72 12505 0048,address,03/26/2026,Residential Plumbing Permit,PLB,,"420 LORENZ AVE, DAYTON OH 45417-2340 United States",,,39.76028201410063,-84.23479618817952
PLB2026R-00250,R72 08003 0009,address,03/25/2026,Residential Plumbing Permit,PLB,MILLER PIPE LINE,"1104 Oxford AVE, DAYTON OH 45402-5658",,,39.76904641940863,-84.23203622481338
PLB2026R-00249,R72 12606 0044,address,03/25/2026,Residential Plumbing Permit,PLB,,"400 BURLEIGH AVE, DAYTON OH 45417-1634 United States",,,39.75645276840241,-84.24578980415247
PLB2026R-00248,R72217318 0014,address,03/25/2026,Residential Plumbing Permit,PLB,,"4611 SILVER OAK ST, DAYTON OH 45424-4647 United States",,,39.817685002188114,-84.11449525648209
PLB2026R-00247,R72 03808 0026,address,03/25/2026,Residential Plumbing Permit,PLB,,"1209 PURSELL AVE, DAYTON OH 45420-1944 United States",,,39.743346060733934,-84.15072804429538
PLB2026R-00246,R72 03907 0020,address,03/25/2026,Residential Plumbing Permit,PLB,,"628 SAINT NICHOLAS AVE, DAYTON OH 45410-2436 United States",,,39.751228541111644,-84.1552439093536
PLB2026R-00245,R72 03712 0003,address,03/25/2026,Residential Plumbing Permit,PLB,,"406 STONEMILL RD, DAYTON OH 45409-2545 United States",,,39.73668314920816,-84.17727598696003
PLB2026R-00244,R72 03104 0065,address,03/25/2026,Residential Plumbing Permit,PLB,,"1511 FRERICKS WAY, DAYTON OH 45409-2541 United States",,,39.73632667116377,-84.17952513430471
PLB2026R-00243,R72 03203 0003,address,03/25/2026,Residential Plumbing Permit,PLB,,"629 IRVING AVE, DAYTON OH 45409-2306 United States",,,39.73429707266286,-84.17151888223988
PLB2026R-00242,R72 03105 0043,address,03/25/2026,Residential Plumbing Permit,PLB,,"306 STONEMILL RD, DAYTON OH 45409-2543 United States",,,39.73660605794673,-84.17903352822712
PLB2026R-00241,R72 03712 0003,address,03/25/2026,Residential Plumbing Permit,PLB,,"412 STONEMILL RD, DAYTON OH 45409-2545 United States",,,39.73694380469201,-84.17709736807309
PLB2026R-00240,R72 16813 0019,address,03/24/2026,Residential Plumbing Permit,PLB,,"1144 ANGIER DR, DAYTON OH 45417-4409 United States",,,39.73613075378573,-84.23453304077316
PLB2026R-00239,R72 04209 0011,address,03/24/2026,Residential Plumbing Permit,PLB,,"203 KLEE AVE, DAYTON OH 45403-2935 United States",,,39.755940372624465,-84.14999471793884
PLB2026R-00238,R72 15209 0056,address,03/24/2026,Residential Plumbing Permit,PLB,,"1634 GONDERT AVE, DAYTON OH 45403-3330 United States",,,39.754692642808905,-84.13757122209152
PLB2026R-00237,,unmatched,03/24/2026,Residential Plumbing Permit,PLB,,"4418 WATER WILLOW DR, DAYTON OHIO 45404",,,,
PLB2026R-00236,R72 12414 0089,address,03/24/2026,Residential Plumbing Permit,PLB,,"822 SUNLIGHT AVE, DAYTON OH 45417-9255 United States",,,39.760076097155306,-84.2708951806215
PLB2026R-00235,R72603720 0006,address,03/24/2026,Residential Plumbing Permit,PLB,,"6747 WATERVIEW WAY, DAYTON OH 45424-8127 United States",,,39.83443741716992,-84.10344443113448
PLB2026R-00234,R72 12805 0026,address,03/23/2026,Residential Plumbing Permit,PLB,,"59 N HATFIELD ST, DAYTON OH 45417-1722 United States",,,39.75132082742409,-84.25203238326968
PLB2026R-00233,R72 02507 0008,address,03/23/2026,Residential Plumbing Permit,PLB,,"206 Fillmore ST, DAYTON OH 45410-1639",,,39.74942051149777,-84.16905604931749
PLB2026R-00232,R72117201 0041,address,03/23/2026,Residential Plumbing Permit,PLB,,"1724 BARTLEY RD, DAYTON OH 45414",,,39.82822717939078,-84.20392569485801
PLB2026R-00231,,unmatched,03/23/2026,Residential Plumbing Permit,PLB,,"4419 WATER WILLOW CT, DAYTON OHIO 45404",,,,
PLB2026R-00230,,unmatched,03/20/2026,Residential Plumbing Permit,PLB,,"3400 Cornell DR, DAYTON OH 45406-4151",,,,
PLB2026R-00229,R72 15306 0013,address,03/20/2026,Residential Plumbing Permit,PLB,,"715 GREENLAWN AVE, DAYTON OH 45403-3331 United States",,,39.75323436419844,-84.14295332776355
PLB2026R-00228,R72 04003 0050,address,03/20/2026,Residential Plumbing Permit,PLB,,"715 CARLISLE AVE, DAYTON OH 45410-2738 United States",,,39.74963774532133,-84.15240313453853
PLB2026R-00227,,unmatched,03/19/2026,Residential Plumbing Permit,PLB,,"2508 HEARTSOUL DR, DAYTON OH",,,,
PLB2026R-00226,,unmatched,03/19/2026,Residential Plumbing Permit,PLB,,"918 ANGIER, DAYTON OH",,,,
PLB2026R-00225,R72 03908 0014,address,03/19/2026,Residential Plumbing Permit,PLB,,"823 SAINT NICHOLAS AVE, DAYTON OH 45410-2521 United States",,,39.74838406718586,-84.15600869869421
PLB2026R-00224,,unmatched,03/19/2026,Residential Plumbing Permit,PLB,,"912 ANGIER DR, DAYTON OH",,,,
PLB2026R-00223,R72 16812 0015,address,03/19/2026,Residential Plumbing Permit,PLB,,"2526 YOLANDA DR, DAYTON OH 45431 United States",,,39.73310079611919,-84.23726142395165
PLB2026R-00222,,unmatched,03/19/2026,Residential Plumbing Permit,PLB,,"2413 YOLANDA AVE, DAYTON OH",,,,
PLB2026R-00221,,unmatched,03/19/2026,Residential Plumbing Permit,PLB,,"2304 DELLA DR, DAYTON OH",,,,
PLB2026R-00220,,unmatched,03/19/2026,Residential Plumbing Permit,PLB,,"2122 DELLA DR, DAYTON OH",,,,
PLB2026R-00219,R72 11402 0006,address,03/19/2026,Residential Plumbing Permit,PLB,,"1237 BRENTWOOD DR, DAYTON OH 45406-5714 United States",,,39.78890095182481,-84.23058306262138
PLB2026R-00218,R72 03112 0031,address,03/18/2026,Residential Plumbing Permit,PLB,,"456 LOWES ST, APT/UNIT C, DAYTON OH 45409-2438 United States",,,39.73509175672422,-84.17489402354208
PLB2026R-00217,R72 08603 0092,address,03/18/2026,Residential Plumbing Permit,PLB,,"136 S WILLIAMS ST, DAYTON OH 45402 United States",,,39.75382640622974,-84.21210917614891
PLB2026R-00216,R72 15607 0116,address,03/17/2026,Residential Plumbing Permit,PLB,,"3455 LINDALE AVE, DAYTON OH 45414-5403 United States",,,39.79834165792337,-84.19791551933643
PLB2026R-00215,R72 02811 0056,address,03/17/2026,Residential Plumbing Permit,PLB,,"20 GREENWOOD AVE, DAYTON OH 45410-1704 United States",,,39.74629808043879,-84.17254536789322
PLB2026R-00214,R72217623 0013,address,03/17/2026,Residential Plumbing Permit,PLB,,"3847 BERRYWOOD DR, DAYTON OH 45424-4878 United States",,,39.819078740139965,-84.12152784962899
PLB2026R-00213,R72610814 0007,address,03/17/2026,Residential Plumbing Permit,PLB,,"6927 GREELEY AVE, DAYTON OH 45424-1793 United States",,,39.82923408364367,-84.09420796552476
PLB2026R-00212,R72617308 0008,address,03/17/2026,Residential Plumbing Permit,PLB,,"5942 GANDER RD E, DAYTON OH 45424-4532 United States",,,39.82161026570553,-84.10679169931808
PLB2026R-00211,R72 01208 0088,address,03/16/2026,Residential Plumbing Permit,PLB,,"109 RINGGOLD ST, DAYTON OH 45403 United States",,,39.76085653238708,-84.16849391698412
PLB2026R-00210,R72603717 0010,address,03/16/2026,Residential Plumbing Permit,PLB,,"6617 GROVEBELLE DR, DAYTON OH 45424-8121 United States",,,39.83262297763801,-84.10561424660095
PLB2026R-00209,R72 12505 0067,address,03/16/2026,Residential Plumbing Permit,PLB,,"442 ANNA ST, DAYTON OH 45417-2322 United States",,,39.76080470350303,-84.23602596044586
PLB2026R-00208,R72 02411 0015,address,03/16/2026,Residential Plumbing Permit,PLB,,"19 ANDREWS ST, DAYTON OH 45410-1913 United States",,,39.75091434881289,-84.16422910393351
PLB2026R-00207,R72 06308 0035,address,03/13/2026,Residential Plumbing Permit,PLB,,"39 E MAPLEWOOD AVE, DAYTON OH 45405-2834 United States",,,39.79220509941575,-84.21327544951431
PLB2026R-00206,R72 08212 0025,address,03/13/2026,Residential Plumbing Permit,PLB,,"1727 W FIRST ST, DAYTON OH 45402 United States",,,39.756316543144614,-84.22447413006768
PLB2026R-00205,R72 08313 0074,address,03/13/2026,Residential Plumbing Permit,PLB,,"1720 W FIRST ST, DAYTON OH 45402 United States",,,39.7560866060584,-84.22414572899646
PLB2026R-00204,R72 08311 0055,address,03/13/2026,Residential Plumbing Permit,PLB,,"1628 W FIRST ST, DAYTON OH 45402 United States",,,39.756438226493074,-84.22216025679641
PLB2026R-00203,R72 08311 0056,address,03/13/2026,Residential Plumbing Permit,PLB,,"1622 W FIRST ST, DAYTON OH 45402 United States",,,39.756471592184816,-84.22195803539347
PLB2026R-00202,R72 08311 0058,address,03/13/2026,Residential Plumbing Permit,PLB,,"1612 W FIRST ST, DAYTON OH 45402 United States",,,39.75651740175978,-84.2216796901008
PLB2026R-00201,R72 08311 0059,address,03/13/2026,Residential Plumbing Permit,PLB,,"1608 W FIRST ST, DAYTON OH 45402 United States",,,39.7565468458594,-84.22154145154053
PLB2026R-00200,R72 08311 0060,address,03/13/2026,Residential Plumbing Permit,PLB,,"1604 W FIRST ST, DAYTON OH 45402 United States",,,39.75657025509236,-84.22140846664067
PLB2026R-00199,R72 08301 0072,address,03/13/2026,Residential Plumbing Permit,PLB,,"1360 W FIRST ST, DAYTON OH 45402 United States",,,39.75733492544659,-84.21665379255218
PLB2026R-00198,R72 08301 0089,address,03/13/2026,Residential Plumbing Permit,PLB,,"1356 W FIRST ST, DAYTON OH 45402 United States",,,39.75735818099574,-84.21653083748943
PLB2026R-00197,R72 08301 0077,address,03/13/2026,Residential Plumbing Permit,PLB,,"1344 W FIRST ST, DAYTON OH 45402 United States",,,39.75743607078305,-84.21609577761123
PLB2026R-00196,R72 08301 0079,address,03/13/2026,Residential Plumbing Permit,PLB,,"1332 W FIRST ST, DAYTON OH 45402 United States",,,39.75751425322796,-84.21564065186966
PLB2026R-00195,R72 08301 0082,address,03/13/2026,Residential Plumbing Permit,PLB,,"1320 W FIRST ST, DAYTON OH 45402 United States",,,39.7575776617895,-84.2152175848645
PLB2026R-00194,R72 08303 0039,address,03/13/2026,Residential Plumbing Permit,PLB,,"1329 W First ST, DAYTON OH 45402",,,39.75776732476367,-84.21558853568928
PLB2026R-00193,R72 08303 0064,address,03/13/2026,Residential Plumbing Permit,PLB,,"231 N BROADWAY ST, DAYTON OH 45402 United States",,,39.75858560757862,-84.21491195272893
PLB2026R-00192,R72 08303 0064,address,03/13/2026,Residential Plumbing Permit,PLB,,"227 N BROADWAY ST, DAYTON OH 45402 United States",,,39.758492976542755,-84.21488960068896
PLB2026R-00191,R72 08303 0064,address,03/13/2026,Residential Plumbing Permit,PLB,,"223 N BROADWAY ST, DAYTON OH 45402 United States",,,39.75839569483788,-84.21485941204628
PLB2026R-00190,R72 08303 0064,address,03/13/2026,Residential Plumbing Permit,PLB,,"219 N BROADWAY ST, DAYTON OH 45402 United States",,,39.758303088233724,-84.21483551536426
PLB2026R-00189,R72 08303 0064,address,03/13/2026,Residential Plumbing Permit,PLB,,"215 N BROADWAY ST, DAYTON OH 45402 United States",,,39.758202502892345,-84.2147867174579
PLB2026R-00188,R72 08303 0064,address,03/13/2026,Residential Plumbing Permit,PLB,,"211 N BROADWAY ST, DAYTON OH 45402 United States",,,39.758108749199366,-84.21475970547357
PLB2026R-00187,R72 08303 0065,address,03/13/2026,Residential Plumbing Permit,PLB,,"207 N Broadway St, Dayton OH 45402",,,39.801017531194724,-84.31182720967374
PLB2026R-00186,,unmatched,03/13/2026,Residential Plumbing Permit,PLB,,"203 N Broadway ST, DAYTON OH 45402",,,,
PLB2026R-00185,R72 08313 0059,address,03/13/2026,Residential Plumbing Permit,PLB,,"1707 W SECOND ST, DAYTON OH 45402 United States",,,39.75555541827927,-84.2235328627552
PLB2026R-00184,R72 08313 0060,address,03/13/2026,Residential Plumbing Permit,PLB,,"1701 W SECOND ST, DAYTON OH 45402 United States",,,39.75558863670253,-84.2233423311234
PLB2026R-00183,R72 08307 0048,address,03/13/2026,Residential Plumbing Permit,PLB,,"1541 W SECOND ST, DAYTON OH 45402 United States",,,39.75617778482438,-84.21981378574294
PLB2026R-00182,,unmatched,03/13/2026,Residential Plumbing Permit,PLB,,"1535 W Second ST, DAYTON OH 45402-6727",,,,
PLB2026R-00181,R72 08303 0044,address,03/13/2026,Residential Plumbing Permit,PLB,,"1317 W FIRST ST, DAYTON OH 45402 United States",,,39.7578331958782,-84.2151837289312
PLB2026R-00180,,unmatched,03/13/2026,Residential Plumbing Permit,PLB,,"1333 W FIRST ST, DAYTON OH",,,,
PLB2026R-00179,R72 07801 0007,address,03/13/2026,Residential Plumbing Permit,PLB,,"1237 ROSEDALE DR, DAYTON OH 45402-5711 United States",,,39.76995098637167,-84.22693837789589
PLB2026R-00178,R72 06310 0049,address,03/12/2026,Residential Plumbing Permit,PLB,,"41 POINTVIEW AVE, DAYTON OH 45405-2802 United States",,,39.79310183579748,-84.21361288798981
PLB2026R-00177,R72 12102 0006,address,03/12/2026,Residential Plumbing Permit,PLB,,"1419 LEXINGTON AVE, DAYTON OH 45402-5635 United States",,,39.76876430480601,-84.2353240584925
PLB2026R-00176,R72 02204 0091,address,03/12/2026,Residential Plumbing Permit,PLB,,"32 S Garfield ST, DAYTON OH 45403-2003",,,39.7637736861815,-84.16030946517029
PLB2026R-00175,R72 01204 0076,address,03/12/2026,Residential Plumbing Permit,PLB,,"1625 E Fifth ST, DAYTON OH 45403-2303",,,39.759020121237995,-84.17153439212657
PLB2026R-00174,R72 07309 0013,address,03/12/2026,Residential Plumbing Permit,PLB,,"1200 N BROADWAY ST, DAYTON OH 45402-6112 United States",,,39.76936059255525,-84.21499662886318
PLB2026R-00173,,unmatched,03/12/2026,Residential Plumbing Permit,PLB,,"4315 WILLOW HILLS, DAYTON OH",,,,
PLB2026R-00172,,unmatched,03/12/2026,Residential Plumbing Permit,PLB,,"4382 WEEPING WILLOW DR, DAYTON OH 45404 United States",,,,
PLB2026R-00171,R72 11710 0020,address,03/12/2026,Residential Plumbing Permit,PLB,,"206 W HUDSON AVE, DAYTON OH 45405-3329 United States",,,39.78263061842374,-84.21652623986061
PLB2026R-00170,R72 15609 0045,address,03/12/2026,Residential Plumbing Permit,PLB,,"3220 ZEPHYR DR, DAYTON OH 45414-5451 United States",,,39.794806638584234,-84.20102572825539
PLB2026R-00169,R72603724 0017,address,03/12/2026,Residential Plumbing Permit,PLB,,"6671 GREELEY AVE, DAYTON OH 45424-1828 United States",,,39.832195290063055,-84.09954654598177
PLB2026R-00168,R72 03802 0020,address,03/10/2026,Residential Plumbing Permit,PLB,,"1132 PHILLIPS AVE, DAYTON OH 45410-2633 United States",,,39.74444894107133,-84.15545639549197
PLB2026R-00167,R72 15010 0027,address,03/10/2026,Residential Plumbing Permit,PLB,,"1601 WESTONA DR, DAYTON OH 45410-3339 United States",,,39.74490526757119,-84.13609986838013
PLB2026R-00166,R72 01204 0028,address,03/10/2026,Residential Plumbing Permit,PLB,,"1521 E FIFTH ST, DAYTON OH 45403-2301 United States",,,39.75882143563171,-84.1727570602892
PLB2026R-00165,R72 12018 0001,address,03/10/2026,Residential Plumbing Permit,PLB,,"1710 ACADEMY PL, DAYTON OH 45406-4601 United States",,,39.77445798816281,-84.23132380991656
PLB2026R-00164,R72 08203 0024,address,03/10/2026,Residential Plumbing Permit,PLB,,"2302 W SECOND ST, DAYTON OH 45417-2427 United States",,,39.75431507157108,-84.2320329158116
PLB2026R-00163,R72 16804 0014,address,03/10/2026,Residential Plumbing Permit,PLB,,"2515 MADDEN HILLS DR, DAYTON OH 45417-4447 United States",,,39.73680631503916,-84.23619296568681
PLB2026R-00162,R72 15614 0061,address,03/09/2026,Residential Plumbing Permit,PLB,,"3221 HILLPOINT LN, DAYTON OH 45414-5422 United States",,,39.79518823386603,-84.2027293905721
PLB2026R-00161,R72117207 0009,address,03/06/2026,Residential Plumbing Permit,PLB,,"5727 WOODMORE DR, DAYTON OH 45414-3009 United States",,,39.83057924972711,-84.20588502847149
PLB2026R-00160,R72 08401 0028,address,03/06/2026,Residential Plumbing Permit,PLB,,"412 N BROADWAY ST, DAYTON OH 45402-6614 United States",,,39.760028730438954,-84.21472784586639
PLB2026R-00159,R72 14711 0060,address,03/06/2026,Residential Plumbing Permit,PLB,,"4039 WOODCLIFFE AVE, DAYTON OH 45420-2848 United States",,,39.73947323764121,-84.13890657850582
PLB2026R-00158,R72 11801 0028,address,03/06/2026,Residential Plumbing Permit,PLB,,"1861 Emerson AVE, DAYTON OH 45406-4802",,,39.782477796849825,-84.22337332714355
PLB2026R-00157,R72 06504 0052,address,03/05/2026,Residential Plumbing Permit,PLB,,"148 CENTRAL AVE, DAYTON OH 45406-5467 United States",,,39.766386179243334,-84.2062168809286
PLB2026R-00156,R72 14906 0027,address,03/05/2026,Residential Plumbing Permit,PLB,,"1755 ROSEMONT BLVD, DAYTON OH 45420-2508 United States",,,39.741253424731106,-84.14275414058197
PLB2026R-00155,R72 06310 0014,address,03/05/2026,Residential Plumbing Permit,PLB,,"130 KNECHT DR, DAYTON OH 45405-2628 United States",,,39.794665464595944,-84.21221333702933
PLB2026R-00154,R72 11211 0003,address,03/04/2026,Residential Plumbing Permit,PLB,,"2721 N MAIN ST, DAYTON OH 45405-3009 United States",,,39.78997105547659,-84.21402704844427
PLB2026R-00153,R72 12111 0034,address,03/04/2026,Residential Plumbing Permit,PLB,,"2804 PRINCETON DR, DAYTON OH 45406-4340 United States",,,39.77248126867607,-84.2361247565514
PLB2026R-00152,R72 04411 0010,address,03/04/2026,Residential Plumbing Permit,PLB,,"35 PLEASANT ST, DAYTON OH 45403-2725 United States",,,39.75946407620175,-84.15129486767836
PLB2026R-00151,R72 14209 0035,address,03/04/2026,Residential Plumbing Permit,PLB,,"522 BELLAIRE AVE, DAYTON OH 45420-2304 United States",,,39.728826248831155,-84.14858490772951
PLB2026R-00150,R72 02108 0013,address,03/04/2026,Residential Plumbing Permit,PLB,,"837 XENIA AVE, DAYTON OH 45410-1839 United States",,,39.75296243007331,-84.16366970997407
PLB2026R-00149,R72 07709 0018,address,03/04/2026,Residential Plumbing Permit,PLB,,"840 SAINT AGNES ST, DAYTON OH 45402-5925 United States",,,39.763963268440236,-84.22054223181992
PLB2026R-00148,R72 09610 0031,address,03/04/2026,Residential Plumbing Permit,PLB,,"619 Adelite AVE, DAYTON OH 45417-3665",,,39.74201842457587,-84.23227157926311
PLB2026R-00147,R72 16406 0046,address,03/04/2026,Residential Plumbing Permit,PLB,,"4704 AMESBOROUGH RD, DAYTON OH 45420-3352 United States",,,39.72927314654167,-84.12766071878247
PLB2026R-00146,R72 16304 0038,address,03/03/2026,Residential Plumbing Permit,PLB,,"2125 KIPLING DR, DAYTON OH 45406-2606 United States",,,39.788015749999275,-84.24305017712895
PLB2026R-00145,R72 14711 0098,address,03/03/2026,Residential Plumbing Permit,PLB,,"4140 ARCADIA BLVD, DAYTON OH 45420-2818 United States",,,39.739743382405315,-84.13745828880391
PLB2026R-00144,R72603724 0011,address,03/03/2026,Residential Plumbing Permit,PLB,,"6717 SERRELL LN, DAYTON OH 45424-8702 United States",,,39.83199964335536,-84.09859476009999
PLB2026R-00143,R72 04308 0009,address,03/03/2026,Residential Plumbing Permit,PLB,,"756 ELBERON AVE, DAYTON OH 45403-3320 United States",,,39.754342956947994,-84.14018835357582
PLB2026R-00142,R72 07901 0021,address,03/03/2026,Residential Plumbing Permit,PLB,,"1238 EVERETT DR, DAYTON OH 45402-5603 United States",,,39.770357024024094,-84.2303074304434
PLB2026R-00141,R72 11804 0004,address,03/03/2026,Residential Plumbing Permit,PLB,,"346 MARATHON AVE, DAYTON OH 45406-4837 United States",,,39.7811303277934,-84.21753559817472
PLB2026R-00140,R72 06504 0052,address,03/03/2026,Residential Plumbing Permit,PLB,,"146 CENTRAL AVE, DAYTON OH 45406-5467 United States",,,39.766329764935364,-84.20631868125346
PLB2026R-00139,R72 08602 0024,address,03/03/2026,Residential Plumbing Permit,PLB,,"116 SHANNON ST, DAYTON OH 45402-8332 United States",,,39.75424935463478,-84.20998602920945
PLB2026R-00138,R72 12306 0031,address,03/02/2026,Residential Plumbing Permit,PLB,,"854 OSMOND AVE, DAYTON OH 45402-5239 United States",,,39.763151274818,-84.2490067521131
PLB2026R-00137,R72 05212 0007,address,03/02/2026,Residential Plumbing Permit,PLB,,"418 Alaska ST, DAYTON OH 45404-1945",,,39.78140525320916,-84.16796827967578
PLB2026R-00136,R72 16418 0014,address,03/02/2026,Residential Plumbing Permit,PLB,,"4845 RAINIER DR, DAYTON OH 45432-3319 United States",,,39.73288894558729,-84.1247294098842
PLB2026R-00135,R72 15205 0002,address,03/02/2026,Residential Plumbing Permit,PLB,,"1407 HEARTHSTONE DR, DAYTON OH 45410 United States",,,39.74747543333417,-84.13314062875106
PLB2026R-00134,R72 14003 0012,address,03/02/2026,Residential Plumbing Permit,PLB,,"1011 HAMPSHIRE RD, DAYTON OH 45419-3714 United States",,,39.71986059655319,-84.15910736113571
PLB2026R-00133,R72 04308 0019,address,03/02/2026,Residential Plumbing Permit,PLB,,"757 PARKVIEW AVE, DAYTON OH 45403-3340 United States",,,39.75347463890188,-84.14042756961122
PLB2026R-00132,R72 16603 0011,address,02/27/2026,Residential Plumbing Permit,PLB,,"5273 IDLEWOOD RD, DAYTON OH 45432-3556 United States",,,39.731729933456656,-84.11722367967768
PLB2026R-00131,R72 11305 0010,address,02/26/2026,Residential Plumbing Permit,PLB,,"2317 Catalpa DR, DAYTON OH 45406-2104",,,39.79004791849441,-84.22598805258897
PLB2026R-00130,R72 13318 0006,address,02/26/2026,Residential Plumbing Permit,PLB,,"1220 GLENNELLE DR, DAYTON OH 45417-4436 United States",,,39.735249662443145,-84.23710019673997
PLB2026R-00129,R72 14601 0058,address,02/26/2026,Residential Plumbing Permit,PLB,,"2405 KENNEDY AVE, DAYTON OH 45420-3012 United States",,,39.73055059905931,-84.13194726106953
PLB2026R-00128,R72617309 0011,address,02/26/2026,Residential Plumbing Permit,PLB,,"5021 GANDER RD W, DAYTON OH 45424-4508 United States",,,39.8240212479824,-84.1097708658462
PLB2026R-00127,R72 16410 0034,address,02/26/2026,Residential Plumbing Permit,PLB,,"1677 FALKE DR, DAYTON OH 45432-3313 United States",,,39.73380077842911,-84.12767396402585
PLB2026R-00126,R72 16103 0059,address,02/25/2026,Residential Plumbing Permit,PLB,,"4939 Queens AVE, DAYTON OH 45406-3141",,,39.784311161519796,-84.26506592756573
PLB2026R-00125,R72 16008 0011,address,02/25/2026,Residential Plumbing Permit,PLB,,"4406 DANADO DR, DAYTON OH 45406-1417 United States",,,39.79240912944661,-84.25516957900957
PLB2026R-00124,R72 02009 0023,address,02/25/2026,Residential Plumbing Permit,PLB,,"310 ALLEN ST, DAYTON OH 45410 United States",,,39.75337951783394,-84.16812280102151
PLB2026R-00123,R72 15701 0158,address,02/25/2026,Residential Plumbing Permit,PLB,,"3525 DANDRIDGE AVE, DAYTON OH 45402-4115 United States",,,39.766453779983856,-84.24684807196037
PLB2026R-00122,R72 02806 0040,address,02/24/2026,Residential Plumbing Permit,PLB,,"24 CHAMBERS ST, DAYTON OH 45409-2815 United States",,,39.743736755141,-84.18189181478967
PLB2026R-00121,R72 14903 0051,address,02/24/2026,Residential Plumbing Permit,PLB,,"1817 ROSEMONT BLVD, DAYTON OH 45420-2510 United States",,,39.740450431850654,-84.14284191228357
PLB2026R-00120,R72 07008 0012,address,02/24/2026,Residential Plumbing Permit,PLB,,"220 FOUNTAIN AVE, DAYTON OH 45405-3930 United States",,,39.77783729110262,-84.21140471956667
PLB2026R-00119,R72 00207 0063,address,02/24/2026,Residential Plumbing Permit,PLB,,"132 CANAL BOAT CT, DAYTON OH 45402 United States",,,39.762791203349174,-84.1875397830356
PLB2026R-00118,R72 03806 0024,address,02/24/2026,Residential Plumbing Permit,PLB,,"1105 CARLISLE AVE, DAYTON OH 45420-1916 United States",,,39.74509255673179,-84.15265814988906
PLB2026R-00117,R72 50807 0001,address,02/24/2026,Residential Plumbing Permit,PLB,,"126 BELLAIRE AVE, APT/UNIT 101, DAYTON OH 45420 United States",,,39.729515618458564,-84.15458358875843
PLB2026R-00116,R72 03510 0025,address,02/24/2026,Residential Plumbing Permit,PLB,,"1305 HIGHLAND AVE, DAYTON OH 45410-2325 United States",,,39.741373466946,-84.15972967812233
PLB2026R-00115,R72117201 0034,address,02/24/2026,Residential Plumbing Permit,PLB,,"1540 BARTLEY RD, DAYTON OH 45414-3029 United States",,,39.8282271949668,-84.20713074080932
PLB2026R-00114,R72 14202 0007,address,02/24/2026,Residential Plumbing Permit,PLB,,"2934 REVERE AVE, DAYTON OH 45420-1726 United States",,,39.72649309769929,-84.15086600015418
PLB2026R-00113,R72 01913 0006,address,02/24/2026,Residential Plumbing Permit,PLB,,"59 ALBERTA ST, DAYTON OH 45410 United States",,,39.748916203536815,-84.18336144414069
PLB2026R-00112,R72 11910 0005,address,02/23/2026,Residential Plumbing Permit,PLB,,"3555 CORNELL DR, DAYTON OH 45406-4262 United States",,,39.776453717152236,-84.24613796921618
PLB2026R-00111,R72 16203 0001,address,02/23/2026,Residential Plumbing Permit,PLB,,"1601 SHAFTESBURY RD, DAYTON OH 45406-4141 United States",,,39.77652647319896,-84.24070231184943
PLB2026R-00110,R72 07705 0042,address,02/23/2026,Residential Plumbing Permit,PLB,,"1407 W GRAND AVE, DAYTON OH 45402-6037 United States",,,39.76715220233978,-84.21990936124759
PLB2026R-00109,R72 14504 0044,address,02/23/2026,Residential Plumbing Permit,PLB,,"2745 DWIGHT AVE, DAYTON OH 45420-2605 United States",,,39.727012699807915,-84.13950266463411
PLB2026R-00108,R72 16402 0007,address,02/20/2026,Residential Plumbing Permit,PLB,,"2154 NEWGATE AVE, DAYTON OH 45420-3151 United States",,,39.73630039116117,-84.1303676572365
PLB2026R-00107,R72 15506 0006,address,02/19/2026,Residential Plumbing Permit,PLB,,"4913 W THIRD ST, DAYTON OH 45417-9047 United States",,,39.747386980346356,-84.26638960663546
PLB2026R-00106,,unmatched,02/19/2026,Residential Plumbing Permit,PLB,,"4322 WEEPING WILLOW DR, DAYTON OH 45404",,,,
PLB2026R-00105,R72 09604 0030,address,02/19/2026,Residential Plumbing Permit,PLB,,"439 ADELITE AVE, DAYTON OH 45417-3270 United States",,,39.7452733985285,-84.23237736352893
PLB2026R-00104,R72 14907 0026,address,02/19/2026,Residential Plumbing Permit,PLB,,"1724 PERSHING BLVD, DAYTON OH 45420-2425 United States",,,39.74231058740743,-84.14568139694275
PLB2026R-00103,R72 11209 0021,address,02/19/2026,Residential Plumbing Permit,PLB,,"414 WILLOWWOOD DR, DAYTON OH 45405-2929 United States",,,39.79051105468229,-84.21558860734746
PLB2026R-00102,R72 04307 0053,address,02/19/2026,Residential Plumbing Permit,PLB,,"740 E CIRCLE DR, DAYTON OH 45403-3310 United States",,,39.75387879556174,-84.14313002507477
PLB2026R-00101,R72 14906 0012,address,02/17/2026,Residential Plumbing Permit,PLB,,"1722 ROSEMONT BLVD, DAYTON OH 45420-2509 United States",,,39.74211966789948,-84.14207387083667
PLB2026R-00100,R72 15804 0068,address,02/17/2026,Residential Plumbing Permit,PLB,,"4033 PRESCOTT AVE, DAYTON OH 45406-3455 United States",,,39.78713297386728,-84.2493989384176
PLB2026R-00099,R72 12704 0032,address,02/17/2026,Residential Plumbing Permit,PLB,,"3506 DELPHOS AVE, DAYTON OH 45417-1644 United States",,,39.75489474474836,-84.24752237101987
PLB2026R-00098,R72 11809 0042,address,02/16/2026,Residential Plumbing Permit,PLB,,"1520 KUMLER AVE, DAYTON OH 45406-5933 United States",,,39.77590204432221,-84.22334230762583
PLB2026R-00097,R72 16604 0050,address,02/16/2026,Residential Plumbing Permit,PLB,,"5403 HAVERFIELD RD, DAYTON OH 45432-3534 United States",,,39.730034752499236,-84.1143181403478
PLB2026R-00096,R72 11103 0042,address,02/13/2026,Residential Plumbing Permit,PLB,,"24 MAYLAN DR, DAYTON OH 45405-2736 United States",,,39.7965423235227,-84.218107840774
PLB2026R-00095,R72 15307 0010,address,02/13/2026,Residential Plumbing Permit,PLB,,"401 SANTA CRUZ AVE, DAYTON OH 45410-2824 United States",,,39.753531596747656,-84.14809854955516
PLB2026R-00094,R72 04707 0041,address,02/12/2026,Residential Plumbing Permit,PLB,,"136 S IRWIN ST, DAYTON OH 45403-2204 United States",,,39.763243204049175,-84.15006091304384
PLB2026R-00093,R72 12012 0024,address,02/12/2026,Residential Plumbing Permit,PLB,,"1622 EARLHAM DR, DAYTON OH 45406-4611 United States",,,39.77536529541598,-84.2321719831034
PLB2026R-00092,R72217304 0120,address,02/12/2026,Residential Plumbing Permit,PLB,,"4385 CONEFLOWER DR, DAYTON OH 45404 United States",,,39.81717467275231,-84.14137034098
PLB2026R-00091,R72 10901 0046,address,02/11/2026,Residential Plumbing Permit,PLB,,"347 E SIEBENTHALER AVE, DAYTON OH 45405-2433 United States",,,39.798787374850825,-84.21049210903821
PLB2026R-00090,R72 16911 0044,address,02/11/2026,Residential Plumbing Permit,PLB,,"4527 APPLE TREE CT, DAYTON OH 45417-8904 United States",,,39.73401355584326,-84.26445743185879
PLB2026R-00089,R72 07709 0056,address,02/11/2026,Residential Plumbing Permit,PLB,,"810 N PAUL LAURENCE DUNBAR ST, DAYTON OH 45402-5929 United States",,,39.764777845348064,-84.21948431799711
PLB2026R-00088,R72 02309 0071,address,02/10/2026,Residential Plumbing Permit,PLB,,"1031 XENIA AVE, DAYTON OH 45410-2235 United States",,,39.75304852818977,-84.16089707365013
PLB2026R-00087,R72 15910 0068,address,02/10/2026,Residential Plumbing Permit,PLB,,"4649 SAINT JAMES AVE, DAYTON OH 45406-2324 United States",,,39.789161934610476,-84.26094622058405
PLB2026R-00086,R72 03502 0075,address,02/10/2026,Residential Plumbing Permit,PLB,,"1116 HIGHLAND AVE, DAYTON OH 45410-2322 United States",,,39.744409733699214,-84.15899812053146
PLB2026R-00085,R72217319 0035,address,02/10/2026,Residential Plumbing Permit,PLB,,"4930 APPLERIDGE CT, DAYTON OH 45424-4607 United States",,,39.8211664547716,-84.11609644089314
PLB2026R-00084,,unmatched,02/06/2026,Residential Plumbing Permit,PLB,,"4244 WEEPING WILLOW DR, DAYTON OH 45404 United States",,,,
PLB2026R-00083,,unmatched,02/06/2026,Residential Plumbing Permit,PLB,,"238 GETTYSBURG, DAYTON OH",,,,
PLB2026R-00082,R72 05002 0087,address,02/05/2026,Residential Plumbing Permit,PLB,,"2152 BICKMORE AVE, DAYTON OH 45404-2236 United States",,,39.78252753108045,-84.16029739181803
PLB2026R-00081,,unmatched,02/05/2026,Residential Plumbing Permit,PLB,,"4375 Weeping Willow, DAYTON OH 45404",,,,
PLB2026R-00080,R72 11506 0004,address,02/05/2026,Residential Plumbing Permit,PLB,,"2043 BURBANK DR, DAYTON OH 45406-4414 United States",,,39.78512715455982,-84.23306600863009
PLB2026R-00079,R72 02304 0032,address,02/04/2026,Residential Plumbing Permit,PLB,,"224 Pritz AVE, DAYTON OH 45403-2522",,,39.75571265032883,-84.15639279438888
PLB2026R-00078,R72 12001 0044,address,02/04/2026,Residential Plumbing Permit,PLB,,"1455 CORY DR, DAYTON OH 45406-5912 United States",,,39.77507099302639,-84.22290541241954
PLB2026R-00077,,unmatched,02/04/2026,Residential Plumbing Permit,PLB,,"4256 WEEPING WILLOW DR, DAYTON OH 45404 United States",,,,
PLB2026R-00076,R72 15009 0034,address,02/03/2026,Residential Plumbing Permit,PLB,,"3015 MESMER AVE, DAYTON OH 45410-3449 United States",,,39.74378599741613,-84.13916451496075
PLB2026R-00075,R72 09309 0002,address,02/03/2026,Residential Plumbing Permit,PLB,,"27 UPPER AVE, DAYTON OH 45417-1815 United States",,,39.75009987970752,-84.24332911529703
PLB2026R-00074,R72 05211 0022,address,02/02/2026,Residential Plumbing Permit,PLB,,"429 GROVE AVE, DAYTON OH 45404-1911 United States",,,39.78191009818216,-84.17299469890952
PLB2026R-00073,R72617703 0004,address,02/02/2026,Residential Plumbing Permit,PLB,,"6458 RING NECK DR, DAYTON OH 45424-4197 United States",,,39.82947470965064,-84.1053350855689
PLB2026R-00072,R72 06712 0047,address,01/30/2026,Residential Plumbing Permit,PLB,,"425 FOREST AVE, DAYTON OH 45405-4439 United States",,,39.77156955303197,-84.20192799891088
PLB2026R-00071,R72 15111 0016,address,01/30/2026,Residential Plumbing Permit,PLB,,"1503 PERSHING BLVD, DAYTON OH 45410-3116 United States",,,39.74643930500387,-84.14555480709978
PLB2026R-00070,R72 03808 0049,address,01/29/2026,Residential Plumbing Permit,PLB,,"3111 BROOKS ST, DAYTON OH 45420-1957 United States",,,39.74315648584019,-84.15015094564234
PLB2026R-00069,R72 14007 0047,address,01/29/2026,Residential Plumbing Permit,PLB,,"1010 YORKSHIRE PL, DAYTON OH 45419-3729 United States",,,39.71979939157946,-84.15529069719378
PLB2026R-00068,R72 14108 0001,address,01/29/2026,Residential Plumbing Permit,PLB,,"3121 KENMORE AVE, DAYTON OH 45420-2237 United States",,,39.72418772269172,-84.14640534238191
PLB2026R-00067,,unmatched,01/29/2026,Residential Plumbing Permit,PLB,,"4055 CORINTH, DAYTON OH",,,,
PLB2026R-00066,R72 04001 0074,address,01/28/2026,Residential Plumbing Permit,PLB,,"642 CARLISLE AVE, DAYTON OH 45410-2737 United States",,,39.75075145694387,-84.15189591756304
PLB2026R-00065,R72 11206 0038,address,01/27/2026,Residential Plumbing Permit,PLB,,"411 SANDALWOOD DR, DAYTON OH 45405-2926 United States",,,39.790253474921094,-84.21724086047962
PLB2026R-00064,R72 10403B0066,address,01/27/2026,Residential Plumbing Permit,PLB,,"1503 Tampa AVE, DAYTON OH 45417-3851",,,39.74036978145276,-84.22025506044923
PLB2026R-00063,R72 15606 0035,address,01/27/2026,Residential Plumbing Permit,PLB,,"2961 LINDALE AVE, DAYTON OH 45414-5520 United States",,,39.793400551018784,-84.19801573784981
PLB2026R-00062,R72617525 0034,address,01/27/2026,Residential Plumbing Permit,PLB,,"6228 PHEASANT HILL RD, DAYTON OH 45424-4184 United States",,,39.82552461100705,-84.10726664358445
PLB2026R-00061,R72 13906 0029,address,01/27/2026,Residential Plumbing Permit,PLB,,"806 WARRINGTON PL, DAYTON OH 45419-3646 United States",,,39.72361052208827,-84.15820095580357
PLB2026R-00060,R72 06202 0070,address,01/27/2026,Residential Plumbing Permit,PLB,,"105 BASSWOOD AVE, DAYTON OH 45405-3111 United States",,,39.789734454379825,-84.21068265759828
PLB2026R-00059,R72 07102 0015,address,01/22/2026,Residential Plumbing Permit,PLB,,"19 W FAIRVIEW AVE, DAYTON OH 45405-3318 United States",,,39.784999077765,-84.21116783743607
PLB2026R-00058,R72 14606 0042,address,01/22/2026,Residential Plumbing Permit,PLB,,"2621 Westfield AVE, DAYTON OH 45420-2377",,,39.73235807781972,-84.14580559801429
PLB2026R-00057,R72417311 0020,address,01/22/2026,Residential Plumbing Permit,PLB,,"4025 QUAIL BUSH DR, DAYTON OH 45424-4739 United States",,,39.817341802927885,-84.11289932041544
PLB2026R-00056,R72617606 0037,address,01/22/2026,Residential Plumbing Permit,PLB,,"6295 PHEASANT HILL RD, DAYTON OH 45424-4192 United States",,,39.82657034261997,-84.107896166194
PLB2026R-00055,R72 04705 0008,address,01/21/2026,Residential Plumbing Permit,PLB,,"33 S IRWIN ST, DAYTON OH 45403-2119 United States",,,39.76523228424151,-84.15095484414486
PLB2026R-00054,R72 06308 0041,address,01/21/2026,Residential Plumbing Permit,PLB,,"2926 N MAIN ST, DAYTON OH 45405-2808 United States",,,39.79192361813682,-84.21438120295188
PLB2026R-00053,R72 06308 0041,address,01/21/2026,Residential Plumbing Permit,PLB,,"2924 N Main ST, DAYTON OH 45405-2808",,,39.791922367121686,-84.21446660580767
PLB2026R-00052,R72 07411 0067,address,01/21/2026,Residential Plumbing Permit,PLB,,"530 N WILLIAMS ST, DAYTON OH 45402-6379 United States",,,39.7634273254802,-84.21107976533715
PLB2026R-00051,,unmatched,01/21/2026,Residential Plumbing Permit,PLB,,"4356 WEEPING WILLOW DR, DAYTON OH",,,,
PLB2026R-00050,,unmatched,01/21/2026,Residential Plumbing Permit,PLB,,"4150 WEEPING WILLOW DR, DAYTON OHIO 45404",,,,
PLB2026R-00049,,unmatched,01/21/2026,Residential Plumbing Permit,PLB,,"5524 E SIERRA CIR, DAYTON OH 45414",,,,
PLB2026R-00048,R72 14204 0009,address,01/21/2026,Residential Plumbing Permit,PLB,,"3005 MARTEL DR, DAYTON OH 45420-2247 United States",,,39.725390357641956,-84.14396987083883
PLB2026R-00047,R72 07307 0020,address,01/20/2026,Residential Plumbing Permit,PLB,,"724 SALEM AVE, DAYTON OH 45406-5823 United States",,,39.770658374471246,-84.21318896094569
PLB2026R-00046,R72603311 0023,address,01/20/2026,Residential Plumbing Permit,PLB,,"6907 PEGRAM WAY, DAYTON OH 45424",,,39.828208790242414,-84.097115294135
PLB2026R-00045,R72 06601 0051,address,01/20/2026,Residential Plumbing Permit,PLB,,"110 RICHMOND AVE, DAYTON OH 45406-5245 United States",,,39.77123864481442,-84.20993673105663
PLB2026R-00044,R72603706 0042,address,01/20/2026,Residential Plumbing Permit,PLB,,"6209 AVIAN GLEN CIR, DAYTON OH 45424-4876 United States",,,39.827604842105565,-84.11133517281503
PLB2026R-00043,R72 10212 0037,address,01/20/2026,Residential Plumbing Permit,PLB,,"633 MIAMI CHAPEL RD, DAYTON OH 45417-4648 United States",,,39.73823550951617,-84.20587284047255
PLB2026R-00042,R72 04407 0048,address,01/16/2026,Residential Plumbing Permit,PLB,,"324 BIERCE AVE, DAYTON OH 45403-2657 United States",,,39.75970918467299,-84.15280026964221
PLB2026R-00041,R72 07709 0114,address,01/15/2026,Residential Plumbing Permit,PLB,,"924 SUPERIOR AVE, DAYTON OH 45402-6250 United States",,,39.76529026624696,-84.21805954518378
PLB2026R-00040,R72 11909 0006,address,01/15/2026,Residential Plumbing Permit,PLB,,"1428 CORNELL DR, DAYTON OH 45406-4726 United States",,,39.776225514373415,-84.22654592068054
PLB2026R-00039,R72 04411 0011,address,01/15/2026,Residential Plumbing Permit,PLB,,"39 PLEASANT ST, DAYTON OH 45403-2725 United States",,,39.75946019547066,-84.15118093818396
PLB2026R-00038,R72 04710 0133,address,01/15/2026,Residential Plumbing Permit,PLB,,"207 S WESTVIEW AVE, DAYTON OH 45403-2823 United States",,,39.762275400957435,-84.14403124339104
PLB2026R-00037,R72 03407 0086,address,01/13/2026,Residential Plumbing Permit,PLB,,"205 Heaton AVE, DAYTON OH 45410-2029",,,39.74561792065794,-84.16517685895427
PLB2026R-00036,R72 14011 0006,address,01/13/2026,Residential Plumbing Permit,PLB,,"1001 BUCKINGHAM RD, DAYTON OH 45419-3746 United States",,,39.722943080617206,-84.15414570160452
PLB2026R-00035,R72 11105 0035,address,01/13/2026,Residential Plumbing Permit,PLB,,"34 W BRUCE AVE, DAYTON OH 45405-2714 United States",,,39.794850382453916,-84.21758205532502
PLB2026R-00034,R72 07104B0002,address,01/13/2026,Residential Plumbing Permit,PLB,,"11 PINEHURST AVE, DAYTON OH 45405-3026 United States",,,39.78813406794639,-84.21459401742631
PLB2026R-00033,R72 04601 0029,address,01/12/2026,Residential Plumbing Permit,PLB,,"2705 E SECOND ST, DAYTON OH 45403-1233 United States",,,39.76707105380104,-84.15606861344257
PLB2026R-00032,R72 11802 0009,address,01/12/2026,Residential Plumbing Permit,PLB,,"460 W Hudson AVE, DAYTON OH 45406-4832",,,39.782218250758056,-84.22123159346421
PLB2026R-00031,R72 11906 0017,address,01/12/2026,Residential Plumbing Permit,PLB,,"1411 PHILADELPHIA DR, DAYTON OH 45406-4646 United States",,,39.77311611526917,-84.23478840284636
PLB2026R-00030,R72 14103 0023,address,01/12/2026,Residential Plumbing Permit,PLB,,"1129 ASHLAND AVE, DAYTON OH 45420-1501 United States",,,39.72201567137289,-84.14768068391427
PLB2026R-00029,R72617308 0036,address,01/12/2026,Residential Plumbing Permit,PLB,,"4849 SPARROW DR, DAYTON OH 45424-4519 United States",,,39.822596856312806,-84.10832783074135
PLB2026R-00028,R72 03601 0001,address,01/12/2026,Residential Plumbing Permit,PLB,,"1616 WYOMING ST, DAYTON OH 45410-2526 United States",,,39.74659615642503,-84.15836365079001
PLB2026R-00027,R72 03403 0008,address,01/09/2026,Residential Plumbing Permit,PLB,,"51 Gebhart ST, DAYTON OH 45410-1718",,,39.74481772080969,-84.16680101981396
PLB2026R-00026,R72 01402 0041,address,01/08/2026,Residential Plumbing Permit,PLB,,"210 Jackson St, Upper, Dayton OH 45402-2979",,,39.75561852231945,-84.18318534611225
PLB2026R-00025,R72217315 0001,address,01/08/2026,Residential Plumbing Permit,PLB,,"4100 BEECH TREE CT, DAYTON OH 45424-4636 United States",,,39.81837820160121,-84.11838178635968
PLB2026R-00024,R72 05301 0056,address,01/08/2026,Residential Plumbing Permit,PLB,,"117 GROVE AVE, DAYTON OH 45404-1932 United States",,,39.77608886169912,-84.17358444675685
PLB2026R-00023,R72 15007 0068,address,01/08/2026,Residential Plumbing Permit,PLB,,"3222 MESMER AVE, DAYTON OH 45410-3453 United States",,,39.74326731456333,-84.13600809854265
PLB2026R-00022,R72603713 0024,address,01/08/2026,Residential Plumbing Permit,PLB,,"6401 SYMMES LN, DAYTON OH 45424-8107 United States",,,39.836079801612634,-84.1072147593342
PLB2026R-00021,R72 02701 0034,address,01/08/2026,Residential Plumbing Permit,PLB,,"204 ALBERTA ST, BACK Back, DAYTON OH 45410-1379 United States",,,39.748131326187675,-84.18197799176694
PLB2026R-00020,,unmatched,01/07/2026,Residential Plumbing Permit,PLB,,"4363 WEEPING WILLOW DR, DAYTON OH 45404",,,,
PLB2026R-00019,R72 08108 0056,address,01/07/2026,Residential Plumbing Permit,PLB,,"518 N WOODWARD AVE, DAYTON OH 45417",,,39.7604424158277,-84.23028693624806
PLB2026R-00018,R72 12414 0186,address,01/07/2026,Residential Plumbing Permit,PLB,,"837 LILAC AVE, DAYTON OH 45417-9128 United States",,,39.76065958725707,-84.26842710651084
PLB2026R-00017,R72 01208 0001,address,01/07/2026,Residential Plumbing Permit,PLB,,"1700 E FOURTH ST, DAYTON OH 45403-1806 United States",,,39.76085523169688,-84.16973907473997
PLB2026R-00016,R72 07710 0040,address,01/06/2026,Residential Plumbing Permit,PLB,,"930 CATALPA DR, DAYTON OH 45402-5824 United States",,,39.76630404862992,-84.22417946855028
PLB2026R-00015,R72 07710 0040,address,01/06/2026,Residential Plumbing Permit,PLB,,"928 Catalpa DR, DAYTON OH 45402-5824",,,39.76624913881005,-84.22417810977558
PLB2026R-00014,R72 10403B0055,address,01/06/2026,Residential Plumbing Permit,PLB,,"1545 TAMPA AVE, DAYTON OH 45417-3851 United States",,,39.74033793290099,-84.22167340574396
PLB2026R-00013,R72 11302 0026,address,01/06/2026,Residential Plumbing Permit,PLB,,"1006 SUNNYVIEW AVE, DAYTON OH 45406-1960 United States",,,39.79267942028372,-84.22963755841234
PLB2026R-00012,R72 05104 0040,address,01/06/2026,Residential Plumbing Permit,PLB,,"1029 GERHARD ST, DAYTON OH 45404 United States",,,39.78108715910449,-84.1652417587342
PLB2026R-00011,R72 01401 0042,address,01/06/2026,Residential Plumbing Permit,PLB,,"23 VAN BUREN ST, DAYTON OH 45402-2931 United States",,,39.756291995212926,-84.18274983565908
PLB2026R-00010,R72 13216 0021,address,01/06/2026,Residential Plumbing Permit,PLB,,"3568 ROEJACK DR, DAYTON OH 45417-3546 United States",,,39.73772288283465,-84.2493111972049
PLB2026R-00009,R72 15410 0019,address,01/06/2026,Residential Plumbing Permit,PLB,,"1812 DARST AVE, DAYTON OH 45403-3106 United States",,,39.758043286416026,-84.13299666397072
PLB2026R-00008,R72 12111 0103,address,01/06/2026,Residential Plumbing Permit,PLB,,"2721 OXFORD AVE, DAYTON OH 45406-4337 United States",,,39.76944287508392,-84.23529828540308
PLB2026R-00007,R72 14010 0039,address,01/06/2026,Residential Plumbing Permit,PLB,,"932 BERKSHIRE RD, DAYTON OH 45419-3737 United States",,,39.72021508214807,-84.15424456476774
PLB2026R-00006,R72 03913 0030,address,01/06/2026,Residential Plumbing Permit,PLB,,"909 CREIGHTON AVE, DAYTON OH 45410-2922 United States",,,39.74710405502819,-84.1537124861603
PLB2026R-00005,R72 07907 0001,address,01/05/2026,Residential Plumbing Permit,PLB,,"1620 SUPERIOR AVE, DAYTON OH 45402-5745 United States",,,39.765106843521664,-84.22734488714521
PLB2026R-00004,R72651428 0028,address,01/02/2026,Residential Plumbing Permit,PLB,,"6684 LEXINGTON PL S, DAYTON OH 45424-4275 United States",,,39.83004331243423,-84.09809046859505
PLB2026R-00003,R72 02101 0022,address,01/02/2026,Residential Plumbing Permit,PLB,,"68 MCREYNOLDS ST, DAYTON OH 45403-2417 United States",,,39.75794791975382,-84.1670119115526
PLB2026R-00002,R72 04805B0046,address,01/02/2026,Residential Plumbing Permit,PLB,,"53 N QUENTIN AVE, DAYTON OH 45403-1728 United States",,,39.76814992158767,-84.14127833109923
PLB2026R-00001,R72 14603 0001,address,01/02/2026,Residential Plumbing Permit,PLB,,"948 CHELSEA AVE, DAYTON OH 45420-2725 United States",,,39.7303156656521,-84.13755689225896
SWR2026R-00144,R72 14805 0023,address,06/29/2026,Residential Sewer Permit,SWR,,"2125 JOHN GLENN RD, DAYTON OH 45420-2418 United States",,,39.737088609405376,-84.14545142174372
SWR2026R-00143,,unmatched,06/29/2026,Residential Sewer Permit,SWR,,"52 S TERRY ST, DAYTON OH 45403",,,,
SWR2026R-00142,,unmatched,06/26/2026,Residential Sewer Permit,SWR,,"4392 Weeping Willow Dr., DAYTON OH",,,,
SWR2026R-00141,,unmatched,06/26/2026,Residential Sewer Permit,SWR,,"4616 Blue Iris, DAYTON OH",,,,
SWR2026R-00140,,unmatched,06/26/2026,Residential Sewer Permit,SWR,,"4362 WEEPING WILLOW DR, DAYTON OH 45404 United States",,,,
SWR2026R-00139,,unmatched,06/26/2026,Residential Sewer Permit,SWR,,"4620 Blue Iris Dr., DAYTON OH",,,,
SWR2026R-00138,,unmatched,06/26/2026,Residential Sewer Permit,SWR,,"4504 Cardinal Flower DR, Miamisburg OH 45342",,,,
SWR2026R-00137,,unmatched,06/25/2026,Residential Sewer Permit,SWR,,"222 BURNS AVE, DAYTON OH 45402 United States",,,,
SWR2026R-00134,,unmatched,06/25/2026,Residential Sewer Permit,SWR,,"216 BURNS AVE, DAYTON OH 45402 United States",,,,
SWR2026R-00135,,unmatched,06/25/2026,Residential Sewer Permit,SWR,,"218 BURNS AVE, DAYTON OH 45402 United States",,,,
SWR2026R-00136,,unmatched,06/25/2026,Residential Sewer Permit,SWR,,"220 BURNS AVE, DAYTON OH 45402 United States",,,,
SWR2026R-00133,,unmatched,06/25/2026,Residential Sewer Permit,SWR,,"214 BURNS AVE, DAYTON OH 45402 United States",,,,
SWR2026R-00132,R72 15910 0062,address,06/24/2026,Residential Sewer Permit,SWR,,"4621 SAINT JAMES AVE, DAYTON OH 45406-2324 United States",,,39.789102272815455,-84.25998374511181
SWR2026R-00131,R72 16513 0002,address,06/23/2026,Residential Sewer Permit,SWR,,"1588 LARCHWOOD DR, DAYTON OH 45432-3661 United States",,,39.733960690072124,-84.11116924823138
SWR2026R-00130,R72 03411 0010,address,06/17/2026,Residential Sewer Permit,SWR,,"121 ILLINOIS AVE, DAYTON OH 45410-2033 United States",,,39.74476937111887,-84.16306154918175
SWR2026R-00129,R72 15609 0045,address,06/15/2026,Residential Sewer Permit,SWR,,"3220 ZEPHYR DR, DAYTON OH 45414-5451 United States",,,39.794806638584234,-84.20102572825539
SWR2026R-00128,R72 14801 0005,address,05/29/2026,Residential Sewer Permit,SWR,,"2225 KING AVE, DAYTON OH 45420-2361 United States",,,39.7358501249381,-84.14877234820709
SWR2026R-00127,R72 02903 0077,address,05/27/2026,Residential Sewer Permit,SWR,,"45 JASPER ST, DAYTON OH 45409-2612 United States",,,39.741581078470084,-84.18533967385459
SWR2026R-00126,R72 02109 0004,address,05/22/2026,Residential Sewer Permit,SWR,,"204 HAYNES ST, DAYTON OH 45410-1821 United States",,,39.75429502970689,-84.16495725959177
SWR2026R-00125,,unmatched,05/22/2026,Residential Sewer Permit,SWR,,"4220 WEEPING WILLOW DR, DAYTON OH 45404 United States",,,,
SWR2026R-00124,,unmatched,05/22/2026,Residential Sewer Permit,SWR,,"4503 BLUE IRIS DR, DAYTON OHIO 45404",,,,
SWR2026R-00123,,unmatched,05/22/2026,Residential Sewer Permit,SWR,,"4392 Weeping Willow Dr., DAYTON OH",,,,
SWR2026R-00122,,unmatched,05/22/2026,Residential Sewer Permit,SWR,,"4492 CARDINAL FLOWER DR, DAYTON OH 45404",,,,
SWR2026R-00121,,unmatched,05/22/2026,Residential Sewer Permit,SWR,,"4414 Water Willow CT, Dayton Ohio 45404",,,,
SWR2026R-00120,,unmatched,05/22/2026,Residential Sewer Permit,SWR,,"4507 Cardinal Flower DR, DAYTON OH 45404",,,,
SWR2026R-00119,,unmatched,05/22/2026,Residential Sewer Permit,SWR,,"4621 BLUE IRIS DR, DAYTON OH 45404",,,,
SWR2026R-00118,R72 16510 0049,address,05/21/2026,Residential Sewer Permit,SWR,,"1521 EDENDALE RD, DAYTON OH 45432-3602 United States",,,39.736218407164834,-84.11351173809082
SWR2026R-00117,,unmatched,05/20/2026,Residential Sewer Permit,SWR,,"2105 RAVENWOOD AVE, DAYTON OH 45406-2907 United States",,,,
SWR2026R-00116,R72 11501 0055,address,05/20/2026,Residential Sewer Permit,SWR,,"2103 RAVENWOOD AVE, DAYTON OH 45406 United States",,,39.78588042227781,-84.22702277633012
SWR2026R-00115,R72 11501 0012,address,05/20/2026,Residential Sewer Permit,SWR,,"2105 CATALPA DR, DAYTON OH 45406-3040 United States",,,39.785897791703455,-84.22588166006649
SWR2026R-00114,R72 11501 0015,address,05/20/2026,Residential Sewer Permit,SWR,,"2053 CATALPA DR, DAYTON OH 45406-3037 United States",,,39.78543011174718,-84.22585911740522
SWR2026R-00113,,unmatched,05/20/2026,Residential Sewer Permit,SWR,,"2109 RAVENWOOD AVE, DAYTON OH 45406-2907 United States",,,,
SWR2026R-00112,R72 14304 0032,address,05/19/2026,Residential Sewer Permit,SWR,,"412 NORDALE AVE, DAYTON OH 45420-2332 United States",,,39.730070921835384,-84.15008655469038
SWR2026R-00111,R72 07104A0001,address,05/12/2026,Residential Sewer Permit,SWR,,"228 W PARKWOOD DR, DAYTON OH 45405-3023 United States",,,39.78673525534124,-84.21636049692266
SWR2026R-00110,R72 12211 0051,address,05/11/2026,Residential Sewer Permit,SWR,,"816 WALTON AVE, DAYTON OH 45402-5331 United States",,,39.76324073106749,-84.24356538037489
SWR2026R-00109,R72 14201 0009,address,05/08/2026,Residential Sewer Permit,SWR,,"925 CROYDEN DR, DAYTON OH 45420-1711 United States",,,39.72628433787259,-84.15320442297465
SWR2026R-00108,R72 15902 0041,address,05/06/2026,Residential Sewer Permit,SWR,,"4530 QUEENS AVE, DAYTON OH 45406-3230 United States",,,39.78396349205957,-84.25861183909801
SWR2026R-00107,R72 04309 0022,address,05/06/2026,Residential Sewer Permit,SWR,,"621 ELBERON AVE, DAYTON OH 45403-3317 United States",,,39.75535933461432,-84.14309021255805
SWR2026R-00106,R72 12505 0048,address,05/05/2026,Residential Sewer Permit,SWR,,"420 LORENZ AVE, DAYTON OH 45417-2340 United States",,,39.76028201410063,-84.23479618817952
SWR2026R-00105,R72 06612 0039,address,05/04/2026,Residential Sewer Permit,SWR,,"812 NEAL AVE, DAYTON OH 45406-5233 United States",,,39.77061277534821,-84.21067569598215
SWR2026R-00104,R72 05802 0019,address,05/04/2026,Residential Sewer Permit,SWR,,"114 VERMONT AVE, DAYTON OH 45404-1522 United States",,,39.774133968699005,-84.18543680621012
SWR2026R-00103,,unmatched,04/30/2026,Residential Sewer Permit,SWR,,"52 S TERRY ST, DAYTON OH 45403",,,,
SWR2026R-00102,R72 14802 0026,address,04/28/2026,Residential Sewer Permit,SWR,,"322 WATERVLIET AVE, DAYTON OH 45420-2457 United States",,,39.736141043604825,-84.14722501996552
SWR2026R-00101,,unmatched,04/23/2026,Residential Sewer Permit,SWR,,"4214 WEEPING WILLOW DR, DAYTON OH 45404 United States",,,,
SWR2026R-00100,,unmatched,04/23/2026,Residential Sewer Permit,SWR,,"4370 WEEPING WILLOW DR, DAYTON OH 45404 United States",,,,
SWR2026R-00099,R72 15820 0008,address,04/22/2026,Residential Sewer Permit,SWR,,"4423 BLUEHAVEN DR, DAYTON OH 45406-3334 United States",,,39.780491450909985,-84.25668779507534
SWR2026R-00098,,unmatched,04/17/2026,Residential Sewer Permit,SWR,,"18 MERCER AVE, DAYTON OH 45402",,,,
SWR2026R-00097,R72 08603 0092,address,04/17/2026,Residential Sewer Permit,SWR,,"136 S WILLIAMS ST, DAYTON OH 45402 United States",,,39.75382640622974,-84.21210917614891
SWR2026R-00096,,unmatched,04/17/2026,Residential Sewer Permit,SWR,,"135 S WILLIAMS ST, DAYTON OH 45402 United States",,,,
SWR2026R-00095,R72 06210 0050,address,04/14/2026,Residential Sewer Permit,SWR,,"104 LAURA AVE, DAYTON OH 45405-3102 United States",,,39.78826798588052,-84.20994548305575
SWR2026R-00094,R72 02802 0041,address,04/14/2026,Residential Sewer Permit,SWR,,"61 PARK DR, DAYTON OH 45410-1324 United States",,,39.74633021484885,-84.18102958626955
SWR2026R-00093,R72617310 0024,address,04/09/2026,Residential Sewer Permit,SWR,,"5205 GANDER RD W, DAYTON OH 45424-4512 United States",,,39.82069811614442,-84.11063049165375
SWR2026R-00092,R72 03604 0053,address,04/08/2026,Residential Sewer Permit,SWR,,"1338 EPWORTH AVE, DAYTON OH 45410-2616 United States",,,39.74114019061018,-84.15681826882604
SWR2026R-00091,R72 04707 0002,address,04/02/2026,Residential Sewer Permit,SWR,,"105 S IRWIN ST, DAYTON OH 45403-2203 United States",,,39.76392484780192,-84.15059649793076
SWR2026R-00090,R72 07711 0057,address,04/02/2026,Residential Sewer Permit,SWR,,"1428 W GRAND AVE, DAYTON OH 45402-6057 United States",,,39.7666834932834,-84.22134596568944
SWR2026R-00089,R72 11501 0019,address,04/01/2026,Residential Sewer Permit,SWR,,"2068 Ravenwood AVE, DAYTON OH 45406-2902",,,39.78530858013181,-84.22655040883595
SWR2026R-00088,R72 01306 0008,address,03/31/2026,Residential Sewer Permit,SWR,,"126 LA BELLE ST, DAYTON OH 45403-2358 United States",,,39.75596143345597,-84.1724855748052
SWR2026R-00087,,unmatched,03/30/2026,Residential Sewer Permit,SWR,,"135 S WILLIAMS ST, DAYTON OH 45402 United States",,,,
SWR2026R-00086,,unmatched,03/30/2026,Residential Sewer Permit,SWR,,"18 MERCER AVE, DAYTON OH 45402",,,,
SWR2026R-00085,R72 15611 0035,address,03/27/2026,Residential Sewer Permit,SWR,,"1640 PINECREST DR, DAYTON OH 45414-5318 United States",,,39.7992884195988,-84.19852235100068
SWR2026R-00084,R72 03808 0026,address,03/25/2026,Residential Sewer Permit,SWR,,"1209 PURSELL AVE, DAYTON OH 45420-1944 United States",,,39.743346060733934,-84.15072804429538
SWR2026R-00083,R72 07801 0007,address,03/24/2026,Residential Sewer Permit,SWR,,"1237 ROSEDALE DR, DAYTON OH 45402-5711 United States",,,39.76995098637167,-84.22693837789589
SWR2026R-00082,R72 17108 0013,address,03/19/2026,Residential Sewer Permit,SWR,,"615 LONGVALE DR, DAYTON OH 45417-8322 United States",,,39.75752944716378,-84.27279070109269
SWR2026R-00081,,unmatched,03/19/2026,Residential Sewer Permit,SWR,,"2508 HEARTSOUL DR, DAYTON OH",,,,
SWR2026R-00080,,unmatched,03/19/2026,Residential Sewer Permit,SWR,,"918 ANGIER, DAYTON OH",,,,
SWR2026R-00079,,unmatched,03/19/2026,Residential Sewer Permit,SWR,,"912 ANGIER DR, DAYTON OH",,,,
SWR2026R-00078,,unmatched,03/19/2026,Residential Sewer Permit,SWR,,"2526 YOLANDA AVE, DAYTON OH",,,,
SWR2026R-00077,,unmatched,03/19/2026,Residential Sewer Permit,SWR,,"2413 YOLANDA AVE, DAYTON OH",,,,
SWR2026R-00076,,unmatched,03/19/2026,Residential Sewer Permit,SWR,,"2304 DELLA DR, DAYTON OH",,,,
SWR2026R-00075,,unmatched,03/19/2026,Residential Sewer Permit,SWR,,"2122 DELLA DR, DAYTON OH",,,,
SWR2026R-00074,R72 08603 0092,address,03/18/2026,Residential Sewer Permit,SWR,,"136 S WILLIAMS ST, DAYTON OH 45402 United States",,,39.75382640622974,-84.21210917614891
SWR2026R-00068,R72 08311 0058,address,03/17/2026,Residential Sewer Permit,SWR,,"1612 W FIRST ST, DAYTON OH 45402 United States",,,39.75651740175978,-84.2216796901008
SWR2026R-00055,R72 08303 0064,address,03/17/2026,Residential Sewer Permit,SWR,,"215 N BROADWAY ST, DAYTON OH 45402 United States",,,39.758202502892345,-84.2147867174579
SWR2026R-00056,R72 08303 0064,address,03/17/2026,Residential Sewer Permit,SWR,,"219 N BROADWAY ST, DAYTON OH 45402 United States",,,39.758303088233724,-84.21483551536426
SWR2026R-00048,,unmatched,03/17/2026,Residential Sewer Permit,SWR,,"1535 W Second ST, DAYTON OH 45402-6727",,,,
SWR2026R-00053,R72 08303 0065,address,03/17/2026,Residential Sewer Permit,SWR,,"207 N Broadway St, Dayton OH 45402",,,39.801017531194724,-84.31182720967374
SWR2026R-00070,R72 08311 0055,address,03/17/2026,Residential Sewer Permit,SWR,,"1628 W FIRST ST, DAYTON OH 45402 United States",,,39.756438226493074,-84.22216025679641
SWR2026R-00052,,unmatched,03/17/2026,Residential Sewer Permit,SWR,,"203 N Broadway ST, DAYTON OH 45402",,,,
SWR2026R-00049,R72 08307 0048,address,03/17/2026,Residential Sewer Permit,SWR,,"1541 W SECOND ST, DAYTON OH 45402 United States",,,39.75617778482438,-84.21981378574294
SWR2026R-00064,R72 08301 0089,address,03/17/2026,Residential Sewer Permit,SWR,,"1356 W FIRST ST, DAYTON OH 45402 United States",,,39.75735818099574,-84.21653083748943
SWR2026R-00058,R72 08303 0064,address,03/17/2026,Residential Sewer Permit,SWR,,"227 N BROADWAY ST, DAYTON OH 45402 United States",,,39.758492976542755,-84.21488960068896
SWR2026R-00060,R72 08303 0039,address,03/17/2026,Residential Sewer Permit,SWR,,"1329 W First ST, DAYTON OH 45402",,,39.75776732476367,-84.21558853568928
SWR2026R-00065,R72 08301 0072,address,03/17/2026,Residential Sewer Permit,SWR,,"1360 W FIRST ST, DAYTON OH 45402 United States",,,39.75733492544659,-84.21665379255218
SWR2026R-00057,R72 08303 0064,address,03/17/2026,Residential Sewer Permit,SWR,,"223 N BROADWAY ST, DAYTON OH 45402 United States",,,39.75839569483788,-84.21485941204628
SWR2026R-00071,R72 08313 0074,address,03/17/2026,Residential Sewer Permit,SWR,,"1720 W FIRST ST, DAYTON OH 45402 United States",,,39.7560866060584,-84.22414572899646
SWR2026R-00059,R72 08303 0064,address,03/17/2026,Residential Sewer Permit,SWR,,"231 N BROADWAY ST, DAYTON OH 45402 United States",,,39.75858560757862,-84.21491195272893
SWR2026R-00050,R72 08313 0060,address,03/17/2026,Residential Sewer Permit,SWR,,"1701 W SECOND ST, DAYTON OH 45402 United States",,,39.75558863670253,-84.2233423311234
SWR2026R-00072,R72 08212 0025,address,03/17/2026,Residential Sewer Permit,SWR,,"1727 W FIRST ST, DAYTON OH 45402 United States",,,39.756316543144614,-84.22447413006768
SWR2026R-00062,R72 08301 0079,address,03/17/2026,Residential Sewer Permit,SWR,,"1332 W FIRST ST, DAYTON OH 45402 United States",,,39.75751425322796,-84.21564065186966
SWR2026R-00067,R72 08311 0059,address,03/17/2026,Residential Sewer Permit,SWR,,"1608 W FIRST ST, DAYTON OH 45402 United States",,,39.7565468458594,-84.22154145154053
SWR2026R-00061,R72 08301 0082,address,03/17/2026,Residential Sewer Permit,SWR,,"1320 W FIRST ST, DAYTON OH 45402 United States",,,39.7575776617895,-84.2152175848645
SWR2026R-00066,R72 08311 0060,address,03/17/2026,Residential Sewer Permit,SWR,,"1604 W FIRST ST, DAYTON OH 45402 United States",,,39.75657025509236,-84.22140846664067
SWR2026R-00047,R72 08303 0044,address,03/17/2026,Residential Sewer Permit,SWR,,"1317 W FIRST ST, DAYTON OH 45402 United States",,,39.7578331958782,-84.2151837289312
SWR2026R-00054,R72 08303 0064,address,03/17/2026,Residential Sewer Permit,SWR,,"211 N BROADWAY ST, DAYTON OH 45402 United States",,,39.758108749199366,-84.21475970547357
SWR2026R-00063,R72 08301 0077,address,03/17/2026,Residential Sewer Permit,SWR,,"1344 W FIRST ST, DAYTON OH 45402 United States",,,39.75743607078305,-84.21609577761123
SWR2026R-00051,R72 08313 0059,address,03/17/2026,Residential Sewer Permit,SWR,,"1707 W SECOND ST, DAYTON OH 45402 United States",,,39.75555541827927,-84.2235328627552
SWR2026R-00069,R72 08311 0056,address,03/17/2026,Residential Sewer Permit,SWR,,"1622 W FIRST ST, DAYTON OH 45402 United States",,,39.756471592184816,-84.22195803539347
SWR2026R-00073,R72 15817 0012,address,03/17/2026,Residential Sewer Permit,SWR,,"1619 ENGLAND AVE, DAYTON OH 45406-3344 United States",,,39.78128987680791,-84.2592881206849
SWR2026R-00046,,unmatched,03/17/2026,Residential Sewer Permit,SWR,,"1333 W FIRST ST, DAYTON OH",,,,
SWR2026R-00045,,unmatched,03/16/2026,Residential Sewer Permit,SWR,,"4382 WEEPING WILLOW DR, DAYTON OH 45404 United States",,,,
SWR2026R-00044,,unmatched,03/16/2026,Residential Sewer Permit,SWR,,"4315 WILLOW HILLS, DAYTON OH",,,,
SWR2026R-00043,,unmatched,03/16/2026,Residential Sewer Permit,SWR,,"4419 WATER WILLOW CT, DAYTON OHIO 45404",,,,
SWR2026R-00042,,unmatched,03/16/2026,Residential Sewer Permit,SWR,,"4418 WATER WILLOW DR, DAYTON OHIO 45404",,,,
SWR2026R-00041,R72 11805 0004,address,03/16/2026,Residential Sewer Permit,SWR,,"633 RIDGEDALE RD, DAYTON OH 45406-4855 United States",,,39.780623152662685,-84.22065838017603
SWR2026R-00040,R72 16402 0007,address,03/09/2026,Residential Sewer Permit,SWR,,"2154 NEWGATE AVE, DAYTON OH 45420-3151 United States",,,39.73630039116117,-84.1303676572365
SWR2026R-00039,R72 16201 0057,address,03/06/2026,Residential Sewer Permit,SWR,,"1640 KIPLING DR, DAYTON OH 45406-4135 United States",,,39.77771962159269,-84.24226589340702
SWR2026R-00038,R72 14111 0005,address,03/05/2026,Residential Sewer Permit,SWR,,"637 HAMPSHIRE RD, DAYTON OH 45419-4204 United States",,,39.72488018857775,-84.15579892825644
SWR2026R-00037,R72 15502 0007,address,03/04/2026,Residential Sewer Permit,SWR,,"4639 FRIDEN CT, DAYTON OH 45417-1422 United States",,,39.74947963435462,-84.26382096596939
SWR2026R-00036,R72 08110 0054,address,03/03/2026,Residential Sewer Permit,SWR,,"1716 OAKRIDGE DR, DAYTON OH 45417-2313 United States",,,39.75809105386568,-84.23330081333354
SWR2026R-00035,R72 02903 0088,address,03/02/2026,Residential Sewer Permit,SWR,,"20 FAIRGROUND AVE, DAYTON OH 45409 United States",,,39.7420790356066,-84.18622670419985
SWR2026R-00034,R72 11701 0040,address,02/27/2026,Residential Sewer Permit,SWR,,"333 W NORMAN AVE, DAYTON OH 45405-3341 United States",,,39.78403977074539,-84.21910560835279
SWR2026R-00033,R72 11303 0024,address,02/24/2026,Residential Sewer Permit,SWR,,"805 W HILLCREST AVE, DAYTON OH 45406-1902 United States",,,39.791244521999616,-84.22732754098043
SWR2026R-00032,R72 01913 0006,address,02/24/2026,Residential Sewer Permit,SWR,,"59 ALBERTA ST, DAYTON OH 45410 United States",,,39.748916203536815,-84.18336144414069
SWR2026R-00031,R72 16207 0005,address,02/23/2026,Residential Sewer Permit,SWR,,"1702 KIPLING DR, DAYTON OH 45406-3914 United States",,,39.77966514746352,-84.24253518266931
SWR2026R-00030,R72 14909 0025,address,02/23/2026,Residential Sewer Permit,SWR,,"1604 PERSHING BLVD, DAYTON OH 45410-3119 United States",,,39.744694876903814,-84.14542113730481
SWR2026R-00029,R72 05301 0056,address,02/23/2026,Residential Sewer Permit,SWR,,"117 GROVE AVE, DAYTON OH 45404-1932 United States",,,39.77608886169912,-84.17358444675685
SWR2026R-00028,R72 14201 0025,address,02/19/2026,Residential Sewer Permit,SWR,,"2901 LANSING DR, DAYTON OH 45420-1719 United States",,,39.72747674656241,-84.15237566754176
SWR2026R-00027,,unmatched,02/17/2026,Residential Sewer Permit,SWR,,"4322 WEEPING WILLOW DR, DAYTON OH 45404",,,,
SWR2026R-00026,R72 11301 0008,address,02/17/2026,Residential Sewer Permit,SWR,,"705 SUNNYVIEW AVE, DAYTON OH 45406-1955 United States",,,39.793155272083254,-84.22623236929401
SWR2026R-00025,R72 04805A0093,address,01/29/2026,Residential Sewer Permit,SWR,,"39 S QUENTIN AVE, DAYTON OH 45403-2260 United States",,,39.76548471296791,-84.14159982207153
SWR2026R-00024,R72 08109 0008,address,01/29/2026,Residential Sewer Permit,SWR,,"1209 EDISON ST, DAYTON OH 45417-2472 United States",,,39.756605995062074,-84.23085894911598
SWR2026R-00023,R72 05301 0056,address,01/27/2026,Residential Sewer Permit,SWR,,"117 GROVE AVE, DAYTON OH 45404-1932 United States",,,39.77608886169912,-84.17358444675685
SWR2026R-00022,M60 03207 0143,address,01/22/2026,Residential Sewer Permit,SWR,,"5007 WILLOW RD, CLAYTON OH 45315 United States",,,39.83626764313081,-84.31401938138899
SWR2026R-00021,R72 11509 0033,address,01/22/2026,Residential Sewer Permit,SWR,,"2052 Ravenwood AVE, DAYTON OH 45406-2902",,,39.78488574169488,-84.22655059935505
SWR2026R-00020,R72 11509 0035,address,01/22/2026,Residential Sewer Permit,SWR,,"2060 Ravenwood AVE, DAYTON OH 45406-2902",,,39.78507273900611,-84.22653027694483
SWR2026R-00019,R72 11501 0019,address,01/22/2026,Residential Sewer Permit,SWR,,"2068 Ravenwood AVE, DAYTON OH 45406-2902",,,39.78530858013181,-84.22655040883595
SWR2026R-00018,R72 11509 0037,address,01/22/2026,Residential Sewer Permit,SWR,,"2047 Ravenwood AVE, DAYTON OH 45406",,,39.784985843735605,-84.22702283245758
SWR2026R-00017,R72 11509 0041,address,01/22/2026,Residential Sewer Permit,SWR,,"2031 Ravenwood AVE, DAYTON OH 45406-2903",,,39.784544124754284,-84.22699765316516
SWR2026R-00016,,unmatched,01/21/2026,Residential Sewer Permit,SWR,,"4356 WEEPING WILLOW DR, DAYTON OH",,,,
SWR2026R-00015,,unmatched,01/21/2026,Residential Sewer Permit,SWR,,"4150 WEEPING WILLOW DR, DAYTON OHIO 45404",,,,
SWR2026R-00014,,unmatched,01/21/2026,Residential Sewer Permit,SWR,,"4256 WEEPING WILLOW DR, DAYTON OH 45404 United States",,,,
SWR2026R-00013,,unmatched,01/21/2026,Residential Sewer Permit,SWR,,"4375 Weeping Willow, DAYTON OH 45404",,,,
SWR2026R-00012,,unmatched,01/21/2026,Residential Sewer Permit,SWR,,"4244 WEEPING WILLOW DR, DAYTON OH 45404 United States",,,,
SWR2026R-00011,R72 03607 0008,address,01/20/2026,Residential Sewer Permit,SWR,,"1310 CREIGHTON AVE, DAYTON OH 45420-1932 United States",,,39.74173709666492,-84.15363853150251
SWR2026R-00010,R72 11003 0040,address,01/16/2026,Residential Sewer Permit,SWR,,"136 ASHWOOD AVE, DAYTON OH 45405-2642 United States",,,39.797553471586696,-84.21281471120817
SWR2026R-00009,R72 04710 0133,address,01/15/2026,Residential Sewer Permit,SWR,,"207 S WESTVIEW AVE, DAYTON OH 45403-2823 United States",,,39.762275400957435,-84.14403124339104
SWR2026R-00008,R72 02101 0021,address,01/09/2026,Residential Sewer Permit,SWR,,"64 MCREYNOLDS ST, DAYTON OH 45403-2417 United States",,,39.7580303133415,-84.16701032732843
SWR2026R-00007,R72 03808 0025,address,01/06/2026,Residential Sewer Permit,SWR,,"1205 PURSELL AVE, DAYTON OH 45420-1944 United States",,,39.743450701775764,-84.15070563876782
SWR2026R-00006,R72 04509 0051,address,01/06/2026,Residential Sewer Permit,SWR,,"2521 E THIRD ST, DAYTON OH 45403-2018 United States",,,39.76522080527535,-84.1577857981607
SWR2026R-00005,R72117221 0010,address,01/05/2026,Residential Sewer Permit,SWR,,"1741 ERIC DR, DAYTON OH 45414-3917 United States",,,39.81645395509883,-84.20275096794703
SWR2026R-00004,R72 12210 0062,address,01/05/2026,Residential Sewer Permit,SWR,,"701 WESTWOOD AVE, DAYTON OH 45402-5340 United States",,,39.76284988345719,-84.2415987801745
SWR2026R-00003,R72 04303 0003,address,01/05/2026,Residential Sewer Permit,SWR,,"608 S SMITHVILLE RD, DAYTON OH 45403-3127 United States",,,39.75723848046422,-84.13831766230926
SWR2026R-00002,R72 05207 0061,address,01/05/2026,Residential Sewer Permit,SWR,,"247 ALTON AVE, DAYTON OH 45404-1948 United States",,,39.77911402259578,-84.16978880635779
SWR2026R-00001,R72 14909 0018,address,01/05/2026,Residential Sewer Permit,SWR,,"1632 PERSHING BLVD, DAYTON OH 45410-3119 United States",,,39.74387198445256,-84.14555462612165
WAT2026R-00274,R72 15006 0042,address,06/30/2026,Residential Water Permit,WAT,,"4403 CORINTH DR, DAYTON OH 45410-3415 United States",,,39.74218891959549,-84.13320854300876
WAT2026R-00273,,unmatched,06/29/2026,Residential Water Permit,WAT,,"52 S TERRY ST, DAYTON OH 45403",,,,
WAT2026R-00272,,unmatched,06/26/2026,Residential Water Permit,WAT,,"4392 Weeping Willow Dr., DAYTON OH",,,,
WAT2026R-00271,,unmatched,06/26/2026,Residential Water Permit,WAT,,"4616 Blue Iris, DAYTON OH",,,,
WAT2026R-00270,,unmatched,06/26/2026,Residential Water Permit,WAT,,"4362 WEEPING WILLOW DR, DAYTON OH 45404 United States",,,,
WAT2026R-00269,,unmatched,06/26/2026,Residential Water Permit,WAT,,"4620 Blue Iris Dr., DAYTON OH",,,,
WAT2026R-00268,,unmatched,06/26/2026,Residential Water Permit,WAT,,"4504 Cardinal Flower DR, Miamisburg OH 45342",,,,
WAT2026R-00262,R72 03505 0010,address,06/25/2026,Residential Water Permit,WAT,,"243 INDIANA AVE, DAYTON OH 45410-2311 United States",,,39.742530026092524,-84.1620086535898
WAT2026R-00255,,unmatched,06/25/2026,Residential Water Permit,WAT,,"216 BURNS AVE, DAYTON OH 45402 United States",,,,
WAT2026R-00256,,unmatched,06/25/2026,Residential Water Permit,WAT,,"218 BURNS AVE, DAYTON OH 45402 United States",,,,
WAT2026R-00263,R72 09203 0052,address,06/25/2026,Residential Water Permit,WAT,,"102 WESTWOOD AVE, DAYTON OH 45417-1736 United States",,,39.752731788963,-84.24102576816678
WAT2026R-00258,,unmatched,06/25/2026,Residential Water Permit,WAT,,"222 BURNS AVE, DAYTON OH 45402 United States",,,,
WAT2026R-00257,,unmatched,06/25/2026,Residential Water Permit,WAT,,"220 BURNS AVE, DAYTON OH 45402 United States",,,,
WAT2026R-00264,R72 12610 0036,address,06/25/2026,Residential Water Permit,WAT,,"4129 SYLVAN DR, DAYTON OH 45417",,,39.75706226650925,-84.25549033608242
WAT2026R-00267,R72 06011 0018,address,06/25/2026,Residential Water Permit,WAT,,"1805 RIVERSIDE DR, DAYTON OH 45405-3847 United States",,,39.78148204478572,-84.20324134376509
WAT2026R-00266,R72 06011 0018,address,06/25/2026,Residential Water Permit,WAT,,"1805 RIVERSIDE DR, DAYTON OH 45405-3847 United States",,,39.78148204478572,-84.20324134376509
WAT2026R-00265,R72 11403 0021,address,06/25/2026,Residential Water Permit,WAT,,"2219 RAVENWOOD AVE, DAYTON OH 45406-2834 United States",,,39.78799537367148,-84.22775948245231
WAT2026R-00261,R72 07104A0043,address,06/25/2026,Residential Water Permit,WAT,,"45 WOODCREST AVE, DAYTON OH 45405-3247 United States",,,39.78620450928136,-84.21547898276798
WAT2026R-00260,,unmatched,06/25/2026,Residential Water Permit,WAT,,"120 MEADOWLARD LN, BROOKVILLE OH 45309",,,,
WAT2026R-00259,,unmatched,06/25/2026,Residential Water Permit,WAT,,"118 MEADOWLARK LN, BROOKVILLE OH 45309",,,,
WAT2026R-00254,,unmatched,06/25/2026,Residential Water Permit,WAT,,"214 BURNS AVE, DAYTON OH 45402 United States",,,,
WAT2026R-00204,,unmatched,06/24/2026,Residential Water Permit,WAT,,"4427 CARDINAL FLOWER DR, DAYTON OH",,,,
WAT2026R-00225,,unmatched,06/24/2026,Residential Water Permit,WAT,,"4102 ROYAL FERN CT, DAYTON OH",,,,
WAT2026R-00228,,unmatched,06/24/2026,Residential Water Permit,WAT,,"4109 ROYAL FERN CT, DAYTON OH",,,,
WAT2026R-00249,,unmatched,06/24/2026,Residential Water Permit,WAT,,"4325 CARDINAL FLOWER DR, DAYTON OH",,,,
WAT2026R-00236,,unmatched,06/24/2026,Residential Water Permit,WAT,,"4108 WOOLGRASS CT, DAYTON OH",,,,
WAT2026R-00213,,unmatched,06/24/2026,Residential Water Permit,WAT,,"4471 CARDINAL FLOWER DR, DAYTON OH",,,,
WAT2026R-00211,,unmatched,06/24/2026,Residential Water Permit,WAT,,"4461 CARDINAL FLOWER DR, DAYTON OH",,,,
WAT2026R-00251,,unmatched,06/24/2026,Residential Water Permit,WAT,,"4313 CARDINAL FLOWER DR, DAYTON OH",,,,
WAT2026R-00252,,unmatched,06/24/2026,Residential Water Permit,WAT,,"4428 CARDINAL FLOWER DR, DAYTON OH",,,,
WAT2026R-00253,,unmatched,06/24/2026,Residential Water Permit,WAT,,,,,,
WAT2026R-00250,,unmatched,06/24/2026,Residential Water Permit,WAT,,"4321 CARDINAL FLOWER DR, DAYTON OH",,,,
WAT2026R-00227,,unmatched,06/24/2026,Residential Water Permit,WAT,,"4105 ROYAL FERN CT, DAYTON OH",,,,
WAT2026R-00212,,unmatched,06/24/2026,Residential Water Permit,WAT,,"4467 CARDINAL FLOWER DR, DAYTON OH",,,,
WAT2026R-00247,,unmatched,06/24/2026,Residential Water Permit,WAT,,"4406 CARDINAL FLOWER DR, DAYTON OH",,,,
WAT2026R-00226,,unmatched,06/24/2026,Residential Water Permit,WAT,,"4101 ROYAL FERN CT, DAYTON OH",,,,
WAT2026R-00215,,unmatched,06/24/2026,Residential Water Permit,WAT,,"4476 CARDINAL FLOWER DR, DAYTON OH",,,,
WAT2026R-00248,,unmatched,06/24/2026,Residential Water Permit,WAT,,"4400 CARDINAL FLOWER DR, DAYTON OH",,,,
WAT2026R-00245,,unmatched,06/24/2026,Residential Water Permit,WAT,,"4416 CARDINAL FLOWER DR, DAYTON OH",,,,
WAT2026R-00239,,unmatched,06/24/2026,Residential Water Permit,WAT,,"4101 WOOLGRASS CT, DAYTON OH",,,,
WAT2026R-00246,,unmatched,06/24/2026,Residential Water Permit,WAT,,"4410 CARDINAL FLOWER DR, DAYTON OH",,,,
WAT2026R-00243,,unmatched,06/24/2026,Residential Water Permit,WAT,,"4424 CARDINAL FLOWER DR, DAYTON OH",,,,
WAT2026R-00219,,unmatched,06/24/2026,Residential Water Permit,WAT,,"4460 CARDINAL FLOWER DR, DAYTON OH",,,,
WAT2026R-00203,,unmatched,06/24/2026,Residential Water Permit,WAT,,"4423 CARDINAL FLOWER DR, DAYTON OH",,,,
WAT2026R-00217,,unmatched,06/24/2026,Residential Water Permit,WAT,,"4468 CARDINAL FLOWER DR, DAYTON OH",,,,
WAT2026R-00232,,unmatched,06/24/2026,Residential Water Permit,WAT,,"4125 ROYAL FERN CT, DAYTON OH",,,,
WAT2026R-00216,,unmatched,06/24/2026,Residential Water Permit,WAT,,"4472 CARDINAL FLOWER DR, DAYTON OH",,,,
WAT2026R-00221,,unmatched,06/24/2026,Residential Water Permit,WAT,,"4452 CARDINAL FLOWER DR, DAYTON OH",,,,
WAT2026R-00218,,unmatched,06/24/2026,Residential Water Permit,WAT,,"4464 CARDINAL FLOWER DR, DAYTON OH",,,,
WAT2026R-00214,,unmatched,06/24/2026,Residential Water Permit,WAT,,"4475 CARDINAL FLOWER DR, DAYTON OH",,,,
WAT2026R-00201,,unmatched,06/24/2026,Residential Water Permit,WAT,,"4411 CARDINAL FLOWER DR, DAYTON OH",,,,
WAT2026R-00233,,unmatched,06/24/2026,Residential Water Permit,WAT,,"4438 CARDINAL FLOWER DR, DAYTON OH",,,,
WAT2026R-00206,,unmatched,06/24/2026,Residential Water Permit,WAT,,"4435 CARDINAL FLOWER DR, DAYTON OH",,,,
WAT2026R-00202,,unmatched,06/24/2026,Residential Water Permit,WAT,,"4417 CARDINAL FLOWER DR, DAYTON OH",,,,
WAT2026R-00222,,unmatched,06/24/2026,Residential Water Permit,WAT,,"4116 ROYAL FERN CT, DAYTON OH",,,,
WAT2026R-00242,,unmatched,06/24/2026,Residential Water Permit,WAT,,"4113 WOOLGRASS CT, DAYTON OH",,,,
WAT2026R-00241,,unmatched,06/24/2026,Residential Water Permit,WAT,,"4109 WOOLGRASS CT, DAYTON OH",,,,
WAT2026R-00234,,unmatched,06/24/2026,Residential Water Permit,WAT,,"4434 CARDINAL FLOWER DR, DAYTON OH",,,,
WAT2026R-00205,,unmatched,06/24/2026,Residential Water Permit,WAT,,"4431 CARDINAL FLOWER DR, DAYTON OH",,,,
WAT2026R-00207,,unmatched,06/24/2026,Residential Water Permit,WAT,,"4439 CARDINAL FLOWER DR, DAYTON OH",,,,
WAT2026R-00223,,unmatched,06/24/2026,Residential Water Permit,WAT,,"4110 ROYAL FERN CT, DAYTON OH",,,,
WAT2026R-00240,,unmatched,06/24/2026,Residential Water Permit,WAT,,"4105 WOOLGRASS CT, DAYTON OH",,,,
WAT2026R-00220,,unmatched,06/24/2026,Residential Water Permit,WAT,,"4456 CARDINAL FLOWER DR, DAYTON OH",,,,
WAT2026R-00208,,unmatched,06/24/2026,Residential Water Permit,WAT,,"4443 CARDINAL FLOWER DR, DAYTON OH",,,,
WAT2026R-00230,,unmatched,06/24/2026,Residential Water Permit,WAT,,"4117 ROYAL FERN CT, DAYTON OH",,,,
WAT2026R-00231,,unmatched,06/24/2026,Residential Water Permit,WAT,,"4121 ROYAL FERN CT, DAYTON OH",,,,
WAT2026R-00235,,unmatched,06/24/2026,Residential Water Permit,WAT,,"4112 WOOLGRASS CT, DAYTON OH",,,,
WAT2026R-00224,,unmatched,06/24/2026,Residential Water Permit,WAT,,"4106 ROYAL FERN CT, DAYTON OH",,,,
WAT2026R-00210,,unmatched,06/24/2026,Residential Water Permit,WAT,,"4455 CARDINAL FLOWER DR, DAYTON OH",,,,
WAT2026R-00229,,unmatched,06/24/2026,Residential Water Permit,WAT,,"4113 ROYAL FERN CT, DAYTON OH",,,,
WAT2026R-00209,,unmatched,06/24/2026,Residential Water Permit,WAT,,"4449 CARDINAL FLOWER DR, DAYTON OH",,,,
WAT2026R-00237,,unmatched,06/24/2026,Residential Water Permit,WAT,,"4104 WOOLGRASS CT, DAYTON OH",,,,
WAT2026R-00244,,unmatched,06/24/2026,Residential Water Permit,WAT,,"4420 CARDINAL FLOWER DR, DAYTON OH",,,,
WAT2026R-00238,,unmatched,06/24/2026,Residential Water Permit,WAT,,"4100 WOOLGRASS CT, DAYTON OH",,,,
WAT2026R-00200,,unmatched,06/24/2026,Residential Water Permit,WAT,,"4405 CARDINAL FLOWER DR, DAYTON OH",,,,
WAT2026R-00199,R72 11403 0021,address,06/23/2026,Residential Water Permit,WAT,,"2217 RAVENWOOD AVE, DAYTON OH 45406-2834 United States",,,39.78794046424141,-84.22775812043271
WAT2026R-00198,R72 05504 0054,address,06/22/2026,Residential Water Permit,WAT,,"706 TAYLOR ST, DAYTON OH 45404-1634 United States",,,39.77259860002883,-84.18127197240338
WAT2026R-00197,R72 08403 0040,address,06/22/2026,Residential Water Permit,WAT,,"1042 W Second ST, DAYTON OH 45402-6820",,,39.75759645069917,-84.20927958925529
WAT2026R-00196,R72 16303 0051,address,06/17/2026,Residential Water Permit,WAT,,"2918 W HILLCREST AVE, DAYTON OH 45406-1810 United States",,,39.79067236149544,-84.23815498359421
WAT2026R-00195,R72 01302 0086,address,06/16/2026,Residential Water Permit,WAT,,"129 HIGH ST, DAYTON OH 45403-2319 United States",,,39.75575348740937,-84.1739711821165
WAT2026R-00194,,unmatched,06/16/2026,Residential Water Permit,WAT,,"126 EVERGREEN WAY, BROOKVILLE OH 45309",,,,
WAT2026R-00193,,unmatched,06/16/2026,Residential Water Permit,WAT,,"101 EVERGREEN WAY, BROOKVILLE OH 45309",,,,
WAT2026R-00192,R72 09502 0024,address,06/15/2026,Residential Water Permit,WAT,,"3224 MCCALL ST, DAYTON OH 45417-1908 United States",,,39.74643938014176,-84.2433478181054
WAT2026R-00191,,unmatched,06/11/2026,Residential Water Permit,WAT,,"112 MEADOWLARK LN, BROOKVILLE OH`",,,,
WAT2026R-00190,,unmatched,06/11/2026,Residential Water Permit,WAT,,"110 MEADOWLARK LN, BROOKVILLE OH",,,,
WAT2026R-00189,R72 01302 0037,address,06/09/2026,Residential Water Permit,WAT,,"27 POTOMAC ST, DAYTON OH 45403-2337 United States",,,39.755604767202,-84.17515226317846
WAT2026R-00188,R72 04804 0139,address,06/09/2026,Residential Water Permit,WAT,,"28 S SPERLING AVE, DAYTON OH 45403-2224 United States",,,39.76611855548783,-84.14651547472802
WAT2026R-00187,R72 02203 0047,address,06/09/2026,Residential Water Permit,WAT,,"2237 E FIFTH ST, DAYTON OH 45403-2446 United States",,,39.76036539885426,-84.1632629772533
WAT2026R-00186,,unmatched,06/09/2026,Residential Water Permit,WAT,,"101 MEADOWLARK, DAYTON OH",,,,
WAT2026R-00185,,unmatched,06/09/2026,Residential Water Permit,WAT,,"103 MEADOWLARK, BROOKVILLE OH",,,,
WAT2026R-00184,R72 12803 0030,address,06/08/2026,Residential Water Permit,WAT,,"101 N UPLAND AVE, DAYTON OH 45417-1751 United States",,,39.75234589403105,-84.24701736675273
WAT2026R-00183,R72 12311 0003,address,06/08/2026,Residential Water Permit,WAT,,"3939 NECCO AVE, DAYTON OH 45406-3557 United States",,,39.77927152648967,-84.2528954565259
WAT2026R-00182,,unmatched,06/08/2026,Residential Water Permit,WAT,,102 MEADOWLARK LN,,,,
WAT2026R-00181,,unmatched,06/08/2026,Residential Water Permit,WAT,,"104 MEADOWLARK LN, BROOKVILLE OH",,,,
WAT2026R-00180,R72 10303 0022,address,06/04/2026,Residential Water Permit,WAT,,"1232 Wisconsin BLVD, DAYTON OH 45417-3947",,,39.73971437671226,-84.2121509722758
WAT2026R-00179,R72 15105 0075,address,06/04/2026,Residential Water Permit,WAT,,"1423 JOHN GLENN RD, DAYTON OH 45410-3112 United States",,,39.7476642736221,-84.14455569463122
WAT2026R-00178,R72 15105 0075,address,06/04/2026,Residential Water Permit,WAT,,"1423 JOHN GLENN RD, DAYTON OH 45410-3112 United States",,,39.7476642736221,-84.14455569463122
WAT2026R-00177,R72 15904 0061,address,06/03/2026,Residential Water Permit,WAT,,"1957 ARLENE AVE, DAYTON OH 45406-3204 United States",,,39.78504248718104,-84.26245077059716
WAT2026R-00176,R72 12004 0023,address,06/02/2026,Residential Water Permit,WAT,,"1223 EARLHAM DR, DAYTON OH 45406-4712 United States",,,39.7755883877467,-84.22431671974127
WAT2026R-00175,R72 11608 0007,address,06/02/2026,Residential Water Permit,WAT,,"1739 BURROUGHS DR, DAYTON OH 45406-4527 United States",,,39.780354070367814,-84.23126749690061
WAT2026R-00174,R72 11305 0022,address,06/02/2026,Residential Water Permit,WAT,,"742 UHRIG AVE, DAYTON OH 45406-2836 United States",,,39.790037946623876,-84.22740795100529
WAT2026R-00173,,unmatched,05/29/2026,Residential Water Permit,WAT,,"585 GOLDEN MAPLE, BROOKVILLE OH 45309",,,,
WAT2026R-00172,R72 06806 0018,address,05/29/2026,Residential Water Permit,WAT,,"1127 GRAFTON AVE, DAYTON OH 45405-4007 United States",,,39.777453064275605,-84.20801100905342
WAT2026R-00171,R72 03605 0050,address,05/28/2026,Residential Water Permit,WAT,,"2424 WAYNE AVE, DAYTON OH 45420-1831 United States",,,39.73958227453209,-84.15863422834366
WAT2026R-00170,R72 14911 0052,address,05/28/2026,Residential Water Permit,WAT,,"1612 ROSEMONT BLVD, DAYTON OH 45410-3231 United States",,,39.744401304166026,-84.14188933453968
WAT2026R-00169,R72 11705 0010,address,05/27/2026,Residential Water Permit,WAT,,"728 W FAIRVIEW AVE, DAYTON OH 45406-3027 United States",,,39.78683589581502,-84.2242712843369
WAT2026R-00168,,unmatched,05/22/2026,Residential Water Permit,WAT,,"4503 BLUE IRIS DR, DAYTON OHIO 45404",,,,
WAT2026R-00167,,unmatched,05/22/2026,Residential Water Permit,WAT,,"4220 WEEPING WILLOW DR, DAYTON OH 45404 United States",,,,
WAT2026R-00166,,unmatched,05/22/2026,Residential Water Permit,WAT,,"4492 CARDINAL FLOWER DR, DAYTON OH 45404",,,,
WAT2026R-00165,,unmatched,05/22/2026,Residential Water Permit,WAT,,"4414 Water Willow CT, Dayton Ohio 45404",,,,
WAT2026R-00164,,unmatched,05/22/2026,Residential Water Permit,WAT,,"4507 Cardinal Flower DR, DAYTON OH 45404",,,,
WAT2026R-00163,,unmatched,05/22/2026,Residential Water Permit,WAT,,"4621 BLUE IRIS DR, DAYTON OH 45404",,,,
WAT2026R-00162,,unmatched,05/22/2026,Residential Water Permit,WAT,,"4392 Weeping Willow Dr., DAYTON OH",,,,
WAT2026R-00161,,unmatched,05/22/2026,Residential Water Permit,WAT,,"4492 CARDINAL FLOWER DR, DAYTON OH 45404",,,,
WAT2026R-00160,,unmatched,05/22/2026,Residential Water Permit,WAT,,"4414 Water Willow CT, Dayton Ohio 45404",,,,
WAT2026R-00159,,unmatched,05/22/2026,Residential Water Permit,WAT,,"4507 Cardinal Flower DR, DAYTON OH 45404",,,,
WAT2026R-00158,,unmatched,05/22/2026,Residential Water Permit,WAT,,"4621 BLUE IRIS DR, DAYTON OH 45404",,,,
WAT2026R-00157,R72 02208 0019,address,05/21/2026,Residential Water Permit,WAT,,"425 HUFFMAN AVE, DAYTON OH 45403-2505 United States",,,39.75912004567618,-84.1612445709482
WAT2026R-00156,R72 09203 0003,address,05/21/2026,Residential Water Permit,WAT,,"162 BROOKLYN AVE, DAYTON OH 45417-2237 United States",,,39.753799868283295,-84.23973620454164
WAT2026R-00155,R72 02903 0077,address,05/20/2026,Residential Water Permit,WAT,,"45 JASPER ST, DAYTON OH 45409-2612 United States",,,39.741581078470084,-84.18533967385459
WAT2026R-00154,,unmatched,05/20/2026,Residential Water Permit,WAT,,"2105 RAVENWOOD AVE, DAYTON OH 45406-2907 United States",,,,
WAT2026R-00153,R72 11501 0055,address,05/20/2026,Residential Water Permit,WAT,,"2103 RAVENWOOD AVE, DAYTON OH 45406 United States",,,39.78588042227781,-84.22702277633012
WAT2026R-00152,R72 11501 0012,address,05/20/2026,Residential Water Permit,WAT,,"2105 CATALPA DR, DAYTON OH 45406-3040 United States",,,39.785897791703455,-84.22588166006649
WAT2026R-00151,R72 11501 0015,address,05/20/2026,Residential Water Permit,WAT,,"2053 CATALPA DR, DAYTON OH 45406-3037 United States",,,39.78543011174718,-84.22585911740522
WAT2026R-00150,,unmatched,05/20/2026,Residential Water Permit,WAT,,"2109 RAVENWOOD AVE, DAYTON OH 45406-2907 United States",,,,
WAT2026R-00149,R72 04808 0068,address,05/19/2026,Residential Water Permit,WAT,,"121 S SMITHVILLE RD, DAYTON OH 45431-1834 United States",,,39.76325354533016,-84.13838435748802
WAT2026R-00148,R72 06803 0016,address,05/19/2026,Residential Water Permit,WAT,,"123 DELAWARE AVE, DAYTON OH 45405-3906 United States",,,39.77865518257991,-84.20785903617936
WAT2026R-00147,R72 01810 0020,address,05/19/2026,Residential Water Permit,WAT,,"121 PULASKI ST, DAYTON OH 45402-2824 United States",,,39.74994345333574,-84.18543518143059
WAT2026R-00146,R72 13408 0037,address,05/15/2026,Residential Water Permit,WAT,,"2019 WEAVER ST, DAYTON OH 45417-4516 United States",,,39.73935907591366,-84.23106375329569
WAT2026R-00145,R72 05301 0057,address,05/15/2026,Residential Water Permit,WAT,,"121 GROVE AVE, DAYTON OH 45404-1932 United States",,,39.7761770478362,-84.17356161245218
WAT2026R-00144,R72 05208 0049,address,05/11/2026,Residential Water Permit,WAT,,"1815 Warner AVE, DAYTON OH 45404-1988",,,39.77810935636556,-84.17015262431443
WAT2026R-00143,R72 14304 0032,address,05/07/2026,Residential Water Permit,WAT,,"412 NORDALE AVE, DAYTON OH 45420-2332 United States",,,39.730070921835384,-84.15008655469038
WAT2026R-00142,R72 06903 0057,address,05/07/2026,Residential Water Permit,WAT,,"549 KENWOOD AVE, DAYTON OH 45406-5116 United States",,,39.775471018090286,-84.21361689672703
WAT2026R-00141,R72 06806 0018,address,05/07/2026,Residential Water Permit,WAT,,"1125 GRAFTON AVE, DAYTON OH 45405-4007 United States",,,39.777457105489454,-84.20792213607129
WAT2026R-00140,R72 04502 0027,address,05/06/2026,Residential Water Permit,WAT,,"30 BRENNER AVE, DAYTON OH 45403-1122 United States",,,39.76603400121489,-84.16413839562972
WAT2026R-00139,R72 14404 0065,address,05/05/2026,Residential Water Permit,WAT,,"3030 COURTLAND AVE, DAYTON OH 45420-2153 United States",,,39.72222527872828,-84.13391781351264
WAT2026R-00138,R72 16006 0032,address,05/05/2026,Residential Water Permit,WAT,,"3431 BARBEE DR, DAYTON OH 45406-1106 United States",,,39.796557882500835,-84.26777195562644
WAT2026R-00137,R72 14201 0031,address,04/23/2026,Residential Water Permit,WAT,,"2920 LANSING DR, DAYTON OH 45420-1720 United States",,,39.72688746662848,-84.15191011825125
WAT2026R-00136,,unmatched,04/23/2026,Residential Water Permit,WAT,,"4214 WEEPING WILLOW DR, DAYTON OH 45404 United States",,,,
WAT2026R-00135,,unmatched,04/23/2026,Residential Water Permit,WAT,,"4370 WEEPING WILLOW DR, DAYTON OH 45404 United States",,,,
WAT2026R-00134,R72 15508 0006,address,04/23/2026,Residential Water Permit,WAT,,"4389 W Third ST, DAYTON OH 45402",,,39.74883602212424,-84.25842266317747
WAT2026R-00133,R72 14209 0007,address,04/22/2026,Residential Water Permit,WAT,,"2802 KENVIEW AVE, DAYTON OH 45420-2240 United States",,,39.72777035662517,-84.14966586803888
WAT2026R-00132,R72 07803 0007,address,04/21/2026,Residential Water Permit,WAT,,"627 YALE AVE, DAYTON OH 45402-5823 United States",,,39.77077699089979,-84.22567073772724
WAT2026R-00131,R72 07310 0010,address,04/21/2026,Residential Water Permit,WAT,,"219 LEXINGTON AVE, DAYTON OH 45402-6139 United States",,,39.76825302696788,-84.21600127573677
WAT2026R-00130,R72 15907 0068,address,04/21/2026,Residential Water Permit,WAT,,"2203 BOHEMIAN AVE, DAYTON OH 45406-2304 United States",,,39.78917520635165,-84.25512721704689
WAT2026R-00129,R72 13312 0044,address,04/21/2026,Residential Water Permit,WAT,,"2824 REVELS AVE, DAYTON OH 45417-4227 United States",,,39.736307915653555,-84.24071869507868
WAT2026R-00128,R72 15501 0087,address,04/20/2026,Residential Water Permit,WAT,,"314 MIA AVE, DAYTON OH 45417-9012 United States",,,39.75182951793962,-84.26568041032311
WAT2026R-00127,R72 09602 0045,address,04/17/2026,Residential Water Permit,WAT,,"2525 JEROME AVE, DAYTON OH 45417",,,39.74428091672911,-84.23609424298606
WAT2026R-00126,,unmatched,04/17/2026,Residential Water Permit,WAT,,"18 MERCER AVE, DAYTON OH 45402",,,,
WAT2026R-00125,R72 08603 0092,address,04/17/2026,Residential Water Permit,WAT,,"136 S WILLIAMS ST, DAYTON OH 45402 United States",,,39.75382640622974,-84.21210917614891
WAT2026R-00124,,unmatched,04/17/2026,Residential Water Permit,WAT,,"135 S WILLIAMS ST, DAYTON OH 45402 United States",,,,
WAT2026R-00123,,unmatched,04/14/2026,Residential Water Permit,WAT,,"126 EVERGREEN WAY, BROOKVILLE OH 45309",,,,
WAT2026R-00122,,unmatched,04/14/2026,Residential Water Permit,WAT,,"407 HARPER CREEK DR, BROOKVILLE OH 45309",,,,
WAT2026R-00121,,unmatched,04/14/2026,Residential Water Permit,WAT,,"156 EVERGREEN WAY, BROOKVILLE OH 45309",,,,
WAT2026R-00120,,unmatched,04/14/2026,Residential Water Permit,WAT,,"131 EVERGREEN WAY, BROOKVILLE OH 45309",,,,
WAT2026R-00119,R72 03406 0024,address,04/13/2026,Residential Water Permit,WAT,,"141 EDGAR AVE, DAYTON OH 45410-2044 United States",,,39.74440867883642,-84.16429072748713
WAT2026R-00118,R72 08401 0028,address,04/13/2026,Residential Water Permit,WAT,,"412 N BROADWAY ST, DAYTON OH 45402-6614 United States",,,39.760028730438954,-84.21472784586639
WAT2026R-00117,R72 09602 0016,address,04/13/2026,Residential Water Permit,WAT,,"437 ETHEL AVE, DAYTON OH 45417-3230 United States",,,39.74549360214706,-84.23530669423795
WAT2026R-00116,R72 10208 0039,address,04/13/2026,Residential Water Permit,WAT,,"704 CLEGG ST, DAYTON OH 45417-4633 United States",,,39.73968126609214,-84.20671558986616
WAT2026R-00115,R72 13806 0025,address,04/10/2026,Residential Water Permit,WAT,,"420 SHADOWLAWN AVE, DAYTON OH 45419-4033 United States",,,39.729362271464275,-84.15902766167838
WAT2026R-00114,R72 14701 0030,address,04/10/2026,Residential Water Permit,WAT,,"2350 S SMITHVILLE RD, DAYTON OH 45420-2756 United States",,,39.73245375816308,-84.14075440270058
WAT2026R-00113,R72 06706 0005,address,04/10/2026,Residential Water Permit,WAT,,"759 BELMONTE PARK N, DAYTON OH 45405-4404 United States",,,39.770696369104876,-84.2047603825386
WAT2026R-00112,,unmatched,04/09/2026,Residential Water Permit,WAT,,"223 BRUNS DR, BROOKVILLE OH 45309",,,,
WAT2026R-00111,R72 14309 0005,address,04/08/2026,Residential Water Permit,WAT,,"400 MORSE AVE, DAYTON OH 45420-2318 United States",,,39.73133672615244,-84.15047571971999
WAT2026R-00110,R72 16214 0042,address,04/07/2026,Residential Water Permit,WAT,,"1921 KIPLING DR, DAYTON OH 45406 United States",,,39.78425275240986,-84.24294890206308
WAT2026R-00109,R72 06206 0003,address,04/07/2026,Residential Water Permit,WAT,,"2618 N MAIN ST, DAYTON OH 45405-3001 United States",,,39.788134494642534,-84.21231258007748
WAT2026R-00108,R72 15808 0014,address,04/06/2026,Residential Water Permit,WAT,,"2253 N GETTYSBURG AVE, DAYTON OH 45406-3238 United States",,,39.78477693030906,-84.25399140442322
WAT2026R-00107,R72 08105 0042,address,04/06/2026,Residential Water Permit,WAT,,"420 N WOODWARD AVE, DAYTON OH 45417-2461 United States",,,39.75883790206848,-84.23033447058594
WAT2026R-00106,R72 08105 0043,address,04/06/2026,Residential Water Permit,WAT,,"418 N WOODWARD AVE, DAYTON OH 45417-2461 United States",,,39.75879670818707,-84.23033344769169
WAT2026R-00105,R72 15909 0065,address,04/02/2026,Residential Water Permit,WAT,,"4626 GREENWICH VILLAGE AVE, DAYTON OH 45406-2410 United States",,,39.787970878738065,-84.26017225922868
WAT2026R-00104,R72 07711 0057,address,04/02/2026,Residential Water Permit,WAT,,"1428 W GRAND AVE, DAYTON OH 45402-6057 United States",,,39.7666834932834,-84.22134596568944
WAT2026R-00103,R72 11501 0019,address,04/01/2026,Residential Water Permit,WAT,,"2068 Ravenwood AVE, DAYTON OH 45406-2902",,,39.78530858013181,-84.22655040883595
WAT2026R-00102,R72117201 0041,address,03/30/2026,Residential Water Permit,WAT,,"1724 BARTLEY RD, DAYTON OH 45414",,,39.82822717939078,-84.20392569485801
WAT2026R-00101,,unmatched,03/30/2026,Residential Water Permit,WAT,,"135 S WILLIAMS ST, DAYTON OH 45402 United States",,,,
WAT2026R-00100,,unmatched,03/30/2026,Residential Water Permit,WAT,,"18 MERCER AVE, DAYTON OH 45402",,,,
WAT2026R-00099,R72 11706 0024,address,03/30/2026,Residential Water Permit,WAT,,"2056 RUGBY RD, DAYTON OH 45406-3052 United States",,,39.78545396918217,-84.2241374225197
WAT2026R-00098,R72 06102 0050,address,03/30/2026,Residential Water Permit,WAT,,"51 E NORMAN AVE, DAYTON OH 45405-3509 United States",,,39.78501302907712,-84.2081465840403
WAT2026R-00097,R72 02705 0084,address,03/27/2026,Residential Water Permit,WAT,,"43 CLOVER ST, DAYTON OH 45410-1419 United States",,,39.749868976159085,-84.17648709515525
WAT2026R-00096,R72 07702 0011,address,03/25/2026,Residential Water Permit,WAT,,"527 LEXINGTON AVE, DAYTON OH 45402-5813 United States",,,39.76814836046655,-84.22200126610616
WAT2026R-00095,R72 02109 0041,address,03/23/2026,Residential Water Permit,WAT,,"713 XENIA AVE, DAYTON OH 45410-1837 United States",,,39.752912252595344,-84.1658456229955
WAT2026R-00094,M60 03201 0213,address,03/23/2026,Residential Water Permit,WAT,,"7751 CILANTRO WAY, CLAYTON OH 45315",,,39.85926751368673,-84.343852743495
WAT2026R-00093,,unmatched,03/19/2026,Residential Water Permit,WAT,,"2508 HEARTSOUL DR, DAYTON OH",,,,
WAT2026R-00092,,unmatched,03/19/2026,Residential Water Permit,WAT,,"918 ANGIER, DAYTON OH",,,,
WAT2026R-00091,,unmatched,03/19/2026,Residential Water Permit,WAT,,"912 ANGIER DR, DAYTON OH",,,,
WAT2026R-00090,,unmatched,03/19/2026,Residential Water Permit,WAT,,"2526 YOLANDA AVE, DAYTON OH",,,,
WAT2026R-00089,,unmatched,03/19/2026,Residential Water Permit,WAT,,"2413 YOLANDA AVE, DAYTON OH",,,,
WAT2026R-00088,,unmatched,03/19/2026,Residential Water Permit,WAT,,"2304 DELLA DR, DAYTON OH",,,,
WAT2026R-00087,,unmatched,03/19/2026,Residential Water Permit,WAT,,"2122 DELLA DR, DAYTON OH",,,,
WAT2026R-00079,R72 08311 0060,address,03/18/2026,Residential Water Permit,WAT,,"1604 W FIRST ST, DAYTON OH 45402 United States",,,39.75657025509236,-84.22140846664067
WAT2026R-00068,R72 08303 0064,address,03/18/2026,Residential Water Permit,WAT,,"215 N BROADWAY ST, DAYTON OH 45402 United States",,,39.758202502892345,-84.2147867174579
WAT2026R-00072,R72 08303 0064,address,03/18/2026,Residential Water Permit,WAT,,"231 N BROADWAY ST, DAYTON OH 45402 United States",,,39.75858560757862,-84.21491195272893
WAT2026R-00076,R72 08301 0077,address,03/18/2026,Residential Water Permit,WAT,,"1344 W FIRST ST, DAYTON OH 45402 United States",,,39.75743607078305,-84.21609577761123
WAT2026R-00083,R72 08311 0055,address,03/18/2026,Residential Water Permit,WAT,,"1628 W FIRST ST, DAYTON OH 45402 United States",,,39.756438226493074,-84.22216025679641
WAT2026R-00060,R72 08303 0044,address,03/18/2026,Residential Water Permit,WAT,,"1317 W FIRST ST, DAYTON OH 45402 United States",,,39.7578331958782,-84.2151837289312
WAT2026R-00063,R72 08313 0060,address,03/18/2026,Residential Water Permit,WAT,,"1701 W SECOND ST, DAYTON OH 45402 United States",,,39.75558863670253,-84.2233423311234
WAT2026R-00080,R72 08311 0059,address,03/18/2026,Residential Water Permit,WAT,,"1608 W FIRST ST, DAYTON OH 45402 United States",,,39.7565468458594,-84.22154145154053
WAT2026R-00066,R72 08303 0065,address,03/18/2026,Residential Water Permit,WAT,,"207 N Broadway St, Dayton OH 45402",,,39.801017531194724,-84.31182720967374
WAT2026R-00073,R72 08303 0039,address,03/18/2026,Residential Water Permit,WAT,,"1329 W First ST, DAYTON OH 45402",,,39.75776732476367,-84.21558853568928
WAT2026R-00069,R72 08303 0064,address,03/18/2026,Residential Water Permit,WAT,,"219 N BROADWAY ST, DAYTON OH 45402 United States",,,39.758303088233724,-84.21483551536426
WAT2026R-00077,R72 08301 0089,address,03/18/2026,Residential Water Permit,WAT,,"1356 W FIRST ST, DAYTON OH 45402 United States",,,39.75735818099574,-84.21653083748943
WAT2026R-00084,R72 08313 0074,address,03/18/2026,Residential Water Permit,WAT,,"1720 W FIRST ST, DAYTON OH 45402 United States",,,39.7560866060584,-84.22414572899646
WAT2026R-00064,R72 08313 0059,address,03/18/2026,Residential Water Permit,WAT,,"1707 W SECOND ST, DAYTON OH 45402 United States",,,39.75555541827927,-84.2235328627552
WAT2026R-00061,,unmatched,03/18/2026,Residential Water Permit,WAT,,"1535 W Second ST, DAYTON OH 45402-6727",,,,
WAT2026R-00070,R72 08303 0064,address,03/18/2026,Residential Water Permit,WAT,,"223 N BROADWAY ST, DAYTON OH 45402 United States",,,39.75839569483788,-84.21485941204628
WAT2026R-00081,R72 08311 0058,address,03/18/2026,Residential Water Permit,WAT,,"1612 W FIRST ST, DAYTON OH 45402 United States",,,39.75651740175978,-84.2216796901008
WAT2026R-00074,R72 08301 0082,address,03/18/2026,Residential Water Permit,WAT,,"1320 W FIRST ST, DAYTON OH 45402 United States",,,39.7575776617895,-84.2152175848645
WAT2026R-00078,R72 08301 0072,address,03/18/2026,Residential Water Permit,WAT,,"1360 W FIRST ST, DAYTON OH 45402 United States",,,39.75733492544659,-84.21665379255218
WAT2026R-00067,R72 08303 0064,address,03/18/2026,Residential Water Permit,WAT,,"211 N BROADWAY ST, DAYTON OH 45402 United States",,,39.758108749199366,-84.21475970547357
WAT2026R-00082,R72 08311 0056,address,03/18/2026,Residential Water Permit,WAT,,"1622 W FIRST ST, DAYTON OH 45402 United States",,,39.756471592184816,-84.22195803539347
WAT2026R-00062,R72 08307 0048,address,03/18/2026,Residential Water Permit,WAT,,"1541 W SECOND ST, DAYTON OH 45402 United States",,,39.75617778482438,-84.21981378574294
WAT2026R-00075,R72 08301 0079,address,03/18/2026,Residential Water Permit,WAT,,"1332 W FIRST ST, DAYTON OH 45402 United States",,,39.75751425322796,-84.21564065186966
WAT2026R-00065,,unmatched,03/18/2026,Residential Water Permit,WAT,,"203 N Broadway ST, DAYTON OH 45402",,,,
WAT2026R-00085,R72 08212 0025,address,03/18/2026,Residential Water Permit,WAT,,"1727 W FIRST ST, DAYTON OH 45402 United States",,,39.756316543144614,-84.22447413006768
WAT2026R-00071,R72 08303 0064,address,03/18/2026,Residential Water Permit,WAT,,"227 N BROADWAY ST, DAYTON OH 45402 United States",,,39.758492976542755,-84.21488960068896
WAT2026R-00086,R72 08603 0092,address,03/18/2026,Residential Water Permit,WAT,,"136 S WILLIAMS ST, DAYTON OH 45402 United States",,,39.75382640622974,-84.21210917614891
WAT2026R-00059,,unmatched,03/18/2026,Residential Water Permit,WAT,,"1333 W FIRST ST, DAYTON OH",,,,
WAT2026R-00058,,unmatched,03/16/2026,Residential Water Permit,WAT,,"4382 WEEPING WILLOW DR, DAYTON OH 45404 United States",,,,
WAT2026R-00057,,unmatched,03/16/2026,Residential Water Permit,WAT,,"4315 WILLOW HILLS, DAYTON OH",,,,
WAT2026R-00056,,unmatched,03/16/2026,Residential Water Permit,WAT,,"4419 WATER WILLOW CT, DAYTON OHIO 45404",,,,
WAT2026R-00055,,unmatched,03/16/2026,Residential Water Permit,WAT,,"4418 WATER WILLOW DR, DAYTON OHIO 45404",,,,
WAT2026R-00054,R72 15403 0050,address,03/16/2026,Residential Water Permit,WAT,,"1819 SUMAN AVE, DAYTON OH 45403-3140 United States",,,39.756540462807614,-84.1330575033258
WAT2026R-00053,M60 03102 0107,address,03/13/2026,Residential Water Permit,WAT,,"4679 NATIONAL RD, CLAYTON OH 45315",,,39.87432198691427,-84.34305953328031
WAT2026R-00052,R72 14907 0003,address,03/12/2026,Residential Water Permit,WAT,,"3517 CLEVELAND AVE, DAYTON OH 45410-3201 United States",,,39.74317070272135,-84.14524284887494
WAT2026R-00051,R72 16210 0028,address,03/10/2026,Residential Water Permit,WAT,,"1840 KENSINGTON DR, DAYTON OH 45406 United States",,,39.78258693996213,-84.24122739882249
WAT2026R-00050,R72 07705 0022,address,03/06/2026,Residential Water Permit,WAT,,"434 LEXINGTON AVE, DAYTON OH 45402-6046 United States",,,39.76772674940231,-84.2207988622125
WAT2026R-00049,R72 08110 0054,address,03/06/2026,Residential Water Permit,WAT,,"1716 OAKRIDGE DR, DAYTON OH 45417-2313 United States",,,39.75809105386568,-84.23330081333354
WAT2026R-00048,R72 06108 0013,address,03/05/2026,Residential Water Permit,WAT,,"66 E HUDSON AVE, DAYTON OH 45405-3502 United States",,,39.783858235103544,-84.20674804851573
WAT2026R-00047,R72 16102 0091,address,03/03/2026,Residential Water Permit,WAT,,"4936 BLUEBERRY AVE, DAYTON OH 45406-3103 United States",,,39.78124794034636,-84.26490533834468
WAT2026R-00046,R72 02903 0088,address,03/02/2026,Residential Water Permit,WAT,,"20 FAIRGROUND AVE, DAYTON OH 45409 United States",,,39.7420790356066,-84.18622670419985
WAT2026R-00045,,unmatched,03/02/2026,Residential Water Permit,WAT,,"120 EVERGREEN WAY, BROOKVILLE OH 45309",,,,
WAT2026R-00044,,unmatched,03/02/2026,Residential Water Permit,WAT,,"168 EVERGREEN WAY, BROOKVILLE OH 45309",,,,
WAT2026R-00043,,unmatched,03/02/2026,Residential Water Permit,WAT,,"125 EVERGREEN WAY, BROOKVILLE OH 45309",,,,
WAT2026R-00042,R72 08807 0023,address,03/02/2026,Residential Water Permit,WAT,,"532 S EUCLID AVE, DAYTON OH 45402-8105 United States",,,39.748874217951865,-84.22021600099701
WAT2026R-00041,R72 14005 0035,address,02/27/2026,Residential Water Permit,WAT,,"800 GREENMOUNT BLVD, DAYTON OH 45419-2840 United States",,,39.71735303986354,-84.15721661586448
WAT2026R-00040,R72 14809 0016,address,02/27/2026,Residential Water Permit,WAT,,"3609 WAYNE AVE, DAYTON OH 45420-2438 United States",,,39.73881352571029,-84.14463141639197
WAT2026R-00039,R72 16116 0021,address,02/26/2026,Residential Water Permit,WAT,,"2410 MARCHMONT DR, DAYTON OH 45406-1231 United States",,,39.79167986859811,-84.26422757039143
WAT2026R-00038,R72 11710 0002,address,02/24/2026,Residential Water Permit,WAT,,"204 W NORMAN AVE, DAYTON OH 45405-3337 United States",,,39.78362759866465,-84.21669675599213
WAT2026R-00037,R72 01913 0006,address,02/24/2026,Residential Water Permit,WAT,,"59 ALBERTA ST, DAYTON OH 45410 United States",,,39.748916203536815,-84.18336144414069
WAT2026R-00036,R72 12403 0017,address,02/23/2026,Residential Water Permit,WAT,,"731 CLARKSON AVE, DAYTON OH 45402-5210 United States",,,39.76069324015417,-84.25050689784489
WAT2026R-00035,R72 14609 0072,address,02/18/2026,Residential Water Permit,WAT,,"450 WATERVLIET AVE, DAYTON OH 45420-2467 United States",,,39.7346928575218,-84.14535571491851
WAT2026R-00034,R72 04810 0164,address,02/18/2026,Residential Water Permit,WAT,,"213 N DELMAR AVE, DAYTON OH 45403-1609 United States",,,39.770788998351925,-84.1439878076882
WAT2026R-00033,,unmatched,02/17/2026,Residential Water Permit,WAT,,"4322 WEEPING WILLOW DR, DAYTON OH 45404",,,,
WAT2026R-00032,R72 08310 0009,address,02/16/2026,Residential Water Permit,WAT,,"356 EDISON ST, DAYTON OH 45402-6509 United States",,,39.75752319267632,-84.22080307118829
WAT2026R-00031,R72 11304 0012,address,02/13/2026,Residential Water Permit,WAT,,"1019 W HILLCREST AVE, DAYTON OH 45406-1908 United States",,,39.79121487070985,-84.23007815584653
WAT2026R-00030,M60 16324 0001,address,02/13/2026,Residential Water Permit,WAT,,"5750 DILL BLVD, CLAYTON OH 45315",,,39.86135473142298,-84.34317981905612
WAT2026R-00029,R72 12701 0022,address,02/12/2026,Residential Water Permit,WAT,,"450 LINDENWOOD RD, DAYTON OH 45417-1306 United States",,,39.75595809112445,-84.25407715866943
WAT2026R-00028,R72 11201 0040,address,02/10/2026,Residential Water Permit,WAT,,"2330 RUGBY RD, DAYTON OH 45406-2126 United States",,,39.78958778650291,-84.2240439872114
WAT2026R-00027,R72 15108 0052,address,02/06/2026,Residential Water Permit,WAT,,"2515 SAINT CHARLES AVE, DAYTON OH 45410-3126 United States",,,39.748730217669944,-84.14661025456157
WAT2026R-00026,R72 15307 0010,address,02/02/2026,Residential Water Permit,WAT,,"401 SANTA CRUZ AVE, DAYTON OH 45410-2824 United States",,,39.753531596747656,-84.14809854955516
WAT2026R-00025,R72 12113 0174,address,01/30/2026,Residential Water Permit,WAT,,"1324 Alcott AVE, DAYTON OH 45406-4203",,,39.771294054498505,-84.24118005322258
WAT2026R-00024,R72 11509 0033,address,01/22/2026,Residential Water Permit,WAT,,"2052 Ravenwood AVE, DAYTON OH 45406-2902",,,39.78488574169488,-84.22655059935505
WAT2026R-00023,R72 11509 0035,address,01/22/2026,Residential Water Permit,WAT,,"2060 Ravenwood AVE, DAYTON OH 45406-2902",,,39.78507273900611,-84.22653027694483
WAT2026R-00022,R72 11501 0019,address,01/22/2026,Residential Water Permit,WAT,,"2068 Ravenwood AVE, DAYTON OH 45406-2902",,,39.78530858013181,-84.22655040883595
WAT2026R-00021,R72 11509 0037,address,01/22/2026,Residential Water Permit,WAT,,"2047 Ravenwood AVE, DAYTON OH 45406",,,39.784985843735605,-84.22702283245758
WAT2026R-00020,R72 11509 0041,address,01/22/2026,Residential Water Permit,WAT,,"2031 Ravenwood AVE, DAYTON OH 45406-2903",,,39.784544124754284,-84.22699765316516
WAT2026R-00019,,unmatched,01/22/2026,Residential Water Permit,WAT,,"7743 CILANTRO, CLAYTON OH 45315",,,,
WAT2026R-00018,R72 01502 0085,address,01/22/2026,Residential Water Permit,WAT,,"113 GREEN ST, DAYTON OH 45402-2834 United States",,,39.754707364279405,-84.18544012361275
WAT2026R-00017,R72 16210 0048,address,01/21/2026,Residential Water Permit,WAT,,"1826 SHAFTESBURY RD, DAYTON OH 45406 United States",,,39.78201857362647,-84.24011705020092
WAT2026R-00016,,unmatched,01/21/2026,Residential Water Permit,WAT,,"4356 WEEPING WILLOW DR, DAYTON OH",,,,
WAT2026R-00015,,unmatched,01/21/2026,Residential Water Permit,WAT,,"4150 WEEPING WILLOW DR, DAYTON OHIO 45404",,,,
WAT2026R-00014,,unmatched,01/21/2026,Residential Water Permit,WAT,,"4256 WEEPING WILLOW DR, DAYTON OH 45404 United States",,,,
WAT2026R-00013,,unmatched,01/21/2026,Residential Water Permit,WAT,,"4375 Weeping Willow, DAYTON OH 45404",,,,
WAT2026R-00012,,unmatched,01/21/2026,Residential Water Permit,WAT,,"4244 WEEPING WILLOW DR, DAYTON OH 45404 United States",,,,
WAT2026R-00011,R72 13803 0025,address,01/20/2026,Residential Water Permit,WAT,,"332 KLING DR, DAYTON OH 45419-4001 United States",,,39.73125285508393,-84.1610534330926
WAT2026R-00010,R72 07307 0020,address,01/20/2026,Residential Water Permit,WAT,,"724 SALEM AVE, DAYTON OH 45406-5823 United States",,,39.770658374471246,-84.21318896094569
WAT2026R-00009,R72 12102 0031,address,01/20/2026,Residential Water Permit,WAT,,"1026 SHAKESPEARE AVE, DAYTON OH 45402-5652 United States",,,39.76772831589335,-84.2351915146068
WAT2026R-00008,R72 06506 0013,address,01/20/2026,Residential Water Permit,WAT,,"232 SUPERIOR AVE, DAYTON OH 45406-5445 United States",,,39.76709520511551,-84.20485730263825
WAT2026R-00007,R72 11008 0020,address,01/20/2026,Residential Water Permit,WAT,,"52 E SIEBENTHALER AVE, DAYTON OH 45405-2424 United States",,,39.798361659935054,-84.21593865018413
WAT2026R-00006,R72 10602 0052,address,01/20/2026,Residential Water Permit,WAT,,"564 W STEWART ST, DAYTON OH 45417-4051 United States",,,39.7397736286552,-84.20263829712349
WAT2026R-00005,R72 12407 0035,address,01/15/2026,Residential Water Permit,WAT,,"528 CRESTMORE AVE, DAYTON OH 45417-1534 United States",,,39.7589593147504,-84.24784131300613
WAT2026R-00004,R72 12302 0008,address,01/13/2026,Residential Water Permit,WAT,,"1005 LELAND AVE, DAYTON OH 45402-4132 United States",,,39.7656468147156,-84.2451733169115
WAT2026R-00003,R72 15303 0042,address,01/09/2026,Residential Water Permit,WAT,,"1523 OHMER ST, DAYTON OH 45410-3013 United States",,,39.75013384383936,-84.1423267453723
WAT2026R-00002,R72 11705 0039,address,01/08/2026,Residential Water Permit,WAT,,"2107 RUGBY RD, DAYTON OH 45406-3055 United States",,,39.78600361013599,-84.22466352833509
WAT2026R-00001,R72 14602 0045,address,01/05/2026,Residential Water Permit,WAT,,"1009 CHELSEA AVE, DAYTON OH 45420-2726 United States",,,39.73059498690856,-84.13663175038164
WRK2026R-00113,R72 12601 0050,address,06/26/2026,Residential Wrecking Permit,WRK,,"1804 OAKRIDGE DR, DAYTON OH 45417-2315 United States",,,39.75806696034017,-84.2345560370266
WRK2026R-00112,R72 01809 0023,address,06/24/2026,Residential Wrecking Permit,WRK,,"336 E LINCOLN ST, DAYTON OH 45402-2821 United States",,,39.75101393902663,-84.1846068912567
WRK2026R-00111,R72 04209 0044,address,06/12/2026,Residential Wrecking Permit,WRK,BLADECUTTERS,"218 LIVINGSTON AVE, DAYTON OH 45403-2942 United States",,,39.75550750215587,-84.14875715724386
WRK2026R-00110,R72 13208 0058,address,06/09/2026,Residential Wrecking Permit,WRK,FCS CONSTR,"611 FLEETFOOT ST, DAYTON OH 45417-3107 United States",,,39.74134951773736,-84.24531192600975
WRK2026R-00109,R72 06808 0012,address,06/09/2026,Residential Wrecking Permit,WRK,FCS CONSTR,"308 RICHMOND AVE, DAYTON OH 45406-5122 United States",,,39.7731436907383,-84.20997281838434
WRK2026R-00108,R72 16004 0006,address,06/09/2026,Residential Wrecking Permit,WRK,FCS CONSTR,"2625 N GETTYSBURG AVE, DAYTON OH 45406-1711 United States",,,39.793204650930754,-84.25412176581294
WRK2026R-00107,R72 06310 0070,address,06/09/2026,Residential Wrecking Permit,WRK,FCS CONSTR,"37 FERNWOOD AVE, DAYTON OH 45405-2616 United States",,,39.794045832862906,-84.2142127642602
WRK2026R-00106,R72 06009 0001,address,06/09/2026,Residential Wrecking Permit,WRK,FCS CONSTR,"38 MARY AVE, DAYTON OH 45405-3835 United States",,,39.780013389036775,-84.20434783186033
WRK2026R-00105,R72 07608 0043,address,06/09/2026,Residential Wrecking Permit,WRK,FCS CONST,"831 EASTON ST, DAYTON OH 45402-6317 United States",,,39.76475622044349,-84.21441013044607
WRK2026R-00104,R72 09706 0084,permit_number,05/21/2026,Residential Wrecking Permit,WRK,BLADECUTTERS,"670 RANDOLPH ST, DAYTON OH 45417-3204 United States",0,DEMO,39.744625395858,-84.22903905583505
WRK2026R-00103,R72 09706 0051,permit_number,05/21/2026,Residential Wrecking Permit,WRK,BLADECUTTERS,"625 RANDOLPH ST, DAYTON OH 45417-3203 United States",0,DEMO,39.745691170906305,-84.22938206112384
WRK2026R-00102,R72 09706 0081,permit_number,05/21/2026,Residential Wrecking Permit,WRK,BLADECUTTERS,"658 RANDOLPH ST, DAYTON OH 45417-3204 United States",0,DEMO,39.74491088185377,-84.22904258342956
WRK2026R-00101,R72 09706 0082,permit_number,05/21/2026,Residential Wrecking Permit,WRK,BLADECUTTERS,"662 RANDOLPH ST, DAYTON OH 45417-3204 United States",0,DEMO,39.74481223730447,-84.22902947127557
WRK2026R-00100,R72 09706 0083,permit_number,05/21/2026,Residential Wrecking Permit,WRK,BLADECUTTERS,"666 RANDOLPH ST, DAYTON OH 45417-3204 United States",0,DEMO,39.744721559152254,-84.22903433218139
WRK2026R-00099,R72 09706 0088,permit_number,05/21/2026,Residential Wrecking Permit,WRK,BLADECUTTERS,"686 RANDOLPH ST, DAYTON OH 45417-3204 United States",0,DEMO,39.7442548837445,-84.22902630982385
WRK2026R-00098,R72 10506 0036,permit_number,05/21/2026,Residential Wrecking Permit,WRK,BLADECUTTERS,"1020 RANDOLPH ST, DAYTON OH 45417-3737 United States",0,DEMO,39.73942428989376,-84.22907011418252
WRK2026R-00097,R72 09611 0010,permit_number,05/18/2026,Residential Wrecking Permit,WRK,CHARLES JERGENS CONST,"2516 GERMANTOWN ST, DAYTON OH 45417-3630 United States",0,MISC,39.74015292170697,-84.23549027459096
WRK2026R-00096,R72 13313 0025,permit_number,05/18/2026,Residential Wrecking Permit,WRK,CHARLES JERGENS CONST,"3132 GERMANTOWN ST, DAYTON OH 45417-4140 United States",0,MISC,39.73647455263877,-84.24538192532874
WRK2026R-00095,R72 13313 0028,permit_number,05/18/2026,Residential Wrecking Permit,WRK,CHARLES JERGENS CONST,"3120 GERMANTOWN ST, DAYTON OH 45417-4140 United States",0,MISC,39.7366429141594,-84.24495575442779
WRK2026R-00094,R72 10208 0037,permit_number,05/18/2026,Residential Wrecking Permit,WRK,CHALRES JERGENS CONST,"712 CLEGG ST, DAYTON OH 45417-4633 United States",0,DEMO,39.73969973591322,-84.20695431942931
WRK2026R-00093,R72 12711 0058,permit_number,05/15/2026,Residential Wrecking Permit,WRK,CHARLES JERGENS CONST,"171 LORENZ AVE, DAYTON OH 45417-2221 United States",0,DEMO,39.755902076253214,-84.23555877046041
WRK2026R-00092,R72 12711 0057,permit_number,05/15/2026,Residential Wrecking Permit,WRK,CHARLES JERGENS CONST,"167 LORENZ AVE, DAYTON OH 45417-2221 United States",0,DEMO,39.75580327454114,-84.2355563097922
WRK2026R-00091,R72 03501 0014,permit_number,05/13/2026,Residential Wrecking Permit,WRK,BLADECUTTERS,"1504 WYOMING ST, DAYTON OH 45410-2206 United States",0,DEMO,39.74667027567649,-84.15991269306141
WRK2026R-00090,R72 03907 0013,permit_number,05/13/2026,Residential Wrecking Permit,WRK,BLADECUTTERS,"667 SAINT NICHOLAS AVE, DAYTON OH 45410-2435 United States",0,DEMO,39.75035595736117,-84.15578524640024
WRK2026R-00089,R72 04208 0048,permit_number,05/12/2026,Residential Wrecking Permit,WRK,,"131 LIVINGSTON AVE, DAYTON OH 45403-2939 United States",0,DEMO,39.75610259107664,-84.14900601207988
WRK2026R-00088,R72 04402 0062,permit_number,05/12/2026,Residential Wrecking Permit,WRK,BLADECUTTERS,"22 BURKHARDT AVE, DAYTON OH 45403-2628 United States",0,MISC,39.76115486451108,-84.15539488847696
WRK2026R-00087,R72 04803 0068,permit_number,05/12/2026,Residential Wrecking Permit,WRK,BLADECUTTERS,"129 N GARLAND AVE, DAYTON OH 45403-1717 United States",0,DEMO,39.769251755651425,-84.1455207068816
WRK2026R-00086,R72 13312 0015,permit_number,05/11/2026,Residential Wrecking Permit,WRK,"PEW DEMOLTIONS, INC","2932 TUBMAN AVE, DAYTON OH 45417-4243 United States",0,MISC,39.734703984857035,-84.24295474316537
WRK2026R-00085,R72 13312 0033,permit_number,05/11/2026,Residential Wrecking Permit,WRK,"PEW DEMOLTION, INC","2817 TUBMAN AVE, DAYTON OH 45417-4240 United States",0,DEMO,39.735081279625504,-84.24048534556279
WRK2026R-00084,R72 13312 0032,permit_number,05/11/2026,Residential Wrecking Permit,WRK,"PEW DEMOLITION, INC","2823 TUBMAN AVE, DAYTON OH 45417-4240 United States",0,DEMO,39.73509440606014,-84.2407097177339
WRK2026R-00083,R72 08004 0029,permit_number,05/08/2026,Residential Wrecking Permit,WRK,BLADECUTTERS,"2010 W GRAND AVE, DAYTON OH 45402-5630 United States",0,DEMO,39.76648494171359,-84.2310830215218
WRK2026R-00082,R72 08004 0021,permit_number,05/08/2026,Residential Wrecking Permit,WRK,BLADECUTTERS,"2011 W GRAND AVE, DAYTON OH 45402-5631 United States",0,DEMO,39.76696780452516,-84.23092421150956
WRK2026R-00081,R72 08004 0027,permit_number,05/08/2026,Residential Wrecking Permit,WRK,BLADECUTTERS,"2016 W GRAND AVE, DAYTON OH 45402-5630 United States",0,DEMO,39.76647804066584,-84.2313639495749
WRK2026R-00080,R72 07905 0017,permit_number,05/08/2026,Residential Wrecking Permit,WRK,BLADECUTTERS,"1805 W GRAND AVE, DAYTON OH 45402-5721 United States",0,DEMO,39.76702471700971,-84.22688718460915
WRK2026R-00079,R72 07708 0012,permit_number,05/06/2026,Residential Wrecking Permit,WRK,BLADECUTTERS,"822 N EUCLID AVE, DAYTON OH 45402-5908 United States",0,DEMO,39.76365155965879,-84.22171578116513
WRK2026R-00078,R72 08305 0014,permit_number,05/06/2026,Residential Wrecking Permit,WRK,BLADECUTTERS,"551 DAKOTA ST, DAYTON OH 45402-6653 United States",0,DEMO,39.759610438806945,-84.21703718048374
WRK2026R-00077,R72 08305 0021,permit_number,05/06/2026,Residential Wrecking Permit,WRK,BLADECUTTERS,"549 DAKOTA ST, DAYTON OH 45402-6653 United States",0,DEMO,39.75948670960868,-84.21686334385954
WRK2026R-00076,R72 08305 0022,permit_number,05/06/2026,Residential Wrecking Permit,WRK,BLADECUTTERS,"543 DAKOTA ST, DAYTON OH 45402-6653 United States",0,MISC,39.75950604016187,-84.2166681423851
WRK2026R-00075,R72 07804 0035,permit_number,05/06/2026,Residential Wrecking Permit,WRK,BLADECUTTERS,"1242 CATALPA DR, DAYTON OH 45402-5805 United States",0,DEMO,39.77006687254806,-84.22429392466857
WRK2026R-00074,R72 11403 0009,permit_number,05/06/2026,Residential Wrecking Permit,WRK,BLADECUTTERS,"1131 W FAIRVIEW AVE, DAYTON OH 45406-2811 United States",0,DEMO,39.78755674759479,-84.22919715465791
WRK2026R-00073,R72 11404 0006,permit_number,05/06/2026,Residential Wrecking Permit,WRK,BLADECUTTERS,"933 W FAIRVIEW AVE, DAYTON OH 45406-2807 United States",0,DEMO,39.7875683185855,-84.22692673434726
WRK2026R-00072,R72 11305 0012,permit_number,05/06/2026,Residential Wrecking Permit,WRK,BLADECUTTERS,"2309 CATALPA DR, DAYTON OH 45406-2104 United States",0,MISC,39.78977573988679,-84.2260097655969
WRK2026R-00071,R72 11201 0053,permit_number,05/06/2026,Residential Wrecking Permit,WRK,BLADECUTTERS,"2308 CATALPA DR, DAYTON OH 45406-2103 United States",0,MISC,39.78983825656788,-84.22549522847957
WRK2026R-00070,R72 11602 0011,permit_number,05/06/2026,Residential Wrecking Permit,WRK,BLADECUTTERS,"1822 AUBURN AVE, DAYTON OH 45406-5612 United States",0,DEMO,39.78168469334925,-84.22762785789246
WRK2026R-00069,R72 13206 0072,permit_number,05/06/2026,Residential Wrecking Permit,WRK,BLADECUTTERS,"539 FLEETFOOT ST, DAYTON OH 45417 United States",0,MISC,39.74206923731827,-84.24529078660314
WRK2026R-00068,R72 11501 0052,permit_number,05/05/2026,Residential Wrecking Permit,WRK,PEW DEMOLITION INC,"2115 RAVENWOOD AVE, DAYTON OH 45406-2907 United States",0,DEMO,39.78620418589326,-84.22707799622547
WRK2026R-00067,R72 11508 0056,permit_number,05/05/2026,Residential Wrecking Permit,WRK,PEW DEMOLITION INC,"1935 MALVERN AVE, DAYTON OH 45406-4450 United States",0,DEMO,39.78309888607697,-84.22929290809792
WRK2026R-00066,R72 11508 0057,address,05/05/2026,Residential Wrecking Permit,WRK,PEW DEMOLITION INC,"1931 MALVERN AVE, DAYTON OH 45406-4450 United States",,,39.78299137592537,-84.22930749888761
WRK2026R-00065,R72 11602 0056,permit_number,05/05/2026,Residential Wrecking Permit,WRK,PEW DEMOLITION INC,"1907 MALVERN AVE, DAYTON OH 45406-4450 United States",0,DEMO,39.7823054868001,-84.22928388286871
WRK2026R-00064,R72 11502 0036,permit_number,05/05/2026,Residential Wrecking Permit,WRK,PEW DEMOLITION INC,"2134 ELSMERE AVE, DAYTON OH 45406-2919 United States",0,DEMO,39.78626639080508,-84.23011543037454
WRK2026R-00063,R72 09104 0051,permit_number,05/01/2026,Residential Wrecking Permit,WRK,PEW DEMOLITION INC,"358 ROYAL ST, DAYTON OH 45417-2145 United States",0,DECK,39.746689575991844,-84.23316663435135
WRK2026R-00062,R72 09602 0060,permit_number,05/01/2026,Residential Wrecking Permit,WRK,PEW DEMOLITION INC,"524 ETHEL AVE, DAYTON OH 45417-3233 United States",0,MISC,39.744531243850105,-84.23483808012885
WRK2026R-00061,R72 09602 0015,permit_number,05/01/2026,Residential Wrecking Permit,WRK,PEW DEMOLITION,"433 ETHEL AVE, DAYTON OH 45417-3230 United States",0,MISC,39.745636499350425,-84.23529958690305
WRK2026R-00060,R72 09606 0018,permit_number,05/01/2026,Residential Wrecking Permit,WRK,PEW DEMOLITON INC,"724 ELEANOR AVE, DAYTON OH 45417-3227 United States",0,DEMO,39.742134453020824,-84.23611228205894
WRK2026R-00059,R72 10110 0023,permit_number,05/01/2026,Residential Wrecking Permit,WRK,PEW DEMOLITION INC,"340 BOLANDER AVE, DAYTON OH 45417-4002 United States",0,MISC,39.74164340474929,-84.1994401943897
WRK2026R-00058,R72 10110 0006,permit_number,05/01/2026,Residential Wrecking Permit,WRK,PEW DEMOLITION INC,"321 BOLANDER AVE, DAYTON OH 45417-4001 United States",0,MISC,39.74198663153132,-84.1988724033678
WRK2026R-00057,R72 11209 0012,address,04/28/2026,Residential Wrecking Permit,WRK,,"415 Willowwood DR, DAYTON OH 45405-2930",,,39.79039915180983,-84.21610549855683
WRK2026R-00056,R72 07907 0013,permit_number,04/15/2026,Residential Wrecking Permit,WRK,BLADECUTTERS,"817 ROSEDALE DR, DAYTON OH 45402-5738 United States",0,DEMO,39.76390264787446,-84.226891652433
WRK2026R-00055,R72 07001 0022,permit_number,04/15/2026,Residential Wrecking Permit,WRK,BLADECUTTERS,"120 FOUNTAIN AVE, DAYTON OH 45405-3705 United States",0,DEMO,39.7780747881616,-84.20999777090434
WRK2026R-00054,R72 09809 0026,permit_number,04/15/2026,Residential Wrecking Permit,WRK,BLADECUTTERS,"555 S BROADWAY ST, DAYTON OH 45417-3431 United States",0,DEMO,39.74655290514955,-84.2148694070786
WRK2026R-00053,R72 10305 0020,permit_number,04/15/2026,Residential Wrecking Permit,WRK,BLADECUTTERS,"1157 WILDWOOD AVE, DAYTON OH 45417-3942 United States",0,DEMO,39.74026101351369,-84.2100730915745
WRK2026R-00052,R72 14707 0054,permit_number,04/15/2026,Residential Wrecking Permit,WRK,ALREADY DOWN,"1928 WARD HILL AVE, DAYTON OH 45420-3159 United States",0,DEMO,39.73803065351642,-84.13368367972768
WRK2026R-00051,R72 08305 0006,address,04/14/2026,Residential Wrecking Permit,WRK,CHARLES JERGENS CONST,"540 BLAINE ST, DAYTON OH 45402-6608 United States",,,39.7600161360836,-84.21670921261392
WRK2026R-00050,R72 07406 0027,address,04/13/2026,Residential Wrecking Permit,WRK,CHARLES JERGENS CONST,"237 AUDUBON PARK, DAYTON OH 45402-6313 United States",,,39.76471534294196,-84.21382560583696
WRK2026R-00049,R72 08708 0063,permit_number,04/13/2026,Residential Wrecking Permit,WRK,CHARLES JERGENS CONST,"24 BARNETT ST, DAYTON OH 45402-8205 United States",0,DEMO,39.752568223223385,-84.21473638221794
WRK2026R-00048,R72 07611 0018,permit_number,04/13/2026,Residential Wrecking Permit,WRK,CHARLES JERGENS CONST,"634 FERGUSON AVE, DAYTON OH 45402-6223 United States",0,DEMO,39.76168091406634,-84.21721096041928
WRK2026R-00047,R72 08712 0027,permit_number,04/13/2026,Residential Wrecking Permit,WRK,CHARLES JERGENS CONST,"109 GORDON AVE, DAYTON OH 45402-8116 United States",0,DEMO,39.75020323521388,-84.21685162953474
WRK2026R-00046,R72 09904 0057,permit_number,04/13/2026,Residential Wrecking Permit,WRK,CHARLES JERGENS CONST,"719 WARD ST, DAYTON OH 45417-3451 United States",0,DEMO,39.74643068135242,-84.21309141506576
WRK2026R-00045,R72 02412 0031,permit_number,04/13/2026,Residential Wrecking Permit,WRK,CHARLES JERGENS CONST,"1028 XENIA AVE, DAYTON OH 45410-2270 United States",0,DEMO,39.75270057948795,-84.16103460497507
WRK2026R-00044,R72 11409 0050,permit_number,03/27/2026,Residential Wrecking Permit,WRK,BLADECUTTERS,"41 MARIE AVE, DAYTON OH 45405-3211 United States",0,DEMO,39.78598536876125,-84.21769088097764
WRK2026R-00043,R72 08802 0025,permit_number,03/27/2026,Residential Wrecking Permit,WRK,BLADECUTTERS,"121 S PAUL LAURENCE DUNBAR ST, DAYTON OH 45402-6948 United States",0,DEMO,39.753545343918596,-84.21831781017747
WRK2026R-00042,R72 07804 0036,permit_number,03/27/2026,Residential Wrecking Permit,WRK,BLADECUTTERS,"1238 CATALPA DR, DAYTON OH 45402-5805 United States",0,DEMO,39.76996253259389,-84.2242948983023
WRK2026R-00041,R72 07509 0027,permit_number,03/27/2026,Residential Wrecking Permit,WRK,BLADECUTTERS,"733 N BROADWAY ST, DAYTON OH 45402-6246 United States",0,DEMO,39.76341054698107,-84.21535896024857
WRK2026R-00040,R72 07509 0029,permit_number,03/27/2026,Residential Wrecking Permit,WRK,BLADECUTTERS,"723 N BROADWAY ST, DAYTON OH 45402-6246 United States",0,DEMO,39.76321485228907,-84.21541109443474
WRK2026R-00039,R72 07109 0002,permit_number,03/27/2026,Residential Wrecking Permit,WRK,BLADECUTTERS,"36 W HUDSON AVE, DAYTON OH 45405-3324 United States",0,DEMO,39.782644879929464,-84.21086441144963
WRK2026R-00038,R72 05204 0120,permit_number,03/27/2026,Residential Wrecking Permit,WRK,BLADECUTTERS,"1417 LAMAR ST, DAYTON OH 45404-1740 United States",0,DEMO,39.78096628795696,-84.17467313193386
WRK2026R-00037,R72 07904 0015,permit_number,03/12/2026,Residential Wrecking Permit,WRK,BLADECUTTERS,"1951 W GRAND AVE, DAYTON OH 45402-5723 United States",0,DEMO,39.76697287563891,-84.22983916164816
WRK2026R-00036,R72 06601 0029,permit_number,03/09/2026,Residential Wrecking Permit,WRK,CHARLES JERGENS CONST,"822 FIVE OAKS AVE, DAYTON OH 45406-5222 United States",0,DEMO,39.77179876432413,-84.21106423312153
WRK2026R-00035,R72 08003 0011,permit_number,03/09/2026,Residential Wrecking Permit,WRK,,"1135 WILSON DR, DAYTON OH 45402-5620 United States",0,DEMO,39.768851882941334,-84.2320064955145
WRK2026R-00034,R72 01803 0016,permit_number,03/04/2026,Residential Wrecking Permit,WRK,,"116 E LINCOLN ST, DAYTON OH 45402-2729 United States",0,DEMO,39.74957729454954,-84.18740763701952
WRK2026R-00033,R72 01803 0015,permit_number,03/04/2026,Residential Wrecking Permit,WRK,,"112 E LINCOLN ST, DAYTON OH 45402-2729 United States",0,DEMO,39.74958158484041,-84.1875031459455
WRK2026R-00032,R72 13308 0016,permit_number,03/03/2026,Residential Wrecking Permit,WRK,FCS CONST,"2826 GERMANTOWN ST, DAYTON OH 45417-4134 United States",0,DEMO,39.73819950414097,-84.24092594742623
WRK2026R-00031,R72 09804 0033,permit_number,02/27/2026,Residential Wrecking Permit,WRK,FCS CONST,"1633 WEAVER ST, DAYTON OH 45417-4536 United States",0,DEMO,39.73924861232682,-84.2233003898754
WRK2026R-00030,R72 10311 0014,permit_number,02/27/2026,Residential Wrecking Permit,WRK,FCS CONST,"739 HECK AVE, DAYTON OH 45417-4640 United States",0,DEMO,39.73735497920114,-84.20769357875518
WRK2026R-00029,R72 04209 0032,permit_number,02/27/2026,Residential Wrecking Permit,WRK,FCS CONST,"209 LIVINGSTON AVE, DAYTON OH 45403-2941 United States",0,DEMO,39.75573406319804,-84.14904712516126
WRK2026R-00028,R72 02202 0040,permit_number,02/27/2026,Residential Wrecking Permit,WRK,FCS CONST,"76 BELL ST, DAYTON OH 45403-1941 United States",0,DEMO,39.76243609500249,-84.16226998459717
WRK2026R-00027,R72 13310 0027,permit_number,02/27/2026,Residential Wrecking Permit,WRK,FCS CONST,"1116 MCARTHUR AVE, DAYTON OH 45417-4205 United States",0,DEMO,39.736238543439754,-84.23966064051702
WRK2026R-00026,R72 09606 0007,permit_number,02/27/2026,Residential Wrecking Permit,WRK,FCS CONST,"626 ELEANOR AVE, DAYTON OH 45417-3225 United States",0,DEMO,39.74340556265316,-84.23612611127119
WRK2026R-00025,R72 06601 0028,permit_number,02/27/2026,Residential Wrecking Permit,WRK,FCS CONST,"801 FIVE OAKS AVE, DAYTON OH 45406-5223 United States",0,DEMO,39.77226667341164,-84.21042451360015
WRK2026R-00024,R72 13313 0026,permit_number,02/27/2026,Residential Wrecking Permit,WRK,FCS CONST,"3128 GERMANTOWN ST, DAYTON OH 45417-4140 United States",0,DEMO,39.73653970859914,-84.24524836967846
WRK2026R-00023,R72117209 0004,permit_number,02/03/2026,Residential Wrecking Permit,WRK,,"5825 KENDON ST, DAYTON OH 45414-3019 United States",0,DEMO,39.83187168385663,-84.20462034453168
WRK2026R-00022,R72 07109 0019,permit_number,01/30/2026,Residential Wrecking Permit,WRK,BLADECUTTERS,"101 MARATHON AVE, DAYTON OH 45405-3615 United States",0,DEMO,39.78202947704994,-84.2106998539219
WRK2026R-00021,R72 07109 0065,permit_number,01/30/2026,Residential Wrecking Permit,WRK,BLADECUTTERS,"27 SANTA CLARA AVE, DAYTON OH 45405-3625 United States",0,DEMO,39.781142229310475,-84.20940754744669
WRK2026R-00020,R72 07110 0023,permit_number,01/30/2026,Residential Wrecking Permit,WRK,BLADECUTTERS,"133 MARATHON AVE, DAYTON OH 45405-3615 United States",0,DEMO,39.78203435927601,-84.21186724368049
WRK2026R-00019,R72 09008 0007,permit_number,01/30/2026,Residential Wrecking Permit,WRK,BLADECUTTERS,"100 S MATHISON ST, DAYTON OH 45417",0,DEMO,39.75216405257469,-84.22746167971685
WRK2026R-00018,R72 08205 0034,permit_number,01/29/2026,Residential Wrecking Permit,WRK,BLADECUTTERS,"142 N ORCHARD AVE, DAYTON OH 45417-2551 United States",0,DEMO,39.756012062228024,-84.22905835523059
WRK2026R-00017,R72 07801 0029,permit_number,01/29/2026,Residential Wrecking Permit,WRK,BLADECUTTERS,"1204 WINDSOR AVE, DAYTON OH 45402-5718 United States",0,DEMO,39.76956924366844,-84.22787544050144
WRK2026R-00016,R72 07109 0041,permit_number,01/29/2026,Residential Wrecking Permit,WRK,BLADECUTTERS,"56 MARATHON AVE, DAYTON OH 45405-3612 United States",0,DEMO,39.78174531390929,-84.2104152721542
WRK2026R-00015,R72 07109 0043,permit_number,01/29/2026,Residential Wrecking Permit,WRK,BLADECUTTERS,"48 MARATHON AVE, DAYTON OH 45405-3612 United States",0,DEMO,39.78173006287982,-84.21014440734511
WRK2026R-00014,R72 08202 0062,permit_number,01/29/2026,Residential Wrecking Permit,WRK,BLADEECUTTERS,"156 N KILMER ST, DAYTON OH 45417 United States",0,DEMO,39.7560081172341,-84.23206491258918
WRK2026R-00013,R72 10412 0068,permit_number,01/29/2026,Residential Wrecking Permit,WRK,BLADECUTTERS,"1258 ALWILDY AVE, DAYTON OH 45417-3951 United States",0,DEMO,39.738685193052895,-84.21305402099267
WRK2026R-00012,R72 15603 0029,permit_number,01/21/2026,Residential Wrecking Permit,WRK,CHARLES JERGENS CONST,"1120 VERNON DR, DAYTON OH 45402-5712 United States",0,DEMO,39.76846458461096,-84.22904709710647
WRK2026R-00011,R72 07908 0039,permit_number,01/21/2026,Residential Wrecking Permit,WRK,CHARLES JERGENS CONST,"929 VERNON DR, DAYTON OH 45402-5749 United States",0,DEMO,39.76570656909511,-84.2296867042078
WRK2026R-00010,R72 07908 0036,permit_number,01/21/2026,Residential Wrecking Permit,WRK,CHARLES JERGENS CONST,"941 VERNON DR, DAYTON OH 45402-5749 United States",0,DEMO,39.76603593761548,-84.22969488063272
WRK2026R-00009,R72 07901 0042,permit_number,01/21/2026,Residential Wrecking Permit,WRK,CHARLES JERGENS CONST,"1215 VERNON DR, DAYTON OH 45402-5715 United States",0,DEMO,39.76970791286288,-84.22964017959542
WRK2026R-00008,R72 07901 0037,permit_number,01/21/2026,Residential Wrecking Permit,WRK,CHARLES JERGENS CONST,"1237 VERNON DR, DAYTON OH 45402-5715 United States",0,DEMO,39.7702408878927,-84.22962140417914
WRK2026R-00007,R72 07901 0036,permit_number,01/21/2026,Residential Wrecking Permit,WRK,CHARLES JERGENS CONST,"1241 VERNON DR, DAYTON OH 45402-5715 United States",0,DEMO,39.77037540367355,-84.2296211876368
WRK2026R-00006,R72 07712 0033,permit_number,01/21/2026,Residential Wrecking Permit,WRK,CHARLES JERGENS CONST,"916 BRYN MAWR DR, DAYTON OH 45402-6001 United States",0,DEMO,39.7660706551635,-84.21745963830895
WRK2026R-00005,R72 07109 0031,permit_number,01/21/2026,Residential Wrecking Permit,WRK,CHARLES JERGENS CONST,"29 MARATHON AVE, DAYTON OH 45405-3613 United States",0,DEMO,39.78204802546234,-84.20961840152889
WRK2026R-00004,R72 07109 0026,permit_number,01/21/2026,Residential Wrecking Permit,WRK,CHARLES JERGENS CONST,"37 MARATHON AVE, DAYTON OH 45405-3613 United States",0,DEMO,39.78204686979369,-84.20988530820574
WRK2026R-00003,R72 08001 0050,permit_number,01/21/2026,Residential Wrecking Permit,WRK,CHARLES JERGENS CONST,"1245 WILSON DR, DAYTON OH 45402-5622 United States",0,DEMO,39.770550354798466,-84.2320878374203
WRK2026R-00002,R72 07901 0069,address,01/21/2026,Residential Wrecking Permit,WRK,CHARLES JERGENS CONST,"1225 WINDSOR AVE, DAYTON OH 45402-5719 United States",,,39.770058316212484,-84.22841062138218
WRK2026R-00001,R72 07901 0061,permit_number,01/21/2026,Residential Wrecking Permit,WRK,CHARLES JERGENS CONST,"1257 WINDSOR AVE, DAYTON OH 45402-5719 United States",0,DEMO,39.770919923907535,-84.22844977705984
ZON2026R-00035,R72 06305 0068,address,04/10/2026,Residential Zoning Only Permit,ZON,Type A Childcare - Up to 12 Children,"308 POINTVIEW AVE, DAYTON OH 45405-2850 United States",,,39.79277007807927,-84.20794528326455
ZON2026R-00034,R72 06305 0047,address,04/01/2026,Residential Zoning Only Permit,ZON,,"301 POINTVIEW AVE, DAYTON OH 45405-2851 United States",,,39.793174993310444,-84.20823286263908
ZON2026R-00033,R72 08405 0004,address,04/01/2026,Residential Zoning Only Permit,ZON,Privacy Fence,"208 N WILLIAMS ST, DAYTON OH 45402-6605 United States",,,39.758629017481695,-84.21130648669002
ZON2026R-00032,R72 12603 0028,address,04/01/2026,Residential Zoning Only Permit,ZON,Privacy Fence,"352 WESTWOOD AVE, DAYTON OH 45417-1628 United States",,,39.75764344904684,-84.24106664544377
ZON2026R-00031,R72 06408 0032,address,04/01/2026,Residential Zoning Only Permit,ZON,Privacy Fence,"16 MCDANIEL ST, DAYTON OH 45405",,,39.76636713905685,-84.19530273713089
ZON2026R-00030,R72 01205 0058,address,03/31/2026,Residential Zoning Only Permit,ZON,Single family house - Klaus - Phase 1,"112 S DUTOIT ST, DAYTON OH 45402-2214 United States",,,39.76109495834675,-84.17409950014863
ZON2026R-00029,R72 14808 0005,address,03/23/2026,Residential Zoning Only Permit,ZON,6' Privacy Fence,"3143 HASSLER ST, DAYTON OH 45420-1976 United States",,,39.73986558921697,-84.14927989530192
ZON2026R-00028,R72 14208 0017,address,03/23/2026,Residential Zoning Only Permit,ZON,Privacy Fence,"600 BELLAIRE AVE, DAYTON OH 45420-2306 United States",,,39.72865572399131,-84.14782695623207
ZON2026R-00027,R72 08803 0004,address,03/23/2026,Residential Zoning Only Permit,ZON,Privacy Fence,"1518 W FIFTH ST, DAYTON OH 45402 United States",,,39.75302114698523,-84.21885980695947
ZON2026R-00026,R72 12706 0007,address,03/23/2026,Residential Zoning Only Permit,ZON,Privacy Fence,"3341 W SECOND ST, DAYTON OH 45417-1745 United States",,,39.75422078353787,-84.24521095369798
ZON2026R-00025,R72 05302 0015,address,03/20/2026,Residential Zoning Only Permit,ZON,Attached Single Family,"316 TROY ST, DAYTON OH 45404-1858 United States",,,39.77385044538583,-84.17458749505414
ZON2026R-00024,R72 16115 0043,address,03/19/2026,Residential Zoning Only Permit,ZON,Privacy Fence,"2448 WYTHE CT, DAYTON OH 45406-1253 United States",,,39.792900165180065,-84.26524446176491
ZON2026R-00023,R72 15209 0026,address,03/19/2026,Residential Zoning Only Permit,ZON,Privacy Fence,"1739 GONDERT AVE, DAYTON OH 45403-3416 United States",,,39.75492811450657,-84.1350652147548
ZON2026R-00022,R72217304 0072,address,03/19/2026,Residential Zoning Only Permit,ZON,Fence,"4516 BULRUSH CT, DAYTON OH 45404 United States",,,39.818172259248364,-84.14445349373335
ZON2026R-00021,R72 14012 0001,address,03/11/2026,Residential Zoning Only Permit,ZON,decorative picket Fence,"900 PATTERSON RD, DAYTON OH 45419-4334 United States",,,39.72414440019034,-84.15560009412606
ZON2026R-00020,R72 06508 0011,address,03/11/2026,Residential Zoning Only Permit,ZON,6' privacy fence,"27 STODDARD AVE, DAYTON OH 45405-4737 United States",,,39.76788604398828,-84.20126876043176
ZON2026R-00019,R72 15011 0013,address,03/11/2026,Residential Zoning Only Permit,ZON,Privacy Fence,"1629 PELL DR, DAYTON OH 45410-3310 United States",,,39.74476091350045,-84.13149389819775
ZON2026R-00018,R72 02707 0052,address,03/10/2026,Residential Zoning Only Permit,ZON,In ground swimming Pool,"358 PARK DR, DAYTON OH 45410-1414 United States",,,39.74829359099358,-84.17393787973845
ZON2026R-00017,R72 12401 0005,address,03/05/2026,Residential Zoning Only Permit,ZON,Privacy Fence,"648 LELAND AVE, DAYTON OH 45417-1548 United States",,,39.76092137286197,-84.24461026713203
ZON2026R-00016,R72 01510 0004,address,03/04/2026,Residential Zoning Only Permit,ZON,Privacy Fence,"143 Jones ST, DAYTON OH 45410-1107",,,39.754332657666744,-84.18343178142304
ZON2026R-00015,R72215420 0003,address,03/04/2026,Residential Zoning Only Permit,ZON,Pool,"3660 BERRYWOOD DR, DAYTON OH 45424-4863 United States",,,39.8163536332937,-84.12221924893035
ZON2026R-00014,R72210802 0032,address,03/03/2026,Residential Zoning Only Permit,ZON,Inground Pool,"4205 FOREST RIDGE BLVD, DAYTON OH 45424-4485 United States",,,39.81508587340551,-84.11978638020666
ZON2026R-00013,R72 07011 0016,address,02/24/2026,Residential Zoning Only Permit,ZON,privacy fence,"334 FOUNTAIN AVE, DAYTON OH 45405-3932 United States",,,39.777791170194575,-84.21436790902345
ZON2026R-00012,R72 07901 0025,address,02/24/2026,Residential Zoning Only Permit,ZON,Privacy Fence,"1222 EVERETT DR, DAYTON OH 45402-5603 United States",,,39.769920572945516,-84.23030014713483
ZON2026R-00011,R72516914 0008,address,02/11/2026,Residential Zoning Only Permit,ZON,Ornamental Fence,"5299 TORCH LN, DAYTON OH 45417-8843 United States",,,39.73716323079022,-84.27696037548444
ZON2026R-00010,R72 14404 0006,address,02/10/2026,Residential Zoning Only Permit,ZON,Privacy Fence,"3061 Wayland AVE, DAYTON OH 45420-2142",,,39.72179497857497,-84.13543312608473
ZON2026R-00009,R72 04407 0032,address,01/27/2026,Residential Zoning Only Permit,ZON,Detached Deck,"755 HUFFMAN AVE, DAYTON OH 45403-2618 United States",,,39.75869273271237,-84.15438951251592
ZON2026R-00008,R72 15106 0020,address,01/15/2026,Residential Zoning Only Permit,ZON,Privacy Fence,"826 SANTA CRUZ AVE, DAYTON OH 45410-3129 United States",,,39.747736414087896,-84.14820692329438
ZON2026R-00007,R72 16211 0061,address,01/13/2026,Residential Zoning Only Permit,ZON,Fence,"1830 PARKHILL DR, DAYTON OH 45406 United States",,,39.782003875090396,-84.23778207111238
ZON2026R-00006,,unmatched,01/08/2026,Residential Zoning Only Permit,ZON,4' Fence poplar with mesh,"4308 WEEPING WILLOW DR, DAYTON OH 45404 United States",,,,
ZON2026R-00005,R72 03401 0024,address,01/07/2026,Residential Zoning Only Permit,ZON,Privacy fence,"728 WYOMING ST, DAYTON OH 45410-1646 United States",,,39.747288333592614,-84.16973417014637
ZON2026R-00004,R72 02201 0052,address,01/06/2026,Residential Zoning Only Permit,ZON,Fence,"34 LINDEN AVE, DAYTON OH 45403-1944 United States",,,39.76312204349061,-84.16520023502709
ZON2026R-00003,R72217304 0033,address,01/06/2026,Residential Zoning Only Permit,ZON,Fence,"4231 OLD TROY PIKE, DAYTON OH 45404-1329 United States",,,39.81507505380598,-84.14732286747434
ZON2026R-00002,R72 06905 0005,address,01/02/2026,Residential Zoning Only Permit,ZON,Two Sheds,"939 SALEM AVE, DAYTON OH 45406-5828 United States",,,39.77304469658564,-84.21467454977436
ZON2026R-00001,R72410801 0010,address,01/02/2026,Residential Zoning Only Permit,ZON,Privacy Fence,"4049 VALLEY PIKE, DAYTON OH 45424 United States",,,39.80222319570602,-84.10917556500533
SGN2026-00015,R72 01507 0010,address,03/26/2026,Sign Permit,SGN,Gem City Wine and Spirits,"310 S JEFFERSON ST, DAYTON OH 45402 United States",,,39.75547524745373,-84.188553661364
SGN2026-00014,R72 16901 0022,address,02/24/2026,Sign Permit,SGN,First Financial Bank Sign,"807 S Gettysburg AVE, DAYTON OH 45417-3517",,,39.73657961054739,-84.2543257110999
SGN2026-00013,R72 15603 0035,address,02/10/2026,Sign Permit,SGN,SRS Building Products Sign Package,"2030 WINNERS CIR, DAYTON OH 45404-1130 United States",,,39.78880976233988,-84.18050300740958
SGN2026-00012,,unmatched,02/10/2026,Sign Permit,SGN,Dayton Children's - West Side Urgent Care Sign Package,"1711 Germantown ST, DAYTON OH 45417",,,,
SGN2026-00011,R72 02908 0020,address,02/04/2026,Sign Permit,SGN,Dutch Bro's Sign Permit Package,"1141 BROWN ST, DAYTON OH 45409-2603 United States",,,39.74238388773345,-84.18259902372532
SGN2026-00010,R72 14605 0071,address,01/30/2026,Sign Permit,SGN,Nuestra Tierra Mini Mart,"649 WATERVLIET AVE, DAYTON OH 45420-2568 United States",,,39.73165487791635,-84.14289781929371
SGN2026-00009,R72 15206 0044,address,01/29/2026,Sign Permit,SGN,Dayton Flooring company Sign,"3305 LINDEN AVE, DAYTON OH 45410-3034 United States",,,39.74796924595537,-84.13562350823815
SGN2026-00008,R72 06109 0003,address,01/27/2026,Sign Permit,SGN,The Change Agency Sign facade change,"1910 N MAIN ST, DAYTON OH 45405-3801 United States",,,39.78062778908191,-84.20695209820789
SGN2026-00007,R72 01904 0121,address,01/15/2026,Sign Permit,SGN,Cleveland Dental Sign,"424 Warren St, Dayton OH 45402",,,39.74863651510845,-84.18506288151596
SGN2026-00006,R72 00111 0006,address,01/12/2026,Sign Permit,SGN,10 Abbey DPD Sign,"10 Abbey Ave, Dayton OH 45417",,,39.75133907964575,-84.23968819163089
SGN2026-00005,R72 16501 0002,address,01/09/2026,Sign Permit,SGN,C&B Sign Services: Signs,"1640 Woodman DR, DAYTON OH 45432",,,39.733068773847116,-84.121269796347
SGN2026-00004,R72 16308 0027,address,01/07/2026,Sign Permit,SGN,five below signs (5),"2917 PHILADELPHIA DR, DAYTON OH 45405 United States",,,39.800104646930926,-84.23608817755084
SGN2026-00003,R72 00202 0012,address,01/05/2026,Sign Permit,SGN,Art & Soul - Maison Sign,"135 N MAIN ST, DAYTON OH 45402 United States",,,39.76194893898221,-84.19279848837233
SGN2026-00002,R72 00807 0037,address,01/05/2026,Sign Permit,SGN,Windsor Construction Services: Sign,"112 Webster ST, DAYTON OH 45402",,,39.76310494868162,-84.18194304868865
SGN2026-00001,R72 00701 0024,address,01/02/2026,Sign Permit,SGN,ss+d Law Sign,"220 E MONUMENT AVE, DAYTON OH 45402-1223 United States",,,39.7643043947213,-84.18845808544255
SSI2026-00077,R72 09809 0052,address,06/29/2026,Special Service Inspection,SSI,Vacant,"1434 GERMANTOWN ST, DAYTON OH 45417-3340 United States",,,39.74695395052139,-84.21733904914709
SSI2026-00076,R72 07901 0046,address,06/24/2026,Special Service Inspection,SSI,Vacant,"1256 Vernon DR, DAYTON OH 45402-5714",,,39.77090999034118,-84.22912206839334
SSI2026-00075,R72 12209 0057,address,06/16/2026,Special Service Inspection,SSI,Vacant Single-Family Residence (In nuisance program),"632 BROOKLYN AVE, DAYTON OH 45402-5501 United States",,,39.76252687306953,-84.23987225351878
SSI2026-00073,R72 08802 0055,address,06/15/2026,Special Service Inspection,SSI,Vacant Single-Family Residence (In nuisance program),"325 MERCER AVE, DAYTON OH 45402-6943 United States",,,39.754379736445685,-84.21908897989016
SSI2026-00074,R72 04701 0046,address,06/09/2026,Special Service Inspection,SSI,Vacant Single-Family Residence (In nuisance program),"100 N IRWIN ST, DAYTON OH 45403-1355 United States",,,39.76779711313906,-84.15132516711486
SSI2026-00072,R72 06305 0068,address,06/09/2026,Special Service Inspection,SSI,Type-A Daycare,"308 POINTVIEW AVE, DAYTON OH 45405-2850 United States",,,39.79277007807927,-84.20794528326455
SSI2026-00071,R72 04814 0017,address,06/08/2026,Special Service Inspection,SSI,,"132 N WRIGHT AVE, DAYTON OH 45403-1742 United States",,,39.76925444467036,-84.14181316311306
SSI2026-00070,R72 07712 0051,address,06/05/2026,Special Service Inspection,SSI,Vacant,"925 FERGUSON AVE, DAYTON OH 45402-6115 United States",,,39.766274464044805,-84.21666771052547
SSI2026-00069,R72 12602 0081,address,06/05/2026,Special Service Inspection,SSI,Vacant,"224 GRAMONT AVE, DAYTON OH 45417-2324 United States",,,39.75713712626324,-84.2376315776398
SSI2026-00068,R72 11611 0015,address,06/03/2026,Special Service Inspection,SSI,Owner Occupied,"114 OTTERBEIN AVE, DAYTON OH 45406-4551 United States",,,39.78079861498451,-84.22608272194164
SSI2026-00067,R72 06804 0020,address,06/01/2026,Special Service Inspection,SSI,Vacant - Special Service Inspection for Fire Damage,"623 ROCKFORD AVE, DAYTON OH 45405-4020 United States",,,39.77740018049949,-84.20655426538347
SSI2026-00066,R72 15209 0055,address,05/19/2026,Special Service Inspection,SSI,Vacant,"1628 GONDERT AVE, DAYTON OH 45403-3330 United States",,,39.75470466650533,-84.13769244419132
SSI2026-00065,R72 16212 0076,address,05/18/2026,Special Service Inspection,SSI,Vacant,"2014 PARKHILL DR, DAYTON OH 45406-2716 United States",,,39.785910775804595,-84.23799342331714
SSI2026-00064,R72 03403 0025,address,05/11/2026,Special Service Inspection,SSI,Special Services Inspection for Property in Structural Nuisance Program,"27 GEBHART ST, DAYTON OH 45410-1718 United States",,,39.74441862288399,-84.1674459169637
SSI2026-00063,R72 01208 0057,address,05/11/2026,Special Service Inspection,SSI,Updated Inspection Requested to Re-Inspect Water Damage,"1804 E FOURTH ST, DAYTON OH 45403-1813 United States",,,39.76114896605079,-84.16820562084368
SSI2026-00062,R72 12205 0011,address,05/08/2026,Special Service Inspection,SSI,Special Services Inspection for Property in Structural Nuisance Program,"821 WESTWOOD AVE, DAYTON OH 45402-5342 United States",,,39.764471971450185,-84.24164643665362
SSI2026-00061,R72 07106 0005,address,05/06/2026,Special Service Inspection,SSI,Vacant,"136 W FAIRVIEW AVE, DAYTON OH 45405-3319 United States",,,39.78460150743334,-84.21450706489499
SSI2026-00059,R72 12810 0007,address,05/04/2026,Special Service Inspection,SSI,Vacant,"3811 W THIRD ST, DAYTON OH 45417-1842 United States",,,39.75013338167664,-84.24972942034337
SSI2026-00058,R72 15701 0223,address,04/28/2026,Special Service Inspection,SSI,Vacant,"1100 CICILION AVE, DAYTON OH 45402-4111 United States",,,39.767567581408606,-84.2487546586336
SSI2026-00057,R72 06306 0037,address,04/27/2026,Special Service Inspection,SSI,Inspection of Double,"205 E MAPLEWOOD AVE, DAYTON OH 45405-2839 United States",,,39.792224631265185,-84.20994651472371
SSI2026-00056,R72 12603 0026,address,04/27/2026,Special Service Inspection,SSI,Vacant,"344 WESTWOOD AVE, DAYTON OH 45417-1628 United States",,,39.75745117417002,-84.24107250848002
SSI2026-00055,R72 12306 0054,address,04/22/2026,Special Service Inspection,SSI,Special Service Inspection,"867 OSMOND AVE, DAYTON OH 45402-5240 United States",,,39.76343000540198,-84.24946202272668
SSI2026-00054,R72 06712 0055,address,04/21/2026,Special Service Inspection,SSI,Vacant,"219 NEAL AVE, DAYTON OH 45405-4555 United States",,,39.770930570194004,-84.20214645909107
SSI2026-00053,R72 02201 0030,address,04/21/2026,Special Service Inspection,SSI,Vacant,"2017 E FOURTH ST, DAYTON OH 45403-1911 United States",,,39.762188475748715,-84.16327093659855
SSI2026-00052,R72 07706 0036,address,04/21/2026,Special Service Inspection,SSI,Vacant,"222 LEXINGTON AVE, DAYTON OH 45402 United States",,,39.76783416668272,-84.21610125669095
SSI2026-00051,R72 08307 0057,address,04/21/2026,Special Service Inspection,SSI,Vacant,"1507 W SECOND ST, DAYTON OH 45402-6727 United States",,,39.75635325861731,-84.21876416325692
SSI2026-00050,R72 07701 0048,address,04/17/2026,Special Service Inspection,SSI,Vacant,"605 OXFORD AVE, DAYTON OH 45402-5821 United States",,,39.76897069384706,-84.22489302679581
SSI2026-00049,R72 04403 0037,address,04/17/2026,Special Service Inspection,SSI,,"633 HUFFMAN AVE, DAYTON OH 45403 United States",,,39.75887811839954,-84.15684067297853
SSI2026-00048,R72 11701 0014,address,04/15/2026,Special Service Inspection,SSI,,"228 W FAIRVIEW AVE, DAYTON OH 45405-3302 United States",,,39.7845902392959,-84.21752125608879
SSI2026-00047,R72 04208 0022,address,04/15/2026,Special Service Inspection,SSI,Vacant,"21 LIVINGSTON AVE, DAYTON OH 45403-2937 United States",,,39.75757879737608,-84.14888444374286
SSI2026-00046,R72 15609 0045,address,04/15/2026,Special Service Inspection,SSI,Fire Damage Inspection,"3220 ZEPHYR DR, DAYTON OH 45414-5451 United States",,,39.794806638584234,-84.20102572825539
SSI2026-00045,R72 02811 0041,address,04/14/2026,Special Service Inspection,SSI,Vacant,"1617 MANETTE PL, DAYTON OH 45410-1705 United States",,,39.74490640690714,-84.17088599688857
SSI2026-00044,R72 10208 0027,address,04/13/2026,Special Service Inspection,SSI,Vacant,"723 CLEGG ST, DAYTON OH 45417-4632 United States",,,39.74000653224364,-84.20719300103437
SSI2026-00060,R72 07808 0009,address,04/08/2026,Special Service Inspection,SSI,Remodel Existing Single-Family Home,"403 LEXINGTON AVE, DAYTON OH 45402-6047 United States",,,39.76820911209899,-84.21973974872766
SSI2026-00043,R72 14611 0027,address,04/06/2026,Special Service Inspection,SSI,Vacant,"2313 FAUVER AVE, DAYTON OH 45420-2524 United States",,,39.73349140060176,-84.14214447974645
SSI2026-00042,R72 04610 0054,address,03/31/2026,Special Service Inspection,SSI,Vacant,"3004 E THIRD ST, 3006, DAYTON OH 45403-2138 United States",,,39.76589625607003,-84.1517700190497
SSI2026-00041,R72 04604 0071,address,03/31/2026,Special Service Inspection,SSI,,"38 N JERSEY ST, DAYTON OH 45403-1302 United States",,,39.76695481895015,-84.15341506818541
SSI2026-00040,R72 09007 0031,address,03/26/2026,Special Service Inspection,SSI,Vacant,"213 S WOODWARD AVE, DAYTON OH 45417-2150 United States",,,39.75129533404946,-84.2306879465584
SSI2026-00039,R72 06201 0014,address,03/11/2026,Special Service Inspection,SSI,Vacant,"46 E HILLCREST AVE, DAYTON OH 45405-2824 United States",,,39.790982015966705,-84.21249291736585
SSI2026-00038,R72 10909 0002,address,03/11/2026,Special Service Inspection,SSI,Vacant,"105 FERNWOOD AVE, DAYTON OH 45405-2620 United States",,,39.794089378267714,-84.21161540883868
SSI2026-00037,R72 12706 0008,address,03/10/2026,Special Service Inspection,SSI,Vacant,"3337 W SECOND ST, DAYTON OH 45417-1745 United States",,,39.75421462325678,-84.24507202294458
SSI2026-00036,R72 02306 0051,address,03/10/2026,Special Service Inspection,SSI,Rental,"300 PRITZ AVE, DAYTON OH 45403-2524 United States",,,39.755072148287674,-84.15644512189131
SSI2026-00035,R72 07002 0020,address,03/10/2026,Special Service Inspection,SSI,Vacant,"62 FOUNTAIN AVE, DAYTON OH 45405-3702 United States",,,39.779130359908976,-84.20860020610436
SSI2026-00034,R72 12408 0019,address,03/10/2026,Special Service Inspection,SSI,Vacant,"530 LELAND AVE, DAYTON OH 45417-1546 United States",,,39.759109751567394,-84.2445684662784
SSI2026-00033,R72 02205 0129,address,03/10/2026,Special Service Inspection,SSI,Vacant,"133 S TORRENCE ST, DAYTON OH 45403-2043 United States",,,39.76184314825755,-84.15897203764061
SSI2026-00032,R72 08804 0029,address,03/10/2026,Special Service Inspection,SSI,Vacant,"1700 W FIFTH ST, DAYTON OH 45402-6912 United States",,,39.75297226185811,-84.22236974167103
SSI2026-00031,R72 04208 0020,address,03/09/2026,Special Service Inspection,SSI,Vacant,"15 LIVINGSTON AVE, DAYTON OH 45403-2966 United States",,,39.75775889203494,-84.14896342888758
SSI2026-00030,R72 04709 0016,address,03/09/2026,Special Service Inspection,SSI,Vacant,"3306 E THIRD ST, DAYTON OH 45403-2180 United States",,,39.76642787422185,-84.14853522010884
SSI2026-00029,R72 12603 0027,address,03/09/2026,Special Service Inspection,SSI,Vacant,"348 WESTWOOD AVE, DAYTON OH 45417-1628 United States",,,39.757544594604425,-84.24106773086031
SSI2026-00028,R72 06810 0031,address,03/06/2026,Special Service Inspection,SSI,Vacant,"373 KENWOOD AVE, DAYTON OH 45405-4013 United States",,,39.77558360663848,-84.21023554218334
SSI2026-00027,,unmatched,03/05/2026,Special Service Inspection,SSI,Vacant,"3360 Delphos, DAYTON OH",,,,
SSI2026-00026,R72 12803 0004,address,03/04/2026,Special Service Inspection,SSI,Vacant,"3360 DELPHOS AVE, DAYTON OH 45417-1744 United States",,,39.75382648519959,-84.24569195480294
SSI2026-00025,R72 03206 0025,address,03/04/2026,Special Service Inspection,SSI,Owner Occupied,"224 RAVELLE CT, DAYTON OH 45420-1894 United States",,,39.737002836507884,-84.16316078712114
SSI2026-00024,R72 14802 0056,address,03/04/2026,Special Service Inspection,SSI,,"2217 NILL AVE, DAYTON OH 45420-2368 United States",,,39.735259634373755,-84.1474211829501
SSI2026-00023,R72 02309 0065,address,03/03/2026,Special Service Inspection,SSI,Vacant,"1017 XENIA AVE, 1019, DAYTON OH 45410-2235 United States",,,39.753044959042285,-84.16134163159371
SSI2026-00022,R72 04804 0038,address,03/02/2026,Special Service Inspection,SSI,Rental,"3517 E THIRD ST, DAYTON OH 45403-2227 United States",,,39.76706340879422,-84.14596907744988
SSI2026-00021,R72 06712 0055,address,02/24/2026,Special Service Inspection,SSI,Vacant,"219 NEAL AVE, DAYTON OH 45405-4555 United States",,,39.770930570194004,-84.20214645909107
SSI2026-00020,R72 06209 0031,address,02/17/2026,Special Service Inspection,SSI,Vacant Due to Fire,"48 E PARKWOOD DR, DAYTON OH 45405-3423 United States",,,39.78721946875757,-84.21029346770051
SSI2026-00019,R72 13406 0007,address,02/17/2026,Special Service Inspection,SSI,Vacant,"1136 HALLER AVE, DAYTON OH 45417-4510 United States",,,39.73669247496013,-84.23109000650166
SSI2026-00018,R72 07005 0045,address,02/16/2026,Special Service Inspection,SSI,Vacant,"1101 Richmond AVE, 1103, DAYTON OH 45405-3604",,,39.78005984038567,-84.21076180167337
SSI2026-00017,R72 04703 0025,address,02/16/2026,Special Service Inspection,SSI,Occupied Rental,"3315 E THIRD ST, DAYTON OH 45403-2143 United States",,,39.766777227953185,-84.14809875629297
SSI2026-00016,R72 11408 0002,address,02/03/2026,Special Service Inspection,SSI,Vacant,"427 W FAIRVIEW AVE, DAYTON OH 45405-3308 United States",,,39.785630373434245,-84.21961467792082
SSI2026-00015,R72 15612 0061,address,01/30/2026,Special Service Inspection,SSI,,"3930 RIDGE AVE, DAYTON OH 45414-5328 United States",,,39.80139873186808,-84.19651981905751
SSI2026-00014,R72 15210 0083,address,01/30/2026,Special Service Inspection,SSI,Vacant,"1805 Tuttle AVE, DAYTON OH 45403-3429",,,39.75397011550387,-84.13367132270339
SSI2026-00013,R72 12606 0044,address,01/30/2026,Special Service Inspection,SSI,Vacant,"400 BURLEIGH AVE, DAYTON OH 45417-1634 United States",,,39.75645276840241,-84.24578980415247
SSI2026-00012,R72 09007 0031,address,01/28/2026,Special Service Inspection,SSI,Vacant,"213 S WOODWARD AVE, DAYTON OH 45417-2150 United States",,,39.75129533404946,-84.2306879465584
SSI2026-00011,R72 06803 0004,address,01/16/2026,Special Service Inspection,SSI,Vacant,"112 DELAWARE AVE, DAYTON OH 45405-3905 United States",,,39.778511170769136,-84.20737862823142
SSI2026-00010,R72 04608 0032,address,01/16/2026,Special Service Inspection,SSI,Vacant,"2929 E FIFTH ST, DAYTON OH 45403-2641 United States",,,39.76211311377498,-84.1525068460294
SSI2026-00009,R72 12306 0031,address,01/15/2026,Special Service Inspection,SSI,Vacant,"854 OSMOND AVE, DAYTON OH 45402-5239 United States",,,39.763151274818,-84.2490067521131
SSI2026-00008,R72 06609 0010,address,01/15/2026,Special Service Inspection,SSI,Vacant,"331 GRAFTON AVE, DAYTON OH 45406-5439 United States",,,39.768771318945184,-84.20722535515786
SSI2026-00007,R72 04701 0060,address,01/15/2026,Special Service Inspection,SSI,Vacant,"114 N HARBINE AVE, DAYTON OH 45403-1319 United States",,,39.7683347611033,-84.15019571691244
SSI2026-00006,R72 15501 0102,address,01/13/2026,Special Service Inspection,SSI,Vacant,"508 MIA AVE, DAYTON OH 45417-9103 United States",,,39.75445583861909,-84.26577545509461
SSI2026-00005,R72 08001 0016,address,01/12/2026,Special Service Inspection,SSI,Vacant,"1215 OXFORD AVE, DAYTON OH 45402-5614 United States",,,39.76933013528669,-84.23364448452162
SSI2026-00004,R72 06012 0014,address,01/12/2026,Special Service Inspection,SSI,Vacant,"15 MARY AVE, DAYTON OH 45405-3836 United States",,,39.779791137150575,-84.20527832460293
SSI2026-00003,R72 08201 0023,address,01/06/2026,Special Service Inspection,SSI,Vacant,"167 N MARION ST, DAYTON OH 45417-2207 United States",,,39.75587411199691,-84.23355517376483
SSI2026-00002,R72 07109 0034,address,01/05/2026,Special Service Inspection,SSI,,"25 MARATHON AVE, DAYTON OH 45405-3613 United States",,,39.782055590016014,-84.2094762569973
SSI2026-00001,R72 04609 0017,address,01/05/2026,Special Service Inspection,SSI,Vacant,"48 S JERSEY ST, DAYTON OH 45403-2122 United States",,,39.76438105327549,-84.15270648051538
011446,,unmatched,05/20/2026,Warm-Air Heating Contractor Registration,,,,,,,
011431,,unmatched,04/23/2026,Warm-Air Heating Contractor Registration,,,,,,,
011427,,unmatched,04/21/2026,Warm-Air Heating Contractor Registration,0114,,,,,,
011426,,unmatched,04/21/2026,Warm-Air Heating Contractor Registration,0114,,,,,,
011425,,unmatched,04/17/2026,Warm-Air Heating Contractor Registration,0114,,,,,,
011423,,unmatched,04/16/2026,Warm-Air Heating Contractor Registration,0114,,,,,,
011422,,unmatched,04/14/2026,Warm-Air Heating Contractor Registration,0114,,,,,,
011420,,unmatched,04/08/2026,Warm-Air Heating Contractor Registration,0114,,,,,,
011414,,unmatched,03/24/2026,Warm-Air Heating Contractor Registration,,,,,,,
011412,,unmatched,03/24/2026,Warm-Air Heating Contractor Registration,01141,,,,,,
011404,,unmatched,03/13/2026,Warm-Air Heating Contractor Registration,,,,,,,
011382,,unmatched,02/03/2026,Warm-Air Heating Contractor Registration,01138,,,,,,
011374,,unmatched,01/29/2026,Warm-Air Heating Contractor Registration,,,,,,,
011368,,unmatched,01/21/2026,Warm-Air Heating Contractor Registration,,,,,,,
APP-2026-00091,,unmatched,05/20/2026,Warm-Air Heating Contractor Registration Application,APP-,,,,,,
APP-2026-00075,,unmatched,04/23/2026,Warm-Air Heating Contractor Registration Application,APP-,,,,,,
APP-2026-00071,,unmatched,04/21/2026,Warm-Air Heating Contractor Registration Application,APP-,,,,,,
APP-2026-00070,,unmatched,04/21/2026,Warm-Air Heating Contractor Registration Application,APP-,,,,,,
APP-2026-00069,,unmatched,04/17/2026,Warm-Air Heating Contractor Registration Application,APP-,,,,,,
APP-2026-00067,,unmatched,04/16/2026,Warm-Air Heating Contractor Registration Application,APP-,,,,,,
APP-2026-00066,,unmatched,04/14/2026,Warm-Air Heating Contractor Registration Application,APP-,,,,,,
APP-2026-00064,,unmatched,04/08/2026,Warm-Air Heating Contractor Registration Application,APP-,,,,,,
APP-2026-00058,,unmatched,03/24/2026,Warm-Air Heating Contractor Registration Application,APP-,,,,,,
APP-2026-00056,,unmatched,03/24/2026,Warm-Air Heating Contractor Registration Application,APP-,,,,,,
APP-2026-00050,,unmatched,03/13/2026,Warm-Air Heating Contractor Registration Application,APP-,,,,,,
APP-2026-00026,,unmatched,02/03/2026,Warm-Air Heating Contractor Registration Application,APP-,,,,,,
APP-2026-00015,,unmatched,01/21/2026,Warm-Air Heating Contractor Registration Application,APP-,,,,,,
