name,publisher,source_owner,theme,geography,granularity,access,cadence,formats,key_fields,records,updated,housing_relevant,queryable,capabilities,priority,current_use_state,desired_use_state,url,item_page,notes
 Fleet Management - Equipment Service Request Form _form,City of Dayton,Frank.Boateng_DaytonOhio (City of Dayton GIS / PND),,City of Dayton,address/point,"Public — ArcGIS REST API, no auth",live service (verify),"ArcGIS FeatureServer/MapServer; GeoJSON, CSV, Shapefile export",,,2024-06-13,,Y,"Create,Query,Update,Editing,Extract",,,,https://services2.arcgis.com/3dDB2Kk6kuA2gIGw/arcgis/rest/services/survey123_4b723f4263c44a91b161f6315a6a2681_form/FeatureServer,https://daytonohio.maps.arcgis.com/home/item.html?id=0f64a3233f8e49bf89daa20b5a0f691f,
 Fleet Management - Equipment Service Request Form _results,City of Dayton,Frank.Boateng_DaytonOhio (City of Dayton GIS / PND),,City of Dayton,address/point,"Public — ArcGIS REST API, no auth",live service (verify),"ArcGIS FeatureServer/MapServer; GeoJSON, CSV, Shapefile export",,,2024-06-13,,Y,"Create,Delete,Query,Update,Editing,Extract",,,,https://services2.arcgis.com/3dDB2Kk6kuA2gIGw/arcgis/rest/services/survey123_4b723f4263c44a91b161f6315a6a2681_results/FeatureServer,https://daytonohio.maps.arcgis.com/home/item.html?id=a270731e141544e0a4395c85faff24a1,
2019OrthoCache,City of Dayton,emma.jewell (City of Dayton GIS / PND),,City of Dayton,jurisdiction/county,"Public — ArcGIS REST API, no auth",live service (verify),"ArcGIS FeatureServer/MapServer; GeoJSON, CSV, Shapefile export",,,2020-05-14,,N,Service not found,,,,https://maps.daytonohio.gov/gisservices/rest/services/Basemap/2019OrthoCache/MapServer,https://daytonohio.maps.arcgis.com/home/item.html?id=f8ebab497a18423c868324037af2b3db,
2019OrthoImagery,City of Dayton,emma.jewell (City of Dayton GIS / PND),,City of Dayton,,"Public — ArcGIS REST API, no auth",live service (verify),"ArcGIS FeatureServer/MapServer; GeoJSON, CSV, Shapefile export",,,2026-04-28,,N,service unreachable: <urlopen error [Errno 8] nodename nor s,,,,https://wtrhansen-ags:6443/arcgis/rest/services/Orthos/2019OrthoImagery/MapServer/,https://daytonohio.maps.arcgis.com/home/item.html?id=3fa5eb0db42043ca8987e900b19f912a,
2022OrthoCache,City of Dayton,greg.hornbeek_DaytonOhio (City of Dayton GIS / PND),,City of Dayton,,"Public — ArcGIS REST API, no auth",live service (verify),"ArcGIS FeatureServer/MapServer; GeoJSON, CSV, Shapefile export",,,2023-05-30,,N,"Map,Query,Data",,,,https://maps.daytonohio.gov/gisservices/rest/services/Basemap/2022OrthoCache/MapServer,https://daytonohio.maps.arcgis.com/home/item.html?id=b0620230543049b29afb74e489394b14,2022 Ortho Imagery
2024 Annual Water Meeting_form,City of Dayton,emma.jewell (City of Dayton GIS / PND),infrastructure,City of Dayton,,"Public — ArcGIS REST API, no auth",live service (verify),"ArcGIS FeatureServer/MapServer; GeoJSON, CSV, Shapefile export",,,2024-07-15,,N,"Create,Editing",,,,https://services2.arcgis.com/3dDB2Kk6kuA2gIGw/arcgis/rest/services/survey123_dba313d55d174081bceb351728beaa2c_form/FeatureServer,https://daytonohio.maps.arcgis.com/home/item.html?id=b859da7a950a4eb69a4cad405805f724,
2024 Annual Water Meeting_results,City of Dayton,emma.jewell (City of Dayton GIS / PND),infrastructure,City of Dayton,,"Public — ArcGIS REST API, no auth",live service (verify),"ArcGIS FeatureServer/MapServer; GeoJSON, CSV, Shapefile export",,,2024-07-29,,Y,"Query,Extract",,,,https://services2.arcgis.com/3dDB2Kk6kuA2gIGw/arcgis/rest/services/survey123_dba313d55d174081bceb351728beaa2c_results/FeatureServer,https://daytonohio.maps.arcgis.com/home/item.html?id=085a3e10805b46f6b12f14d9a67e7cc0,
2024 Fall Ortho (Portal),City of Dayton,emma.jewell (City of Dayton GIS / PND),,City of Dayton,,"Public — ArcGIS REST API, no auth",live service (verify),"ArcGIS FeatureServer/MapServer; GeoJSON, CSV, Shapefile export",,,2026-07-07,,N,"Map,Query,Data",,,,https://utility.arcgis.com/usrsvcs/servers/ff8c4d1ed48d41e8958f511816e255d8/rest/services/Ortho/2024_Ortho_Fall/MapServer,https://daytonohio.maps.arcgis.com/home/item.html?id=ff8c4d1ed48d41e8958f511816e255d8,
2024 Feedback ,City of Dayton,emma.jewell (City of Dayton GIS / PND),,City of Dayton,,"Public — ArcGIS REST API, no auth",live service (verify),"ArcGIS FeatureServer/MapServer; GeoJSON, CSV, Shapefile export",,,2025-02-07,,Y,"Create,Delete,Query,Update,Editing,Extract,Sync",,,,https://services2.arcgis.com/3dDB2Kk6kuA2gIGw/arcgis/rest/services/survey123_a441b5cb536b4421b3c417a82244eb03/FeatureServer,https://daytonohio.maps.arcgis.com/home/item.html?id=b430b1b56f0048d4a35504adfd979e65,
2024 Feedback Form,City of Dayton,emma.jewell (City of Dayton GIS / PND),,City of Dayton,,"Public — ArcGIS REST API, no auth",live service (verify),"ArcGIS FeatureServer/MapServer; GeoJSON, CSV, Shapefile export",,,2025-02-07,,N,"Create,Editing",,,,https://services2.arcgis.com/3dDB2Kk6kuA2gIGw/arcgis/rest/services/survey123_a441b5cb536b4421b3c417a82244eb03_form/FeatureServer,https://daytonohio.maps.arcgis.com/home/item.html?id=0bc6bb8f5a3648769d3f033819279ea2,
2024 Feedback Results,City of Dayton,emma.jewell (City of Dayton GIS / PND),,City of Dayton,,"Public — ArcGIS REST API, no auth",live service (verify),"ArcGIS FeatureServer/MapServer; GeoJSON, CSV, Shapefile export",,,2025-02-07,,Y,"Query,Extract",,,,https://services2.arcgis.com/3dDB2Kk6kuA2gIGw/arcgis/rest/services/survey123_a441b5cb536b4421b3c417a82244eb03_results/FeatureServer,https://daytonohio.maps.arcgis.com/home/item.html?id=3608c302426c4b28a0b1171878f9e23f,
2024 Ortho Imagery,City of Dayton,greg.hornbeek_DaytonOhio (City of Dayton GIS / PND),,City of Dayton,,"Public — ArcGIS REST API, no auth",live service (verify),"ArcGIS FeatureServer/MapServer; GeoJSON, CSV, Shapefile export",,,2024-11-08,,N,"Map,Query,Data",,,,https://maps.daytonohio.gov/gisservices/rest/services/Basemap/Fall2024OrthoCache/MapServer,https://daytonohio.maps.arcgis.com/home/item.html?id=74f34ebd5f8f41a4bdb86cf79d80ede3,2024 Ortho Cache
2026 Technology Capital Project Rank_form,City of Dayton,Richard.Bailey@DaytonOhio.gov (City of Dayton GIS / PND),investment/projects,City of Dayton,,"Public — ArcGIS REST API, no auth",live service (verify),"ArcGIS FeatureServer/MapServer; GeoJSON, CSV, Shapefile export",,,2025-08-27,,N,"Create,Editing",,,,https://services2.arcgis.com/3dDB2Kk6kuA2gIGw/arcgis/rest/services/survey123_22b7b008a0b0421f9a042f71c187979d_form/FeatureServer,https://daytonohio.maps.arcgis.com/home/item.html?id=25786ed1c09e46abadf1c3475bf8292a,
2026 Technology Capital Project Rank_results,City of Dayton,Richard.Bailey@DaytonOhio.gov (City of Dayton GIS / PND),investment/projects,City of Dayton,,"Public — ArcGIS REST API, no auth",live service (verify),"ArcGIS FeatureServer/MapServer; GeoJSON, CSV, Shapefile export",,,2025-08-27,,Y,"Query,Extract",,,,https://services2.arcgis.com/3dDB2Kk6kuA2gIGw/arcgis/rest/services/survey123_22b7b008a0b0421f9a042f71c187979d_results/FeatureServer,https://daytonohio.maps.arcgis.com/home/item.html?id=b32ea5b5d199433aad2bec9d079b4e7f,
2026_Spring_Ortho,City of Dayton,emma.jewell (City of Dayton GIS / PND),,City of Dayton,,"Public — ArcGIS REST API, no auth",live service (verify),"ArcGIS FeatureServer/MapServer; GeoJSON, CSV, Shapefile export",,,2026-07-07,,N,Token Required,,,,https://maps.daytonohio.gov/image/rest/services/Ortho/2026_Spring_Ortho/MapServer,https://daytonohio.maps.arcgis.com/home/item.html?id=4346ec9007e946cfa9dd4c4680352667,
325 Paul Laurence Dunbar St Orthomosaic,City of Dayton,Frank.Boateng_DaytonOhio (City of Dayton GIS / PND),,City of Dayton,,"Public — ArcGIS REST API, no auth",live service (verify),"ArcGIS FeatureServer/MapServer; GeoJSON, CSV, Shapefile export",,,2022-11-04,,N,"Map,TilesOnly,Tilemap",,,,https://tiles.arcgis.com/tiles/3dDB2Kk6kuA2gIGw/arcgis/rest/services/325_Paul_Laurence_Dunbar_St_Orthomosaic/MapServer,https://daytonohio.maps.arcgis.com/home/item.html?id=e384ac4b76df495e9a4736c990f95ee2,orthomosaic
Accela Permit Upload Form_form,City of Dayton,Richard.Bailey@DaytonOhio.gov (City of Dayton GIS / PND),code enforcement,City of Dayton,,"Public — ArcGIS REST API, no auth",live service (verify),"ArcGIS FeatureServer/MapServer; GeoJSON, CSV, Shapefile export",,,2025-05-13,,N,"Create,Editing",,,,https://services2.arcgis.com/3dDB2Kk6kuA2gIGw/arcgis/rest/services/survey123_6c2fa21425bd4c99ad83d5efb801eee3_form/FeatureServer,https://daytonohio.maps.arcgis.com/home/item.html?id=f7b15083b43246c282f561e4bdc58344,
Accela/AccelaIncidents,City of Dayton,City of Dayton GIS,code enforcement,City of Dayton,address/point,"Public — ArcGIS REST API, no auth",live service (verify),ArcGIS MapServer,,1 layers,,,,,,,,https://maps.daytonohio.gov/gisservices/rest/services/Accela/AccelaIncidents/MapServer,https://maps.daytonohio.gov/gisservices/rest/services,
Accela_UPDATES/AccelaIncidents_UPDATE,City of Dayton,City of Dayton GIS,code enforcement,City of Dayton,address/point,"Public — ArcGIS REST API, no auth",live service (verify),ArcGIS MapServer,,1 layers,,,,,,,,https://maps.daytonohio.gov/gisservices/rest/services/Accela_UPDATES/AccelaIncidents_UPDATE/MapServer,https://maps.daytonohio.gov/gisservices/rest/services,
Active Capital Improvement Project Points,City of Dayton,jenny.schulz (City of Dayton GIS / PND),investment/projects,City of Dayton,address/point,"Public — ArcGIS REST API, no auth",live service (verify),"ArcGIS FeatureServer/MapServer; GeoJSON, CSV, Shapefile export",,,2025-03-25,,Y,"Map,Query,Data",,,,https://maps.daytonohio.gov/gisservices/rest/services/CapitalPlanning/Active_Capital_Improvement_Projects/MapServer,https://daytonohio.maps.arcgis.com/home/item.html?id=68f4f0a938854b92b7406e15bd39c35e,Point file used for the public to explore CIP data.
AdaptDayton Community Survey,City of Dayton,Cameron.Goschinski (City of Dayton GIS / PND),,City of Dayton,,"Public — ArcGIS REST API, no auth",live service (verify),"ArcGIS FeatureServer/MapServer; GeoJSON, CSV, Shapefile export",,,2026-03-02,,Y,"Create,Delete,Query,Update,Editing,Extract,Sync",,,,https://services2.arcgis.com/3dDB2Kk6kuA2gIGw/arcgis/rest/services/survey123_b82290ad1bb840a3af7583c18dabc5c0/FeatureServer,https://daytonohio.maps.arcgis.com/home/item.html?id=4b49228b515647b684892a18e8ccd239,
AdaptDayton Community Survey_form,City of Dayton,Cameron.Goschinski (City of Dayton GIS / PND),,City of Dayton,,"Public — ArcGIS REST API, no auth",live service (verify),"ArcGIS FeatureServer/MapServer; GeoJSON, CSV, Shapefile export",,,2026-01-14,,N,"Create,Editing",,,,https://services2.arcgis.com/3dDB2Kk6kuA2gIGw/arcgis/rest/services/survey123_b82290ad1bb840a3af7583c18dabc5c0_form/FeatureServer,https://daytonohio.maps.arcgis.com/home/item.html?id=5ec3fafe370c45b2a8002f04a2b6334a,
AdaptDayton Email,City of Dayton,Cameron.Goschinski (City of Dayton GIS / PND),,City of Dayton,,"Public — ArcGIS REST API, no auth",live service (verify),"ArcGIS FeatureServer/MapServer; GeoJSON, CSV, Shapefile export",,,2026-01-14,,Y,"Create,Delete,Query,Update,Editing,Extract,Sync",,,,https://services2.arcgis.com/3dDB2Kk6kuA2gIGw/arcgis/rest/services/survey123_caff0e6077df419ab2716dbf17853639/FeatureServer,https://daytonohio.maps.arcgis.com/home/item.html?id=682a2cdce9ab4c4a9872a363854b8fe9,
AdaptDayton Email_form,City of Dayton,Cameron.Goschinski (City of Dayton GIS / PND),,City of Dayton,,"Public — ArcGIS REST API, no auth",live service (verify),"ArcGIS FeatureServer/MapServer; GeoJSON, CSV, Shapefile export",,,2026-01-14,,N,"Create,Editing",,,,https://services2.arcgis.com/3dDB2Kk6kuA2gIGw/arcgis/rest/services/survey123_caff0e6077df419ab2716dbf17853639_form/FeatureServer,https://daytonohio.maps.arcgis.com/home/item.html?id=af07d89df43b4e83bf441ec84b8a6ae6,
AdaptDayton Email_results,City of Dayton,Cameron.Goschinski (City of Dayton GIS / PND),,City of Dayton,,"Public — ArcGIS REST API, no auth",live service (verify),"ArcGIS FeatureServer/MapServer; GeoJSON, CSV, Shapefile export",,,2026-01-14,,Y,"Query,Extract",,,,https://services2.arcgis.com/3dDB2Kk6kuA2gIGw/arcgis/rest/services/survey123_caff0e6077df419ab2716dbf17853639_results/FeatureServer,https://daytonohio.maps.arcgis.com/home/item.html?id=ff6f8e034dfd447787d3ed7434b2d54f,
AdaptDayton Feedback,City of Dayton,Cameron.Goschinski (City of Dayton GIS / PND),,City of Dayton,,"Public — ArcGIS REST API, no auth",live service (verify),"ArcGIS FeatureServer/MapServer; GeoJSON, CSV, Shapefile export",,,2026-01-14,,Y,"Create,Delete,Query,Update,Editing,Extract,Sync",,,,https://services2.arcgis.com/3dDB2Kk6kuA2gIGw/arcgis/rest/services/survey123_d0af85021a114611984ad9c0c0917d16/FeatureServer,https://daytonohio.maps.arcgis.com/home/item.html?id=7d80b8be72bf4491a3021c000dca3bd8,
AdaptDayton Feedback_form,City of Dayton,Cameron.Goschinski (City of Dayton GIS / PND),,City of Dayton,,"Public — ArcGIS REST API, no auth",live service (verify),"ArcGIS FeatureServer/MapServer; GeoJSON, CSV, Shapefile export",,,2026-01-14,,N,"Create,Editing",,,,https://services2.arcgis.com/3dDB2Kk6kuA2gIGw/arcgis/rest/services/survey123_d0af85021a114611984ad9c0c0917d16_form/FeatureServer,https://daytonohio.maps.arcgis.com/home/item.html?id=d58bb171c19f428cb746450078614774,
AdaptDayton Feedback_results,City of Dayton,Cameron.Goschinski (City of Dayton GIS / PND),,City of Dayton,,"Public — ArcGIS REST API, no auth",live service (verify),"ArcGIS FeatureServer/MapServer; GeoJSON, CSV, Shapefile export",,,2026-01-14,,Y,"Query,Extract",,,,https://services2.arcgis.com/3dDB2Kk6kuA2gIGw/arcgis/rest/services/survey123_d0af85021a114611984ad9c0c0917d16_results/FeatureServer,https://daytonohio.maps.arcgis.com/home/item.html?id=54d12ea34750432db515d5e3fd073448,
Address -> Parcel Bridge (code enforcement join),City of Dayton,Code for Dayton data team,condition/quality,Montgomery County,parcel,Built from public REST layers; scripts/build_address_bridge.py,,Derived lookup,,,,Y,,,,,,https://maps.daytonohio.gov/gisservices/rest/services/Basemaps/Dayton_Used_Address/MapServer/0,,Accela.ADDRKEY -> UsedAddress.ADDRKEY -> TAXPINNO. 99.97% match. Validated: complaint rate rises monotonically with HCS grade (2.5% vacant lot -> 53% dilapidated). See dictionaries/address-parcel-bridge.md
AddressEdits/BaseAddresses,City of Dayton,City of Dayton GIS,geography/reference,City of Dayton,address/point,"Public — ArcGIS REST API, no auth",live service (verify),ArcGIS FeatureServer,,1 layers,,Y,,,,,,https://maps.daytonohio.gov/gisservices/rest/services/AddressEdits/BaseAddresses/FeatureServer,https://maps.daytonohio.gov/gisservices/rest/services,
AddressEdits/BaseAddresses,City of Dayton,City of Dayton GIS,geography/reference,City of Dayton,address/point,"Public — ArcGIS REST API, no auth",live service (verify),ArcGIS MapServer,,1 layers,,Y,,,,,,https://maps.daytonohio.gov/gisservices/rest/services/AddressEdits/BaseAddresses/MapServer,https://maps.daytonohio.gov/gisservices/rest/services,
AddressEdits/UsedAddressEditor,City of Dayton,City of Dayton GIS,geography/reference,City of Dayton,address/point,"Public — ArcGIS REST API, no auth",live service (verify),ArcGIS FeatureServer,,1 layers,,Y,,,,,,https://maps.daytonohio.gov/gisservices/rest/services/AddressEdits/UsedAddressEditor/FeatureServer,https://maps.daytonohio.gov/gisservices/rest/services,
AddressEdits/UsedAddressEditor,City of Dayton,City of Dayton GIS,geography/reference,City of Dayton,address/point,"Public — ArcGIS REST API, no auth",live service (verify),ArcGIS MapServer,,1 layers,,Y,,,,,,https://maps.daytonohio.gov/gisservices/rest/services/AddressEdits/UsedAddressEditor/MapServer,https://maps.daytonohio.gov/gisservices/rest/services,
AddressTest,City of Dayton,City of Dayton GIS,geography/reference,City of Dayton,address/point,"Public — ArcGIS REST API, no auth",live service (verify),ArcGIS FeatureServer,,1 layers,,Y,,,,,,https://maps.daytonohio.gov/gisservices/rest/services/AddressTest/FeatureServer,https://maps.daytonohio.gov/gisservices/rest/services,
AddressTest,City of Dayton,City of Dayton GIS,geography/reference,City of Dayton,address/point,"Public — ArcGIS REST API, no auth",live service (verify),ArcGIS MapServer,,1 layers,,Y,,,,,,https://maps.daytonohio.gov/gisservices/rest/services/AddressTest/MapServer,https://maps.daytonohio.gov/gisservices/rest/services,
Airport/Aviation,City of Dayton,City of Dayton GIS,,City of Dayton,,"Public — ArcGIS REST API, no auth",live service (verify),ArcGIS MapServer,,71 layers,,,,,,,,https://maps.daytonohio.gov/gisservices/rest/services/Airport/Aviation/MapServer,https://maps.daytonohio.gov/gisservices/rest/services,
All_CRAs,City of Dayton,Cameron.Goschinski (City of Dayton GIS / PND),,City of Dayton,,"Public — ArcGIS REST API, no auth",live service (verify),"ArcGIS FeatureServer/MapServer; GeoJSON, CSV, Shapefile export",,,2026-06-29,,Y,Query,,,,https://services2.arcgis.com/3dDB2Kk6kuA2gIGw/arcgis/rest/services/All_CRAs/FeatureServer,https://daytonohio.maps.arcgis.com/home/item.html?id=78926cb0a01048d3a4fa174e9ca71607,
Alley_Pavement_Inspection,City of Dayton,Richard.Bailey@DaytonOhio.gov (City of Dayton GIS / PND),condition/quality,City of Dayton,,"Public — ArcGIS REST API, no auth",live service (verify),"ArcGIS FeatureServer/MapServer; GeoJSON, CSV, Shapefile export",,0,2024-02-13,,N,Error invoking service,,,,https://utility.arcgis.com/usrsvcs/servers/0c4e1efbc09c477b80e9ef53118538a0/rest/services/PublicWorks/Alley_Pavement_Inspection/MapServer/0,https://daytonohio.maps.arcgis.com/home/item.html?id=0c4e1efbc09c477b80e9ef53118538a0,
Alleys,City of Dayton,Frank.Boateng_DaytonOhio (City of Dayton GIS / PND),,City of Dayton,,"Public — ArcGIS REST API, no auth",live service (verify),"ArcGIS FeatureServer/MapServer; GeoJSON, CSV, Shapefile export",,,2020-03-08,,Y,"Create,Delete,Query,Update,Editing,Sync",,,,https://services2.arcgis.com/3dDB2Kk6kuA2gIGw/arcgis/rest/services/Alleys/FeatureServer,https://daytonohio.maps.arcgis.com/home/item.html?id=bdea656ed18845e9be43f85d413fb593,
Apex_Dayton City Fiber Layout Map_WFL1,City of Dayton,Richard.Bailey@DaytonOhio.gov (City of Dayton GIS / PND),,City of Dayton,jurisdiction/county,"Public — ArcGIS REST API, no auth",live service (verify),"ArcGIS FeatureServer/MapServer; GeoJSON, CSV, Shapefile export",,,2025-06-05,,Y,Query,,,,https://services2.arcgis.com/3dDB2Kk6kuA2gIGw/arcgis/rest/services/Apex_Dayton_City_Fiber_Layout_Map_WFL1/FeatureServer,https://daytonohio.maps.arcgis.com/home/item.html?id=c888b97448644245a2a289f3b3ac1c9d,Converted KML file from Apex
ARPA Category Amounts Table,City of Dayton,Richard.Bailey@DaytonOhio.gov (City of Dayton GIS / PND),investment/projects,City of Dayton,jurisdiction/county,"Public — ArcGIS REST API, no auth",live service (verify),"ArcGIS FeatureServer/MapServer; GeoJSON, CSV, Shapefile export",,,2022-11-14,,Y,Query,,,,https://services2.arcgis.com/3dDB2Kk6kuA2gIGw/arcgis/rest/services/ARPA_Category_Amounts_Table/FeatureServer,https://daytonohio.maps.arcgis.com/home/item.html?id=4e63dc6718394cc2b5e1b2bd14d7946b,Table for dashboards to display ARPA categories (buckets) and dollar amounts
ARPA Curb and Sidewalk Repair_Carillon,City of Dayton,Richard.Bailey@DaytonOhio.gov (City of Dayton GIS / PND),condition/quality,City of Dayton,,"Public — ArcGIS REST API, no auth",live service (verify),"ArcGIS FeatureServer/MapServer; GeoJSON, CSV, Shapefile export",,,2025-09-18,,Y,Query,,,,https://services2.arcgis.com/3dDB2Kk6kuA2gIGw/arcgis/rest/services/ARPA_Curb_and_Sidewalk_Repair_Carillon/FeatureServer,https://daytonohio.maps.arcgis.com/home/item.html?id=39285f9a838146218eab43289be2c948,
ARPA Curb and Sidewalk Repairs,City of Dayton,Richard.Bailey@DaytonOhio.gov (City of Dayton GIS / PND),condition/quality,City of Dayton,,"Public — ArcGIS REST API, no auth",live service (verify),"ArcGIS FeatureServer/MapServer; GeoJSON, CSV, Shapefile export",,,2025-09-18,,Y,Query,,,,https://services2.arcgis.com/3dDB2Kk6kuA2gIGw/arcgis/rest/services/ARPA_Curb_and_Sidewalk_Repairs/FeatureServer,https://daytonohio.maps.arcgis.com/home/item.html?id=9f520558f5af46dd9da48be25c97b960,
ARPA Focus Neighborhoods,City of Dayton,Richard.Bailey@DaytonOhio.gov (City of Dayton GIS / PND),investment/projects,City of Dayton,neighborhood,"Public — ArcGIS REST API, no auth",live service (verify),"ArcGIS FeatureServer/MapServer; GeoJSON, CSV, Shapefile export",,6,2022-09-27,Y,Y,Query,,,,https://services2.arcgis.com/3dDB2Kk6kuA2gIGw/arcgis/rest/services/ARPA_Focus_Neighborhoods/FeatureServer,https://daytonohio.maps.arcgis.com/home/item.html?id=dfc8a12b997c48e68c47647acaf6a850,ARPA Focus Neighborhoods
ARPA Nuisance Parcel Points,City of Dayton,Richard.Bailey@DaytonOhio.gov (City of Dayton GIS / PND),code enforcement,City of Dayton,parcel,"Public — ArcGIS REST API, no auth",live service (verify),"ArcGIS FeatureServer/MapServer; GeoJSON, CSV, Shapefile export",,1259,2022-09-27,Y,Y,Query,,,,https://services2.arcgis.com/3dDB2Kk6kuA2gIGw/arcgis/rest/services/ARPA_Nuisance_Parcel_Points/FeatureServer,https://daytonohio.maps.arcgis.com/home/item.html?id=89b165a2e4eb4aeb94e835700d55a3fc,ARPA Nuisance Parcel Points as of 09/22/2022
ARPA_Community_Application_Points,City of Dayton,Richard.Bailey@DaytonOhio.gov (City of Dayton GIS / PND),investment/projects,City of Dayton,address/point,"Public — ArcGIS REST API, no auth",live service (verify),"ArcGIS FeatureServer/MapServer; GeoJSON, CSV, Shapefile export",,,2021-11-23,,Y,Query,,,,https://services2.arcgis.com/3dDB2Kk6kuA2gIGw/arcgis/rest/services/ARPA_Community_Application_Points/FeatureServer,https://daytonohio.maps.arcgis.com/home/item.html?id=64a0382d6bea41f9ba4927f1dd468533,ARPA Dayton Community Project Application Locations
ARPA_Community_Application_Points_Ranked,City of Dayton,Richard.Bailey@DaytonOhio.gov (City of Dayton GIS / PND),investment/projects,City of Dayton,address/point,"Public — ArcGIS REST API, no auth",live service (verify),"ArcGIS FeatureServer/MapServer; GeoJSON, CSV, Shapefile export",,,2021-11-24,,Y,Query,,,,https://services2.arcgis.com/3dDB2Kk6kuA2gIGw/arcgis/rest/services/ARPA_Community_Application_Points_Ranked/FeatureServer,https://daytonohio.maps.arcgis.com/home/item.html?id=736a6b6854254ac3bb9df69218e9cb3a,ARPA Dayton Community Locations
ARPA_Community_Project_Points,City of Dayton,Richard.Bailey@DaytonOhio.gov (City of Dayton GIS / PND),investment/projects,City of Dayton,address/point,"Public — ArcGIS REST API, no auth",live service (verify),"ArcGIS FeatureServer/MapServer; GeoJSON, CSV, Shapefile export",,,2021-11-15,,Y,Query,,,,https://services2.arcgis.com/3dDB2Kk6kuA2gIGw/arcgis/rest/services/ARPA_Community_Project_Points/FeatureServer,https://daytonohio.maps.arcgis.com/home/item.html?id=16777cabe7fe4888a005eeb5349963f8,ARPA Dayton Community Project Locations
ARPA_Internal_City_Application_Points,City of Dayton,Richard.Bailey@DaytonOhio.gov (City of Dayton GIS / PND),investment/projects,City of Dayton,address/point,"Public — ArcGIS REST API, no auth",live service (verify),"ArcGIS FeatureServer/MapServer; GeoJSON, CSV, Shapefile export",,,2021-11-23,,Y,Query,,,,https://services2.arcgis.com/3dDB2Kk6kuA2gIGw/arcgis/rest/services/ARPA_Internal_City_Application_Points/FeatureServer,https://daytonohio.maps.arcgis.com/home/item.html?id=fd0ee1d87c7e454588e75d5014d7c1bc,ARPA Dayton Community Project Locations
ARPA_Internal_Project_Points_Ranked,City of Dayton,Richard.Bailey@DaytonOhio.gov (City of Dayton GIS / PND),investment/projects,City of Dayton,address/point,"Public — ArcGIS REST API, no auth",live service (verify),"ArcGIS FeatureServer/MapServer; GeoJSON, CSV, Shapefile export",,,2021-11-24,,Y,Query,,,,https://services2.arcgis.com/3dDB2Kk6kuA2gIGw/arcgis/rest/services/ARPA_Internal_Project_Points_Ranked/FeatureServer,https://daytonohio.maps.arcgis.com/home/item.html?id=ba515390f2b140a2ab9018e7b5f48032,ARPA Dayton Internal Project Locations
ARPA_Small_Business_Application_Points_Ranked,City of Dayton,Richard.Bailey@DaytonOhio.gov (City of Dayton GIS / PND),investment/projects,City of Dayton,address/point,"Public — ArcGIS REST API, no auth",live service (verify),"ArcGIS FeatureServer/MapServer; GeoJSON, CSV, Shapefile export",,,2021-11-24,,Y,Query,,,,https://services2.arcgis.com/3dDB2Kk6kuA2gIGw/arcgis/rest/services/ARPA_Small_Business_Application_Points_Ranked/FeatureServer,https://daytonohio.maps.arcgis.com/home/item.html?id=6403b5de1bd047408f3570d1453d6495,ARPA Dayton Small Business Project Locations
ARPA_Targeted_Geography,City of Dayton,Richard.Bailey@DaytonOhio.gov (City of Dayton GIS / PND),investment/projects,City of Dayton,,"Public — ArcGIS REST API, no auth",live service (verify),"ArcGIS FeatureServer/MapServer; GeoJSON, CSV, Shapefile export",,,2022-09-26,,Y,Query,,,,https://services2.arcgis.com/3dDB2Kk6kuA2gIGw/arcgis/rest/services/ARPA_Targeted_Geography/FeatureServer,https://daytonohio.maps.arcgis.com/home/item.html?id=c11ea7fea7d64a728b7c3e2d5f63476e,ARPA Targeted Areas
Arrest Dashboard,City of Dayton,Matthew.Muhlenkamp (City of Dayton GIS / PND),public safety,City of Dayton,address/point,"Public — ArcGIS REST API, no auth",live service (verify),"ArcGIS FeatureServer/MapServer; GeoJSON, CSV, Shapefile export",,,2020-09-15,,N,"Map,Query,Data",,,,https://maps.daytonohio.gov/gisservices/rest/services/Police/ArrestDashboard/MapServer,https://daytonohio.maps.arcgis.com/home/item.html?id=3272e50446344452a375c58609aeb337,
Arrests OpenData,City of Dayton,Richard.Bailey@DaytonOhio.gov (City of Dayton GIS / PND),public safety,City of Dayton,address/point,"Public — ArcGIS REST API, no auth",live service (verify),"ArcGIS FeatureServer/MapServer; GeoJSON, CSV, Shapefile export",,,2020-10-14,,Y,"Map,Query,Data",,,,https://maps.daytonohio.gov/gisservices/rest/services/OpenData/Arrests_OpenData/MapServer,https://daytonohio.maps.arcgis.com/home/item.html?id=eb2df5e5856c4428ab4e235c21badae4,Dayton Police Arrest Data for Transparency Dashboards
Arrests_Greater2016,City of Dayton,GIS-Scripts (City of Dayton GIS / PND),public safety,City of Dayton,address/point,"Public — ArcGIS REST API, no auth",live service (verify),"ArcGIS FeatureServer/MapServer; GeoJSON, CSV, Shapefile export",,,2026-08-01,,Y,"Query,Extract",,,,https://services2.arcgis.com/3dDB2Kk6kuA2gIGw/arcgis/rest/services/Arrests_Greater2016/FeatureServer,https://daytonohio.maps.arcgis.com/home/item.html?id=79b6331e145b4bbbafe16c5d2e5ef509,
Arrests_Greater2016_TYPE,City of Dayton,GIS-Scripts (City of Dayton GIS / PND),public safety,City of Dayton,address/point,"Public — ArcGIS REST API, no auth",live service (verify),"ArcGIS FeatureServer/MapServer; GeoJSON, CSV, Shapefile export",,,2026-08-01,,Y,"Query,Extract",,,,https://services2.arcgis.com/3dDB2Kk6kuA2gIGw/arcgis/rest/services/Arrests_Greater2016_TYPE/FeatureServer,https://daytonohio.maps.arcgis.com/home/item.html?id=8d0d40e7577f4888b08ae857c76aee85,Arrests - Greater 2016
Arrests_OpenData_HOSTED,City of Dayton,GIS-Scripts (City of Dayton GIS / PND),public safety,City of Dayton,address/point,"Public — ArcGIS REST API, no auth",live service (verify),"ArcGIS FeatureServer/MapServer; GeoJSON, CSV, Shapefile export",,,2026-08-01,,Y,"Query,Extract",,,,https://services2.arcgis.com/3dDB2Kk6kuA2gIGw/arcgis/rest/services/Arrests_OpenData_HOSTED/FeatureServer,https://daytonohio.maps.arcgis.com/home/item.html?id=859c294f8b314483bf2a6db1953deb80,Open Data - Arrests
AsBuiltProcessManagement/As_Built_Process_Management,City of Dayton,City of Dayton GIS,,City of Dayton,,"Public — ArcGIS REST API, no auth",live service (verify),ArcGIS FeatureServer,,7 layers,,,,,,,,https://maps.daytonohio.gov/gisservices/rest/services/AsBuiltProcessManagement/As_Built_Process_Management/FeatureServer,https://maps.daytonohio.gov/gisservices/rest/services,
AsBuiltProcessManagement/As_Built_Process_Management,City of Dayton,City of Dayton GIS,,City of Dayton,,"Public — ArcGIS REST API, no auth",live service (verify),ArcGIS MapServer,,7 layers,,,,,,,,https://maps.daytonohio.gov/gisservices/rest/services/AsBuiltProcessManagement/As_Built_Process_Management/MapServer,https://maps.daytonohio.gov/gisservices/rest/services,
AsBuiltProcessManagement/AsBuilt_Process_Management_ReferenceLayers,City of Dayton,City of Dayton GIS,,City of Dayton,,"Public — ArcGIS REST API, no auth",live service (verify),ArcGIS MapServer,,34 layers,,,,,,,,https://maps.daytonohio.gov/gisservices/rest/services/AsBuiltProcessManagement/AsBuilt_Process_Management_ReferenceLayers/MapServer,https://maps.daytonohio.gov/gisservices/rest/services,
AT Round 2_WFL1,City of Dayton,Jennifer.Hanauer (City of Dayton GIS / PND),zoning/land use,City of Dayton,,"Public — ArcGIS REST API, no auth",live service (verify),"ArcGIS FeatureServer/MapServer; GeoJSON, CSV, Shapefile export",,,2023-01-17,,Y,Query,,,,https://services2.arcgis.com/3dDB2Kk6kuA2gIGw/arcgis/rest/services/AT_Round_2_WFL1/FeatureServer,https://daytonohio.maps.arcgis.com/home/item.html?id=a0bec2accb6b4666aa5e23076dc33e03,"Contains all existing, planned, and funded bike routes."
AT Round 3_WFL1,City of Dayton,Jennifer.Hanauer (City of Dayton GIS / PND),zoning/land use,City of Dayton,,"Public — ArcGIS REST API, no auth",live service (verify),"ArcGIS FeatureServer/MapServer; GeoJSON, CSV, Shapefile export",,,2023-01-17,,Y,Query,,,,https://services2.arcgis.com/3dDB2Kk6kuA2gIGw/arcgis/rest/services/AT_Round_3_WFL1/FeatureServer,https://daytonohio.maps.arcgis.com/home/item.html?id=8c5692ac97114e9eaa2a50623ba130d3,"Contains all existing, planned, and funded bike routes."
Banner OPERATING STATE PERIOD VW-Mowing 2024 Budget Chart,City of Dayton,Richard.Bailey@DaytonOhio.gov (City of Dayton GIS / PND),vacancy,City of Dayton,,"Public — ArcGIS REST API, no auth",live service (verify),"ArcGIS FeatureServer/MapServer; GeoJSON, CSV, Shapefile export",,,2024-08-12,,N,"Map,Query,Data",,,,https://maps.daytonohio.gov/gisservices/rest/services/PublicWorks/BannerData/MapServer/3,https://daytonohio.maps.arcgis.com/home/item.html?id=3a0354c5d5444c2ea7a24b5fd4158016,
Banner OPERATING STATE PERIOD VW-Mowing 2024 budget Indicator,City of Dayton,Richard.Bailey@DaytonOhio.gov (City of Dayton GIS / PND),vacancy,City of Dayton,,"Public — ArcGIS REST API, no auth",live service (verify),"ArcGIS FeatureServer/MapServer; GeoJSON, CSV, Shapefile export",,,2024-08-12,,N,"Map,Query,Data",,,,https://maps.daytonohio.gov/gisservices/rest/services/PublicWorks/BannerData/MapServer/3,https://daytonohio.maps.arcgis.com/home/item.html?id=17e4826626a445bcacfb95326db2ac9e,
Banner OPERATING STATE PERIOD VW-Mowing 2025 Budget Chart,City of Dayton,Richard.Bailey@DaytonOhio.gov (City of Dayton GIS / PND),vacancy,City of Dayton,,"Public — ArcGIS REST API, no auth",live service (verify),"ArcGIS FeatureServer/MapServer; GeoJSON, CSV, Shapefile export",,,2025-06-10,,N,"Map,Query,Data",,,,https://maps.daytonohio.gov/gisservices/rest/services/PublicWorks/BannerData/MapServer/3,https://daytonohio.maps.arcgis.com/home/item.html?id=ae085b5e50a2469ea0a03db912341429,
Banner OPERATING STATE PERIOD VW-Mowing 2025 budget Indicator,City of Dayton,Richard.Bailey@DaytonOhio.gov (City of Dayton GIS / PND),vacancy,City of Dayton,,"Public — ArcGIS REST API, no auth",live service (verify),"ArcGIS FeatureServer/MapServer; GeoJSON, CSV, Shapefile export",,,2025-06-10,,N,"Map,Query,Data",,,,https://maps.daytonohio.gov/gisservices/rest/services/PublicWorks/BannerData/MapServer/3,https://daytonohio.maps.arcgis.com/home/item.html?id=e9a2075fadc24112b47becfe57025636,
Banner OPERATING STATE PERIOD VW-Parks 2024 Budget Chart,City of Dayton,Richard.Bailey@DaytonOhio.gov (City of Dayton GIS / PND),,City of Dayton,,"Public — ArcGIS REST API, no auth",live service (verify),"ArcGIS FeatureServer/MapServer; GeoJSON, CSV, Shapefile export",,,2024-08-09,,N,"Map,Query,Data",,,,https://maps.daytonohio.gov/gisservices/rest/services/PublicWorks/BannerData/MapServer/3,https://daytonohio.maps.arcgis.com/home/item.html?id=09263910ee354478bd8da17da9ebfead,
Banner OPERATING STATE PERIOD VW-Parks 2024 Budget Indicator,City of Dayton,Richard.Bailey@DaytonOhio.gov (City of Dayton GIS / PND),,City of Dayton,,"Public — ArcGIS REST API, no auth",live service (verify),"ArcGIS FeatureServer/MapServer; GeoJSON, CSV, Shapefile export",,,2025-06-10,,N,"Map,Query,Data",,,,https://maps.daytonohio.gov/gisservices/rest/services/PublicWorks/BannerData/MapServer/3,https://daytonohio.maps.arcgis.com/home/item.html?id=981064618da84bce85deeb52dd372af8,
Banner OPERATING STATE PERIOD VW-Parks 2025 Budget Chart,City of Dayton,Richard.Bailey@DaytonOhio.gov (City of Dayton GIS / PND),,City of Dayton,,"Public — ArcGIS REST API, no auth",live service (verify),"ArcGIS FeatureServer/MapServer; GeoJSON, CSV, Shapefile export",,,2025-06-10,,N,"Map,Query,Data",,,,https://maps.daytonohio.gov/gisservices/rest/services/PublicWorks/BannerData/MapServer/3,https://daytonohio.maps.arcgis.com/home/item.html?id=ac8331b68da847c2a8401c9cd85c7276,
Banner OPERATING STATE PERIOD VW-Parks 2025 Budget Indicator,City of Dayton,Richard.Bailey@DaytonOhio.gov (City of Dayton GIS / PND),,City of Dayton,,"Public — ArcGIS REST API, no auth",live service (verify),"ArcGIS FeatureServer/MapServer; GeoJSON, CSV, Shapefile export",,,2025-06-10,,N,"Map,Query,Data",,,,https://maps.daytonohio.gov/gisservices/rest/services/PublicWorks/BannerData/MapServer/3,https://daytonohio.maps.arcgis.com/home/item.html?id=62518729a4c441d7bebc5c25d9a3d19f,
Banner OPERATING STATE PERIOD VW-Parks Filter,City of Dayton,Richard.Bailey@DaytonOhio.gov (City of Dayton GIS / PND),,City of Dayton,,"Public — ArcGIS REST API, no auth",live service (verify),"ArcGIS FeatureServer/MapServer; GeoJSON, CSV, Shapefile export",,,2024-08-09,,N,"Map,Query,Data",,,,https://maps.daytonohio.gov/gisservices/rest/services/PublicWorks/BannerData/MapServer/3,https://daytonohio.maps.arcgis.com/home/item.html?id=705d671963e34b1a93b225078e3db1ff,
Banner OPERATING STATE PERIOD VW-Parks Filter-2023,City of Dayton,Richard.Bailey@DaytonOhio.gov (City of Dayton GIS / PND),,City of Dayton,,"Public — ArcGIS REST API, no auth",live service (verify),"ArcGIS FeatureServer/MapServer; GeoJSON, CSV, Shapefile export",,,2025-06-10,,N,"Map,Query,Data",,,,https://maps.daytonohio.gov/gisservices/rest/services/PublicWorks/BannerData/MapServer/3,https://daytonohio.maps.arcgis.com/home/item.html?id=2656a9ac6a4242629201694bb290d4af,
Banner OPERATING STATE PERIOD VW-Parks Filter_2,City of Dayton,Richard.Bailey@DaytonOhio.gov (City of Dayton GIS / PND),,City of Dayton,,"Public — ArcGIS REST API, no auth",live service (verify),"ArcGIS FeatureServer/MapServer; GeoJSON, CSV, Shapefile export",,,2025-06-10,,N,"Map,Query,Data",,,,https://maps.daytonohio.gov/gisservices/rest/services/PublicWorks/BannerData/MapServer/3,https://daytonohio.maps.arcgis.com/home/item.html?id=b8b005b6664a4bd5b548eaf37a19fb7e,
Banner OPERATING STATE PERIOD VW-Paving 2024 Budget Chart,City of Dayton,Richard.Bailey@DaytonOhio.gov (City of Dayton GIS / PND),,City of Dayton,,"Public — ArcGIS REST API, no auth",live service (verify),"ArcGIS FeatureServer/MapServer; GeoJSON, CSV, Shapefile export",,,2024-08-12,,N,"Map,Query,Data",,,,https://maps.daytonohio.gov/gisservices/rest/services/PublicWorks/BannerData/MapServer/3,https://daytonohio.maps.arcgis.com/home/item.html?id=a71e5c710e1b4c48898ea92dfc37d248,
Banner OPERATING STATE PERIOD VW-Paving 2024 Budget Indicator,City of Dayton,Richard.Bailey@DaytonOhio.gov (City of Dayton GIS / PND),,City of Dayton,,"Public — ArcGIS REST API, no auth",live service (verify),"ArcGIS FeatureServer/MapServer; GeoJSON, CSV, Shapefile export",,,2024-08-22,,N,"Map,Query,Data",,,,https://maps.daytonohio.gov/gisservices/rest/services/PublicWorks/BannerData/MapServer/3,https://daytonohio.maps.arcgis.com/home/item.html?id=31c36f2dca5048e1a7f87d34fd13c957,
Banner OPERATING STATE PERIOD VW-Paving 2025 Budget Chart,City of Dayton,Richard.Bailey@DaytonOhio.gov (City of Dayton GIS / PND),,City of Dayton,,"Public — ArcGIS REST API, no auth",live service (verify),"ArcGIS FeatureServer/MapServer; GeoJSON, CSV, Shapefile export",,,2025-06-10,,N,"Map,Query,Data",,,,https://maps.daytonohio.gov/gisservices/rest/services/PublicWorks/BannerData/MapServer/3,https://daytonohio.maps.arcgis.com/home/item.html?id=be4669d847a64ab8aee2fd929944d64d,
Banner OPERATING STATE PERIOD VW-Paving 2025 Budget Indicator,City of Dayton,Richard.Bailey@DaytonOhio.gov (City of Dayton GIS / PND),,City of Dayton,,"Public — ArcGIS REST API, no auth",live service (verify),"ArcGIS FeatureServer/MapServer; GeoJSON, CSV, Shapefile export",,,2025-06-10,,N,"Map,Query,Data",,,,https://maps.daytonohio.gov/gisservices/rest/services/PublicWorks/BannerData/MapServer/3,https://daytonohio.maps.arcgis.com/home/item.html?id=c0b7fc2cf8fe40bb842fc15178579b76,
Banner OPERATING STATE PERIOD VW-Preschool 2024 Budget Committed,City of Dayton,Richard.Bailey@DaytonOhio.gov (City of Dayton GIS / PND),,City of Dayton,,"Public — ArcGIS REST API, no auth",live service (verify),"ArcGIS FeatureServer/MapServer; GeoJSON, CSV, Shapefile export",,,2024-08-21,,N,"Map,Query,Data",,,,https://maps.daytonohio.gov/gisservices/rest/services/PublicWorks/BannerData/MapServer/3,https://daytonohio.maps.arcgis.com/home/item.html?id=bed3a7d4b734428faecfd6dc4c77d6c3,
Banner OPERATING STATE PERIOD VW-Preschool 2024 Budget Uncommitted,City of Dayton,Richard.Bailey@DaytonOhio.gov (City of Dayton GIS / PND),,City of Dayton,,"Public — ArcGIS REST API, no auth",live service (verify),"ArcGIS FeatureServer/MapServer; GeoJSON, CSV, Shapefile export",,,2024-08-12,,N,"Map,Query,Data",,,,https://maps.daytonohio.gov/gisservices/rest/services/PublicWorks/BannerData/MapServer/3,https://daytonohio.maps.arcgis.com/home/item.html?id=cec9d8ef1c8d4f3689cb6b6a0a90bc84,
Banner OPERATING STATE PERIOD VW-Preschool 2025 Budget Committed,City of Dayton,Richard.Bailey@DaytonOhio.gov (City of Dayton GIS / PND),,City of Dayton,,"Public — ArcGIS REST API, no auth",live service (verify),"ArcGIS FeatureServer/MapServer; GeoJSON, CSV, Shapefile export",,,2025-06-10,,N,"Map,Query,Data",,,,https://maps.daytonohio.gov/gisservices/rest/services/PublicWorks/BannerData/MapServer/3,https://daytonohio.maps.arcgis.com/home/item.html?id=798950780b8f40e9a1bf49c9ca1bf45d,
Banner OPERATING STATE PERIOD VW-Preschool 2025 Budget Uncommitted,City of Dayton,Richard.Bailey@DaytonOhio.gov (City of Dayton GIS / PND),,City of Dayton,,"Public — ArcGIS REST API, no auth",live service (verify),"ArcGIS FeatureServer/MapServer; GeoJSON, CSV, Shapefile export",,,2025-06-10,,N,"Map,Query,Data",,,,https://maps.daytonohio.gov/gisservices/rest/services/PublicWorks/BannerData/MapServer/3,https://daytonohio.maps.arcgis.com/home/item.html?id=e1beb3be95164ec28d5d3e1ab6545bef,
Banner OPERATING STATE PERIOD VW-Total 2024 Budget Chart,City of Dayton,Richard.Bailey@DaytonOhio.gov (City of Dayton GIS / PND),,City of Dayton,,"Public — ArcGIS REST API, no auth",live service (verify),"ArcGIS FeatureServer/MapServer; GeoJSON, CSV, Shapefile export",,,2024-08-12,,N,"Map,Query,Data",,,,https://maps.daytonohio.gov/gisservices/rest/services/PublicWorks/BannerData/MapServer/3,https://daytonohio.maps.arcgis.com/home/item.html?id=1e1c25c61bfd41c9b9b025fa69594cd5,
Banner OPERATING STATE PERIOD VW-Total 2025 Budget Chart,City of Dayton,Richard.Bailey@DaytonOhio.gov (City of Dayton GIS / PND),,City of Dayton,,"Public — ArcGIS REST API, no auth",live service (verify),"ArcGIS FeatureServer/MapServer; GeoJSON, CSV, Shapefile export",,,2025-06-10,,N,"Map,Query,Data",,,,https://maps.daytonohio.gov/gisservices/rest/services/PublicWorks/BannerData/MapServer/3,https://daytonohio.maps.arcgis.com/home/item.html?id=485ed7a175a74617ab713eb1e8c3c21e,
Banner_OPERATING_STATE_PERIOD_View,City of Dayton,Richard.Bailey@DaytonOhio.gov (City of Dayton GIS / PND),,City of Dayton,,"Public — ArcGIS REST API, no auth",live service (verify),"ArcGIS FeatureServer/MapServer; GeoJSON, CSV, Shapefile export",,,2024-08-09,,N,"Map,Query,Data",,,,https://maps.daytonohio.gov/gisservices/rest/services/PublicWorks/BannerData/MapServer/3,https://daytonohio.maps.arcgis.com/home/item.html?id=0bc600b29a3a427d9d7b084f11440bf2,
Banner_OPERATING_STATE_YEAR_View,City of Dayton,Richard.Bailey@DaytonOhio.gov (City of Dayton GIS / PND),,City of Dayton,,"Public — ArcGIS REST API, no auth",live service (verify),"ArcGIS FeatureServer/MapServer; GeoJSON, CSV, Shapefile export",,,2024-08-09,,N,"Map,Query,Data",,,,https://maps.daytonohio.gov/gisservices/rest/services/PublicWorks/BannerData/MapServer/3,https://daytonohio.maps.arcgis.com/home/item.html?id=ee089634cc7243a1a357c5f23452ea4f,
Base/CensusTracts,City of Dayton,City of Dayton GIS,demographics,City of Dayton,tract,"Public — ArcGIS REST API, no auth",live service (verify),ArcGIS MapServer,,1 layers,,,,,,,,https://maps.daytonohio.gov/gisservices/rest/services/Base/CensusTracts/MapServer,https://maps.daytonohio.gov/gisservices/rest/services,
Base/Dayton_Corporation_Boundary,City of Dayton,City of Dayton GIS,geography/reference,City of Dayton,,"Public — ArcGIS REST API, no auth",live service (verify),ArcGIS MapServer,,1 layers,,,,,,,,https://maps.daytonohio.gov/gisservices/rest/services/Base/Dayton_Corporation_Boundary/MapServer,https://maps.daytonohio.gov/gisservices/rest/services,
Base/Dayton_Neighborhoods,City of Dayton,City of Dayton GIS,geography/reference,City of Dayton,neighborhood,"Public — ArcGIS REST API, no auth",live service (verify),ArcGIS MapServer,,2 layers,,Y,,,,,,https://maps.daytonohio.gov/gisservices/rest/services/Base/Dayton_Neighborhoods/MapServer,https://maps.daytonohio.gov/gisservices/rest/services,A map with city of Dayton neighborhoods and their labels
Base/DaytonParcels,City of Dayton,City of Dayton GIS,ownership/transfers,City of Dayton,parcel,"Public — ArcGIS REST API, no auth",live service (verify),ArcGIS MapServer,,1 layers,,Y,,,,,,https://maps.daytonohio.gov/gisservices/rest/services/Base/DaytonParcels/MapServer,https://maps.daytonohio.gov/gisservices/rest/services,
Base/Neighborhoods,City of Dayton,City of Dayton GIS,geography/reference,City of Dayton,neighborhood,"Public — ArcGIS REST API, no auth",live service (verify),ArcGIS MapServer,,1 layers,,Y,,,,,,https://maps.daytonohio.gov/gisservices/rest/services/Base/Neighborhoods/MapServer,https://maps.daytonohio.gov/gisservices/rest/services,
Basemap/2013OrthoCache,City of Dayton,City of Dayton GIS,geography/reference,City of Dayton,,"Public — ArcGIS REST API, no auth",live service (verify),ArcGIS MapServer,,0 layers,,,,,,,,https://maps.daytonohio.gov/gisservices/rest/services/Basemap/2013OrthoCache/MapServer,https://maps.daytonohio.gov/gisservices/rest/services,
Basemap/2016OrthoCache,City of Dayton,City of Dayton GIS,geography/reference,City of Dayton,,"Public — ArcGIS REST API, no auth",live service (verify),ArcGIS MapServer,,0 layers,,,,,,,,https://maps.daytonohio.gov/gisservices/rest/services/Basemap/2016OrthoCache/MapServer,https://maps.daytonohio.gov/gisservices/rest/services,
Basemap/2019OrthoImagery,City of Dayton,City of Dayton GIS,geography/reference,City of Dayton,,"Public — ArcGIS REST API, no auth",live service (verify),ArcGIS MapServer,,1 layers,,,,,,,,https://maps.daytonohio.gov/gisservices/rest/services/Basemap/2019OrthoImagery/MapServer,https://maps.daytonohio.gov/gisservices/rest/services,
Basemap/2022OrthoCache,City of Dayton,City of Dayton GIS,geography/reference,City of Dayton,,"Public — ArcGIS REST API, no auth",live service (verify),ArcGIS MapServer,,0 layers,,,,,,,,https://maps.daytonohio.gov/gisservices/rest/services/Basemap/2022OrthoCache/MapServer,https://maps.daytonohio.gov/gisservices/rest/services,Web Service
Basemap/Fall2024Ortho_Greg,City of Dayton,City of Dayton GIS,geography/reference,City of Dayton,,"Public — ArcGIS REST API, no auth",live service (verify),ArcGIS MapServer,,0 layers,,,,,,,,https://maps.daytonohio.gov/gisservices/rest/services/Basemap/Fall2024Ortho_Greg/MapServer,https://maps.daytonohio.gov/gisservices/rest/services,
Basemap/Fall2024OrthoCache,City of Dayton,City of Dayton GIS,geography/reference,City of Dayton,,"Public — ArcGIS REST API, no auth",live service (verify),ArcGIS MapServer,,0 layers,,,,,,,,https://maps.daytonohio.gov/gisservices/rest/services/Basemap/Fall2024OrthoCache/MapServer,https://maps.daytonohio.gov/gisservices/rest/services,
Basemap/June6_2019_Tornado,City of Dayton,City of Dayton GIS,geography/reference,City of Dayton,,"Public — ArcGIS REST API, no auth",live service (verify),ArcGIS MapServer,,0 layers,,,,,,,,https://maps.daytonohio.gov/gisservices/rest/services/Basemap/June6_2019_Tornado/MapServer,https://maps.daytonohio.gov/gisservices/rest/services,
Basemaps/Atlas_Grid,City of Dayton,City of Dayton GIS,geography/reference,City of Dayton,,"Public — ArcGIS REST API, no auth",live service (verify),ArcGIS MapServer,,2 layers,,,,,,,,https://maps.daytonohio.gov/gisservices/rest/services/Basemaps/Atlas_Grid/MapServer,https://maps.daytonohio.gov/gisservices/rest/services,
Basemaps/Dayton_Used_Address,City of Dayton,City of Dayton GIS,geography/reference,City of Dayton,address/point,"Public — ArcGIS REST API, no auth",live service (verify),ArcGIS MapServer,,1 layers,,Y,,,,,,https://maps.daytonohio.gov/gisservices/rest/services/Basemaps/Dayton_Used_Address/MapServer,https://maps.daytonohio.gov/gisservices/rest/services,
Basemaps/DaytonBasemap_AVL103_1,City of Dayton,City of Dayton GIS,geography/reference,City of Dayton,,"Public — ArcGIS REST API, no auth",live service (verify),ArcGIS MapServer,,9 layers,,,,,,,,https://maps.daytonohio.gov/gisservices/rest/services/Basemaps/DaytonBasemap_AVL103_1/MapServer,https://maps.daytonohio.gov/gisservices/rest/services,
Basemaps/DaytonBasemap_AVL_MapService103_1,City of Dayton,City of Dayton GIS,geography/reference,City of Dayton,,"Public — ArcGIS REST API, no auth",live service (verify),ArcGIS MapServer,,0 layers,,,,,,,,https://maps.daytonohio.gov/gisservices/rest/services/Basemaps/DaytonBasemap_AVL_MapService103_1/MapServer,https://maps.daytonohio.gov/gisservices/rest/services,
Basemaps/DaytonBasemap_AVL_wtrsitegis,City of Dayton,City of Dayton GIS,geography/reference,City of Dayton,,"Public — ArcGIS REST API, no auth",live service (verify),ArcGIS MapServer,,9 layers,,,,,,,,https://maps.daytonohio.gov/gisservices/rest/services/Basemaps/DaytonBasemap_AVL_wtrsitegis/MapServer,https://maps.daytonohio.gov/gisservices/rest/services,
Basemaps/DaytonBasemap_MC,City of Dayton,City of Dayton GIS,geography/reference,City of Dayton,,"Public — ArcGIS REST API, no auth",live service (verify),ArcGIS MapServer,,2 layers,,,,,,,,https://maps.daytonohio.gov/gisservices/rest/services/Basemaps/DaytonBasemap_MC/MapServer,https://maps.daytonohio.gov/gisservices/rest/services,
Basemaps/DaytonBasemap_MC_All_Ft,City of Dayton,City of Dayton GIS,geography/reference,City of Dayton,,"Public — ArcGIS REST API, no auth",live service (verify),ArcGIS MapServer,,2 layers,,,,,,,,https://maps.daytonohio.gov/gisservices/rest/services/Basemaps/DaytonBasemap_MC_All_Ft/MapServer,https://maps.daytonohio.gov/gisservices/rest/services,
Basemaps/DaytonBasemap_MC_FT_All,City of Dayton,City of Dayton GIS,geography/reference,City of Dayton,,"Public — ArcGIS REST API, no auth",live service (verify),ArcGIS MapServer,,2 layers,,,,,,,,https://maps.daytonohio.gov/gisservices/rest/services/Basemaps/DaytonBasemap_MC_FT_All/MapServer,https://maps.daytonohio.gov/gisservices/rest/services,
Basemaps/DaytonBasemap_MC_Hansen,City of Dayton,City of Dayton GIS,geography/reference,City of Dayton,,"Public — ArcGIS REST API, no auth",live service (verify),ArcGIS MapServer,,0 layers,,,,,,,,https://maps.daytonohio.gov/gisservices/rest/services/Basemaps/DaytonBasemap_MC_Hansen/MapServer,https://maps.daytonohio.gov/gisservices/rest/services,
Basemaps/DaytonBasemap_MC_StreetLabels,City of Dayton,City of Dayton GIS,geography/reference,City of Dayton,,"Public — ArcGIS REST API, no auth",live service (verify),ArcGIS MapServer,,2 layers,,,,,,,,https://maps.daytonohio.gov/gisservices/rest/services/Basemaps/DaytonBasemap_MC_StreetLabels/MapServer,https://maps.daytonohio.gov/gisservices/rest/services,
Basemaps/DaytonBasemap_MC_Streets,City of Dayton,City of Dayton GIS,geography/reference,City of Dayton,,"Public — ArcGIS REST API, no auth",live service (verify),ArcGIS MapServer,,2 layers,,,,,,,,https://maps.daytonohio.gov/gisservices/rest/services/Basemaps/DaytonBasemap_MC_Streets/MapServer,https://maps.daytonohio.gov/gisservices/rest/services,
Basemaps/DaytonParcels_NoAttachments,City of Dayton,City of Dayton GIS,ownership/transfers,City of Dayton,parcel,"Public — ArcGIS REST API, no auth",live service (verify),ArcGIS MapServer,,1 layers,,Y,,,,,,https://maps.daytonohio.gov/gisservices/rest/services/Basemaps/DaytonParcels_NoAttachments/MapServer,https://maps.daytonohio.gov/gisservices/rest/services,
Basemaps/Landbase,City of Dayton,City of Dayton GIS,geography/reference,City of Dayton,,"Public — ArcGIS REST API, no auth",live service (verify),ArcGIS MapServer,,0 layers,,,,,,,,https://maps.daytonohio.gov/gisservices/rest/services/Basemaps/Landbase/MapServer,https://maps.daytonohio.gov/gisservices/rest/services,
Basemaps_105_1/DaytonBasemap_Accela,City of Dayton,City of Dayton GIS,code enforcement,City of Dayton,,"Public — ArcGIS REST API, no auth",live service (verify),ArcGIS MapServer,,2 layers,,,,,,,,https://maps.daytonohio.gov/gisservices/rest/services/Basemaps_105_1/DaytonBasemap_Accela/MapServer,https://maps.daytonohio.gov/gisservices/rest/services,
Basemaps_105_1/DaytonBasemap_Hansen,City of Dayton,City of Dayton GIS,geography/reference,City of Dayton,,"Public — ArcGIS REST API, no auth",live service (verify),ArcGIS MapServer,,80 layers,,,,,,,,https://maps.daytonohio.gov/gisservices/rest/services/Basemaps_105_1/DaytonBasemap_Hansen/MapServer,https://maps.daytonohio.gov/gisservices/rest/services,
Basemaps_105_1/DaytonBasemap_MC,City of Dayton,City of Dayton GIS,geography/reference,City of Dayton,,"Public — ArcGIS REST API, no auth",live service (verify),ArcGIS MapServer,,2 layers,,,,,,,,https://maps.daytonohio.gov/gisservices/rest/services/Basemaps_105_1/DaytonBasemap_MC/MapServer,https://maps.daytonohio.gov/gisservices/rest/services,
BeavercreekTrainingProjects2025_HH,City of Dayton,holly.hornbeak_daytonohio (City of Dayton GIS / PND),investment/projects,City of Dayton,,"Public — ArcGIS REST API, no auth",live service (verify),"ArcGIS FeatureServer/MapServer; GeoJSON, CSV, Shapefile export",,,2025-09-11,,Y,Query,,,,https://services.arcgis.com/3TIUdMHOqnLBrZEH/arcgis/rest/services/BeavercreekTrainingProjects2025XX/FeatureServer,https://daytonohio.maps.arcgis.com/home/item.html?id=d31bbc83e7394bd8b2292ca09501b5d4,shapefile for AGOL basics exercises
BeavercreekTrainingProjects2025_Holly,City of Dayton,holly.hornbeak_daytonohio (City of Dayton GIS / PND),investment/projects,City of Dayton,,"Public — ArcGIS REST API, no auth",live service (verify),"ArcGIS FeatureServer/MapServer; GeoJSON, CSV, Shapefile export",,,2025-09-11,,Y,"Create,Delete,Query,Update,Editing,Extract",,,,https://services.arcgis.com/3TIUdMHOqnLBrZEH/arcgis/rest/services/BeavercreekTrainingProjects2025_KYP/FeatureServer,https://daytonohio.maps.arcgis.com/home/item.html?id=8f063be56b7943ceac46052428eab602,
Bidding Request Form_form,City of Dayton,Frank.Boateng_DaytonOhio (City of Dayton GIS / PND),,City of Dayton,address/point,"Public — ArcGIS REST API, no auth",live service (verify),"ArcGIS FeatureServer/MapServer; GeoJSON, CSV, Shapefile export",,,2023-06-29,,N,"Create,Editing",,,,https://services2.arcgis.com/3dDB2Kk6kuA2gIGw/arcgis/rest/services/survey123_d7fd9c04b99c40328b36537b01948a87_form/FeatureServer,https://daytonohio.maps.arcgis.com/home/item.html?id=e1fb5ee956d5443f91df72f571a1d097,
Bridges,City of Dayton,Frank.Boateng_DaytonOhio (City of Dayton GIS / PND),infrastructure,City of Dayton,,"Public — ArcGIS REST API, no auth",live service (verify),"ArcGIS FeatureServer/MapServer; GeoJSON, CSV, Shapefile export",,,2020-03-08,,Y,"Create,Delete,Query,Update,Editing,Sync",,,,https://services2.arcgis.com/3dDB2Kk6kuA2gIGw/arcgis/rest/services/Bridges/FeatureServer,https://daytonohio.maps.arcgis.com/home/item.html?id=89627290184c4ae5bf4c3ec35eb123fa,
Building Footprints,City of Dayton,emma.jewell (City of Dayton GIS / PND),,City of Dayton,jurisdiction/county,"Public — ArcGIS REST API, no auth",live service (verify),"ArcGIS FeatureServer/MapServer; GeoJSON, CSV, Shapefile export",,,2018-11-09,,Y,"Map,Query,Data",,,,https://maps.daytonohio.gov/gisservices/rest/services/Engineering/Building_Footprints/MapServer,https://daytonohio.maps.arcgis.com/home/item.html?id=a6c9a99a43764a02ac638c396241de4e,
Building permits & trade licences (49 record types),City of Dayton,City of Dayton Building Services,vacancy,Montgomery County,,"Public web; no API. POST with __VIEWSTATE/__EVENTTARGET, paginated. VERIFIED live.",,ASP.NET WebForms search portal,,,,Y,,,,,,https://aca-prod.accela.com/DAYTON/Cap/CapHome.aspx?module=Building&TabName=Building,https://github.com/codefordayton/demolition_checker,"The city's live permitting system. Wrecking/demolition, building, electrical, plumbing, mechanical, RVO, zoning-only, waivers, trade licences. Scraping route established by Code for Dayton demolition_checker. See dictionaries/accela-permits-aca.md"
BuildingServices/BuildingServicesHousingInspectionAreas,City of Dayton,City of Dayton GIS,condition/quality,City of Dayton,,"Public — ArcGIS REST API, no auth",live service (verify),ArcGIS FeatureServer,,0 layers,,Y,,,,,,https://maps.daytonohio.gov/gisservices/rest/services/BuildingServices/BuildingServicesHousingInspectionAreas/FeatureServer,https://maps.daytonohio.gov/gisservices/rest/services,
BuildingServices/BuildingServicesHousingInspectionAreas,City of Dayton,City of Dayton GIS,condition/quality,City of Dayton,,"Public — ArcGIS REST API, no auth",live service (verify),ArcGIS MapServer,,0 layers,,Y,,,,,,https://maps.daytonohio.gov/gisservices/rest/services/BuildingServices/BuildingServicesHousingInspectionAreas/MapServer,https://maps.daytonohio.gov/gisservices/rest/services,
BuildingServices/DonLongEditing,City of Dayton,City of Dayton GIS,,City of Dayton,,"Public — ArcGIS REST API, no auth",live service (verify),ArcGIS FeatureServer,,0 layers,,,,,,,,https://maps.daytonohio.gov/gisservices/rest/services/BuildingServices/DonLongEditing/FeatureServer,https://maps.daytonohio.gov/gisservices/rest/services,
BuildingServices/DonLongEditing,City of Dayton,City of Dayton GIS,,City of Dayton,,"Public — ArcGIS REST API, no auth",live service (verify),ArcGIS MapServer,,0 layers,,,,,,,,https://maps.daytonohio.gov/gisservices/rest/services/BuildingServices/DonLongEditing/MapServer,https://maps.daytonohio.gov/gisservices/rest/services,
Calls For Service OpenData,City of Dayton,Richard.Bailey@DaytonOhio.gov (City of Dayton GIS / PND),public safety,City of Dayton,jurisdiction/county,"Public — ArcGIS REST API, no auth",live service (verify),"ArcGIS FeatureServer/MapServer; GeoJSON, CSV, Shapefile export",,,2020-10-14,,N,"Map,Query,Data",,,,https://maps.daytonohio.gov/gisservices/rest/services/OpenData/CallsForService_OpenData/MapServer,https://daytonohio.maps.arcgis.com/home/item.html?id=6f82c3567ba54ca38016e860f9b44587,Dayton Police Calls for Service Data for Transparency Dashboards
CallsForService,City of Dayton,barnold_Dayton_OH (City of Dayton GIS / PND),public safety,City of Dayton,jurisdiction/county,"Public — ArcGIS REST API, no auth",live service (verify),"ArcGIS FeatureServer/MapServer; GeoJSON, CSV, Shapefile export",,,2026-02-12,,Y,Query,,,,https://services2.arcgis.com/3dDB2Kk6kuA2gIGw/arcgis/rest/services/CallsForService/FeatureServer,https://daytonohio.maps.arcgis.com/home/item.html?id=db2cc1f72a844d03bb4f0a8683085314,Dayton Police Department - Calls For Service
CallsForService_OpenData_HOSTED,City of Dayton,GIS-Scripts (City of Dayton GIS / PND),public safety,City of Dayton,jurisdiction/county,"Public — ArcGIS REST API, no auth",live service (verify),"ArcGIS FeatureServer/MapServer; GeoJSON, CSV, Shapefile export",,,2026-08-01,,Y,"Query,Extract",,,,https://services2.arcgis.com/3dDB2Kk6kuA2gIGw/arcgis/rest/services/CallsForService_OpenData_HOSTED/FeatureServer,https://daytonohio.maps.arcgis.com/home/item.html?id=6627ca0f9ced4037a8153dbc999442d3,Open Data - Calls For Service
CapitalPlanning/Active_Capital_Improvement_Projects,City of Dayton,City of Dayton GIS,investment/projects,City of Dayton,,"Public — ArcGIS REST API, no auth",live service (verify),ArcGIS MapServer,,3 layers,,,,,,,,https://maps.daytonohio.gov/gisservices/rest/services/CapitalPlanning/Active_Capital_Improvement_Projects/MapServer,https://maps.daytonohio.gov/gisservices/rest/services,
CapitalPlanning/Capital_Improvement_Outlines_PUBLIC,City of Dayton,City of Dayton GIS,zoning/land use,City of Dayton,,"Public — ArcGIS REST API, no auth",live service (verify),ArcGIS MapServer,,1 layers,,,,,,,,https://maps.daytonohio.gov/gisservices/rest/services/CapitalPlanning/Capital_Improvement_Outlines_PUBLIC/MapServer,https://maps.daytonohio.gov/gisservices/rest/services,Layers used for Public CIP Dashboard
CapitalPlanning/Completed_Capital_Improvement_Projects,City of Dayton,City of Dayton GIS,investment/projects,City of Dayton,,"Public — ArcGIS REST API, no auth",live service (verify),ArcGIS FeatureServer,,3 layers,,,,,,,,https://maps.daytonohio.gov/gisservices/rest/services/CapitalPlanning/Completed_Capital_Improvement_Projects/FeatureServer,https://maps.daytonohio.gov/gisservices/rest/services,
CapitalPlanning/Completed_Capital_Improvement_Projects,City of Dayton,City of Dayton GIS,investment/projects,City of Dayton,,"Public — ArcGIS REST API, no auth",live service (verify),ArcGIS MapServer,,3 layers,,,,,,,,https://maps.daytonohio.gov/gisservices/rest/services/CapitalPlanning/Completed_Capital_Improvement_Projects/MapServer,https://maps.daytonohio.gov/gisservices/rest/services,
CapitalPlanning/InfrastructureProjects,City of Dayton,City of Dayton GIS,investment/projects,City of Dayton,,"Public — ArcGIS REST API, no auth",live service (verify),ArcGIS MapServer,,1 layers,,,,,,,,https://maps.daytonohio.gov/gisservices/rest/services/CapitalPlanning/InfrastructureProjects/MapServer,https://maps.daytonohio.gov/gisservices/rest/services,Test
CapitalPlanning/InfrastructureProjects_Referencedata,City of Dayton,City of Dayton GIS,investment/projects,City of Dayton,,"Public — ArcGIS REST API, no auth",live service (verify),ArcGIS MapServer,,1 layers,,,,,,,,https://maps.daytonohio.gov/gisservices/rest/services/CapitalPlanning/InfrastructureProjects_Referencedata/MapServer,https://maps.daytonohio.gov/gisservices/rest/services,Reference Layer used for the CIP public Apps
CapitalPlanning/InfrastructureProjectsPoints,City of Dayton,City of Dayton GIS,investment/projects,City of Dayton,address/point,"Public — ArcGIS REST API, no auth",live service (verify),ArcGIS MapServer,,0 layers,,,,,,,,https://maps.daytonohio.gov/gisservices/rest/services/CapitalPlanning/InfrastructureProjectsPoints/MapServer,https://maps.daytonohio.gov/gisservices/rest/services,CIP
CapitalPlanning/Map_Layer_CIP_Outlines,City of Dayton,City of Dayton GIS,zoning/land use,City of Dayton,,"Public — ArcGIS REST API, no auth",live service (verify),ArcGIS MapServer,,3 layers,,,,,,,,https://maps.daytonohio.gov/gisservices/rest/services/CapitalPlanning/Map_Layer_CIP_Outlines/MapServer,https://maps.daytonohio.gov/gisservices/rest/services,Service used to display CIP data
CapitalPlanningINTERNAL/Internal_CIP,City of Dayton,City of Dayton GIS,zoning/land use,City of Dayton,,"Public — ArcGIS REST API, no auth",live service (verify),ArcGIS MapServer,,4 layers,,,,,,,,https://maps.daytonohio.gov/gisservices/rest/services/CapitalPlanningINTERNAL/Internal_CIP/MapServer,https://maps.daytonohio.gov/gisservices/rest/services,
Career Conference Registration Form 2026_form,City of Dayton,jenny.schulz (City of Dayton GIS / PND),,City of Dayton,,"Public — ArcGIS REST API, no auth",live service (verify),"ArcGIS FeatureServer/MapServer; GeoJSON, CSV, Shapefile export",,,2026-04-28,,N,"Create,Editing",,,,https://services2.arcgis.com/3dDB2Kk6kuA2gIGw/arcgis/rest/services/survey123_6bcf3dbacb364c6997fc2e0f6ef5060a_form/FeatureServer,https://daytonohio.maps.arcgis.com/home/item.html?id=4f11fd2f59ba430fba35c67988e45f5c,
cbd_cam_shapefiles,City of Dayton,Matthew.Muhlenkamp (City of Dayton GIS / PND),,City of Dayton,,"Public — ArcGIS REST API, no auth",live service (verify),"ArcGIS FeatureServer/MapServer; GeoJSON, CSV, Shapefile export",,,2024-04-01,,Y,Query,,,,https://services2.arcgis.com/3dDB2Kk6kuA2gIGw/arcgis/rest/services/cbd_cam_shapefiles/FeatureServer,https://daytonohio.maps.arcgis.com/home/item.html?id=8cdcaf3801bc4fb0b2a91335b5ac7d77,
CCTV_Truck,City of Dayton,emma.jewell (City of Dayton GIS / PND),,City of Dayton,,"Public — ArcGIS REST API, no auth",live service (verify),"ArcGIS FeatureServer/MapServer; GeoJSON, CSV, Shapefile export",,,2025-04-03,,N,"Map,Query,Data",,,,https://maps.daytonohio.gov/gisservices/rest/services/Water/CCTV_Truck/MapServer,https://daytonohio.maps.arcgis.com/home/item.html?id=7e147915b1234cfe92960306984c39c9,
CFS_TEST,City of Dayton,City of Dayton GIS,,City of Dayton,,"Public — ArcGIS REST API, no auth",live service (verify),ArcGIS MapServer,,1 layers,,,,,,,,https://maps.daytonohio.gov/gisservices/rest/services/CFS_TEST/MapServer,https://maps.daytonohio.gov/gisservices/rest/services,
CIP Public Project Points,City of Dayton,jenny.schulz (City of Dayton GIS / PND),investment/projects,City of Dayton,address/point,"Public — ArcGIS REST API, no auth",live service (verify),"ArcGIS FeatureServer/MapServer; GeoJSON, CSV, Shapefile export",,,2025-03-24,,Y,"Map,Query,Data",,,,https://maps.daytonohio.gov/gisservices/rest/services/CapitalPlanning/Completed_Capital_Improvement_Projects/MapServer,https://daytonohio.maps.arcgis.com/home/item.html?id=d5c5c22a2859493cbd1539d082f67b31,Point layer used for the CIP dashboard
CIP Story Map 2017,City of Dayton,emma.jewell (City of Dayton GIS / PND),investment/projects,City of Dayton,jurisdiction/county,"Public — ArcGIS REST API, no auth",live service (verify),"ArcGIS FeatureServer/MapServer; GeoJSON, CSV, Shapefile export",,,2018-11-12,,Y,"Map,Query,Data",,,,https://maps.daytonohio.gov/gisservices/rest/services/Water/CIP_Story_Map_2017/MapServer,https://daytonohio.maps.arcgis.com/home/item.html?id=1ec3aac8859244a99861c581552deff2,
CIP_Contact_US,City of Dayton,jenny.schulz (City of Dayton GIS / PND),,City of Dayton,,"Public — ArcGIS REST API, no auth",live service (verify),"ArcGIS FeatureServer/MapServer; GeoJSON, CSV, Shapefile export",,,2025-03-18,,Y,"Create,Delete,Query,Update,Editing,Extract,Sync",,,,https://services2.arcgis.com/3dDB2Kk6kuA2gIGw/arcgis/rest/services/survey123_57b0cd7bcabb4e0ea521329e060189ea/FeatureServer,https://daytonohio.maps.arcgis.com/home/item.html?id=3755f0f753864fd6a62112cd67bdb2ef,
CIP_Contact_US_form,City of Dayton,jenny.schulz (City of Dayton GIS / PND),,City of Dayton,,"Public — ArcGIS REST API, no auth",live service (verify),"ArcGIS FeatureServer/MapServer; GeoJSON, CSV, Shapefile export",,,2026-07-02,,N,"Create,Editing",,,,https://services2.arcgis.com/3dDB2Kk6kuA2gIGw/arcgis/rest/services/survey123_57b0cd7bcabb4e0ea521329e060189ea_form/FeatureServer,https://daytonohio.maps.arcgis.com/home/item.html?id=038311b6bb9d4d4184bbba60e5ab3396,
CIP_Contact_US_results,City of Dayton,jenny.schulz (City of Dayton GIS / PND),,City of Dayton,,"Public — ArcGIS REST API, no auth",live service (verify),"ArcGIS FeatureServer/MapServer; GeoJSON, CSV, Shapefile export",,,2026-07-02,,Y,"Query,Extract",,,,https://services2.arcgis.com/3dDB2Kk6kuA2gIGw/arcgis/rest/services/survey123_57b0cd7bcabb4e0ea521329e060189ea_results/FeatureServer,https://daytonohio.maps.arcgis.com/home/item.html?id=8718ad7464ea418c9e3ab875c91c7d26,
City Employee List,City of Dayton,emma.jewell (City of Dayton GIS / PND),,City of Dayton,jurisdiction/county,"Public — ArcGIS REST API, no auth",live service (verify),"ArcGIS FeatureServer/MapServer; GeoJSON, CSV, Shapefile export",,,2026-02-06,,Y,"Create,Delete,Query,Update,Editing",,,,https://services2.arcgis.com/3dDB2Kk6kuA2gIGw/arcgis/rest/services/City_Employee_List/FeatureServer,https://daytonohio.maps.arcgis.com/home/item.html?id=ad69dabe654b48b7a31015afe4b72832,
City Employee List view,City of Dayton,emma.jewell (City of Dayton GIS / PND),,City of Dayton,jurisdiction/county,"Public — ArcGIS REST API, no auth",live service (verify),"ArcGIS FeatureServer/MapServer; GeoJSON, CSV, Shapefile export",,,2025-08-27,,Y,Query,,,,https://services2.arcgis.com/3dDB2Kk6kuA2gIGw/arcgis/rest/services/City_Employee_List_view/FeatureServer,https://daytonohio.maps.arcgis.com/home/item.html?id=89dab974c5f84f7bb6e3aade430af8c6,
City Facilities Plumbing Asset Collector View,City of Dayton,Frank.Boateng_DaytonOhio (City of Dayton GIS / PND),,City of Dayton,jurisdiction/county,"Public — ArcGIS REST API, no auth",live service (verify),"ArcGIS FeatureServer/MapServer; GeoJSON, CSV, Shapefile export",,,2025-05-28,,Y,Query,,,,https://services2.arcgis.com/3dDB2Kk6kuA2gIGw/arcgis/rest/services/City_Facilities_Plumbing_Asset_Collector_View/FeatureServer,https://daytonohio.maps.arcgis.com/home/item.html?id=7d1d6188ee1544bb8928e3ad329a25cf,
City Hall Window Temperature,City of Dayton,Frank.Boateng_DaytonOhio (City of Dayton GIS / PND),,City of Dayton,jurisdiction/county,"Public — ArcGIS REST API, no auth",live service (verify),"ArcGIS FeatureServer/MapServer; GeoJSON, CSV, Shapefile export",,,2026-07-15,,Y,Query,,,,https://services2.arcgis.com/3dDB2Kk6kuA2gIGw/arcgis/rest/services/City_Hall_Window_Temperature/FeatureServer,https://daytonohio.maps.arcgis.com/home/item.html?id=931fb06adb1f47cc870933fa4cb95085,
City of Dayton Custodial Inspection ,City of Dayton,Frank.Boateng_DaytonOhio (City of Dayton GIS / PND),condition/quality,City of Dayton,jurisdiction/county,"Public — ArcGIS REST API, no auth",live service (verify),"ArcGIS FeatureServer/MapServer; GeoJSON, CSV, Shapefile export",,4,2025-11-21,Y,Y,"Create,Delete,Query,Update,Editing,Extract,Sync",,,,https://services2.arcgis.com/3dDB2Kk6kuA2gIGw/arcgis/rest/services/survey123_defcda6cdf0f4a6eae37244f54a3370e/FeatureServer,https://daytonohio.maps.arcgis.com/home/item.html?id=a2c44ed458a94df9891a9d576c473321,
City of Dayton Custodial Inspection _form,City of Dayton,Frank.Boateng_DaytonOhio (City of Dayton GIS / PND),condition/quality,City of Dayton,jurisdiction/county,"Public — ArcGIS REST API, no auth",live service (verify),"ArcGIS FeatureServer/MapServer; GeoJSON, CSV, Shapefile export",,0,2025-11-16,,N,"Create,Editing",,,,https://services2.arcgis.com/3dDB2Kk6kuA2gIGw/arcgis/rest/services/survey123_defcda6cdf0f4a6eae37244f54a3370e_form/FeatureServer,https://daytonohio.maps.arcgis.com/home/item.html?id=b44e08d3a6d34df8ab80dec715ea8849,
City of Dayton Custodial Inspection _results,City of Dayton,Frank.Boateng_DaytonOhio (City of Dayton GIS / PND),condition/quality,City of Dayton,jurisdiction/county,"Public — ArcGIS REST API, no auth",live service (verify),"ArcGIS FeatureServer/MapServer; GeoJSON, CSV, Shapefile export",,4,2025-11-15,Y,Y,"Query,Extract",,,,https://services2.arcgis.com/3dDB2Kk6kuA2gIGw/arcgis/rest/services/survey123_defcda6cdf0f4a6eae37244f54a3370e_results/FeatureServer,https://daytonohio.maps.arcgis.com/home/item.html?id=df879f0b17d846c7b6e8d18c61ce8a09,
City of Dayton Data Inventory_fieldworker,City of Dayton,Frank.Boateng_DaytonOhio (City of Dayton GIS / PND),,City of Dayton,jurisdiction/county,"Public — ArcGIS REST API, no auth",live service (verify),"ArcGIS FeatureServer/MapServer; GeoJSON, CSV, Shapefile export",,,2019-09-24,,Y,"Create,Query,Update,Editing,Sync",,,,https://services2.arcgis.com/3dDB2Kk6kuA2gIGw/arcgis/rest/services/survey123_fd0ab53108cf4144bec5108286d013bd_fieldworker/FeatureServer,https://daytonohio.maps.arcgis.com/home/item.html?id=f9d72c9960ab4098ab4e3fac2417253d,
City of Dayton Intern Weekly Recap_form,City of Dayton,emma.jewell (City of Dayton GIS / PND),,City of Dayton,jurisdiction/county,"Public — ArcGIS REST API, no auth",live service (verify),"ArcGIS FeatureServer/MapServer; GeoJSON, CSV, Shapefile export",,,2025-07-21,,N,"Create,Editing",,,,https://services2.arcgis.com/3dDB2Kk6kuA2gIGw/arcgis/rest/services/survey123_c28457dd1ce248fa93da44097e65a42a_form/FeatureServer,https://daytonohio.maps.arcgis.com/home/item.html?id=590d657c597c4f0d855c7ec9dddd67cc,
City of Dayton Tree Planting Request_form,City of Dayton,Bryan.Urban@daytonohio.gov (City of Dayton GIS / PND),zoning/land use,City of Dayton,address/point,"Public — ArcGIS REST API, no auth",live service (verify),"ArcGIS FeatureServer/MapServer; GeoJSON, CSV, Shapefile export",,,2025-04-03,,N,"Create,Editing",,,,https://services2.arcgis.com/3dDB2Kk6kuA2gIGw/arcgis/rest/services/survey123_77c195c57d7f4eb78b29fcbd80ccccc7_form/FeatureServer,https://daytonohio.maps.arcgis.com/home/item.html?id=bfd79e8f9abc454f9abdc4974aa33ae6,
City_of_Dayton_Owned_Parcel,City of Dayton,Richard.Bailey@DaytonOhio.gov (City of Dayton GIS / PND),ownership/transfers,City of Dayton,parcel,"Public — ArcGIS REST API, no auth",live service (verify),"ArcGIS FeatureServer/MapServer; GeoJSON, CSV, Shapefile export",,1926,2021-07-30,Y,Y,"Create,Query,Update,Editing",,,,https://services2.arcgis.com/3dDB2Kk6kuA2gIGw/arcgis/rest/services/City_of_Dayton_Owned_Parcel/FeatureServer,https://daytonohio.maps.arcgis.com/home/item.html?id=779634593b1f4e0280a6789de14a774d,City of Dayton Owned Parcel
City_of_Dayton_Vehicle_Parking_Locations,City of Dayton,Richard.Bailey@DaytonOhio.gov (City of Dayton GIS / PND),geography/reference,City of Dayton,address/point,"Public — ArcGIS REST API, no auth",live service (verify),"ArcGIS FeatureServer/MapServer; GeoJSON, CSV, Shapefile export",,,2022-10-25,Y,Y,Query,,,,https://services2.arcgis.com/3dDB2Kk6kuA2gIGw/arcgis/rest/services/City_of_Dayton_Vehicle_Parking_Locations/FeatureServer,https://daytonohio.maps.arcgis.com/home/item.html?id=450c7ee4a6264172beb5ac95d6d89157,Geocoded addresses of City of Dayton vehicle parking locations
COD Government Services,City of Dayton,greg.hornbeek_DaytonOhio (City of Dayton GIS / PND),public safety,City of Dayton,jurisdiction/county,"Public — ArcGIS REST API, no auth",live service (verify),"ArcGIS FeatureServer/MapServer; GeoJSON, CSV, Shapefile export",,,2018-11-09,,Y,"Map,Query,Data",,,,https://maps.daytonohio.gov/gisservices/rest/services/COD_Webpage/COD_Government_Services/MapServer,https://daytonohio.maps.arcgis.com/home/item.html?id=0fae574bb9324aa5ab903f40358d9337,This map is used to author a map service for the My Government Services for Public Works application.
COD_Webpage/BoilAdvisory,City of Dayton,City of Dayton GIS,,City of Dayton,,"Public — ArcGIS REST API, no auth",live service (verify),ArcGIS MapServer,,2 layers,,,,,,,,https://maps.daytonohio.gov/gisservices/rest/services/COD_Webpage/BoilAdvisory/MapServer,https://maps.daytonohio.gov/gisservices/rest/services,
COD_Webpage/COD_Government_Services,City of Dayton,City of Dayton GIS,,City of Dayton,,"Public — ArcGIS REST API, no auth",live service (verify),ArcGIS MapServer,,11 layers,,,,,,,,https://maps.daytonohio.gov/gisservices/rest/services/COD_Webpage/COD_Government_Services/MapServer,https://maps.daytonohio.gov/gisservices/rest/services,This map is used to author a map service for the My Government Services for Public Works application.
COD_Webpage/Dayton_Opportunity_Zone_Boundary,City of Dayton,City of Dayton GIS,zoning/land use,City of Dayton,jurisdiction/county,"Public — ArcGIS REST API, no auth",live service (verify),ArcGIS MapServer,,1 layers,,,,,,,,https://maps.daytonohio.gov/gisservices/rest/services/COD_Webpage/Dayton_Opportunity_Zone_Boundary/MapServer,https://maps.daytonohio.gov/gisservices/rest/services,City of Dayton Opportunity Zone Boundaries
COD_Webpage/Landmark_Buildings,City of Dayton,City of Dayton GIS,,City of Dayton,,"Public — ArcGIS REST API, no auth",live service (verify),ArcGIS MapServer,,1 layers,,,,,,,,https://maps.daytonohio.gov/gisservices/rest/services/COD_Webpage/Landmark_Buildings/MapServer,https://maps.daytonohio.gov/gisservices/rest/services,
COD_Webpage/Parcels_Boundary,City of Dayton,City of Dayton GIS,ownership/transfers,City of Dayton,parcel,"Public — ArcGIS REST API, no auth",live service (verify),ArcGIS MapServer,,1 layers,,Y,,,,,,https://maps.daytonohio.gov/gisservices/rest/services/COD_Webpage/Parcels_Boundary/MapServer,https://maps.daytonohio.gov/gisservices/rest/services,
COD_Webpage/Zoning,City of Dayton,City of Dayton GIS,zoning/land use,City of Dayton,,"Public — ArcGIS REST API, no auth",live service (verify),ArcGIS MapServer,,6 layers,,Y,,,,,,https://maps.daytonohio.gov/gisservices/rest/services/COD_Webpage/Zoning/MapServer,https://maps.daytonohio.gov/gisservices/rest/services,
CODBikeRacks_Portal,City of Dayton,Richard.Bailey@DaytonOhio.gov (City of Dayton GIS / PND),,City of Dayton,,"Public — ArcGIS REST API, no auth",live service (verify),"ArcGIS FeatureServer/MapServer; GeoJSON, CSV, Shapefile export",,,2024-09-10,,N,Error invoking service,,,,https://utility.arcgis.com/usrsvcs/servers/c23c72d2d34444ccbb0c1c0438dadc48/rest/services/Planning/TransportationPlanning/FeatureServer/1,https://daytonohio.maps.arcgis.com/home/item.html?id=c23c72d2d34444ccbb0c1c0438dadc48,
CommunicationsSystem,City of Dayton,Frank.Boateng_DaytonOhio (City of Dayton GIS / PND),,City of Dayton,,"Public — ArcGIS REST API, no auth",live service (verify),"ArcGIS FeatureServer/MapServer; GeoJSON, CSV, Shapefile export",,,2025-04-21,,Y,"Create,Delete,Query,Update,Editing,Sync",,,,https://services2.arcgis.com/3dDB2Kk6kuA2gIGw/arcgis/rest/services/CommunicationsSystem_22e67ab37c7d4f85b7248d3bcc7e775e/FeatureServer,https://daytonohio.maps.arcgis.com/home/item.html?id=d50f0a83710e420f85940964be9d9179,A feature layer used to store communications asset information.
CommunicationsSystem_viewing,City of Dayton,Frank.Boateng_DaytonOhio (City of Dayton GIS / PND),,City of Dayton,,"Public — ArcGIS REST API, no auth",live service (verify),"ArcGIS FeatureServer/MapServer; GeoJSON, CSV, Shapefile export",,,2025-03-27,,Y,Query,,,,https://services2.arcgis.com/3dDB2Kk6kuA2gIGw/arcgis/rest/services/CommunicationsSystem_viewing_22e67ab37c7d4f85b7248d3bcc7e775e/FeatureServer,https://daytonohio.maps.arcgis.com/home/item.html?id=9e1de277435f4d689297672f424906a2,A feature layer view with view only capabilities.
Community Engagement Form_form,City of Dayton,jenny.schulz (City of Dayton GIS / PND),,City of Dayton,,"Public — ArcGIS REST API, no auth",live service (verify),"ArcGIS FeatureServer/MapServer; GeoJSON, CSV, Shapefile export",,,2026-06-25,,N,"Create,Editing",,,,https://services2.arcgis.com/3dDB2Kk6kuA2gIGw/arcgis/rest/services/survey123_72a96b47f9364639a9841e217bf8eb17_form/FeatureServer,https://daytonohio.maps.arcgis.com/home/item.html?id=7caebbf537f848488cd587dc35199844,
Community Wide and City Operation Emissions,City of Dayton,emma.jewell (City of Dayton GIS / PND),,City of Dayton,jurisdiction/county,"Public — ArcGIS REST API, no auth",live service (verify),"ArcGIS FeatureServer/MapServer; GeoJSON, CSV, Shapefile export",,,2023-08-11,,Y,"Query,Extract",,,,https://services2.arcgis.com/3dDB2Kk6kuA2gIGw/arcgis/rest/services/Community_Wide_and_City_Operation_Emissions/FeatureServer,https://daytonohio.maps.arcgis.com/home/item.html?id=c0719a4f206c4d93baf073e79cce2fc1,emission data from 2019 for sustainability hub. Published to AGOL 8/11/2023.
Contact Us - Rhythm_fieldworker,City of Dayton,barnold_Dayton_OH (City of Dayton GIS / PND),,City of Dayton,,"Public — ArcGIS REST API, no auth",live service (verify),"ArcGIS FeatureServer/MapServer; GeoJSON, CSV, Shapefile export",,,2023-06-05,,Y,"Create,Query,Update,Editing",,,,https://services2.arcgis.com/3dDB2Kk6kuA2gIGw/arcgis/rest/services/survey123_ce4502ba296f43a0bf7d44b92ba49652_fieldworker/FeatureServer,https://daytonohio.maps.arcgis.com/home/item.html?id=fae3fc06e8dd4fd39dfd4b5cf548762b,
ContoursSpotElevation,City of Dayton,City of Dayton GIS,,City of Dayton,,"Public — ArcGIS REST API, no auth",live service (verify),ArcGIS MapServer,,2 layers,,,,,,,,https://maps.daytonohio.gov/gisservices/rest/services/ContoursSpotElevation/MapServer,https://maps.daytonohio.gov/gisservices/rest/services,
CountySanitary,City of Dayton,City of Dayton GIS,,City of Dayton,jurisdiction/county,"Public — ArcGIS REST API, no auth",live service (verify),ArcGIS MapServer,,14 layers,,,,,,,,https://maps.daytonohio.gov/gisservices/rest/services/CountySanitary/MapServer,https://maps.daytonohio.gov/gisservices/rest/services,
COVID19/ActivePoliceFireUnits_Calls,City of Dayton,City of Dayton GIS,public safety,City of Dayton,,"Public — ArcGIS REST API, no auth",live service (verify),ArcGIS MapServer,,2 layers,,,,,,,,https://maps.daytonohio.gov/gisservices/rest/services/COVID19/ActivePoliceFireUnits_Calls/MapServer,https://maps.daytonohio.gov/gisservices/rest/services,
COVID19/AddressSearch,City of Dayton,City of Dayton GIS,geography/reference,City of Dayton,address/point,"Public — ArcGIS REST API, no auth",live service (verify),ArcGIS MapServer,,2 layers,,Y,,,,,,https://maps.daytonohio.gov/gisservices/rest/services/COVID19/AddressSearch/MapServer,https://maps.daytonohio.gov/gisservices/rest/services,
COVID19/EMS_Response,City of Dayton,City of Dayton GIS,,City of Dayton,,"Public — ArcGIS REST API, no auth",live service (verify),ArcGIS MapServer,,1 layers,,,,,,,,https://maps.daytonohio.gov/gisservices/rest/services/COVID19/EMS_Response/MapServer,https://maps.daytonohio.gov/gisservices/rest/services,
COVID19/Fire_Calls_for_Service,City of Dayton,City of Dayton GIS,public safety,City of Dayton,,"Public — ArcGIS REST API, no auth",live service (verify),ArcGIS MapServer,,0 layers,,,,,,,,https://maps.daytonohio.gov/gisservices/rest/services/COVID19/Fire_Calls_for_Service/MapServer,https://maps.daytonohio.gov/gisservices/rest/services,
COVID19/FireResponse_EMS,City of Dayton,City of Dayton GIS,public safety,City of Dayton,,"Public — ArcGIS REST API, no auth",live service (verify),ArcGIS MapServer,,0 layers,,,,,,,,https://maps.daytonohio.gov/gisservices/rest/services/COVID19/FireResponse_EMS/MapServer,https://maps.daytonohio.gov/gisservices/rest/services,
COVID19/OhioCountyPoints,City of Dayton,City of Dayton GIS,,City of Dayton,address/point,"Public — ArcGIS REST API, no auth",live service (verify),ArcGIS MapServer,,0 layers,,,,,,,,https://maps.daytonohio.gov/gisservices/rest/services/COVID19/OhioCountyPoints/MapServer,https://maps.daytonohio.gov/gisservices/rest/services,
COVID19/Police_Calls_for_Service,City of Dayton,City of Dayton GIS,public safety,City of Dayton,,"Public — ArcGIS REST API, no auth",live service (verify),ArcGIS MapServer,,1 layers,,,,,,,,https://maps.daytonohio.gov/gisservices/rest/services/COVID19/Police_Calls_for_Service/MapServer,https://maps.daytonohio.gov/gisservices/rest/services,
COVID19/PoliceCallsForService_Today,City of Dayton,City of Dayton GIS,public safety,City of Dayton,,"Public — ArcGIS REST API, no auth",live service (verify),ArcGIS MapServer,,1 layers,,,,,,,,https://maps.daytonohio.gov/gisservices/rest/services/COVID19/PoliceCallsForService_Today/MapServer,https://maps.daytonohio.gov/gisservices/rest/services,
COVID19/PW_ServiceRequests,City of Dayton,City of Dayton GIS,,City of Dayton,address/point,"Public — ArcGIS REST API, no auth",live service (verify),ArcGIS MapServer,,0 layers,,,,,,,,https://maps.daytonohio.gov/gisservices/rest/services/COVID19/PW_ServiceRequests/MapServer,https://maps.daytonohio.gov/gisservices/rest/services,
Crimes,City of Dayton,Matthew.Muhlenkamp (City of Dayton GIS / PND),public safety,City of Dayton,jurisdiction/county,"Public — ArcGIS REST API, no auth",live service (verify),"ArcGIS FeatureServer/MapServer; GeoJSON, CSV, Shapefile export",,,2020-07-20,,N,"Map,Query,Data",,,,https://maps.daytonohio.gov/gisservices/rest/services/Police/Crimes/MapServer,https://daytonohio.maps.arcgis.com/home/item.html?id=ba6d3361382d4f2692a4668b7f77b536,
Crimes Open Data,City of Dayton,Richard.Bailey@DaytonOhio.gov (City of Dayton GIS / PND),public safety,City of Dayton,jurisdiction/county,"Public — ArcGIS REST API, no auth",live service (verify),"ArcGIS FeatureServer/MapServer; GeoJSON, CSV, Shapefile export",,,2021-03-15,,N,"Map,Query,Data",,,,https://maps.daytonohio.gov/gisservices/rest/services/OpenData/Crimes_OpenData/MapServer,https://daytonohio.maps.arcgis.com/home/item.html?id=6de39cf02fa24843baef0b3b0ddd559b,Dayton Police Crime Data for Transparency Dashboards
Crimes_Greater2016,City of Dayton,GIS-Scripts (City of Dayton GIS / PND),public safety,City of Dayton,jurisdiction/county,"Public — ArcGIS REST API, no auth",live service (verify),"ArcGIS FeatureServer/MapServer; GeoJSON, CSV, Shapefile export",,,2026-08-01,,Y,"Query,Extract",,,,https://services2.arcgis.com/3dDB2Kk6kuA2gIGw/arcgis/rest/services/Crimes_Greater2016/FeatureServer,https://daytonohio.maps.arcgis.com/home/item.html?id=995604cc35c94cb9957ad88aef8083b0,Crimes - Greater 2016
Crimes_Greater2016_TYPE,City of Dayton,GIS-Scripts (City of Dayton GIS / PND),public safety,City of Dayton,jurisdiction/county,"Public — ArcGIS REST API, no auth",live service (verify),"ArcGIS FeatureServer/MapServer; GeoJSON, CSV, Shapefile export",,,2026-08-01,,Y,"Query,Extract",,,,https://services2.arcgis.com/3dDB2Kk6kuA2gIGw/arcgis/rest/services/Crimes_Greater2016_TYPE/FeatureServer,https://daytonohio.maps.arcgis.com/home/item.html?id=3f0535f9a5884c5ea2aff8721123f54f,Dayton Police Department Crimes
Crimes_OpenData_HOSTED,City of Dayton,GIS-Scripts (City of Dayton GIS / PND),public safety,City of Dayton,jurisdiction/county,"Public — ArcGIS REST API, no auth",live service (verify),"ArcGIS FeatureServer/MapServer; GeoJSON, CSV, Shapefile export",,,2026-08-01,,Y,"Query,Extract",,,,https://services2.arcgis.com/3dDB2Kk6kuA2gIGw/arcgis/rest/services/Crimes_OpenData_HOSTED/FeatureServer,https://daytonohio.maps.arcgis.com/home/item.html?id=51be84f1762a48468b63499c5e186407,Open Data - Crimes
Curb,City of Dayton,Frank.Boateng_DaytonOhio (City of Dayton GIS / PND),,City of Dayton,,"Public — ArcGIS REST API, no auth",live service (verify),"ArcGIS FeatureServer/MapServer; GeoJSON, CSV, Shapefile export",,,2022-09-06,,Y,Query,,,,https://services2.arcgis.com/3dDB2Kk6kuA2gIGw/arcgis/rest/services/Curb/FeatureServer,https://daytonohio.maps.arcgis.com/home/item.html?id=5786c488699d4b5a95af8843c242b0be,Curb
Curb _ Sidewalk Inventory_Michael Baker_Pilot Area_WFL1,City of Dayton,Richard.Bailey@DaytonOhio.gov (City of Dayton GIS / PND),,City of Dayton,,"Public — ArcGIS REST API, no auth",live service (verify),"ArcGIS FeatureServer/MapServer; GeoJSON, CSV, Shapefile export",,,2024-11-07,,Y,Query,,,,https://services2.arcgis.com/3dDB2Kk6kuA2gIGw/arcgis/rest/services/Curb___Sidewalk_Inventory_Michael_Baker_Pilot_Area_WFL1/FeatureServer,https://daytonohio.maps.arcgis.com/home/item.html?id=256ab605f7124617917b55397227c63a,
Curb and Sidewalk Repairs View,City of Dayton,Frank.Boateng_DaytonOhio (City of Dayton GIS / PND),condition/quality,City of Dayton,,"Public — ArcGIS REST API, no auth",live service (verify),"ArcGIS FeatureServer/MapServer; GeoJSON, CSV, Shapefile export",,,2026-04-28,,Y,Query,,,,https://services2.arcgis.com/3dDB2Kk6kuA2gIGw/arcgis/rest/services/Curb_and_Sidewalk_Repairs_View/FeatureServer,https://daytonohio.maps.arcgis.com/home/item.html?id=b7aab4040e834671a3114c416ce2b105,
Curb ramps,City of Dayton,Frank.Boateng_DaytonOhio (City of Dayton GIS / PND),,City of Dayton,,"Public — ArcGIS REST API, no auth",live service (verify),"ArcGIS FeatureServer/MapServer; GeoJSON, CSV, Shapefile export",,,2020-03-09,,Y,"Create,Delete,Query,Update,Editing,Sync",,,,https://services2.arcgis.com/3dDB2Kk6kuA2gIGw/arcgis/rest/services/Curb_Ramp/FeatureServer,https://daytonohio.maps.arcgis.com/home/item.html?id=7f311f1258784fd7bb2327589a1b1b7c,
Customer Service Recognition Nomination Form_form,City of Dayton,emma.jewell (City of Dayton GIS / PND),,City of Dayton,,"Public — ArcGIS REST API, no auth",live service (verify),"ArcGIS FeatureServer/MapServer; GeoJSON, CSV, Shapefile export",,,2026-04-15,,N,"Create,Editing",,,,https://services2.arcgis.com/3dDB2Kk6kuA2gIGw/arcgis/rest/services/survey123_1a7f7bb02f744f32a1b62c45a08cf95f_form/FeatureServer,https://daytonohio.maps.arcgis.com/home/item.html?id=1c83445963764d59b67824eef2479056,
Daily Staffing Detail,City of Dayton,Frank.Boateng_DaytonOhio (City of Dayton GIS / PND),,City of Dayton,,"Public — ArcGIS REST API, no auth",live service (verify),"ArcGIS FeatureServer/MapServer; GeoJSON, CSV, Shapefile export",,,2020-04-16,,Y,"Create,Delete,Query,Update,Editing,Extract,Sync",,,,https://services2.arcgis.com/3dDB2Kk6kuA2gIGw/arcgis/rest/services/survey123_1496b85155e14988b41cccd83195d205/FeatureServer,https://daytonohio.maps.arcgis.com/home/item.html?id=09b591d26a7d445580e43c700a4ecc65,
Daily Staffing Detail_fieldworker,City of Dayton,Frank.Boateng_DaytonOhio (City of Dayton GIS / PND),,City of Dayton,,"Public — ArcGIS REST API, no auth",live service (verify),"ArcGIS FeatureServer/MapServer; GeoJSON, CSV, Shapefile export",,,2020-03-30,,Y,"Create,Query,Update,Editing,Sync",,,,https://services2.arcgis.com/3dDB2Kk6kuA2gIGw/arcgis/rest/services/survey123_1496b85155e14988b41cccd83195d205_fieldworker/FeatureServer,https://daytonohio.maps.arcgis.com/home/item.html?id=f98217d5ae0b46c4bda8d6f5a6aa7ee8,
Daily Staffing Detail_stakeholder,City of Dayton,Frank.Boateng_DaytonOhio (City of Dayton GIS / PND),,City of Dayton,,"Public — ArcGIS REST API, no auth",live service (verify),"ArcGIS FeatureServer/MapServer; GeoJSON, CSV, Shapefile export",,,2020-04-13,,Y,"Query,Extract",,,,https://services2.arcgis.com/3dDB2Kk6kuA2gIGw/arcgis/rest/services/survey123_1496b85155e14988b41cccd83195d205_stakeholder/FeatureServer,https://daytonohio.maps.arcgis.com/home/item.html?id=31afff67f16c4b448d4aa32870a4de7d,
Daniel Juday Accelerant Culture Training_form,City of Dayton,emma.jewell (City of Dayton GIS / PND),,City of Dayton,,"Public — ArcGIS REST API, no auth",live service (verify),"ArcGIS FeatureServer/MapServer; GeoJSON, CSV, Shapefile export",,,2023-11-20,,N,"Create,Editing",,,,https://services2.arcgis.com/3dDB2Kk6kuA2gIGw/arcgis/rest/services/survey123_457f157cc62a487789c7d4cb70909019_form/FeatureServer,https://daytonohio.maps.arcgis.com/home/item.html?id=396d654c067d4b989222707d1c6acf34,
Dayton Block Groups,City of Dayton,barnold_Dayton_OH (City of Dayton GIS / PND),demographics,City of Dayton,block group,"Public — ArcGIS REST API, no auth",live service (verify),"ArcGIS FeatureServer/MapServer; GeoJSON, CSV, Shapefile export",,,2025-01-22,,Y,"Map,Query,Data",,,,https://maps.daytonohio.gov/gisservices/rest/services/DaytonBlockGroups/MapServer,https://daytonohio.maps.arcgis.com/home/item.html?id=10ef445970e04b1e88808d5a4c1099ba,
Dayton Corporation Boundary,City of Dayton,barnold_Dayton_OH (City of Dayton GIS / PND),geography/reference,City of Dayton,jurisdiction/county,"Public — ArcGIS REST API, no auth",live service (verify),"ArcGIS FeatureServer/MapServer; GeoJSON, CSV, Shapefile export",,,2020-05-18,,Y,"Map,Query,Data",,,,https://maps.daytonohio.gov/gisservices/rest/services/Base/Dayton_Corporation_Boundary/MapServer,https://daytonohio.maps.arcgis.com/home/item.html?id=ac14e2e76f1941b0b4d4cd8e5a2cdcbe,
Dayton Delivers Testing Report_fieldworker,City of Dayton,Frank.Boateng_DaytonOhio (City of Dayton GIS / PND),,City of Dayton,,"Public — ArcGIS REST API, no auth",live service (verify),"ArcGIS FeatureServer/MapServer; GeoJSON, CSV, Shapefile export",,,2020-08-04,,Y,"Create,Query,Update,Editing",,,,https://services2.arcgis.com/3dDB2Kk6kuA2gIGw/arcgis/rest/services/survey123_5a51cf5a89e1403eaf3cb6930c00c578_fieldworker/FeatureServer,https://daytonohio.maps.arcgis.com/home/item.html?id=033898e695784c8a941d092ef1fbdc2d,
Dayton Housing Condition Survey (Hub site),City of Dayton,City of Dayton,condition/quality,Montgomery County,parcel,Public web,,Hub site,,,,Y,,,,,,https://dayton-housing-condition-survey-DaytonOhio.hub.arcgis.com,https://dayton-housing-condition-survey-DaytonOhio.hub.arcgis.com,Public-facing portal for the parcel-level housing condition survey.
Dayton Housing Condition Survey Parcels 2023,City of Dayton,Richard.Bailey@DaytonOhio.gov (City of Dayton GIS / PND),condition/quality,City of Dayton,parcel,"Public — ArcGIS REST API, no auth",live service (verify),"ArcGIS FeatureServer/MapServer; GeoJSON, CSV, Shapefile export",,66033,2024-12-18,Y,Y,Query,,,,https://services2.arcgis.com/3dDB2Kk6kuA2gIGw/arcgis/rest/services/Dayton_Housing_Condition_Survey_Parcels_2023/FeatureServer,https://daytonohio.maps.arcgis.com/home/item.html?id=b97b06de48754fc5b1eabd2f30f6af4b,
Dayton Housing Condition Survey Parcels 2023_TABLE,City of Dayton,Richard.Bailey@DaytonOhio.gov (City of Dayton GIS / PND),condition/quality,City of Dayton,parcel,"Public — ArcGIS REST API, no auth",live service (verify),"ArcGIS FeatureServer/MapServer; GeoJSON, CSV, Shapefile export",,66033,2025-02-05,Y,Y,"Query,Extract",,,,https://services2.arcgis.com/3dDB2Kk6kuA2gIGw/arcgis/rest/services/Dayton_Housing_Condition_Survey_Parcels_2023_TABLE/FeatureServer,https://daytonohio.maps.arcgis.com/home/item.html?id=401bb2e71adf468d99e6bdcd19931cdc,
Dayton Housing Condition Survey Parcels 2025,City of Dayton,Richard.Bailey@DaytonOhio.gov (City of Dayton GIS / PND),condition/quality,City of Dayton,parcel,"Public — ArcGIS REST API, no auth",live service (verify),"ArcGIS FeatureServer/MapServer; GeoJSON, CSV, Shapefile export",,88922,2026-06-15,Y,Y,Query,,,,https://services2.arcgis.com/3dDB2Kk6kuA2gIGw/arcgis/rest/services/Dayton_Housing_Condition_Survey_Parcels_2025/FeatureServer,https://daytonohio.maps.arcgis.com/home/item.html?id=d0499e0e08454ef4b77d0533544b8e38,Key Dayton Parcels with results of 2025/2026 Housing Condition Survey (includes 2023 grades)
Dayton Housing Condition Survey Parcels 2025_TABLE,City of Dayton,Richard.Bailey@DaytonOhio.gov (City of Dayton GIS / PND),condition/quality,City of Dayton,parcel,"Public — ArcGIS REST API, no auth",live service (verify),"ArcGIS FeatureServer/MapServer; GeoJSON, CSV, Shapefile export",,88922,2026-07-10,Y,Y,"Query,Extract",,,,https://services2.arcgis.com/3dDB2Kk6kuA2gIGw/arcgis/rest/services/Dayton_Housing_Condition_Survey_Parcels_2025_TABLE/FeatureServer,https://daytonohio.maps.arcgis.com/home/item.html?id=6fb115ad9be94fb8a813f9766fcf0e1c,Key Dayton Parcel Data with results of 2025/2026 Housing Condition Survey (includes 2023 grades)
Dayton Mediation Response Unit Calls for Service,City of Dayton,Richard.Bailey@DaytonOhio.gov (City of Dayton GIS / PND),public safety,City of Dayton,,"Public — ArcGIS REST API, no auth",live service (verify),"ArcGIS FeatureServer/MapServer; GeoJSON, CSV, Shapefile export",,,2026-05-15,,N,"Map,Query,Data",,,,https://maps.daytonohio.gov/gisservices/rest/services/Police/MediationResponseUnit_CFS/MapServer/0,https://daytonohio.maps.arcgis.com/home/item.html?id=a247bc1c8a6a42ba8dfd21f01ed3d043,Dayton Mediation Response Unit Calls for Service
Dayton Neighborhood,City of Dayton,Richard.Bailey@DaytonOhio.gov (City of Dayton GIS / PND),geography/reference,City of Dayton,neighborhood,"Public — ArcGIS REST API, no auth",live service (verify),"ArcGIS FeatureServer/MapServer; GeoJSON, CSV, Shapefile export",,0,2022-08-05,,N,"Map,Query,Data",,,,https://maps.daytonohio.gov/gisservices/rest/services/PublicWorks/COD_Neighborhoods/MapServer/0,https://daytonohio.maps.arcgis.com/home/item.html?id=60e89f96d252430db59547f5782f9f55,City of Dayton Neighborhood Boundaries & Labels
Dayton Neighborhood Boundary,City of Dayton,Richard.Bailey@DaytonOhio.gov (City of Dayton GIS / PND),geography/reference,City of Dayton,neighborhood,"Public — ArcGIS REST API, no auth",live service (verify),"ArcGIS FeatureServer/MapServer; GeoJSON, CSV, Shapefile export",,66,2025-11-17,Y,Y,Query,,,,https://services2.arcgis.com/3dDB2Kk6kuA2gIGw/arcgis/rest/services/Dayton_Neighborhood_Boundary/FeatureServer,https://daytonohio.maps.arcgis.com/home/item.html?id=35108bb0737947bdb68836ab3bb390d1,
Dayton Neighborhoods,City of Dayton,emma.jewell (City of Dayton GIS / PND),geography/reference,City of Dayton,neighborhood,"Public — ArcGIS REST API, no auth",live service (verify),"ArcGIS FeatureServer/MapServer; GeoJSON, CSV, Shapefile export",,194,2018-11-09,Y,Y,"Map,Query,Data",,,,https://maps.daytonohio.gov/gisservices/rest/services/Base/Dayton_Neighborhoods/MapServer,https://daytonohio.maps.arcgis.com/home/item.html?id=0f0ae3f184a34d8e95bb87f94f95e88e,City of Dayton Neighborhoods
Dayton Parcels for Street Light Viewer,City of Dayton,Richard.Bailey@DaytonOhio.gov (City of Dayton GIS / PND),ownership/transfers,City of Dayton,parcel,"Public — ArcGIS REST API, no auth",live service (verify),"ArcGIS FeatureServer/MapServer; GeoJSON, CSV, Shapefile export",,0,2023-08-21,,N,"Map,Query,Data",,,,https://maps.daytonohio.gov/gisservices/rest/services/PublicWorks/DaytonParcel/MapServer/0,https://daytonohio.maps.arcgis.com/home/item.html?id=04384382287a4392a6b7456060c7ae6c,
Dayton Recovery Plan (ARPA),City of Dayton,City of Dayton,code enforcement,Montgomery County,,Public web,,Hub site,,,,Y,,,,,,https://dayton-recovery-plan-daytonohio.hub.arcgis.com,https://dayton-recovery-plan-daytonohio.hub.arcgis.com,ARPA spending incl. housing/nuisance abatement programs.
Dayton Recovery Plan Input Form_results,City of Dayton,Frank.Boateng_DaytonOhio (City of Dayton GIS / PND),investment/projects,City of Dayton,,"Public — ArcGIS REST API, no auth",live service (verify),"ArcGIS FeatureServer/MapServer; GeoJSON, CSV, Shapefile export",,,2024-04-16,,Y,"Query,Extract",,,,https://services2.arcgis.com/3dDB2Kk6kuA2gIGw/arcgis/rest/services/survey123_1eba465e83ed484f83be9235b41619a2_results/FeatureServer,https://daytonohio.maps.arcgis.com/home/item.html?id=74f724b29cd84ce9909b3ca9f6a44b4b,
Dayton Recreation Centers,City of Dayton,Richard.Bailey@DaytonOhio.gov (City of Dayton GIS / PND),,City of Dayton,,"Public — ArcGIS REST API, no auth",live service (verify),"ArcGIS FeatureServer/MapServer; GeoJSON, CSV, Shapefile export",,,2025-03-13,,Y,Query,,,,https://services2.arcgis.com/3dDB2Kk6kuA2gIGw/arcgis/rest/services/Dayton_Recreation_Centers/FeatureServer,https://daytonohio.maps.arcgis.com/home/item.html?id=1aec41ff703043bda212c39335c957a5,
Dayton SM Snow Plows (Current GPS),City of Dayton,Richard.Bailey@DaytonOhio.gov (City of Dayton GIS / PND),affordability/tenure,City of Dayton,jurisdiction/county,"Public — ArcGIS REST API, no auth",live service (verify),"ArcGIS FeatureServer/MapServer; GeoJSON, CSV, Shapefile export",,,2019-01-08,,N,service unreachable: <urlopen error [Errno 8] nodename nor s,,,,https://gomapgeodb3.calamp.com/arcgis/rest/services/DaytonCVS/FeatureServer,https://daytonohio.maps.arcgis.com/home/item.html?id=0df04bd7622e4959b2b087cb6341dd69,City of Dayton Street Maintenance Snow Plows - Current AVL/GPS Location
Dayton SM Vehicles (Current GPS),City of Dayton,Richard.Bailey@DaytonOhio.gov (City of Dayton GIS / PND),affordability/tenure,City of Dayton,jurisdiction/county,"Public — ArcGIS REST API, no auth",live service (verify),"ArcGIS FeatureServer/MapServer; GeoJSON, CSV, Shapefile export",,,2020-05-15,,N,service unreachable: <urlopen error [Errno 8] nodename nor s,,,,https://gomapgeodb3.calamp.com/arcgis/rest/services/DaytonCVS/FeatureServer,https://daytonohio.maps.arcgis.com/home/item.html?id=a27838feee334c33aea8265735f34351,City of Dayton Street Maintenance Vehicles - Current AVL/GPS Location
Dayton Street Sweeper Routes,City of Dayton,Richard.Bailey@DaytonOhio.gov (City of Dayton GIS / PND),geography/reference,City of Dayton,,"Public — ArcGIS REST API, no auth",live service (verify),"ArcGIS FeatureServer/MapServer; GeoJSON, CSV, Shapefile export",,,2025-06-30,,Y,Query,,,,https://services2.arcgis.com/3dDB2Kk6kuA2gIGw/arcgis/rest/services/Dayton_Street_Sweeper_Routes/FeatureServer,https://daytonohio.maps.arcgis.com/home/item.html?id=de7a59eca1e04cafbf5d68cc1bb2f469,Street Sweeper Route Centerline
Dayton Transparency Portal,City of Dayton,City of Dayton,public safety,Montgomery County,,Public web,,Hub site,,,,,,,,,,https://dayton-transparency-portal-1-DaytonOhio.hub.arcgis.com,https://dayton-transparency-portal-1-DaytonOhio.hub.arcgis.com,"Police calls for service, arrests, stops, use of force."
Dayton Used Address,City of Dayton,emma.jewell (City of Dayton GIS / PND),geography/reference,City of Dayton,address/point,"Public — ArcGIS REST API, no auth",live service (verify),"ArcGIS FeatureServer/MapServer; GeoJSON, CSV, Shapefile export",,163184,2018-11-09,Y,Y,"Map,Query,Data",,,,https://maps.daytonohio.gov/gisservices/rest/services/Basemaps/Dayton_Used_Address/MapServer,https://daytonohio.maps.arcgis.com/home/item.html?id=b8686f462c354e82909d46257cc56297,This layer contains the labels for all used addresses within the city of Dayton city limits.
Dayton WC Vehicles (Current GPS),City of Dayton,Richard.Bailey@DaytonOhio.gov (City of Dayton GIS / PND),affordability/tenure,City of Dayton,jurisdiction/county,"Public — ArcGIS REST API, no auth",live service (verify),"ArcGIS FeatureServer/MapServer; GeoJSON, CSV, Shapefile export",,,2019-01-18,,N,service unreachable: <urlopen error [Errno 8] nodename nor s,,,,https://gomapgeodb3.calamp.com/arcgis/rest/services/DaytonCVS/FeatureServer,https://daytonohio.maps.arcgis.com/home/item.html?id=bb86b94b8d3f47eb9aac055603b41158,City of Dayton Waste Collection Vehicles - Current AVL/GPS Location
Dayton_Alleys_03012023,City of Dayton,Richard.Bailey@DaytonOhio.gov (City of Dayton GIS / PND),,City of Dayton,,"Public — ArcGIS REST API, no auth",live service (verify),"ArcGIS FeatureServer/MapServer; GeoJSON, CSV, Shapefile export",,,2023-03-02,,Y,Query,,,,https://services2.arcgis.com/3dDB2Kk6kuA2gIGw/arcgis/rest/services/Dayton_Alleys_03012023/FeatureServer,https://daytonohio.maps.arcgis.com/home/item.html?id=ea47d8b937b44f4689006ab455749224,Dayton alley features filtered (MVRPC_FC=alley OR Type_=alley) from PW_Centerline
Dayton_Land_Use_Council_Areas,City of Dayton,Richard.Bailey@DaytonOhio.gov (City of Dayton GIS / PND),zoning/land use,City of Dayton,,"Public — ArcGIS REST API, no auth",live service (verify),"ArcGIS FeatureServer/MapServer; GeoJSON, CSV, Shapefile export",,,2026-03-18,,Y,Query,,,,https://services2.arcgis.com/3dDB2Kk6kuA2gIGw/arcgis/rest/services/Dayton_Land_Use_Council_Areas/FeatureServer,https://daytonohio.maps.arcgis.com/home/item.html?id=96f8c824bd08415eaf69ef06adcdcb37,
DAYTON_NEIGHBORHOODS,City of Dayton,Richard.Bailey@DaytonOhio.gov (City of Dayton GIS / PND),geography/reference,City of Dayton,neighborhood,"Public — ArcGIS REST API, no auth",live service (verify),"ArcGIS FeatureServer/MapServer; GeoJSON, CSV, Shapefile export",,65,2025-11-17,Y,Y,Query,,,,https://services2.arcgis.com/3dDB2Kk6kuA2gIGw/arcgis/rest/services/DAYTON_NEIGHBORHOODS/FeatureServer,https://daytonohio.maps.arcgis.com/home/item.html?id=1daffd367a784eb8b3bebdaab4309056,
Dayton_ServiceLineInventory_public,City of Dayton,LCRR_Developer (City of Dayton GIS / PND),,City of Dayton,jurisdiction/county,"Public — ArcGIS REST API, no auth",live service (verify),"ArcGIS FeatureServer/MapServer; GeoJSON, CSV, Shapefile export",,,2026-06-16,,Y,Query,,,,https://services2.arcgis.com/3dDB2Kk6kuA2gIGw/arcgis/rest/services/Dayton_ServiceLineInventory_public/FeatureServer,https://daytonohio.maps.arcgis.com/home/item.html?id=1f02d7109367454abb29ba2c8c3e3901,City of Dayton's service line inventory read only PUBLIC view for all external GIS applications. 
DaytonBasemap_Hansen,City of Dayton,emma.jewell (City of Dayton GIS / PND),geography/reference,City of Dayton,,"Public — ArcGIS REST API, no auth",live service (verify),"ArcGIS FeatureServer/MapServer; GeoJSON, CSV, Shapefile export",,,2020-05-19,,N,"Map,Query,Data",,,,http://maps.daytonohio.gov/gisservices/rest/services/Basemaps_105_1/DaytonBasemap_Hansen/MapServer,https://daytonohio.maps.arcgis.com/home/item.html?id=3f8fe45c9f7b46a8bbbb8f58dca01879,
DaytonBasemap_MC_AuxSphere_TEST,City of Dayton,City of Dayton GIS,geography/reference,City of Dayton,,"Public — ArcGIS REST API, no auth",live service (verify),ArcGIS MapServer,,1 layers,,,,,,,,https://maps.daytonohio.gov/gisservices/rest/services/DaytonBasemap_MC_AuxSphere_TEST/MapServer,https://maps.daytonohio.gov/gisservices/rest/services,
DaytonBasemap_MC_FT_All,City of Dayton,emma.jewell (City of Dayton GIS / PND),geography/reference,City of Dayton,jurisdiction/county,"Public — ArcGIS REST API, no auth",live service (verify),"ArcGIS FeatureServer/MapServer; GeoJSON, CSV, Shapefile export",,,2018-11-09,,Y,"Map,Query,Data",,,,https://maps.daytonohio.gov/gisservices/rest/services/Basemaps/DaytonBasemap_MC_FT_All/MapServer,https://daytonohio.maps.arcgis.com/home/item.html?id=585ba05af9484e3591451dd303c7262a,
DaytonBlockGroups,City of Dayton,City of Dayton GIS,demographics,City of Dayton,block group,"Public — ArcGIS REST API, no auth",live service (verify),ArcGIS MapServer,,1 layers,,,,,,,,https://maps.daytonohio.gov/gisservices/rest/services/DaytonBlockGroups/MapServer,https://maps.daytonohio.gov/gisservices/rest/services,
DaytonNeighborhoods_Population,City of Dayton,barnold_Dayton_OH (City of Dayton GIS / PND),demographics,City of Dayton,neighborhood,"Public — ArcGIS REST API, no auth",live service (verify),"ArcGIS FeatureServer/MapServer; GeoJSON, CSV, Shapefile export",,65,2024-12-17,Y,Y,Query,,,,https://services2.arcgis.com/3dDB2Kk6kuA2gIGw/arcgis/rest/services/DaytonNeighborhoods_Population/FeatureServer,https://daytonohio.maps.arcgis.com/home/item.html?id=db15c07a033a45bcbd70dbc34a855eed,Feature layer generated from Enrich Layers
DaytonParcels,City of Dayton,Cameron.Goschinski (City of Dayton GIS / PND),ownership/transfers,City of Dayton,parcel,"Public — ArcGIS REST API, no auth",live service (verify),"ArcGIS FeatureServer/MapServer; GeoJSON, CSV, Shapefile export",,88668,2026-06-16,Y,Y,Query,,,,https://services2.arcgis.com/3dDB2Kk6kuA2gIGw/arcgis/rest/services/DaytonParcels/FeatureServer,https://daytonohio.maps.arcgis.com/home/item.html?id=3739662ce48242b4852411a5fe883796,
Department Staffing Summary,City of Dayton,Frank.Boateng_DaytonOhio (City of Dayton GIS / PND),,City of Dayton,,"Public — ArcGIS REST API, no auth",live service (verify),"ArcGIS FeatureServer/MapServer; GeoJSON, CSV, Shapefile export",,,2021-05-27,,Y,"Create,Delete,Query,Update,Editing,Extract",,,,https://services2.arcgis.com/3dDB2Kk6kuA2gIGw/arcgis/rest/services/service_6ca2882b9ad64177b793c174e03ba4a3/FeatureServer,https://daytonohio.maps.arcgis.com/home/item.html?id=abfe9a5ff2cb458290cc475a55fd813c,
Department Staffing Summary,City of Dayton,Frank.Boateng_DaytonOhio (City of Dayton GIS / PND),,City of Dayton,,"Public — ArcGIS REST API, no auth",live service (verify),"ArcGIS FeatureServer/MapServer; GeoJSON, CSV, Shapefile export",,,2021-06-15,,Y,"Create,Delete,Query,Update,Editing,Extract",,,,https://services2.arcgis.com/3dDB2Kk6kuA2gIGw/arcgis/rest/services/service_06fc6b6c6b684c64a069e3a9fec732fc/FeatureServer,https://daytonohio.maps.arcgis.com/home/item.html?id=fa04032c2f4b48048f933a4a2f662e0e,
Department Staffing Summary Revised,City of Dayton,Frank.Boateng_DaytonOhio (City of Dayton GIS / PND),,City of Dayton,,"Public — ArcGIS REST API, no auth",live service (verify),"ArcGIS FeatureServer/MapServer; GeoJSON, CSV, Shapefile export",,,2021-06-09,,Y,"Create,Delete,Query,Update,Editing,Extract",,,,https://services2.arcgis.com/3dDB2Kk6kuA2gIGw/arcgis/rest/services/service_efc7929e39234037a11c4b75069e0b19/FeatureServer,https://daytonohio.maps.arcgis.com/home/item.html?id=310ba321453b41bb95897c92a1fccc2f,
Department Staffing Summary_stakeholder,City of Dayton,Frank.Boateng_DaytonOhio (City of Dayton GIS / PND),,City of Dayton,,"Public — ArcGIS REST API, no auth",live service (verify),"ArcGIS FeatureServer/MapServer; GeoJSON, CSV, Shapefile export",,,2020-04-13,,Y,"Query,Extract",,,,https://services2.arcgis.com/3dDB2Kk6kuA2gIGw/arcgis/rest/services/survey123_a4f85fc9b94d4e89b6a1a1a47403623b_stakeholder/FeatureServer,https://daytonohio.maps.arcgis.com/home/item.html?id=d2fa966ad5c24a0093916bd35dd89240,
Deployment Points,City of Dayton,Frank.Boateng_DaytonOhio (City of Dayton GIS / PND),,City of Dayton,address/point,"Public — ArcGIS REST API, no auth",live service (verify),"ArcGIS FeatureServer/MapServer; GeoJSON, CSV, Shapefile export",,,2021-09-14,,Y,"Create,Delete,Query,Update,Editing,Sync",,,,https://services2.arcgis.com/3dDB2Kk6kuA2gIGw/arcgis/rest/services/Deployment_Points/FeatureServer,https://daytonohio.maps.arcgis.com/home/item.html?id=e59562a7928d4c21b8cc8dd7752dd12c,Deployment Points
Downtown Tree Inventory,City of Dayton,Bryan.Urban@daytonohio.gov (City of Dayton GIS / PND),investment/projects,City of Dayton,,"Public — ArcGIS REST API, no auth",live service (verify),"ArcGIS FeatureServer/MapServer; GeoJSON, CSV, Shapefile export",,,2024-07-19,,Y,"Create,Delete,Query,Update,Editing,Extract,Sync",,,,https://services2.arcgis.com/3dDB2Kk6kuA2gIGw/arcgis/rest/services/survey123_e1cfce99214d45818f1d657485f1c6cd/FeatureServer,https://daytonohio.maps.arcgis.com/home/item.html?id=2d587e58d66b448a8f72ec58c1dc6639,Street Tree Inventory for Sidewalk improvement project.
Drone Imagery Digital Surface Model,City of Dayton,Frank.Boateng_DaytonOhio (City of Dayton GIS / PND),,City of Dayton,,"Public — ArcGIS REST API, no auth",live service (verify),"ArcGIS FeatureServer/MapServer; GeoJSON, CSV, Shapefile export",,,2021-09-08,,N,"Map,TilesOnly",,,,https://tiles.arcgis.com/tiles/3dDB2Kk6kuA2gIGw/arcgis/rest/services/Drone_Imagery_Digital_Surface_Model/MapServer,https://daytonohio.maps.arcgis.com/home/item.html?id=6a9d9e8f1d8242edb4c25865f348f164,Drone
Drone Imagery Digital Terrain Model,City of Dayton,Frank.Boateng_DaytonOhio (City of Dayton GIS / PND),,City of Dayton,,"Public — ArcGIS REST API, no auth",live service (verify),"ArcGIS FeatureServer/MapServer; GeoJSON, CSV, Shapefile export",,,2021-09-08,,N,"Map,TilesOnly",,,,https://tiles.arcgis.com/tiles/3dDB2Kk6kuA2gIGw/arcgis/rest/services/Drone_Imagery_Digital_Terrain_Model/MapServer,https://daytonohio.maps.arcgis.com/home/item.html?id=8594a4940fe14a78bd93107bb0f98ab7,Drone
Drone Imagery Flight Data,City of Dayton,Frank.Boateng_DaytonOhio (City of Dayton GIS / PND),infrastructure,City of Dayton,,"Public — ArcGIS REST API, no auth",live service (verify),"ArcGIS FeatureServer/MapServer; GeoJSON, CSV, Shapefile export",,,2021-09-08,,Y,Query,,,,https://services2.arcgis.com/3dDB2Kk6kuA2gIGw/arcgis/rest/services/Drone_Imagery_Flight_Data/FeatureServer,https://daytonohio.maps.arcgis.com/home/item.html?id=464a9b3045304155b5cfa1e60c760a8a,Drone
Drone Imagery Orthomosaic,City of Dayton,Frank.Boateng_DaytonOhio (City of Dayton GIS / PND),,City of Dayton,,"Public — ArcGIS REST API, no auth",live service (verify),"ArcGIS FeatureServer/MapServer; GeoJSON, CSV, Shapefile export",,,2021-09-08,,N,"Map,TilesOnly",,,,https://tiles.arcgis.com/tiles/3dDB2Kk6kuA2gIGw/arcgis/rest/services/Drone_Imagery_Orthomosaic/MapServer,https://daytonohio.maps.arcgis.com/home/item.html?id=7502a3d664134fff8bb1a42d4568c42c,Drone
Drone Imagery Request_form,City of Dayton,Frank.Boateng_DaytonOhio (City of Dayton GIS / PND),,City of Dayton,address/point,"Public — ArcGIS REST API, no auth",live service (verify),"ArcGIS FeatureServer/MapServer; GeoJSON, CSV, Shapefile export",,,2023-05-08,,N,"Create,Editing",,,,https://services2.arcgis.com/3dDB2Kk6kuA2gIGw/arcgis/rest/services/survey123_e0bfcfbb947440f3bfd95100cc78e14f_form/FeatureServer,https://daytonohio.maps.arcgis.com/home/item.html?id=b665b3e41c8c4520828217405ecd62f9,
Drone Imagery Request_results,City of Dayton,Frank.Boateng_DaytonOhio (City of Dayton GIS / PND),,City of Dayton,address/point,"Public — ArcGIS REST API, no auth",live service (verify),"ArcGIS FeatureServer/MapServer; GeoJSON, CSV, Shapefile export",,,2023-04-27,,Y,"Query,Extract",,,,https://services2.arcgis.com/3dDB2Kk6kuA2gIGw/arcgis/rest/services/survey123_e0bfcfbb947440f3bfd95100cc78e14f_results/FeatureServer,https://daytonohio.maps.arcgis.com/home/item.html?id=e249b3b5d5cd44fa9d62910421b5a384,
DRP Map Locations,City of Dayton,Richard.Bailey@DaytonOhio.gov (City of Dayton GIS / PND),,City of Dayton,,"Public — ArcGIS REST API, no auth",live service (verify),"ArcGIS FeatureServer/MapServer; GeoJSON, CSV, Shapefile export",,,2024-12-08,,Y,Query,,,,https://services2.arcgis.com/3dDB2Kk6kuA2gIGw/arcgis/rest/services/DRP_Map/FeatureServer,https://daytonohio.maps.arcgis.com/home/item.html?id=75e0f09aedcc492093a759bda3e0d018,
DRP News Releases Test,City of Dayton,Richard.Bailey@DaytonOhio.gov (City of Dayton GIS / PND),,City of Dayton,,"Public — ArcGIS REST API, no auth",live service (verify),"ArcGIS FeatureServer/MapServer; GeoJSON, CSV, Shapefile export",,,2024-04-16,,Y,Query,,,,https://services2.arcgis.com/3dDB2Kk6kuA2gIGw/arcgis/rest/services/DRP_News_Releases_Test/FeatureServer,https://daytonohio.maps.arcgis.com/home/item.html?id=38865ead4c734ef6a2134fa4bcab44ee,
DRP Request Form - Copy_form,City of Dayton,Richard.Bailey@DaytonOhio.gov (City of Dayton GIS / PND),,City of Dayton,address/point,"Public — ArcGIS REST API, no auth",live service (verify),"ArcGIS FeatureServer/MapServer; GeoJSON, CSV, Shapefile export",,,2024-03-14,,N,"Create,Editing",,,,https://services2.arcgis.com/3dDB2Kk6kuA2gIGw/arcgis/rest/services/survey123_ab2fc21c7605432897342a7d0669d7eb_form/FeatureServer,https://daytonohio.maps.arcgis.com/home/item.html?id=d975e279fd5645c986a17866f247fcbc,
DRP Request Form Inputs (System File),City of Dayton,Richard.Bailey@DaytonOhio.gov (City of Dayton GIS / PND),,City of Dayton,address/point,"Public — ArcGIS REST API, no auth",live service (verify),"ArcGIS FeatureServer/MapServer; GeoJSON, CSV, Shapefile export",,,2022-11-17,,N,"Create,Editing",,,,https://services2.arcgis.com/3dDB2Kk6kuA2gIGw/arcgis/rest/services/survey123_ee2cbe74d96545b5819fb591b183e2e2_form/FeatureServer,https://daytonohio.maps.arcgis.com/home/item.html?id=f8cb7053334b49c3bcf01ea1cc324a78,
EMapDocumentsAccelaAccelaIncidents_UPDATEAccelaIncidents_UPDATE.aprx,City of Dayton,emma.jewell (City of Dayton GIS / PND),code enforcement,City of Dayton,address/point,"Public — ArcGIS REST API, no auth",live service (verify),"ArcGIS FeatureServer/MapServer; GeoJSON, CSV, Shapefile export",,,2023-01-19,Y,Y,"Query,Map,Data",,,,https://maps.daytonohio.gov/gisservices/rest/services/Accela_UPDATES/AccelaIncidents_UPDATE/MapServer,https://daytonohio.maps.arcgis.com/home/item.html?id=7fcd7090e8ac4c8593c8b5b95af7323e,
EmergencyManagement/Active_Fire_Calls_eoc,City of Dayton,City of Dayton GIS,public safety,City of Dayton,,"Public — ArcGIS REST API, no auth",live service (verify),ArcGIS MapServer,,1 layers,,,,,,,,https://maps.daytonohio.gov/gisservices/rest/services/EmergencyManagement/Active_Fire_Calls_eoc/MapServer,https://maps.daytonohio.gov/gisservices/rest/services,
EmergencyManagement/Police_Fire_Events_eoc,City of Dayton,City of Dayton GIS,public safety,City of Dayton,,"Public — ArcGIS REST API, no auth",live service (verify),ArcGIS FeatureServer,,8 layers,,,,,,,,https://maps.daytonohio.gov/gisservices/rest/services/EmergencyManagement/Police_Fire_Events_eoc/FeatureServer,https://maps.daytonohio.gov/gisservices/rest/services,
EmergencyManagement/Police_Fire_Events_eoc,City of Dayton,City of Dayton GIS,public safety,City of Dayton,,"Public — ArcGIS REST API, no auth",live service (verify),ArcGIS MapServer,,8 layers,,,,,,,,https://maps.daytonohio.gov/gisservices/rest/services/EmergencyManagement/Police_Fire_Events_eoc/MapServer,https://maps.daytonohio.gov/gisservices/rest/services,
EmergencyManagement/PoliceActiveCalls_EOC__,City of Dayton,City of Dayton GIS,public safety,City of Dayton,,"Public — ArcGIS REST API, no auth",live service (verify),ArcGIS MapServer,,1 layers,,,,,,,,https://maps.daytonohio.gov/gisservices/rest/services/EmergencyManagement/PoliceActiveCalls_EOC__/MapServer,https://maps.daytonohio.gov/gisservices/rest/services,
EmergencyManagement/Road_Closures,City of Dayton,City of Dayton GIS,,City of Dayton,,"Public — ArcGIS REST API, no auth",live service (verify),ArcGIS FeatureServer,,3 layers,,,,,,,,https://maps.daytonohio.gov/gisservices/rest/services/EmergencyManagement/Road_Closures/FeatureServer,https://maps.daytonohio.gov/gisservices/rest/services,
EmergencyManagement/Road_Closures,City of Dayton,City of Dayton GIS,,City of Dayton,,"Public — ArcGIS REST API, no auth",live service (verify),ArcGIS MapServer,,3 layers,,,,,,,,https://maps.daytonohio.gov/gisservices/rest/services/EmergencyManagement/Road_Closures/MapServer,https://maps.daytonohio.gov/gisservices/rest/services,
EmergencyManagement/StructureConditions_EOC,City of Dayton,City of Dayton GIS,condition/quality,City of Dayton,,"Public — ArcGIS REST API, no auth",live service (verify),ArcGIS FeatureServer,,2 layers,,,,,,,,https://maps.daytonohio.gov/gisservices/rest/services/EmergencyManagement/StructureConditions_EOC/FeatureServer,https://maps.daytonohio.gov/gisservices/rest/services,
EmergencyManagement/StructureConditions_EOC,City of Dayton,City of Dayton GIS,condition/quality,City of Dayton,,"Public — ArcGIS REST API, no auth",live service (verify),ArcGIS MapServer,,2 layers,,,,,,,,https://maps.daytonohio.gov/gisservices/rest/services/EmergencyManagement/StructureConditions_EOC/MapServer,https://maps.daytonohio.gov/gisservices/rest/services,
EmergencyManagement/Volunteer_Info_EOC,City of Dayton,City of Dayton GIS,,City of Dayton,,"Public — ArcGIS REST API, no auth",live service (verify),ArcGIS FeatureServer,,1 layers,,,,,,,,https://maps.daytonohio.gov/gisservices/rest/services/EmergencyManagement/Volunteer_Info_EOC/FeatureServer,https://maps.daytonohio.gov/gisservices/rest/services,
EmergencyManagement/Volunteer_Info_EOC,City of Dayton,City of Dayton GIS,,City of Dayton,,"Public — ArcGIS REST API, no auth",live service (verify),ArcGIS MapServer,,1 layers,,,,,,,,https://maps.daytonohio.gov/gisservices/rest/services/EmergencyManagement/Volunteer_Info_EOC/MapServer,https://maps.daytonohio.gov/gisservices/rest/services,
Employee Suggestion Program View for Monitors,City of Dayton,emma.jewell (City of Dayton GIS / PND),condition/quality,City of Dayton,neighborhood,"Public — ArcGIS REST API, no auth",live service (verify),"ArcGIS FeatureServer/MapServer; GeoJSON, CSV, Shapefile export",,,2025-08-18,,Y,Query,,,,https://services2.arcgis.com/3dDB2Kk6kuA2gIGw/arcgis/rest/services/Employee_Suggestion_Program_View_for_Monitors/FeatureServer,https://daytonohio.maps.arcgis.com/home/item.html?id=eb6ff01941804ef4b12a6255edfd820a,The Suggestion Program is designed to help employees develop and demonstrate their initiative and ingenuity by providing them with an opportunity to offer constructive ideas for improving Water operat
Employee Suggestion Program_form,City of Dayton,emma.jewell (City of Dayton GIS / PND),investment/projects,City of Dayton,,"Public — ArcGIS REST API, no auth",live service (verify),"ArcGIS FeatureServer/MapServer; GeoJSON, CSV, Shapefile export",,,2023-08-23,,N,"Create,Editing",,,,https://services2.arcgis.com/3dDB2Kk6kuA2gIGw/arcgis/rest/services/survey123_ff4b6241aa024a02865dc32e76e360b8_form/FeatureServer,https://daytonohio.maps.arcgis.com/home/item.html?id=f9963911edb34604ac1bb511c889d870,
End of Summer Co-Op Going Away Party_form,City of Dayton,jenny.schulz (City of Dayton GIS / PND),,City of Dayton,,"Public — ArcGIS REST API, no auth",live service (verify),"ArcGIS FeatureServer/MapServer; GeoJSON, CSV, Shapefile export",,,2026-07-10,,N,"Create,Editing",,,,https://services2.arcgis.com/3dDB2Kk6kuA2gIGw/arcgis/rest/services/survey123_a5044501a79c4560a6599ccbcede191e_form/FeatureServer,https://daytonohio.maps.arcgis.com/home/item.html?id=4d9ade995ad141f084a9a3e285b5341f,
Engineering/Bridges,City of Dayton,City of Dayton GIS,infrastructure,City of Dayton,,"Public — ArcGIS REST API, no auth",live service (verify),ArcGIS MapServer,,1 layers,,,,,,,,https://maps.daytonohio.gov/gisservices/rest/services/Engineering/Bridges/MapServer,https://maps.daytonohio.gov/gisservices/rest/services,
Engineering/Building_Footprints,City of Dayton,City of Dayton GIS,,City of Dayton,,"Public — ArcGIS REST API, no auth",live service (verify),ArcGIS MapServer,,1 layers,,,,,,,,https://maps.daytonohio.gov/gisservices/rest/services/Engineering/Building_Footprints/MapServer,https://maps.daytonohio.gov/gisservices/rest/services,
Engineering/COD_Corp_Limits,City of Dayton,City of Dayton GIS,,City of Dayton,,"Public — ArcGIS REST API, no auth",live service (verify),ArcGIS MapServer,,1 layers,,,,,,,,https://maps.daytonohio.gov/gisservices/rest/services/Engineering/COD_Corp_Limits/MapServer,https://maps.daytonohio.gov/gisservices/rest/services,
Engineering/Curbs,City of Dayton,City of Dayton GIS,,City of Dayton,,"Public — ArcGIS REST API, no auth",live service (verify),ArcGIS MapServer,,1 layers,,,,,,,,https://maps.daytonohio.gov/gisservices/rest/services/Engineering/Curbs/MapServer,https://maps.daytonohio.gov/gisservices/rest/services,
Engineering/Edge_Of_Pavement,City of Dayton,City of Dayton GIS,infrastructure,City of Dayton,,"Public — ArcGIS REST API, no auth",live service (verify),ArcGIS MapServer,,1 layers,,,,,,,,https://maps.daytonohio.gov/gisservices/rest/services/Engineering/Edge_Of_Pavement/MapServer,https://maps.daytonohio.gov/gisservices/rest/services,
Engineering/OutfallInvestigation_SewerManholes,City of Dayton,City of Dayton GIS,investment/projects,City of Dayton,,"Public — ArcGIS REST API, no auth",live service (verify),ArcGIS FeatureServer,,1 layers,,,,,,,,https://maps.daytonohio.gov/gisservices/rest/services/Engineering/OutfallInvestigation_SewerManholes/FeatureServer,https://maps.daytonohio.gov/gisservices/rest/services,Layer for Storm Investigation App
Engineering/OutfallInvestigation_SewerManholes,City of Dayton,City of Dayton GIS,investment/projects,City of Dayton,,"Public — ArcGIS REST API, no auth",live service (verify),ArcGIS MapServer,,1 layers,,,,,,,,https://maps.daytonohio.gov/gisservices/rest/services/Engineering/OutfallInvestigation_SewerManholes/MapServer,https://maps.daytonohio.gov/gisservices/rest/services,Layer for Storm Investigation App
Engineering/Parcel_Layer,City of Dayton,City of Dayton GIS,ownership/transfers,City of Dayton,parcel,"Public — ArcGIS REST API, no auth",live service (verify),ArcGIS MapServer,,1 layers,,Y,,,,,,https://maps.daytonohio.gov/gisservices/rest/services/Engineering/Parcel_Layer/MapServer,https://maps.daytonohio.gov/gisservices/rest/services,
Engineering/Parking_Lots_Driveways,City of Dayton,City of Dayton GIS,,City of Dayton,,"Public — ArcGIS REST API, no auth",live service (verify),ArcGIS MapServer,,0 layers,,,,,,,,https://maps.daytonohio.gov/gisservices/rest/services/Engineering/Parking_Lots_Driveways/MapServer,https://maps.daytonohio.gov/gisservices/rest/services,
Engineering/Railroad,City of Dayton,City of Dayton GIS,,City of Dayton,,"Public — ArcGIS REST API, no auth",live service (verify),ArcGIS MapServer,,1 layers,,,,,,,,https://maps.daytonohio.gov/gisservices/rest/services/Engineering/Railroad/MapServer,https://maps.daytonohio.gov/gisservices/rest/services,
Engineering/Rivers_Pond,City of Dayton,City of Dayton GIS,,City of Dayton,,"Public — ArcGIS REST API, no auth",live service (verify),ArcGIS MapServer,,1 layers,,,,,,,,https://maps.daytonohio.gov/gisservices/rest/services/Engineering/Rivers_Pond/MapServer,https://maps.daytonohio.gov/gisservices/rest/services,
Engineering/Sidewalks,City of Dayton,City of Dayton GIS,,City of Dayton,,"Public — ArcGIS REST API, no auth",live service (verify),ArcGIS MapServer,,1 layers,,,,,,,,https://maps.daytonohio.gov/gisservices/rest/services/Engineering/Sidewalks/MapServer,https://maps.daytonohio.gov/gisservices/rest/services,
Engineering/Streams,City of Dayton,City of Dayton GIS,,City of Dayton,,"Public — ArcGIS REST API, no auth",live service (verify),ArcGIS MapServer,,1 layers,,,,,,,,https://maps.daytonohio.gov/gisservices/rest/services/Engineering/Streams/MapServer,https://maps.daytonohio.gov/gisservices/rest/services,
Engineering/Trails,City of Dayton,City of Dayton GIS,,City of Dayton,,"Public — ArcGIS REST API, no auth",live service (verify),ArcGIS MapServer,,1 layers,,,,,,,,https://maps.daytonohio.gov/gisservices/rest/services/Engineering/Trails/MapServer,https://maps.daytonohio.gov/gisservices/rest/services,
Environmental/Earth_Disturbance_Symbology_Layers,City of Dayton,City of Dayton GIS,,City of Dayton,,"Public — ArcGIS REST API, no auth",live service (verify),ArcGIS MapServer,,4 layers,,,,,,,,https://maps.daytonohio.gov/gisservices/rest/services/Environmental/Earth_Disturbance_Symbology_Layers/MapServer,https://maps.daytonohio.gov/gisservices/rest/services,
Environmental/NPMS_Pipelines,City of Dayton,City of Dayton GIS,,City of Dayton,,"Public — ArcGIS REST API, no auth",live service (verify),ArcGIS MapServer,,0 layers,,,,,,,,https://maps.daytonohio.gov/gisservices/rest/services/Environmental/NPMS_Pipelines/MapServer,https://maps.daytonohio.gov/gisservices/rest/services,
Environmental/OtherSurveyConcerns,City of Dayton,City of Dayton GIS,,City of Dayton,,"Public — ArcGIS REST API, no auth",live service (verify),ArcGIS FeatureServer,,1 layers,,,,,,,,https://maps.daytonohio.gov/gisservices/rest/services/Environmental/OtherSurveyConcerns/FeatureServer,https://maps.daytonohio.gov/gisservices/rest/services,
Environmental/OtherSurveyConcerns,City of Dayton,City of Dayton GIS,,City of Dayton,,"Public — ArcGIS REST API, no auth",live service (verify),ArcGIS MapServer,,1 layers,,,,,,,,https://maps.daytonohio.gov/gisservices/rest/services/Environmental/OtherSurveyConcerns/MapServer,https://maps.daytonohio.gov/gisservices/rest/services,
Environmental/OutfallInvestigation_SewerLaterals,City of Dayton,City of Dayton GIS,investment/projects,City of Dayton,,"Public — ArcGIS REST API, no auth",live service (verify),ArcGIS FeatureServer,,1 layers,,,,,,,,https://maps.daytonohio.gov/gisservices/rest/services/Environmental/OutfallInvestigation_SewerLaterals/FeatureServer,https://maps.daytonohio.gov/gisservices/rest/services,Feature layer used for Outfall Investigation App
Environmental/OutfallInvestigation_SewerLaterals,City of Dayton,City of Dayton GIS,investment/projects,City of Dayton,,"Public — ArcGIS REST API, no auth",live service (verify),ArcGIS MapServer,,1 layers,,,,,,,,https://maps.daytonohio.gov/gisservices/rest/services/Environmental/OutfallInvestigation_SewerLaterals/MapServer,https://maps.daytonohio.gov/gisservices/rest/services,Feature layer used for Outfall Investigation App
Environmental/OutfallInvestigation_SewerManholes,City of Dayton,City of Dayton GIS,investment/projects,City of Dayton,,"Public — ArcGIS REST API, no auth",live service (verify),ArcGIS FeatureServer,,1 layers,,,,,,,,https://maps.daytonohio.gov/gisservices/rest/services/Environmental/OutfallInvestigation_SewerManholes/FeatureServer,https://maps.daytonohio.gov/gisservices/rest/services,Layer for Storm Investigation App
Environmental/OutfallInvestigation_SewerManholes,City of Dayton,City of Dayton GIS,investment/projects,City of Dayton,,"Public — ArcGIS REST API, no auth",live service (verify),ArcGIS MapServer,,1 layers,,,,,,,,https://maps.daytonohio.gov/gisservices/rest/services/Environmental/OutfallInvestigation_SewerManholes/MapServer,https://maps.daytonohio.gov/gisservices/rest/services,Layer for Storm Investigation App
Environmental/OutfallInvestigation_StormDischargePoints,City of Dayton,City of Dayton GIS,investment/projects,City of Dayton,address/point,"Public — ArcGIS REST API, no auth",live service (verify),ArcGIS FeatureServer,,1 layers,,,,,,,,https://maps.daytonohio.gov/gisservices/rest/services/Environmental/OutfallInvestigation_StormDischargePoints/FeatureServer,https://maps.daytonohio.gov/gisservices/rest/services,Feature Later used for Storm Investigation Application
Environmental/OutfallInvestigation_StormDischargePoints,City of Dayton,City of Dayton GIS,investment/projects,City of Dayton,address/point,"Public — ArcGIS REST API, no auth",live service (verify),ArcGIS MapServer,,1 layers,,,,,,,,https://maps.daytonohio.gov/gisservices/rest/services/Environmental/OutfallInvestigation_StormDischargePoints/MapServer,https://maps.daytonohio.gov/gisservices/rest/services,Feature Later used for Storm Investigation Application
Environmental/OutfallInvestigation_StormInlets,City of Dayton,City of Dayton GIS,investment/projects,City of Dayton,,"Public — ArcGIS REST API, no auth",live service (verify),ArcGIS FeatureServer,,1 layers,,,,,,,,https://maps.daytonohio.gov/gisservices/rest/services/Environmental/OutfallInvestigation_StormInlets/FeatureServer,https://maps.daytonohio.gov/gisservices/rest/services,Feature layer for Storm Investigation Application
Environmental/OutfallInvestigation_StormInlets,City of Dayton,City of Dayton GIS,investment/projects,City of Dayton,,"Public — ArcGIS REST API, no auth",live service (verify),ArcGIS MapServer,,1 layers,,,,,,,,https://maps.daytonohio.gov/gisservices/rest/services/Environmental/OutfallInvestigation_StormInlets/MapServer,https://maps.daytonohio.gov/gisservices/rest/services,Feature layer for Storm Investigation Application
Environmental/OutfallInvestigation_StormManholes,City of Dayton,City of Dayton GIS,investment/projects,City of Dayton,,"Public — ArcGIS REST API, no auth",live service (verify),ArcGIS FeatureServer,,1 layers,,,,,,,,https://maps.daytonohio.gov/gisservices/rest/services/Environmental/OutfallInvestigation_StormManholes/FeatureServer,https://maps.daytonohio.gov/gisservices/rest/services,Feature Layer for Storm Investigation Application
Environmental/OutfallInvestigation_StormManholes,City of Dayton,City of Dayton GIS,investment/projects,City of Dayton,,"Public — ArcGIS REST API, no auth",live service (verify),ArcGIS MapServer,,1 layers,,,,,,,,https://maps.daytonohio.gov/gisservices/rest/services/Environmental/OutfallInvestigation_StormManholes/MapServer,https://maps.daytonohio.gov/gisservices/rest/services,Feature Layer for Storm Investigation Application
Environmental/OutfallInvestigation_SymbologyLayer,City of Dayton,City of Dayton GIS,investment/projects,City of Dayton,,"Public — ArcGIS REST API, no auth",live service (verify),ArcGIS FeatureServer,,5 layers,,,,,,,,https://maps.daytonohio.gov/gisservices/rest/services/Environmental/OutfallInvestigation_SymbologyLayer/FeatureServer,https://maps.daytonohio.gov/gisservices/rest/services,
Environmental/OutfallInvestigation_SymbologyLayer,City of Dayton,City of Dayton GIS,investment/projects,City of Dayton,,"Public — ArcGIS REST API, no auth",live service (verify),ArcGIS MapServer,,5 layers,,,,,,,,https://maps.daytonohio.gov/gisservices/rest/services/Environmental/OutfallInvestigation_SymbologyLayer/MapServer,https://maps.daytonohio.gov/gisservices/rest/services,
Environmental/OutfallInvestigationUtilityReferenceLayers,City of Dayton,City of Dayton GIS,investment/projects,City of Dayton,,"Public — ArcGIS REST API, no auth",live service (verify),ArcGIS MapServer,,41 layers,,,,,,,,https://maps.daytonohio.gov/gisservices/rest/services/Environmental/OutfallInvestigationUtilityReferenceLayers/MapServer,https://maps.daytonohio.gov/gisservices/rest/services,reference data for investigation app
Environmental/Parcels,City of Dayton,City of Dayton GIS,ownership/transfers,City of Dayton,parcel,"Public — ArcGIS REST API, no auth",live service (verify),ArcGIS FeatureServer,,1 layers,,Y,,,,,,https://maps.daytonohio.gov/gisservices/rest/services/Environmental/Parcels/FeatureServer,https://maps.daytonohio.gov/gisservices/rest/services,
Environmental/Parcels,City of Dayton,City of Dayton GIS,ownership/transfers,City of Dayton,parcel,"Public — ArcGIS REST API, no auth",live service (verify),ArcGIS MapServer,,1 layers,,Y,,,,,,https://maps.daytonohio.gov/gisservices/rest/services/Environmental/Parcels/MapServer,https://maps.daytonohio.gov/gisservices/rest/services,
Environmental/StormDrain_Artscape,City of Dayton,City of Dayton GIS,infrastructure,City of Dayton,,"Public — ArcGIS REST API, no auth",live service (verify),ArcGIS FeatureServer,,1 layers,,,,,,,,https://maps.daytonohio.gov/gisservices/rest/services/Environmental/StormDrain_Artscape/FeatureServer,https://maps.daytonohio.gov/gisservices/rest/services,
Environmental/StormDrain_Artscape,City of Dayton,City of Dayton GIS,infrastructure,City of Dayton,,"Public — ArcGIS REST API, no auth",live service (verify),ArcGIS MapServer,,1 layers,,,,,,,,https://maps.daytonohio.gov/gisservices/rest/services/Environmental/StormDrain_Artscape/MapServer,https://maps.daytonohio.gov/gisservices/rest/services,
Environmental/StormOutfallInvestigationSewerLateralLineEditing,City of Dayton,City of Dayton GIS,investment/projects,City of Dayton,,"Public — ArcGIS REST API, no auth",live service (verify),ArcGIS FeatureServer,,1 layers,,,,,,,,https://maps.daytonohio.gov/gisservices/rest/services/Environmental/StormOutfallInvestigationSewerLateralLineEditing/FeatureServer,https://maps.daytonohio.gov/gisservices/rest/services,Feature layer used for Outfall Investigation App
Environmental/StormOutfallInvestigationSewerLateralLineEditing,City of Dayton,City of Dayton GIS,investment/projects,City of Dayton,,"Public — ArcGIS REST API, no auth",live service (verify),ArcGIS MapServer,,1 layers,,,,,,,,https://maps.daytonohio.gov/gisservices/rest/services/Environmental/StormOutfallInvestigationSewerLateralLineEditing/MapServer,https://maps.daytonohio.gov/gisservices/rest/services,Feature layer used for Outfall Investigation App
Environmental/StormOutfallInvestigationSewerManholeEditing,City of Dayton,City of Dayton GIS,investment/projects,City of Dayton,,"Public — ArcGIS REST API, no auth",live service (verify),ArcGIS FeatureServer,,1 layers,,,,,,,,https://maps.daytonohio.gov/gisservices/rest/services/Environmental/StormOutfallInvestigationSewerManholeEditing/FeatureServer,https://maps.daytonohio.gov/gisservices/rest/services,Layer for Storm Investigation App
Environmental/StormOutfallInvestigationSewerManholeEditing,City of Dayton,City of Dayton GIS,investment/projects,City of Dayton,,"Public — ArcGIS REST API, no auth",live service (verify),ArcGIS MapServer,,1 layers,,,,,,,,https://maps.daytonohio.gov/gisservices/rest/services/Environmental/StormOutfallInvestigationSewerManholeEditing/MapServer,https://maps.daytonohio.gov/gisservices/rest/services,Layer for Storm Investigation App
Environmental/StormOutfallInvestigationStormDischargeEditing,City of Dayton,City of Dayton GIS,investment/projects,City of Dayton,,"Public — ArcGIS REST API, no auth",live service (verify),ArcGIS FeatureServer,,1 layers,,,,,,,,https://maps.daytonohio.gov/gisservices/rest/services/Environmental/StormOutfallInvestigationStormDischargeEditing/FeatureServer,https://maps.daytonohio.gov/gisservices/rest/services,Feature Later used for Storm Investigation Application
Environmental/StormOutfallInvestigationStormDischargeEditing,City of Dayton,City of Dayton GIS,investment/projects,City of Dayton,,"Public — ArcGIS REST API, no auth",live service (verify),ArcGIS MapServer,,1 layers,,,,,,,,https://maps.daytonohio.gov/gisservices/rest/services/Environmental/StormOutfallInvestigationStormDischargeEditing/MapServer,https://maps.daytonohio.gov/gisservices/rest/services,Feature Later used for Storm Investigation Application
Environmental/StormOutfallInvestigationStormInletEditing,City of Dayton,City of Dayton GIS,investment/projects,City of Dayton,,"Public — ArcGIS REST API, no auth",live service (verify),ArcGIS FeatureServer,,1 layers,,,,,,,,https://maps.daytonohio.gov/gisservices/rest/services/Environmental/StormOutfallInvestigationStormInletEditing/FeatureServer,https://maps.daytonohio.gov/gisservices/rest/services,Feature layer for Storm Investigation Application
Environmental/StormOutfallInvestigationStormInletEditing,City of Dayton,City of Dayton GIS,investment/projects,City of Dayton,,"Public — ArcGIS REST API, no auth",live service (verify),ArcGIS MapServer,,1 layers,,,,,,,,https://maps.daytonohio.gov/gisservices/rest/services/Environmental/StormOutfallInvestigationStormInletEditing/MapServer,https://maps.daytonohio.gov/gisservices/rest/services,Feature layer for Storm Investigation Application
Environmental/StormOutfallInvestigationStormManholeEditing,City of Dayton,City of Dayton GIS,investment/projects,City of Dayton,,"Public — ArcGIS REST API, no auth",live service (verify),ArcGIS FeatureServer,,1 layers,,,,,,,,https://maps.daytonohio.gov/gisservices/rest/services/Environmental/StormOutfallInvestigationStormManholeEditing/FeatureServer,https://maps.daytonohio.gov/gisservices/rest/services,Feature Layer for Storm Investigation Application
Environmental/StormOutfallInvestigationStormManholeEditing,City of Dayton,City of Dayton GIS,investment/projects,City of Dayton,,"Public — ArcGIS REST API, no auth",live service (verify),ArcGIS MapServer,,1 layers,,,,,,,,https://maps.daytonohio.gov/gisservices/rest/services/Environmental/StormOutfallInvestigationStormManholeEditing/MapServer,https://maps.daytonohio.gov/gisservices/rest/services,Feature Layer for Storm Investigation Application
Environmental/StormOutfallInvestigationSymbologyLayers,City of Dayton,City of Dayton GIS,investment/projects,City of Dayton,,"Public — ArcGIS REST API, no auth",live service (verify),ArcGIS MapServer,,5 layers,,,,,,,,https://maps.daytonohio.gov/gisservices/rest/services/Environmental/StormOutfallInvestigationSymbologyLayers/MapServer,https://maps.daytonohio.gov/gisservices/rest/services,
Environmental/StormOutfallInvestigationUtilityLayers,City of Dayton,City of Dayton GIS,investment/projects,City of Dayton,,"Public — ArcGIS REST API, no auth",live service (verify),ArcGIS MapServer,,38 layers,,,,,,,,https://maps.daytonohio.gov/gisservices/rest/services/Environmental/StormOutfallInvestigationUtilityLayers/MapServer,https://maps.daytonohio.gov/gisservices/rest/services,reference data for investigation app
Environmental/StormOutfallSamplingEditingPoints,City of Dayton,City of Dayton GIS,infrastructure,City of Dayton,address/point,"Public — ArcGIS REST API, no auth",live service (verify),ArcGIS FeatureServer,,1 layers,,,,,,,,https://maps.daytonohio.gov/gisservices/rest/services/Environmental/StormOutfallSamplingEditingPoints/FeatureServer,https://maps.daytonohio.gov/gisservices/rest/services,
Environmental/StormOutfallSamplingEditingPoints,City of Dayton,City of Dayton GIS,infrastructure,City of Dayton,address/point,"Public — ArcGIS REST API, no auth",live service (verify),ArcGIS MapServer,,1 layers,,,,,,,,https://maps.daytonohio.gov/gisservices/rest/services/Environmental/StormOutfallSamplingEditingPoints/MapServer,https://maps.daytonohio.gov/gisservices/rest/services,
Environmental/StormOutfallSamplingReferenceData,City of Dayton,City of Dayton GIS,condition/quality,City of Dayton,,"Public — ArcGIS REST API, no auth",live service (verify),ArcGIS MapServer,,5 layers,,Y,,,,,,https://maps.daytonohio.gov/gisservices/rest/services/Environmental/StormOutfallSamplingReferenceData/MapServer,https://maps.daytonohio.gov/gisservices/rest/services,Editing Layer for Storm Outfall Inspections
Environmental/StormOutfallSamplingUtilityReferenceLayers,City of Dayton,City of Dayton GIS,infrastructure,City of Dayton,,"Public — ArcGIS REST API, no auth",live service (verify),ArcGIS MapServer,,54 layers,,,,,,,,https://maps.daytonohio.gov/gisservices/rest/services/Environmental/StormOutfallSamplingUtilityReferenceLayers/MapServer,https://maps.daytonohio.gov/gisservices/rest/services,
Environmental/StormOutfallSamplingVisualInspectionReferenceLayers,City of Dayton,City of Dayton GIS,condition/quality,City of Dayton,,"Public — ArcGIS REST API, no auth",live service (verify),ArcGIS MapServer,,3 layers,,Y,,,,,,https://maps.daytonohio.gov/gisservices/rest/services/Environmental/StormOutfallSamplingVisualInspectionReferenceLayers/MapServer,https://maps.daytonohio.gov/gisservices/rest/services,Editing Layer for Storm Outfall Inspections
Environmental/swOutfallAreas,City of Dayton,City of Dayton GIS,,City of Dayton,,"Public — ArcGIS REST API, no auth",live service (verify),ArcGIS FeatureServer,,1 layers,,,,,,,,https://maps.daytonohio.gov/gisservices/rest/services/Environmental/swOutfallAreas/FeatureServer,https://maps.daytonohio.gov/gisservices/rest/services,
Environmental/swOutfallAreas,City of Dayton,City of Dayton GIS,,City of Dayton,,"Public — ArcGIS REST API, no auth",live service (verify),ArcGIS MapServer,,1 layers,,,,,,,,https://maps.daytonohio.gov/gisservices/rest/services/Environmental/swOutfallAreas/MapServer,https://maps.daytonohio.gov/gisservices/rest/services,
Environmental/SWP3,City of Dayton,City of Dayton GIS,,City of Dayton,,"Public — ArcGIS REST API, no auth",live service (verify),ArcGIS FeatureServer,,2 layers,,,,,,,,https://maps.daytonohio.gov/gisservices/rest/services/Environmental/SWP3/FeatureServer,https://maps.daytonohio.gov/gisservices/rest/services,
Environmental/SWP3,City of Dayton,City of Dayton GIS,,City of Dayton,,"Public — ArcGIS REST API, no auth",live service (verify),ArcGIS MapServer,,2 layers,,,,,,,,https://maps.daytonohio.gov/gisservices/rest/services/Environmental/SWP3/MapServer,https://maps.daytonohio.gov/gisservices/rest/services,
EnvironmentalEquityInAlleghenyCounty_BDA_WFL1,City of Dayton,barnold_Dayton_OH (City of Dayton GIS / PND),affordability/tenure,City of Dayton,neighborhood,"Public — ArcGIS REST API, no auth",live service (verify),"ArcGIS FeatureServer/MapServer; GeoJSON, CSV, Shapefile export",,,2024-08-01,Y,Y,Query,,,,https://services2.arcgis.com/3dDB2Kk6kuA2gIGw/arcgis/rest/services/EnvironmentalEquityInAlleghenyCounty_BDA_WFL1/FeatureServer,https://daytonohio.maps.arcgis.com/home/item.html?id=2ccfe876f1154a488d31ee41b68c0bf2,"This map explores the environmental and socioeconomic equity of potential toxic chemical release exposure burden on residents in Allegheny County by race, income, and county council districts."
EV Parking Inventory_form,City of Dayton,Richard.Bailey@DaytonOhio.gov (City of Dayton GIS / PND),,City of Dayton,,"Public — ArcGIS REST API, no auth",live service (verify),"ArcGIS FeatureServer/MapServer; GeoJSON, CSV, Shapefile export",,,2023-05-30,,N,"Create,Editing",,,,https://services2.arcgis.com/3dDB2Kk6kuA2gIGw/arcgis/rest/services/survey123_5ef0a485a9544563923e560133da6607_form/FeatureServer,https://daytonohio.maps.arcgis.com/home/item.html?id=4bb45913b75c492094d02bd58697f89d,
EV Parking Inventory_results,City of Dayton,Richard.Bailey@DaytonOhio.gov (City of Dayton GIS / PND),,City of Dayton,,"Public — ArcGIS REST API, no auth",live service (verify),"ArcGIS FeatureServer/MapServer; GeoJSON, CSV, Shapefile export",,,2023-05-30,,Y,"Query,Extract",,,,https://services2.arcgis.com/3dDB2Kk6kuA2gIGw/arcgis/rest/services/survey123_5ef0a485a9544563923e560133da6607_results/FeatureServer,https://daytonohio.maps.arcgis.com/home/item.html?id=60fa7af5de384ce09c8835aa71af174f,
Existing Plans_WFL1,City of Dayton,Jennifer.Hanauer (City of Dayton GIS / PND),zoning/land use,City of Dayton,jurisdiction/county,"Public — ArcGIS REST API, no auth",live service (verify),"ArcGIS FeatureServer/MapServer; GeoJSON, CSV, Shapefile export",,,2023-01-17,,Y,Query,,,,https://services2.arcgis.com/3dDB2Kk6kuA2gIGw/arcgis/rest/services/Existing_Plans_WFL1/FeatureServer,https://daytonohio.maps.arcgis.com/home/item.html?id=4653fd164e184e619282d2797d72c094,Summary of existing plans for the City of Dayton from 2010 - Present.
Feedback Form - 1,City of Dayton,Richard.Bailey@DaytonOhio.gov (City of Dayton GIS / PND),,City of Dayton,,"Public — ArcGIS REST API, no auth",live service (verify),"ArcGIS FeatureServer/MapServer; GeoJSON, CSV, Shapefile export",,,2022-07-07,,N,"Create,Delete,Query,Update,Editing,Extract,Sync",,,,https://services2.arcgis.com/3dDB2Kk6kuA2gIGw/arcgis/rest/services/survey123_877e4a0836354e25a7b749dc1bdd57a8/FeatureServer,https://daytonohio.maps.arcgis.com/home/item.html?id=f240a2a38fb54351aded0490fa5b5b73,
Feedback Form_fieldworker,City of Dayton,Richard.Bailey@DaytonOhio.gov (City of Dayton GIS / PND),,City of Dayton,,"Public — ArcGIS REST API, no auth",live service (verify),"ArcGIS FeatureServer/MapServer; GeoJSON, CSV, Shapefile export",,,2021-02-16,,Y,"Create,Query,Update,Editing",,,,https://services2.arcgis.com/3dDB2Kk6kuA2gIGw/arcgis/rest/services/survey123_87dba669f21e4ee492cf9b88b512a9fa_fieldworker/FeatureServer,https://daytonohio.maps.arcgis.com/home/item.html?id=00790ac16bbc4fc89240262c726b924c,
Feedback Form_stakeholder,City of Dayton,Richard.Bailey@DaytonOhio.gov (City of Dayton GIS / PND),,City of Dayton,,"Public — ArcGIS REST API, no auth",live service (verify),"ArcGIS FeatureServer/MapServer; GeoJSON, CSV, Shapefile export",,,2021-02-16,,Y,"Query,Extract",,,,https://services2.arcgis.com/3dDB2Kk6kuA2gIGw/arcgis/rest/services/survey123_87dba669f21e4ee492cf9b88b512a9fa_stakeholder/FeatureServer,https://daytonohio.maps.arcgis.com/home/item.html?id=a158aa0276f54fdc94e91bc932c586dd,
Fiber Splice Enclosure,City of Dayton,Richard.Bailey@DaytonOhio.gov (City of Dayton GIS / PND),,City of Dayton,,"Public — ArcGIS REST API, no auth",live service (verify),"ArcGIS FeatureServer/MapServer; GeoJSON, CSV, Shapefile export",,,2024-03-18,,Y,Query,,,,https://services2.arcgis.com/3dDB2Kk6kuA2gIGw/arcgis/rest/services/Fiber_Splice_Enclosure/FeatureServer,https://daytonohio.maps.arcgis.com/home/item.html?id=74d61a428b2241c6b5f33f610db984f3,
FiberEndPoints,City of Dayton,Richard.Bailey@DaytonOhio.gov (City of Dayton GIS / PND),,City of Dayton,address/point,"Public — ArcGIS REST API, no auth",live service (verify),"ArcGIS FeatureServer/MapServer; GeoJSON, CSV, Shapefile export",,,2023-08-15,,Y,Query,,,,https://services2.arcgis.com/3dDB2Kk6kuA2gIGw/arcgis/rest/services/FiberEndPoints/FeatureServer,https://daytonohio.maps.arcgis.com/home/item.html?id=757d2a4777294050975cc75f8a395938,Fiber End Points
FiberOpticCable2,City of Dayton,Richard.Bailey@DaytonOhio.gov (City of Dayton GIS / PND),,City of Dayton,,"Public — ArcGIS REST API, no auth",live service (verify),"ArcGIS FeatureServer/MapServer; GeoJSON, CSV, Shapefile export",,,2023-08-15,,Y,Query,,,,https://services2.arcgis.com/3dDB2Kk6kuA2gIGw/arcgis/rest/services/FiberOpticCable2/FeatureServer,https://daytonohio.maps.arcgis.com/home/item.html?id=c43da42d620f42e0bc29878fdabfd434,
FieldMaps/MapLayers_AllUtilities,City of Dayton,City of Dayton GIS,infrastructure,City of Dayton,,"Public — ArcGIS REST API, no auth",live service (verify),ArcGIS MapServer,,76 layers,,,,,,,,https://maps.daytonohio.gov/gisservices/rest/services/FieldMaps/MapLayers_AllUtilities/MapServer,https://maps.daytonohio.gov/gisservices/rest/services,
Fire Stations,City of Dayton,barnold_Dayton_OH (City of Dayton GIS / PND),public safety,City of Dayton,jurisdiction/county,"Public — ArcGIS REST API, no auth",live service (verify),"ArcGIS FeatureServer/MapServer; GeoJSON, CSV, Shapefile export",,,2020-05-18,,Y,"Map,Query,Data",,,,https://maps.daytonohio.gov/gisservices/rest/services/Fire/Fire_Stations/MapServer,https://daytonohio.maps.arcgis.com/home/item.html?id=d5e2f1085a9043bea45b2c369665fd0e,
Fire/2018_Completed_Inspections,City of Dayton,City of Dayton GIS,condition/quality,City of Dayton,,"Public — ArcGIS REST API, no auth",live service (verify),ArcGIS MapServer,,2 layers,,Y,,,,,,https://maps.daytonohio.gov/gisservices/rest/services/Fire/2018_Completed_Inspections/MapServer,https://maps.daytonohio.gov/gisservices/rest/services,
Fire/ArsonInvestigation,City of Dayton,City of Dayton GIS,investment/projects,City of Dayton,,"Public — ArcGIS REST API, no auth",live service (verify),ArcGIS FeatureServer,,3 layers,,,,,,,,https://maps.daytonohio.gov/gisservices/rest/services/Fire/ArsonInvestigation/FeatureServer,https://maps.daytonohio.gov/gisservices/rest/services,
Fire/ArsonInvestigation,City of Dayton,City of Dayton GIS,investment/projects,City of Dayton,,"Public — ArcGIS REST API, no auth",live service (verify),ArcGIS MapServer,,3 layers,,,,,,,,https://maps.daytonohio.gov/gisservices/rest/services/Fire/ArsonInvestigation/MapServer,https://maps.daytonohio.gov/gisservices/rest/services,
Fire/CompanyInDistrict,City of Dayton,City of Dayton GIS,zoning/land use,City of Dayton,neighborhood,"Public — ArcGIS REST API, no auth",live service (verify),ArcGIS MapServer,,1 layers,,,,,,,,https://maps.daytonohio.gov/gisservices/rest/services/Fire/CompanyInDistrict/MapServer,https://maps.daytonohio.gov/gisservices/rest/services,
Fire/ESO_FireIncidents,City of Dayton,City of Dayton GIS,public safety,City of Dayton,address/point,"Public — ArcGIS REST API, no auth",live service (verify),ArcGIS FeatureServer,,0 layers,,,,,,,,https://maps.daytonohio.gov/gisservices/rest/services/Fire/ESO_FireIncidents/FeatureServer,https://maps.daytonohio.gov/gisservices/rest/services,
Fire/ESO_FireIncidents,City of Dayton,City of Dayton GIS,public safety,City of Dayton,address/point,"Public — ArcGIS REST API, no auth",live service (verify),ArcGIS MapServer,,0 layers,,,,,,,,https://maps.daytonohio.gov/gisservices/rest/services/Fire/ESO_FireIncidents/MapServer,https://maps.daytonohio.gov/gisservices/rest/services,
Fire/Fire_Company_In_District_Stations,City of Dayton,City of Dayton GIS,zoning/land use,City of Dayton,neighborhood,"Public — ArcGIS REST API, no auth",live service (verify),ArcGIS MapServer,,2 layers,,,,,,,,https://maps.daytonohio.gov/gisservices/rest/services/Fire/Fire_Company_In_District_Stations/MapServer,https://maps.daytonohio.gov/gisservices/rest/services,
Fire/Fire_Safety_Survey,City of Dayton,City of Dayton GIS,public safety,City of Dayton,,"Public — ArcGIS REST API, no auth",live service (verify),ArcGIS FeatureServer,,1 layers,,,,,,,,https://maps.daytonohio.gov/gisservices/rest/services/Fire/Fire_Safety_Survey/FeatureServer,https://maps.daytonohio.gov/gisservices/rest/services,
Fire/Fire_Safety_Survey,City of Dayton,City of Dayton GIS,public safety,City of Dayton,,"Public — ArcGIS REST API, no auth",live service (verify),ArcGIS MapServer,,2 layers,,,,,,,,https://maps.daytonohio.gov/gisservices/rest/services/Fire/Fire_Safety_Survey/MapServer,https://maps.daytonohio.gov/gisservices/rest/services,
Fire/Fire_Stations,City of Dayton,City of Dayton GIS,public safety,City of Dayton,,"Public — ArcGIS REST API, no auth",live service (verify),ArcGIS MapServer,,1 layers,,,,,,,,https://maps.daytonohio.gov/gisservices/rest/services/Fire/Fire_Stations/MapServer,https://maps.daytonohio.gov/gisservices/rest/services,
Fire/FireAreas,City of Dayton,City of Dayton GIS,public safety,City of Dayton,,"Public — ArcGIS REST API, no auth",live service (verify),ArcGIS MapServer,,3 layers,,,,,,,,https://maps.daytonohio.gov/gisservices/rest/services/Fire/FireAreas/MapServer,https://maps.daytonohio.gov/gisservices/rest/services,
Fire/FireIncidents,City of Dayton,City of Dayton GIS,public safety,City of Dayton,address/point,"Public — ArcGIS REST API, no auth",live service (verify),ArcGIS MapServer,,2 layers,,,,,,,,https://maps.daytonohio.gov/gisservices/rest/services/Fire/FireIncidents/MapServer,https://maps.daytonohio.gov/gisservices/rest/services,
Fire/FireIncidents_Dashboard,City of Dayton,City of Dayton GIS,public safety,City of Dayton,address/point,"Public — ArcGIS REST API, no auth",live service (verify),ArcGIS MapServer,,1 layers,,,,,,,,https://maps.daytonohio.gov/gisservices/rest/services/Fire/FireIncidents_Dashboard/MapServer,https://maps.daytonohio.gov/gisservices/rest/services,
Fire/FireIncidents_Police,City of Dayton,City of Dayton GIS,public safety,City of Dayton,address/point,"Public — ArcGIS REST API, no auth",live service (verify),ArcGIS MapServer,,3 layers,,,,,,,,https://maps.daytonohio.gov/gisservices/rest/services/Fire/FireIncidents_Police/MapServer,https://maps.daytonohio.gov/gisservices/rest/services,
Fire/FirePreIncidentPlans,City of Dayton,City of Dayton GIS,zoning/land use,City of Dayton,address/point,"Public — ArcGIS REST API, no auth",live service (verify),ArcGIS FeatureServer,,9 layers,,,,,,,,https://maps.daytonohio.gov/gisservices/rest/services/Fire/FirePreIncidentPlans/FeatureServer,https://maps.daytonohio.gov/gisservices/rest/services,
Fire/FirePreIncidentPlans,City of Dayton,City of Dayton GIS,zoning/land use,City of Dayton,address/point,"Public — ArcGIS REST API, no auth",live service (verify),ArcGIS MapServer,,9 layers,,,,,,,,https://maps.daytonohio.gov/gisservices/rest/services/Fire/FirePreIncidentPlans/MapServer,https://maps.daytonohio.gov/gisservices/rest/services,
Fire/FireStations_AdjacentAgencies,City of Dayton,City of Dayton GIS,public safety,City of Dayton,,"Public — ArcGIS REST API, no auth",live service (verify),ArcGIS MapServer,,1 layers,,,,,,,,https://maps.daytonohio.gov/gisservices/rest/services/Fire/FireStations_AdjacentAgencies/MapServer,https://maps.daytonohio.gov/gisservices/rest/services,
Fire/Hydrant_Completed_Inspections,City of Dayton,City of Dayton GIS,condition/quality,City of Dayton,,"Public — ArcGIS REST API, no auth",live service (verify),ArcGIS FeatureServer,,1 layers,,Y,,,,,,https://maps.daytonohio.gov/gisservices/rest/services/Fire/Hydrant_Completed_Inspections/FeatureServer,https://maps.daytonohio.gov/gisservices/rest/services,
Fire/Hydrant_Completed_Inspections,City of Dayton,City of Dayton GIS,condition/quality,City of Dayton,,"Public — ArcGIS REST API, no auth",live service (verify),ArcGIS MapServer,,1 layers,,Y,,,,,,https://maps.daytonohio.gov/gisservices/rest/services/Fire/Hydrant_Completed_Inspections/MapServer,https://maps.daytonohio.gov/gisservices/rest/services,
Fire/IncidentMapping,City of Dayton,City of Dayton GIS,public safety,City of Dayton,address/point,"Public — ArcGIS REST API, no auth",live service (verify),ArcGIS MapServer,,0 layers,,,,,,,,https://maps.daytonohio.gov/gisservices/rest/services/Fire/IncidentMapping/MapServer,https://maps.daytonohio.gov/gisservices/rest/services,
Fire/Inspections_Not_Completed,City of Dayton,City of Dayton GIS,condition/quality,City of Dayton,,"Public — ArcGIS REST API, no auth",live service (verify),ArcGIS FeatureServer,,1 layers,,Y,,,,,,https://maps.daytonohio.gov/gisservices/rest/services/Fire/Inspections_Not_Completed/FeatureServer,https://maps.daytonohio.gov/gisservices/rest/services,
Fire/Inspections_Not_Completed,City of Dayton,City of Dayton GIS,condition/quality,City of Dayton,,"Public — ArcGIS REST API, no auth",live service (verify),ArcGIS MapServer,,1 layers,,Y,,,,,,https://maps.daytonohio.gov/gisservices/rest/services/Fire/Inspections_Not_Completed/MapServer,https://maps.daytonohio.gov/gisservices/rest/services,
Fire/Meter_Shop_Referrals,City of Dayton,City of Dayton GIS,public safety,City of Dayton,,"Public — ArcGIS REST API, no auth",live service (verify),ArcGIS FeatureServer,,1 layers,,,,,,,,https://maps.daytonohio.gov/gisservices/rest/services/Fire/Meter_Shop_Referrals/FeatureServer,https://maps.daytonohio.gov/gisservices/rest/services,
Fire/Meter_Shop_Referrals,City of Dayton,City of Dayton GIS,public safety,City of Dayton,,"Public — ArcGIS REST API, no auth",live service (verify),ArcGIS MapServer,,1 layers,,,,,,,,https://maps.daytonohio.gov/gisservices/rest/services/Fire/Meter_Shop_Referrals/MapServer,https://maps.daytonohio.gov/gisservices/rest/services,
Fire/Parcels,City of Dayton,City of Dayton GIS,ownership/transfers,City of Dayton,parcel,"Public — ArcGIS REST API, no auth",live service (verify),ArcGIS MapServer,,1 layers,,Y,,,,,,https://maps.daytonohio.gov/gisservices/rest/services/Fire/Parcels/MapServer,https://maps.daytonohio.gov/gisservices/rest/services,
Fire/Possible_Fire_Stations,City of Dayton,City of Dayton GIS,public safety,City of Dayton,,"Public — ArcGIS REST API, no auth",live service (verify),ArcGIS FeatureServer,,1 layers,,,,,,,,https://maps.daytonohio.gov/gisservices/rest/services/Fire/Possible_Fire_Stations/FeatureServer,https://maps.daytonohio.gov/gisservices/rest/services,
Fire/Possible_Fire_Stations,City of Dayton,City of Dayton GIS,public safety,City of Dayton,,"Public — ArcGIS REST API, no auth",live service (verify),ArcGIS MapServer,,1 layers,,,,,,,,https://maps.daytonohio.gov/gisservices/rest/services/Fire/Possible_Fire_Stations/MapServer,https://maps.daytonohio.gov/gisservices/rest/services,
Fire/SpeedTable,City of Dayton,City of Dayton GIS,public safety,City of Dayton,,"Public — ArcGIS REST API, no auth",live service (verify),ArcGIS MapServer,,1 layers,,,,,,,,https://maps.daytonohio.gov/gisservices/rest/services/Fire/SpeedTable/MapServer,https://maps.daytonohio.gov/gisservices/rest/services,
Fire/StructureFires,City of Dayton,City of Dayton GIS,public safety,City of Dayton,,"Public — ArcGIS REST API, no auth",live service (verify),ArcGIS MapServer,,0 layers,,,,,,,,https://maps.daytonohio.gov/gisservices/rest/services/Fire/StructureFires/MapServer,https://maps.daytonohio.gov/gisservices/rest/services,
FireStations_GC_8_24_2021,City of Dayton,Richard.Bailey@DaytonOhio.gov (City of Dayton GIS / PND),geography/reference,City of Dayton,address/point,"Public — ArcGIS REST API, no auth",live service (verify),"ArcGIS FeatureServer/MapServer; GeoJSON, CSV, Shapefile export",,,2021-09-14,Y,Y,Query,,,,https://services2.arcgis.com/3dDB2Kk6kuA2gIGw/arcgis/rest/services/FireStations_GC_8_24_2021/FeatureServer,https://daytonohio.maps.arcgis.com/home/item.html?id=d66b87551be647dfb68f50b50f7812ba,Dayton Fire Station points based on geocoded addresses
Five Oaks Park Orthomosaic,City of Dayton,Frank.Boateng_DaytonOhio (City of Dayton GIS / PND),,City of Dayton,,"Public — ArcGIS REST API, no auth",live service (verify),"ArcGIS FeatureServer/MapServer; GeoJSON, CSV, Shapefile export",,,2022-06-22,,N,"Map,TilesOnly",,,,https://tiles.arcgis.com/tiles/3dDB2Kk6kuA2gIGw/arcgis/rest/services/Five_Oaks_Park_Orthomosaic/MapServer,https://daytonohio.maps.arcgis.com/home/item.html?id=115306a94ea14ecc8a479497fa6a4cc9,orthomosaic
Forestry Work Tracking_fieldworker,City of Dayton,Bryan.Urban@daytonohio.gov (City of Dayton GIS / PND),,City of Dayton,,"Public — ArcGIS REST API, no auth",live service (verify),"ArcGIS FeatureServer/MapServer; GeoJSON, CSV, Shapefile export",,,2025-11-20,,N,"Create,Editing",,,,https://services2.arcgis.com/3dDB2Kk6kuA2gIGw/arcgis/rest/services/survey123_a1a7913b89c343fa975608d90f4e72cb_fieldworker/FeatureServer,https://daytonohio.maps.arcgis.com/home/item.html?id=b2a11c3ff080428fa9d6a9f7e857b016,
Gem City Ice Cream Site Orthomosaic,City of Dayton,Frank.Boateng_DaytonOhio (City of Dayton GIS / PND),,City of Dayton,jurisdiction/county,"Public — ArcGIS REST API, no auth",live service (verify),"ArcGIS FeatureServer/MapServer; GeoJSON, CSV, Shapefile export",,,2023-01-11,,N,"Map,TilesOnly,Tilemap",,,,https://tiles.arcgis.com/tiles/3dDB2Kk6kuA2gIGw/arcgis/rest/services/Gem_City_Ice_Cream_Site_Orthomosaic/MapServer,https://daytonohio.maps.arcgis.com/home/item.html?id=a06922cd74554d3c8aace7fa6067a8b2,orthomosaic
GeoDataService,City of Dayton,City of Dayton GIS,,City of Dayton,,"Public — ArcGIS REST API, no auth",live service (verify),ArcGIS MapServer,,1 layers,,,,,,,,https://maps.daytonohio.gov/gisservices/rest/services/GeoDataService/MapServer,https://maps.daytonohio.gov/gisservices/rest/services,
GIS Copy of Dayton Recovery Plan Monthly Dashboard Data DRP Projects - DRP Projects - FL,City of Dayton,Richard.Bailey@DaytonOhio.gov (City of Dayton GIS / PND),investment/projects,City of Dayton,,"Public — ArcGIS REST API, no auth",live service (verify),"ArcGIS FeatureServer/MapServer; GeoJSON, CSV, Shapefile export",,,2023-08-17,,Y,Query,,,,https://services2.arcgis.com/3dDB2Kk6kuA2gIGw/arcgis/rest/services/GIS_Copy_of_Dayton_Recovery_Plan_Monthly_Dashboard_Data_DRP_Projects/FeatureServer,https://daytonohio.maps.arcgis.com/home/item.html?id=a8b99af365494da0be504e215aa96e62,
GIS_Copy_of_Dayton_Recovery_Plan_Monthly_Dashboard_Data_DRP_Projects,City of Dayton,Richard.Bailey@DaytonOhio.gov (City of Dayton GIS / PND),investment/projects,City of Dayton,,"Public — ArcGIS REST API, no auth",live service (verify),"ArcGIS FeatureServer/MapServer; GeoJSON, CSV, Shapefile export",,,2024-10-25,,Y,Query,,,,https://services2.arcgis.com/3dDB2Kk6kuA2gIGw/arcgis/rest/services/GIS_Copy_of_Dayton_Recovery_Plan_Monthly_Dashboard_Data_DRP_Projects/FeatureServer,https://daytonohio.maps.arcgis.com/home/item.html?id=39dc0c509a6043f298918c3cf328b2b4,
Government Services Collection Pickup Map - Public,City of Dayton,greg.hornbeek_DaytonOhio (City of Dayton GIS / PND),,City of Dayton,,"Public — ArcGIS REST API, no auth",live service (verify),"ArcGIS FeatureServer/MapServer; GeoJSON, CSV, Shapefile export",,,2026-03-03,,Y,"Map,Query,Data",,,,https://maps.daytonohio.gov/gisservices/rest/services/PublicWorks/Waste_Collection_Pickup_Map_Public/MapServer,https://daytonohio.maps.arcgis.com/home/item.html?id=55b83d7fcd844f1eb061d8def4cbef92,This map is used to author a map service for the My Government Services for Public Works application.
Greater Downtown Investment,City of Dayton,Frank.Boateng_DaytonOhio (City of Dayton GIS / PND),investment/projects,City of Dayton,,"Public — ArcGIS REST API, no auth",live service (verify),"ArcGIS FeatureServer/MapServer; GeoJSON, CSV, Shapefile export",,,2023-05-25,,Y,"Create,Delete,Query,Update,Editing,Extract,Sync,ChangeTracki",,,,https://services2.arcgis.com/3dDB2Kk6kuA2gIGw/arcgis/rest/services/survey123_df7c10887e354cb289d52e3270910822/FeatureServer,https://daytonohio.maps.arcgis.com/home/item.html?id=b6309301d2864c288952dca816f75088,
Greater Downtown Investment_form,City of Dayton,Frank.Boateng_DaytonOhio (City of Dayton GIS / PND),investment/projects,City of Dayton,,"Public — ArcGIS REST API, no auth",live service (verify),"ArcGIS FeatureServer/MapServer; GeoJSON, CSV, Shapefile export",,,2023-05-25,,Y,"Create,Delete,Query,Update,Editing,Extract",,,,https://services2.arcgis.com/3dDB2Kk6kuA2gIGw/arcgis/rest/services/survey123_df7c10887e354cb289d52e3270910822_form/FeatureServer,https://daytonohio.maps.arcgis.com/home/item.html?id=755bfc6189f049b397d3818beb1696ac,
Greater Downtown Investment_results,City of Dayton,Frank.Boateng_DaytonOhio (City of Dayton GIS / PND),investment/projects,City of Dayton,,"Public — ArcGIS REST API, no auth",live service (verify),"ArcGIS FeatureServer/MapServer; GeoJSON, CSV, Shapefile export",,,2023-05-25,,Y,"Query,Extract",,,,https://services2.arcgis.com/3dDB2Kk6kuA2gIGw/arcgis/rest/services/survey123_df7c10887e354cb289d52e3270910822_results/FeatureServer,https://daytonohio.maps.arcgis.com/home/item.html?id=e16bd632632e4df7a2b4fc392614befe,
Greater_Downtown_Investment_Updated,City of Dayton,Frank.Boateng_DaytonOhio (City of Dayton GIS / PND),investment/projects,City of Dayton,,"Public — ArcGIS REST API, no auth",live service (verify),"ArcGIS FeatureServer/MapServer; GeoJSON, CSV, Shapefile export",,,2023-05-31,,Y,"Create,Delete,Query,Update,Editing,Sync",,,,https://services2.arcgis.com/3dDB2Kk6kuA2gIGw/arcgis/rest/services/Greater_Downtown_Investment_Updated/FeatureServer,https://daytonohio.maps.arcgis.com/home/item.html?id=3bc41d08cd764af8adc8441f55b86ae9,Greater Downtown Investment Updated
GreaterMiamiSoleSourceAquifer,City of Dayton,barnold_Dayton_OH (City of Dayton GIS / PND),affordability/tenure,City of Dayton,,"Public — ArcGIS REST API, no auth",live service (verify),"ArcGIS FeatureServer/MapServer; GeoJSON, CSV, Shapefile export",,,2021-04-23,,Y,Query,,,,https://services2.arcgis.com/3dDB2Kk6kuA2gIGw/arcgis/rest/services/GreaterMiamiSoleSourceAquifer/FeatureServer,https://daytonohio.maps.arcgis.com/home/item.html?id=9056889f7686463fa41a8aeb8a9b55ca,
Group Homes and 1_000 Foot Buffers_WFL1,City of Dayton,kyrsten.french_daytonohio (City of Dayton GIS / PND),investment/projects,City of Dayton,jurisdiction/county,"Public — ArcGIS REST API, no auth",live service (verify),"ArcGIS FeatureServer/MapServer; GeoJSON, CSV, Shapefile export",,,2026-01-23,,Y,Query,,,,https://services2.arcgis.com/3dDB2Kk6kuA2gIGw/arcgis/rest/services/Group_Homes_and_1_000_Foot_Buffers_WFL1/FeatureServer,https://daytonohio.maps.arcgis.com/home/item.html?id=53250dab2d864ad28cce18f34e5db616,"A map of state data showing group homes in Montgomery County and 1,000 foot buffers projected around these homes."
Hansen Submit Service Request Test_fieldworker,City of Dayton,Frank.Boateng_DaytonOhio (City of Dayton GIS / PND),,City of Dayton,address/point,"Public — ArcGIS REST API, no auth",live service (verify),"ArcGIS FeatureServer/MapServer; GeoJSON, CSV, Shapefile export",,,2020-08-11,,Y,"Create,Query,Update,Editing",,,,https://services2.arcgis.com/3dDB2Kk6kuA2gIGw/arcgis/rest/services/survey123_c1310afb289140f9b6a1361b2284170e_fieldworker/FeatureServer,https://daytonohio.maps.arcgis.com/home/item.html?id=9f419643aeaf498680f07e29cb1b9565,
Hansen/HansenMap84,City of Dayton,City of Dayton GIS,,City of Dayton,,"Public — ArcGIS REST API, no auth",live service (verify),ArcGIS MapServer,,69 layers,,,,,,,,https://maps.daytonohio.gov/gisservices/rest/services/Hansen/HansenMap84/MapServer,https://maps.daytonohio.gov/gisservices/rest/services,
HCS Request Form_form,City of Dayton,Richard.Bailey@DaytonOhio.gov (City of Dayton GIS / PND),condition/quality,City of Dayton,parcel,"Public — ArcGIS REST API, no auth",live service (verify),"ArcGIS FeatureServer/MapServer; GeoJSON, CSV, Shapefile export",,,2025-01-13,,N,"Create,Editing",,,,https://services2.arcgis.com/3dDB2Kk6kuA2gIGw/arcgis/rest/services/survey123_d59d9ed501814258b84e89145889c587_form/FeatureServer,https://daytonohio.maps.arcgis.com/home/item.html?id=6da224f2bf0d4d7d8246075d5639cee5,
HOUSING_INSPECTION_AREAS_2025_agol_copy,City of Dayton,Richard.Bailey@DaytonOhio.gov (City of Dayton GIS / PND),condition/quality,City of Dayton,,"Public — ArcGIS REST API, no auth",live service (verify),"ArcGIS FeatureServer/MapServer; GeoJSON, CSV, Shapefile export",,107,2025-11-17,Y,Y,Query,,,,https://services2.arcgis.com/3dDB2Kk6kuA2gIGw/arcgis/rest/services/HOUSING_INSPECTION_AREAS_2025_agol_copy/FeatureServer,https://daytonohio.maps.arcgis.com/home/item.html?id=82d194643b7c4a6ca6fbf19b7d902b3a,
HousingProjects_ProgramType,City of Dayton,Cameron.Goschinski (City of Dayton GIS / PND),investment/projects,City of Dayton,,"Public — ArcGIS REST API, no auth",live service (verify),"ArcGIS FeatureServer/MapServer; GeoJSON, CSV, Shapefile export",,376,2025-11-13,Y,Y,"Create,Delete,Query,Update,Editing,Sync",,,,https://services2.arcgis.com/3dDB2Kk6kuA2gIGw/arcgis/rest/services/HousingRequest_ExportFeature1/FeatureServer,https://daytonohio.maps.arcgis.com/home/item.html?id=b4ff1ced602648d7b0d1abd837c5b943,"Housing projects by program type in Dayton, Ohio."
Hub Events (public),City of Dayton,emma.jewell (City of Dayton GIS / PND),,City of Dayton,,"Public — ArcGIS REST API, no auth",live service (verify),"ArcGIS FeatureServer/MapServer; GeoJSON, CSV, Shapefile export",,,2024-02-19,,N,service unreachable: URL can't contain control characters. ',,,,https://services2.arcgis.com/3dDB2Kk6kuA2gIGw/arcgis/rest/services/Hub Events (public)/FeatureServer,https://daytonohio.maps.arcgis.com/home/item.html?id=1d2bca6d895b41769aff30676cf5ed9c,Feature service for public Hub events
Impervious Area,City of Dayton,emma.jewell (City of Dayton GIS / PND),,City of Dayton,jurisdiction/county,"Public — ArcGIS REST API, no auth",live service (verify),"ArcGIS FeatureServer/MapServer; GeoJSON, CSV, Shapefile export",,,2018-11-09,,N,service unreachable: The read operation timed out,,,,https://maps.daytonohio.gov/gisservices/rest/services/Water/ImpArea/MapServer,https://daytonohio.maps.arcgis.com/home/item.html?id=2160a6656d2345f6bb321b05d671c80b,
Intern Supervisor Weekly Form_form,City of Dayton,emma.jewell (City of Dayton GIS / PND),,City of Dayton,,"Public — ArcGIS REST API, no auth",live service (verify),"ArcGIS FeatureServer/MapServer; GeoJSON, CSV, Shapefile export",,,2025-07-21,,N,"Create,Editing",,,,https://services2.arcgis.com/3dDB2Kk6kuA2gIGw/arcgis/rest/services/survey123_1af669670278418b87072dd8fe621be5_form/FeatureServer,https://daytonohio.maps.arcgis.com/home/item.html?id=0f60f9cadd544f0aa38d404525498d72,
IPS Graffiti Requests_90 Days_Layer,City of Dayton,greg.hornbeek_DaytonOhio (City of Dayton GIS / PND),,City of Dayton,address/point,"Public — ArcGIS REST API, no auth",live service (verify),"ArcGIS FeatureServer/MapServer; GeoJSON, CSV, Shapefile export",,,2026-07-07,,N,"Map,Query,Data",,,,https://maps.daytonohio.gov/gisservices/rest/services/PublicWorks/COD_ServiceRequests_Last90/MapServer/0,https://daytonohio.maps.arcgis.com/home/item.html?id=892603bf543049119870fd2d4043ec13,
Issue 9_PreSchool Promise Schools,City of Dayton,Richard.Bailey@DaytonOhio.gov (City of Dayton GIS / PND),,City of Dayton,,"Public — ArcGIS REST API, no auth",live service (verify),"ArcGIS FeatureServer/MapServer; GeoJSON, CSV, Shapefile export",,,2017-08-22,,Y,Query,,,,https://services2.arcgis.com/3dDB2Kk6kuA2gIGw/arcgis/rest/services/Issue_9_PreSchool_Promise_Schools/FeatureServer,https://daytonohio.maps.arcgis.com/home/item.html?id=65268946f7384a1a912332dfd5455944,Issue 9-PreSchool Promise School Locations
Issue_9_Neighborhood_Boundary,City of Dayton,Richard.Bailey@DaytonOhio.gov (City of Dayton GIS / PND),geography/reference,City of Dayton,neighborhood,"Public — ArcGIS REST API, no auth",live service (verify),"ArcGIS FeatureServer/MapServer; GeoJSON, CSV, Shapefile export",,67,2017-08-23,Y,Y,Query,,,,https://services2.arcgis.com/3dDB2Kk6kuA2gIGw/arcgis/rest/services/Issue_9_Neighborhood_Boundary/FeatureServer,https://daytonohio.maps.arcgis.com/home/item.html?id=bdc7cba3539846789da089ecca7f74a5,Issue 9 Neighborhood Boundary
Issue_9_Park_Upgrade,City of Dayton,Richard.Bailey@DaytonOhio.gov (City of Dayton GIS / PND),geography/reference,City of Dayton,jurisdiction/county,"Public — ArcGIS REST API, no auth",live service (verify),"ArcGIS FeatureServer/MapServer; GeoJSON, CSV, Shapefile export",,,2025-06-10,,Y,Query,,,,https://services2.arcgis.com/3dDB2Kk6kuA2gIGw/arcgis/rest/services/Issue_9_Park_Upgrade/FeatureServer,https://daytonohio.maps.arcgis.com/home/item.html?id=e8b29a263c1445bc88915e48ebe3b17d,Issue 9 Park Upgrade Locations
Issue_9_Preschool Promise School Locations,City of Dayton,Richard.Bailey@DaytonOhio.gov (City of Dayton GIS / PND),,City of Dayton,,"Public — ArcGIS REST API, no auth",live service (verify),"ArcGIS FeatureServer/MapServer; GeoJSON, CSV, Shapefile export",,,2017-09-28,,Y,Query,,,,https://services2.arcgis.com/3dDB2Kk6kuA2gIGw/arcgis/rest/services/Issue_9_Preschool_Promise_School_Locations/FeatureServer,https://daytonohio.maps.arcgis.com/home/item.html?id=4b5d44dfb3964c50a5d1bf64dd936430,Issue 9 Preschool Promise School Locations
Issue_9_Resurfacing_Centerline,City of Dayton,Richard.Bailey@DaytonOhio.gov (City of Dayton GIS / PND),geography/reference,City of Dayton,jurisdiction/county,"Public — ArcGIS REST API, no auth",live service (verify),"ArcGIS FeatureServer/MapServer; GeoJSON, CSV, Shapefile export",,,2026-01-22,,Y,Query,,,,https://services2.arcgis.com/3dDB2Kk6kuA2gIGw/arcgis/rest/services/Issue_9_Resurfacing_Centerline/FeatureServer,https://daytonohio.maps.arcgis.com/home/item.html?id=945996c4352b4fbfb6617fc9a635e930,Issue 9 Street Resurfacing Centerline
Issue_9_Vacant_Mowing,City of Dayton,Richard.Bailey@DaytonOhio.gov (City of Dayton GIS / PND),vacancy,City of Dayton,jurisdiction/county,"Public — ArcGIS REST API, no auth",live service (verify),"ArcGIS FeatureServer/MapServer; GeoJSON, CSV, Shapefile export",,7457,2017-10-25,Y,Y,Query,,,,https://services2.arcgis.com/3dDB2Kk6kuA2gIGw/arcgis/rest/services/Issue_9_Vacant_Mowing/FeatureServer,https://daytonohio.maps.arcgis.com/home/item.html?id=b1e2f3e5e9a9447081a0b6c9cc380d6e,Issue 9 Vacant Mowing Results
Issue_9_Vacant_Mowing_2018,City of Dayton,Richard.Bailey@DaytonOhio.gov (City of Dayton GIS / PND),vacancy,City of Dayton,jurisdiction/county,"Public — ArcGIS REST API, no auth",live service (verify),"ArcGIS FeatureServer/MapServer; GeoJSON, CSV, Shapefile export",,6027,2018-10-22,Y,Y,Query,,,,https://services2.arcgis.com/3dDB2Kk6kuA2gIGw/arcgis/rest/services/Issue_9_Vacant_Mowing_2018/FeatureServer,https://daytonohio.maps.arcgis.com/home/item.html?id=70eac8366869459d89f394d05b72ae8e,Issue 9 Vacant Mowing Results
Issue_9_Vacant_Mowing_2019,City of Dayton,Richard.Bailey@DaytonOhio.gov (City of Dayton GIS / PND),vacancy,City of Dayton,jurisdiction/county,"Public — ArcGIS REST API, no auth",live service (verify),"ArcGIS FeatureServer/MapServer; GeoJSON, CSV, Shapefile export",,5182,2019-12-19,Y,Y,Query,,,,https://services2.arcgis.com/3dDB2Kk6kuA2gIGw/arcgis/rest/services/Issue_9_Vacant_Mowing_2019/FeatureServer,https://daytonohio.maps.arcgis.com/home/item.html?id=197987c6f29144c0a5cccb181c941a39,Issue 9 Vacant Mowing Results
Issue_9_Vacant_Mowing_2020,City of Dayton,Richard.Bailey@DaytonOhio.gov (City of Dayton GIS / PND),vacancy,City of Dayton,jurisdiction/county,"Public — ArcGIS REST API, no auth",live service (verify),"ArcGIS FeatureServer/MapServer; GeoJSON, CSV, Shapefile export",,7640,2020-08-06,Y,Y,Query,,,,https://services2.arcgis.com/3dDB2Kk6kuA2gIGw/arcgis/rest/services/Issue_9_Vacant_Mowing_2020/FeatureServer,https://daytonohio.maps.arcgis.com/home/item.html?id=74bc3ac6b72b4d57b7622fbd37c23e24,Issue 9 Vacant Mowing Results
Issue_9_Vacant_Mowing_2021,City of Dayton,Richard.Bailey@DaytonOhio.gov (City of Dayton GIS / PND),vacancy,City of Dayton,jurisdiction/county,"Public — ArcGIS REST API, no auth",live service (verify),"ArcGIS FeatureServer/MapServer; GeoJSON, CSV, Shapefile export",,7640,2021-06-16,Y,Y,Query,,,,https://services2.arcgis.com/3dDB2Kk6kuA2gIGw/arcgis/rest/services/Issue_9_Vacant_Mowing_2021/FeatureServer,https://daytonohio.maps.arcgis.com/home/item.html?id=5aeb6075ee52464fac934c4638b9d0e2,Issue 9 Vacant Mowing Results
J_McGee,City of Dayton,Frank.Boateng_DaytonOhio (City of Dayton GIS / PND),,City of Dayton,,"Public — ArcGIS REST API, no auth",live service (verify),"ArcGIS FeatureServer/MapServer; GeoJSON, CSV, Shapefile export",,,2024-01-19,,N,Token Required,,,,https://maps.daytonohio.gov/server/rest/services/PublicWorks/J_McGee/MapServer,https://daytonohio.maps.arcgis.com/home/item.html?id=e3ac2139e293449db3303529dacbcc86,Trail
James McGee Blvd Trail True Ortho,City of Dayton,Frank.Boateng_DaytonOhio (City of Dayton GIS / PND),,City of Dayton,,"Public — ArcGIS REST API, no auth",live service (verify),"ArcGIS FeatureServer/MapServer; GeoJSON, CSV, Shapefile export",,,2023-12-22,,N,"Map,TilesOnly,Tilemap",,,,https://tiles.arcgis.com/tiles/3dDB2Kk6kuA2gIGw/arcgis/rest/services/James_McGee_Blvd_Trail_True_Ortho/MapServer,https://daytonohio.maps.arcgis.com/home/item.html?id=bfcbaaa2097f4b338a5984013fbc9bef,True Ortho
LCRR/LCRR_Data,City of Dayton,City of Dayton GIS,,City of Dayton,,"Public — ArcGIS REST API, no auth",live service (verify),ArcGIS FeatureServer,,2 layers,,,,,,,,https://maps.daytonohio.gov/gisservices/rest/services/LCRR/LCRR_Data/FeatureServer,https://maps.daytonohio.gov/gisservices/rest/services,
LCRR/LCRR_Data,City of Dayton,City of Dayton GIS,,City of Dayton,,"Public — ArcGIS REST API, no auth",live service (verify),ArcGIS MapServer,,2 layers,,,,,,,,https://maps.daytonohio.gov/gisservices/rest/services/LCRR/LCRR_Data/MapServer,https://maps.daytonohio.gov/gisservices/rest/services,
LCRR/LCRR_FieldVerificationCoordination,City of Dayton,City of Dayton GIS,,City of Dayton,,"Public — ArcGIS REST API, no auth",live service (verify),ArcGIS MapServer,,1 layers,,,,,,,,https://maps.daytonohio.gov/gisservices/rest/services/LCRR/LCRR_FieldVerificationCoordination/MapServer,https://maps.daytonohio.gov/gisservices/rest/services,
LCRR/Public_Private_Tracking,City of Dayton,City of Dayton GIS,,City of Dayton,,"Public — ArcGIS REST API, no auth",live service (verify),ArcGIS FeatureServer,,0 layers,,,,,,,,https://maps.daytonohio.gov/gisservices/rest/services/LCRR/Public_Private_Tracking/FeatureServer,https://maps.daytonohio.gov/gisservices/rest/services,
LCRR/Public_Private_Tracking,City of Dayton,City of Dayton GIS,,City of Dayton,,"Public — ArcGIS REST API, no auth",live service (verify),ArcGIS MapServer,,0 layers,,,,,,,,https://maps.daytonohio.gov/gisservices/rest/services/LCRR/Public_Private_Tracking/MapServer,https://maps.daytonohio.gov/gisservices/rest/services,
LCRR/Public_Service_Connections,City of Dayton,City of Dayton GIS,,City of Dayton,,"Public — ArcGIS REST API, no auth",live service (verify),ArcGIS MapServer,,1 layers,,,,,,,,https://maps.daytonohio.gov/gisservices/rest/services/LCRR/Public_Service_Connections/MapServer,https://maps.daytonohio.gov/gisservices/rest/services,
Lead Copper Rule Revision - Customer Identification,City of Dayton,emma.jewell (City of Dayton GIS / PND),,City of Dayton,,"Public — ArcGIS REST API, no auth",live service (verify),"ArcGIS FeatureServer/MapServer; GeoJSON, CSV, Shapefile export",,,2025-06-16,Y,Y,"Create,Delete,Query,Update,Editing,Extract,Sync",,,,https://services2.arcgis.com/3dDB2Kk6kuA2gIGw/arcgis/rest/services/survey123_219e7a557141404cb68f43044e7e6d39/FeatureServer,https://daytonohio.maps.arcgis.com/home/item.html?id=86e2bc07d5414a729e0141f61c84836a,
Lead Copper Rule Revision - Customer Identification_form,City of Dayton,emma.jewell (City of Dayton GIS / PND),,City of Dayton,,"Public — ArcGIS REST API, no auth",live service (verify),"ArcGIS FeatureServer/MapServer; GeoJSON, CSV, Shapefile export",,,2026-07-02,,N,"Create,Editing",,,,https://services2.arcgis.com/3dDB2Kk6kuA2gIGw/arcgis/rest/services/survey123_219e7a557141404cb68f43044e7e6d39_form/FeatureServer,https://daytonohio.maps.arcgis.com/home/item.html?id=d39914bff55543e98f3a630281987316,
Lead Copper Rule Revision - Customer Identification_results,City of Dayton,emma.jewell (City of Dayton GIS / PND),,City of Dayton,,"Public — ArcGIS REST API, no auth",live service (verify),"ArcGIS FeatureServer/MapServer; GeoJSON, CSV, Shapefile export",,,2026-07-02,Y,Y,"Query,Extract",,,,https://services2.arcgis.com/3dDB2Kk6kuA2gIGw/arcgis/rest/services/survey123_219e7a557141404cb68f43044e7e6d39_results/FeatureServer,https://daytonohio.maps.arcgis.com/home/item.html?id=8b09481943f540898579cfdadc73bf97,
Leaf Collection View,City of Dayton,Frank.Boateng_DaytonOhio (City of Dayton GIS / PND),,City of Dayton,,"Public — ArcGIS REST API, no auth",live service (verify),"ArcGIS FeatureServer/MapServer; GeoJSON, CSV, Shapefile export",,,2021-11-01,,Y,Query,,,,https://services2.arcgis.com/3dDB2Kk6kuA2gIGw/arcgis/rest/services/Leaf_Collection_1/FeatureServer,https://daytonohio.maps.arcgis.com/home/item.html?id=bda15e583fcd4fb0a3974990d94bec32,Leaf Collection
Litter container,City of Dayton,Frank.Boateng_DaytonOhio (City of Dayton GIS / PND),,City of Dayton,,"Public — ArcGIS REST API, no auth",live service (verify),"ArcGIS FeatureServer/MapServer; GeoJSON, CSV, Shapefile export",,,2024-07-03,,Y,"Create,Delete,Query,Update,Editing,Extract,Sync",,,,https://services2.arcgis.com/3dDB2Kk6kuA2gIGw/arcgis/rest/services/Litter_container/FeatureServer,https://daytonohio.maps.arcgis.com/home/item.html?id=2158692243e54cdea8cead229b4fbf17,Litter Container
Living City Project_form,City of Dayton,Richard.Bailey@DaytonOhio.gov (City of Dayton GIS / PND),investment/projects,City of Dayton,jurisdiction/county,"Public — ArcGIS REST API, no auth",live service (verify),"ArcGIS FeatureServer/MapServer; GeoJSON, CSV, Shapefile export",,,2026-04-23,,N,"Create,Editing",,,,https://services2.arcgis.com/3dDB2Kk6kuA2gIGw/arcgis/rest/services/survey123_7e1d7694363b47a2930994443f38194c_form/FeatureServer,https://daytonohio.maps.arcgis.com/home/item.html?id=2df59682d92648cb9b39f62e70db4c54,
Living City Project_results,City of Dayton,Richard.Bailey@DaytonOhio.gov (City of Dayton GIS / PND),investment/projects,City of Dayton,jurisdiction/county,"Public — ArcGIS REST API, no auth",live service (verify),"ArcGIS FeatureServer/MapServer; GeoJSON, CSV, Shapefile export",,,2026-04-23,,Y,"Query,Extract",,,,https://services2.arcgis.com/3dDB2Kk6kuA2gIGw/arcgis/rest/services/survey123_7e1d7694363b47a2930994443f38194c_results/FeatureServer,https://daytonohio.maps.arcgis.com/home/item.html?id=99d3bab7d497404f960faceca7afe216,
Load Ticket_fieldworker,City of Dayton,Frank.Boateng_DaytonOhio (City of Dayton GIS / PND),,City of Dayton,,"Public — ArcGIS REST API, no auth",live service (verify),"ArcGIS FeatureServer/MapServer; GeoJSON, CSV, Shapefile export",,,2019-09-24,,Y,"Create,Query,Update,Editing,Sync",,,,https://services2.arcgis.com/3dDB2Kk6kuA2gIGw/arcgis/rest/services/survey123_09d6152aa014435fb89586dfb050598e_fieldworker/FeatureServer,https://daytonohio.maps.arcgis.com/home/item.html?id=40b94040168b4aaf9dbfdd0981efed60,
LWV Membership,City of Dayton,Jennifer.Hanauer (City of Dayton GIS / PND),,City of Dayton,,"Public — ArcGIS REST API, no auth",live service (verify),"ArcGIS FeatureServer/MapServer; GeoJSON, CSV, Shapefile export",,,2025-10-29,,Y,Query,,,,https://services2.arcgis.com/3dDB2Kk6kuA2gIGw/arcgis/rest/services/LWV_Membership/FeatureServer,https://daytonohio.maps.arcgis.com/home/item.html?id=57d0283a3dc541c982d5f301d5d0b008,"League of Women Voters of the Greater Dayton Area membership as of October 20, 2025"
MapLayers_Testing,City of Dayton,City of Dayton GIS,,City of Dayton,,"Public — ArcGIS REST API, no auth",live service (verify),ArcGIS MapServer,,11 layers,,,,,,,,https://maps.daytonohio.gov/gisservices/rest/services/MapLayers_Testing/MapServer,https://maps.daytonohio.gov/gisservices/rest/services,
MediationResponseUnit_CFS2,City of Dayton,GIS-Scripts (City of Dayton GIS / PND),,City of Dayton,,"Public — ArcGIS REST API, no auth",live service (verify),"ArcGIS FeatureServer/MapServer; GeoJSON, CSV, Shapefile export",,,2026-08-01,,Y,"Query,Extract",,,,https://services2.arcgis.com/3dDB2Kk6kuA2gIGw/arcgis/rest/services/MediationResponseUnit_CFS2/FeatureServer,https://daytonohio.maps.arcgis.com/home/item.html?id=54ac183c269b47cb93a242fef2a67945,
MediationResponseUnit_CFS_Units,City of Dayton,GIS-Scripts (City of Dayton GIS / PND),,City of Dayton,,"Public — ArcGIS REST API, no auth",live service (verify),"ArcGIS FeatureServer/MapServer; GeoJSON, CSV, Shapefile export",,,2026-08-01,,Y,"Query,Extract",,,,https://services2.arcgis.com/3dDB2Kk6kuA2gIGw/arcgis/rest/services/MediationResponseUnit_CFS_Units/FeatureServer,https://daytonohio.maps.arcgis.com/home/item.html?id=d99f55800e7844a2b95f15fd2ab8ca47,
NATO_Focus_Area,City of Dayton,Richard.Bailey@DaytonOhio.gov (City of Dayton GIS / PND),,City of Dayton,,"Public — ArcGIS REST API, no auth",live service (verify),"ArcGIS FeatureServer/MapServer; GeoJSON, CSV, Shapefile export",,,2025-07-03,,Y,Query,,,,https://services2.arcgis.com/3dDB2Kk6kuA2gIGw/arcgis/rest/services/NATO_Focus_Area/FeatureServer,https://daytonohio.maps.arcgis.com/home/item.html?id=9533e5be6c9d4fb6b2a8c1be39f1aff0,
Neighborhood,City of Dayton,Frank.Boateng_DaytonOhio (City of Dayton GIS / PND),geography/reference,City of Dayton,neighborhood,"Public — ArcGIS REST API, no auth",live service (verify),"ArcGIS FeatureServer/MapServer; GeoJSON, CSV, Shapefile export",,66,2020-06-06,Y,Y,"Create,Delete,Query,Update,Editing,Sync",,,,https://services2.arcgis.com/3dDB2Kk6kuA2gIGw/arcgis/rest/services/Neighborhood/FeatureServer,https://daytonohio.maps.arcgis.com/home/item.html?id=09a4269567a94bd19a54bb8dbbdff754,Neighborhood
Neighborhood_Profile,City of Dayton,Richard.Bailey@DaytonOhio.gov (City of Dayton GIS / PND),geography/reference,City of Dayton,neighborhood,"Public — ArcGIS REST API, no auth",live service (verify),"ArcGIS FeatureServer/MapServer; GeoJSON, CSV, Shapefile export",,65,2021-08-03,Y,Y,Query,,,,https://services2.arcgis.com/3dDB2Kk6kuA2gIGw/arcgis/rest/services/Neighborhood_Profile/FeatureServer,https://daytonohio.maps.arcgis.com/home/item.html?id=fd3ba401ab5b4a7faa5d4ac5d68c6055,Neighborhood boundary layer used for lineindayton.org map
Neighbourhood_Latest,City of Dayton,Frank.Boateng_DaytonOhio (City of Dayton GIS / PND),,City of Dayton,,"Public — ArcGIS REST API, no auth",live service (verify),"ArcGIS FeatureServer/MapServer; GeoJSON, CSV, Shapefile export",,,2024-02-23,,Y,Query,,,,https://services2.arcgis.com/3dDB2Kk6kuA2gIGw/arcgis/rest/services/Neighbourhood_Latest/FeatureServer,https://daytonohio.maps.arcgis.com/home/item.html?id=b91e32e6015d4018b23cf2566bec956b,Feature layer generated from Enrich layer
Nuisance Map 10.24,City of Dayton,Ken.Jackson_DaytonOhio (City of Dayton GIS / PND),code enforcement,City of Dayton,parcel,"Public — ArcGIS REST API, no auth",live service (verify),"ArcGIS FeatureServer/MapServer; GeoJSON, CSV, Shapefile export",,1752,2026-06-01,Y,Y,Query,,,,https://services2.arcgis.com/3dDB2Kk6kuA2gIGw/arcgis/rest/services/FinalJoinedSHP/FeatureServer,https://daytonohio.maps.arcgis.com/home/item.html?id=3471348679484cb39c6491a326f25e22,
Nusance_Parcels_Feb_2021,City of Dayton,Richard.Bailey@DaytonOhio.gov (City of Dayton GIS / PND),ownership/transfers,City of Dayton,parcel,"Public — ArcGIS REST API, no auth",live service (verify),"ArcGIS FeatureServer/MapServer; GeoJSON, CSV, Shapefile export",,1031,2021-11-30,Y,Y,Query,,,,https://services2.arcgis.com/3dDB2Kk6kuA2gIGw/arcgis/rest/services/Nusance_Parcels_Feb_2021/FeatureServer,https://daytonohio.maps.arcgis.com/home/item.html?id=8b5547a4b4da4cfe9daee9218da4f6b2,Nusance parcels within Dayton
OfficerInvolvedShooting,City of Dayton,barnold_Dayton_OH (City of Dayton GIS / PND),public safety,City of Dayton,jurisdiction/county,"Public — ArcGIS REST API, no auth",live service (verify),"ArcGIS FeatureServer/MapServer; GeoJSON, CSV, Shapefile export",,,2021-04-12,,Y,Query,,,,https://services2.arcgis.com/3dDB2Kk6kuA2gIGw/arcgis/rest/services/OfficerInvolvedShooting/FeatureServer,https://daytonohio.maps.arcgis.com/home/item.html?id=8f26093fc67b43b5beb34bdfe00208dc,Officer Involved Shooting
OfficerInvolvedShooting OpenData,City of Dayton,Richard.Bailey@DaytonOhio.gov (City of Dayton GIS / PND),public safety,City of Dayton,,"Public — ArcGIS REST API, no auth",live service (verify),"ArcGIS FeatureServer/MapServer; GeoJSON, CSV, Shapefile export",,,2020-10-12,,Y,"Map,Query,Data",,,,https://maps.daytonohio.gov/gisservices/rest/services/OpenData/OfficerInvolvedShooting_OpenData/MapServer,https://daytonohio.maps.arcgis.com/home/item.html?id=c4478fd05e214b2c9bf0e573747cac93,No Data
OfficerInvolvedShooting2,City of Dayton,GIS-Scripts (City of Dayton GIS / PND),public safety,City of Dayton,jurisdiction/county,"Public — ArcGIS REST API, no auth",live service (verify),"ArcGIS FeatureServer/MapServer; GeoJSON, CSV, Shapefile export",,,2026-08-01,,Y,"Query,Extract",,,,https://services2.arcgis.com/3dDB2Kk6kuA2gIGw/arcgis/rest/services/OfficerInvolvedShooting2/FeatureServer,https://daytonohio.maps.arcgis.com/home/item.html?id=a28655141c254dc491a9d3f395880c5f,Officer Involved Shooting
OfficerInvolvedShooting_OpenData_HOSTED,City of Dayton,GIS-Scripts (City of Dayton GIS / PND),public safety,City of Dayton,jurisdiction/county,"Public — ArcGIS REST API, no auth",live service (verify),"ArcGIS FeatureServer/MapServer; GeoJSON, CSV, Shapefile export",,,2026-08-01,,Y,"Query,Extract",,,,https://services2.arcgis.com/3dDB2Kk6kuA2gIGw/arcgis/rest/services/OfficerInvolvedShooting_OpenData_HOSTED/FeatureServer,https://daytonohio.maps.arcgis.com/home/item.html?id=a34c02b163a2468e94f9d2540c261b37,Open Data - Officer Involved Shootings
OpenData/Arrests_OpenData,City of Dayton,City of Dayton GIS,public safety,City of Dayton,address/point,"Public — ArcGIS REST API, no auth",live service (verify),ArcGIS MapServer,,1 layers,,,,,,,,https://maps.daytonohio.gov/gisservices/rest/services/OpenData/Arrests_OpenData/MapServer,https://maps.daytonohio.gov/gisservices/rest/services,
OpenData/CallsForService_OpenData,City of Dayton,City of Dayton GIS,public safety,City of Dayton,,"Public — ArcGIS REST API, no auth",live service (verify),ArcGIS MapServer,,0 layers,,,,,,,,https://maps.daytonohio.gov/gisservices/rest/services/OpenData/CallsForService_OpenData/MapServer,https://maps.daytonohio.gov/gisservices/rest/services,
OpenData/Crimes_OpenData,City of Dayton,City of Dayton GIS,public safety,City of Dayton,,"Public — ArcGIS REST API, no auth",live service (verify),ArcGIS MapServer,,0 layers,,,,,,,,https://maps.daytonohio.gov/gisservices/rest/services/OpenData/Crimes_OpenData/MapServer,https://maps.daytonohio.gov/gisservices/rest/services,
OpenData/OfficerInvolvedShooting_OpenData,City of Dayton,City of Dayton GIS,,City of Dayton,,"Public — ArcGIS REST API, no auth",live service (verify),ArcGIS MapServer,,1 layers,,,,,,,,https://maps.daytonohio.gov/gisservices/rest/services/OpenData/OfficerInvolvedShooting_OpenData/MapServer,https://maps.daytonohio.gov/gisservices/rest/services,
OpenData/UseOfForce_Type_OpenData,City of Dayton,City of Dayton GIS,public safety,City of Dayton,,"Public — ArcGIS REST API, no auth",live service (verify),ArcGIS MapServer,,1 layers,,,,,,,,https://maps.daytonohio.gov/gisservices/rest/services/OpenData/UseOfForce_Type_OpenData/MapServer,https://maps.daytonohio.gov/gisservices/rest/services,
Ortho16Cache,City of Dayton,emma.jewell (City of Dayton GIS / PND),,City of Dayton,,"Public — ArcGIS REST API, no auth",live service (verify),"ArcGIS FeatureServer/MapServer; GeoJSON, CSV, Shapefile export",,,2017-12-19,,N,service unreachable: <urlopen error [Errno 8] nodename nor s,,,,http://wtrags105:6080/arcgis/rest/services/Ortho16Cache/MapServer,https://daytonohio.maps.arcgis.com/home/item.html?id=973464d561914c9e8ee7a86a3dd82096,
Ortho_Cache_Fall_2024,City of Dayton,emma.jewell (City of Dayton GIS / PND),,City of Dayton,,"Public — ArcGIS REST API, no auth",live service (verify),"ArcGIS FeatureServer/MapServer; GeoJSON, CSV, Shapefile export",,,2024-11-05,,N,"Query,Map,Data",,,,https://maps.daytonohio.gov/gisservices/rest/services/Basemap/Fall2024Ortho_Greg/MapServer,https://daytonohio.maps.arcgis.com/home/item.html?id=55031200313943cb9e99721e1d1dc980,
Orthos/2024_Fall_Ortho,City of Dayton,City of Dayton GIS,,City of Dayton,,"Public — ArcGIS REST API, no auth",live service (verify),ArcGIS MapServer,,1 layers,,,,,,,,https://maps.daytonohio.gov/gisservices/rest/services/Orthos/2024_Fall_Ortho/MapServer,https://maps.daytonohio.gov/gisservices/rest/services,
OUPS_StreetLightArea_DSLP_20250715,City of Dayton,Richard.Bailey@DaytonOhio.gov (City of Dayton GIS / PND),geography/reference,City of Dayton,,"Public — ArcGIS REST API, no auth",live service (verify),"ArcGIS FeatureServer/MapServer; GeoJSON, CSV, Shapefile export",,,2025-09-04,,Y,Query,,,,https://services2.arcgis.com/3dDB2Kk6kuA2gIGw/arcgis/rest/services/OUPS_StreetLightArea_DSLP_20250715/FeatureServer,https://daytonohio.maps.arcgis.com/home/item.html?id=9fbf4261675d46639065b1352c4b000c,
Parcels,City of Dayton,emma.jewell (City of Dayton GIS / PND),ownership/transfers,City of Dayton,parcel,"Public — ArcGIS REST API, no auth",live service (verify),"ArcGIS FeatureServer/MapServer; GeoJSON, CSV, Shapefile export",,0,2020-05-15,,N,Service not found,,,,https://maps.daytonohio.gov/gisservices/rest/services/Engineering/Parcels/FeatureServer,https://daytonohio.maps.arcgis.com/home/item.html?id=303d1ea8f76d42e2a7f87763584f4a1a,
Parcels and Boundaries,City of Dayton,emma.jewell (City of Dayton GIS / PND),ownership/transfers,City of Dayton,parcel,"Public — ArcGIS REST API, no auth",live service (verify),"ArcGIS FeatureServer/MapServer; GeoJSON, CSV, Shapefile export",,273662,2018-11-09,Y,Y,"Map,Query,Data",,,,https://maps.daytonohio.gov/gisservices/rest/services/Water/Parcels_Boundary/MapServer,https://daytonohio.maps.arcgis.com/home/item.html?id=41e7845115be46148821ae709fb4d89b,
Parcels_HCS_Nuisance_WaterZero,City of Dayton,Richard.Bailey@DaytonOhio.gov (City of Dayton GIS / PND),condition/quality,City of Dayton,parcel,"Public — ArcGIS REST API, no auth",live service (verify),"ArcGIS FeatureServer/MapServer; GeoJSON, CSV, Shapefile export",,159656,2024-09-13,Y,Y,Query,,,,https://services2.arcgis.com/3dDB2Kk6kuA2gIGw/arcgis/rest/services/Parcels_HCS_Nuisance_WaterZero/FeatureServer,https://daytonohio.maps.arcgis.com/home/item.html?id=3c909a6de9d24f5bbdb1826b39bdbeb1,
Parcels_Join,City of Dayton,City of Dayton GIS,ownership/transfers,City of Dayton,parcel,"Public — ArcGIS REST API, no auth",live service (verify),ArcGIS MapServer,,1 layers,,Y,,,,,,https://maps.daytonohio.gov/gisservices/rest/services/Parcels_Join/MapServer,https://maps.daytonohio.gov/gisservices/rest/services,
Pavement Centerline_Transmap 2022,City of Dayton,Richard.Bailey@DaytonOhio.gov (City of Dayton GIS / PND),infrastructure,City of Dayton,,"Public — ArcGIS REST API, no auth",live service (verify),"ArcGIS FeatureServer/MapServer; GeoJSON, CSV, Shapefile export",,,2024-02-15,,Y,Query,,,,https://services2.arcgis.com/3dDB2Kk6kuA2gIGw/arcgis/rest/services/Pavement_Centerline_Transmap_2022/FeatureServer,https://daytonohio.maps.arcgis.com/home/item.html?id=42583824d99049ae87f0495414f576be,
Plan & Build Guidebook / Zoning,City of Dayton,City of Dayton,zoning/land use,Montgomery County,,Public web,,Hub site,,,,Y,,,,,,https://zoning-daytonohio.hub.arcgis.com,https://zoning-daytonohio.hub.arcgis.com,Zoning + permitting reference.
Planning cases,City of Dayton,City of Dayton Planning,zoning/land use,Montgomery County,,Public web; same postback mechanics as the Building module,,ASP.NET WebForms search portal,,,,Y,,,,,,https://aca-prod.accela.com/DAYTON/Cap/CapHome.aspx?module=Planning&TabName=Planning,,Planning/Planning Case/NA/NA. Zoning and land-use case records.
Planning Districts,City of Dayton,Frank.Boateng_DaytonOhio (City of Dayton GIS / PND),zoning/land use,City of Dayton,neighborhood,"Public — ArcGIS REST API, no auth",live service (verify),"ArcGIS FeatureServer/MapServer; GeoJSON, CSV, Shapefile export",,,2023-06-05,,Y,"Create,Query,Update,Editing,Sync",,,,https://services2.arcgis.com/3dDB2Kk6kuA2gIGw/arcgis/rest/services/Planning_Districts_Boundary/FeatureServer,https://daytonohio.maps.arcgis.com/home/item.html?id=c9c523fe51144a3da3a6861f26625ee3,Planning Districts
Planning/MapLabels_Planning_LotLinks,City of Dayton,City of Dayton GIS,zoning/land use,City of Dayton,,"Public — ArcGIS REST API, no auth",live service (verify),ArcGIS MapServer,,21 layers,,,,,,,,https://maps.daytonohio.gov/gisservices/rest/services/Planning/MapLabels_Planning_LotLinks/MapServer,https://maps.daytonohio.gov/gisservices/rest/services,
Planning/MapLayers_Planning_LotLinks2,City of Dayton,City of Dayton GIS,zoning/land use,City of Dayton,,"Public — ArcGIS REST API, no auth",live service (verify),ArcGIS MapServer,,10 layers,,,,,,,,https://maps.daytonohio.gov/gisservices/rest/services/Planning/MapLayers_Planning_LotLinks2/MapServer,https://maps.daytonohio.gov/gisservices/rest/services,
Planning_Districts_Neighborhood,City of Dayton,Frank.Boateng_DaytonOhio (City of Dayton GIS / PND),zoning/land use,City of Dayton,neighborhood,"Public — ArcGIS REST API, no auth",live service (verify),"ArcGIS FeatureServer/MapServer; GeoJSON, CSV, Shapefile export",,65,2023-06-01,Y,Y,"Create,Delete,Query,Update,Editing,Sync",,,,https://services2.arcgis.com/3dDB2Kk6kuA2gIGw/arcgis/rest/services/Planning_Districts_Neighborhood/FeatureServer,https://daytonohio.maps.arcgis.com/home/item.html?id=284a20534ea14614bb0e46595e637acf,Planning Districts Neighborhood
Plat Submission _fieldworker,City of Dayton,Frank.Boateng_DaytonOhio (City of Dayton GIS / PND),,City of Dayton,,"Public — ArcGIS REST API, no auth",live service (verify),"ArcGIS FeatureServer/MapServer; GeoJSON, CSV, Shapefile export",,,2020-03-25,,Y,"Create,Query,Update,Editing,Sync",,,,https://services2.arcgis.com/3dDB2Kk6kuA2gIGw/arcgis/rest/services/survey123_00b1d6e0234a4e43bd1dcb5354578aa7_fieldworker/FeatureServer,https://daytonohio.maps.arcgis.com/home/item.html?id=efbe1b353d6742ddbec7b8eb46a9618a,
PND - Development Tracker,City of Dayton,Frank.Boateng_DaytonOhio (City of Dayton GIS / PND),,City of Dayton,,"Public — ArcGIS REST API, no auth",live service (verify),"ArcGIS FeatureServer/MapServer; GeoJSON, CSV, Shapefile export",,,2026-07-28,,Y,"Create,Delete,Query,Update,Editing,Extract,Sync",,,,https://services2.arcgis.com/3dDB2Kk6kuA2gIGw/arcgis/rest/services/survey123_98741fabe7474ab8b3efc864ef853935/FeatureServer,https://daytonohio.maps.arcgis.com/home/item.html?id=f1e3d07790304666a1af14a9585f58f5,
PND - Development Tracker_form,City of Dayton,Frank.Boateng_DaytonOhio (City of Dayton GIS / PND),,City of Dayton,,"Public — ArcGIS REST API, no auth",live service (verify),"ArcGIS FeatureServer/MapServer; GeoJSON, CSV, Shapefile export",,,2026-07-28,,Y,"Create,Delete,Query,Update,Editing,Extract",,,,https://services2.arcgis.com/3dDB2Kk6kuA2gIGw/arcgis/rest/services/survey123_98741fabe7474ab8b3efc864ef853935_form/FeatureServer,https://daytonohio.maps.arcgis.com/home/item.html?id=1f5b2e1e71b94430afe077d53d73eda5,
PND - Development Tracker_results,City of Dayton,Frank.Boateng_DaytonOhio (City of Dayton GIS / PND),,City of Dayton,,"Public — ArcGIS REST API, no auth",live service (verify),"ArcGIS FeatureServer/MapServer; GeoJSON, CSV, Shapefile export",,,2026-07-24,,Y,"Query,Extract",,,,https://services2.arcgis.com/3dDB2Kk6kuA2gIGw/arcgis/rest/services/survey123_98741fabe7474ab8b3efc864ef853935_results/FeatureServer,https://daytonohio.maps.arcgis.com/home/item.html?id=99943a40ee6a42c2ae3f776f90d5fee2,
Police Calls For Service By Dispatch Code,City of Dayton,barnold_Dayton_OH (City of Dayton GIS / PND),public safety,City of Dayton,jurisdiction/county,"Public — ArcGIS REST API, no auth",live service (verify),"ArcGIS FeatureServer/MapServer; GeoJSON, CSV, Shapefile export",,,2026-02-12,,Y,"Query,Extract",,,,https://services2.arcgis.com/3dDB2Kk6kuA2gIGw/arcgis/rest/services/Police_Calls_For_Service_By_Dispatch_Code/FeatureServer,https://daytonohio.maps.arcgis.com/home/item.html?id=5ac03e9267824e2da4b27e125efd9514,Dayton Police Department - Calls For Service
Police Crimes by Part-REDO Layer,City of Dayton,Richard.Bailey@DaytonOhio.gov (City of Dayton GIS / PND),public safety,City of Dayton,,"Public — ArcGIS REST API, no auth",live service (verify),"ArcGIS FeatureServer/MapServer; GeoJSON, CSV, Shapefile export",,,2020-10-13,,N,"Map,Query,Data",,,,https://maps.daytonohio.gov/gisservices/rest/services/Police/PoliceALLCrimes_Layer/MapServer/0,https://daytonohio.maps.arcgis.com/home/item.html?id=e7de1609421947458574f548c0371bae,Police Crimes by Part-REDO Layer
Police Patrol Operations Division Layer,City of Dayton,Richard.Bailey@DaytonOhio.gov (City of Dayton GIS / PND),public safety,City of Dayton,,"Public — ArcGIS REST API, no auth",live service (verify),"ArcGIS FeatureServer/MapServer; GeoJSON, CSV, Shapefile export",,,2024-09-13,,N,"Query,Map,Data",,,,https://maps.daytonohio.gov/gisservices/rest/services/Police/PolicePODS/MapServer/0,https://daytonohio.maps.arcgis.com/home/item.html?id=ea0f6cb1fd204d3b80961ad6dcb3b381,Police Patrol Operations Division Layer
Police sworn staffing 2024 for arcgis CSV,City of Dayton,Richard.Bailey@DaytonOhio.gov (City of Dayton GIS / PND),public safety,City of Dayton,,"Public — ArcGIS REST API, no auth",live service (verify),"ArcGIS FeatureServer/MapServer; GeoJSON, CSV, Shapefile export",,,2024-08-22,,Y,Query,,,,https://services2.arcgis.com/3dDB2Kk6kuA2gIGw/arcgis/rest/services/Police_sworn_staffing_2024_for_arcgis_CSV/FeatureServer,https://daytonohio.maps.arcgis.com/home/item.html?id=f2b6056733fc4278a5355cda8c68c956,
Police Transparency Portal Feedback,City of Dayton,barnold_Dayton_OH (City of Dayton GIS / PND),public safety,City of Dayton,,"Public — ArcGIS REST API, no auth",live service (verify),"ArcGIS FeatureServer/MapServer; GeoJSON, CSV, Shapefile export",,,2021-05-19,,Y,"Create,Delete,Query,Update,Editing,Extract,Sync",,,,https://services2.arcgis.com/3dDB2Kk6kuA2gIGw/arcgis/rest/services/survey123_4e0a306e8873471c9dad238097985cc2/FeatureServer,https://daytonohio.maps.arcgis.com/home/item.html?id=da53bd70cdd84dd28b958b1214ec029d,
Police Transparency Portal Feedback_fieldworker,City of Dayton,barnold_Dayton_OH (City of Dayton GIS / PND),public safety,City of Dayton,,"Public — ArcGIS REST API, no auth",live service (verify),"ArcGIS FeatureServer/MapServer; GeoJSON, CSV, Shapefile export",,,2021-05-19,,Y,"Create,Query,Update,Editing",,,,https://services2.arcgis.com/3dDB2Kk6kuA2gIGw/arcgis/rest/services/survey123_4e0a306e8873471c9dad238097985cc2_fieldworker/FeatureServer,https://daytonohio.maps.arcgis.com/home/item.html?id=a2003eaa18524916bf94d3906408d077,
Police Transparency Portal Feedback_stakeholder,City of Dayton,barnold_Dayton_OH (City of Dayton GIS / PND),public safety,City of Dayton,,"Public — ArcGIS REST API, no auth",live service (verify),"ArcGIS FeatureServer/MapServer; GeoJSON, CSV, Shapefile export",,,2021-05-19,,Y,"Query,Extract",,,,https://services2.arcgis.com/3dDB2Kk6kuA2gIGw/arcgis/rest/services/survey123_4e0a306e8873471c9dad238097985cc2_stakeholder/FeatureServer,https://daytonohio.maps.arcgis.com/home/item.html?id=c313043fa80444bb877e8168b63e4343,
Police/ArrestDashboard,City of Dayton,City of Dayton GIS,public safety,City of Dayton,address/point,"Public — ArcGIS REST API, no auth",live service (verify),ArcGIS MapServer,,0 layers,,,,,,,,https://maps.daytonohio.gov/gisservices/rest/services/Police/ArrestDashboard/MapServer,https://maps.daytonohio.gov/gisservices/rest/services,
Police/Arrests_Greater2016,City of Dayton,City of Dayton GIS,public safety,City of Dayton,address/point,"Public — ArcGIS REST API, no auth",live service (verify),ArcGIS MapServer,,1 layers,,,,,,,,https://maps.daytonohio.gov/gisservices/rest/services/Police/Arrests_Greater2016/MapServer,https://maps.daytonohio.gov/gisservices/rest/services,
Police/CallsForService,City of Dayton,City of Dayton GIS,public safety,City of Dayton,,"Public — ArcGIS REST API, no auth",live service (verify),ArcGIS MapServer,,1 layers,,,,,,,,https://maps.daytonohio.gov/gisservices/rest/services/Police/CallsForService/MapServer,https://maps.daytonohio.gov/gisservices/rest/services,
Police/CallsForServiceDashboard,City of Dayton,City of Dayton GIS,public safety,City of Dayton,,"Public — ArcGIS REST API, no auth",live service (verify),ArcGIS MapServer,,0 layers,,,,,,,,https://maps.daytonohio.gov/gisservices/rest/services/Police/CallsForServiceDashboard/MapServer,https://maps.daytonohio.gov/gisservices/rest/services,
Police/CFSMap,City of Dayton,City of Dayton GIS,public safety,City of Dayton,,"Public — ArcGIS REST API, no auth",live service (verify),ArcGIS MapServer,,1 layers,,,,,,,,https://maps.daytonohio.gov/gisservices/rest/services/Police/CFSMap/MapServer,https://maps.daytonohio.gov/gisservices/rest/services,
Police/Crimes,City of Dayton,City of Dayton GIS,public safety,City of Dayton,,"Public — ArcGIS REST API, no auth",live service (verify),ArcGIS MapServer,,0 layers,,,,,,,,https://maps.daytonohio.gov/gisservices/rest/services/Police/Crimes/MapServer,https://maps.daytonohio.gov/gisservices/rest/services,
Police/Crimes_Greater2016,City of Dayton,City of Dayton GIS,public safety,City of Dayton,,"Public — ArcGIS REST API, no auth",live service (verify),ArcGIS MapServer,,1 layers,,,,,,,,https://maps.daytonohio.gov/gisservices/rest/services/Police/Crimes_Greater2016/MapServer,https://maps.daytonohio.gov/gisservices/rest/services,
Police/Crimes_Last_Two_Years,City of Dayton,City of Dayton GIS,public safety,City of Dayton,,"Public — ArcGIS REST API, no auth",live service (verify),ArcGIS MapServer,,1 layers,,,,,,,,https://maps.daytonohio.gov/gisservices/rest/services/Police/Crimes_Last_Two_Years/MapServer,https://maps.daytonohio.gov/gisservices/rest/services,
Police/CrimeVictimDashboard,City of Dayton,City of Dayton GIS,public safety,City of Dayton,,"Public — ArcGIS REST API, no auth",live service (verify),ArcGIS MapServer,,1 layers,,Y,,,,,,https://maps.daytonohio.gov/gisservices/rest/services/Police/CrimeVictimDashboard/MapServer,https://maps.daytonohio.gov/gisservices/rest/services,
Police/DailyCrimes_CallsForService,City of Dayton,City of Dayton GIS,public safety,City of Dayton,,"Public — ArcGIS REST API, no auth",live service (verify),ArcGIS MapServer,,2 layers,,,,,,,,https://maps.daytonohio.gov/gisservices/rest/services/Police/DailyCrimes_CallsForService/MapServer,https://maps.daytonohio.gov/gisservices/rest/services,
Police/DPD_ForensicService,City of Dayton,City of Dayton GIS,public safety,City of Dayton,,"Public — ArcGIS REST API, no auth",live service (verify),ArcGIS MapServer,,4 layers,,,,,,,,https://maps.daytonohio.gov/gisservices/rest/services/Police/DPD_ForensicService/MapServer,https://maps.daytonohio.gov/gisservices/rest/services,
Police/DPD_ForensicServices_Labels,City of Dayton,City of Dayton GIS,public safety,City of Dayton,,"Public — ArcGIS REST API, no auth",live service (verify),ArcGIS MapServer,,7 layers,,,,,,,,https://maps.daytonohio.gov/gisservices/rest/services/Police/DPD_ForensicServices_Labels/MapServer,https://maps.daytonohio.gov/gisservices/rest/services,
Police/DPD_Overdoses,City of Dayton,City of Dayton GIS,public safety,City of Dayton,,"Public — ArcGIS REST API, no auth",live service (verify),ArcGIS MapServer,,1 layers,,,,,,,,https://maps.daytonohio.gov/gisservices/rest/services/Police/DPD_Overdoses/MapServer,https://maps.daytonohio.gov/gisservices/rest/services,
Police/DPD_Traffic_Accidents,City of Dayton,City of Dayton GIS,public safety,City of Dayton,,"Public — ArcGIS REST API, no auth",live service (verify),ArcGIS MapServer,,1 layers,,,,,,,,https://maps.daytonohio.gov/gisservices/rest/services/Police/DPD_Traffic_Accidents/MapServer,https://maps.daytonohio.gov/gisservices/rest/services,
Police/MediationResponseUnit_CFS,City of Dayton,City of Dayton GIS,public safety,City of Dayton,,"Public — ArcGIS REST API, no auth",live service (verify),ArcGIS MapServer,,1 layers,,,,,,,,https://maps.daytonohio.gov/gisservices/rest/services/Police/MediationResponseUnit_CFS/MapServer,https://maps.daytonohio.gov/gisservices/rest/services,
Police/OfficerInvolvedShooting,City of Dayton,City of Dayton GIS,public safety,City of Dayton,,"Public — ArcGIS REST API, no auth",live service (verify),ArcGIS MapServer,,1 layers,,,,,,,,https://maps.daytonohio.gov/gisservices/rest/services/Police/OfficerInvolvedShooting/MapServer,https://maps.daytonohio.gov/gisservices/rest/services,
Police/OIS_Dashboard,City of Dayton,City of Dayton GIS,public safety,City of Dayton,,"Public — ArcGIS REST API, no auth",live service (verify),ArcGIS MapServer,,0 layers,,,,,,,,https://maps.daytonohio.gov/gisservices/rest/services/Police/OIS_Dashboard/MapServer,https://maps.daytonohio.gov/gisservices/rest/services,
Police/PoliceALLCrimes_Layer,City of Dayton,City of Dayton GIS,public safety,City of Dayton,,"Public — ArcGIS REST API, no auth",live service (verify),ArcGIS MapServer,,1 layers,,,,,,,,https://maps.daytonohio.gov/gisservices/rest/services/Police/PoliceALLCrimes_Layer/MapServer,https://maps.daytonohio.gov/gisservices/rest/services,All Crime Layer
Police/PoliceAreas,City of Dayton,City of Dayton GIS,public safety,City of Dayton,,"Public — ArcGIS REST API, no auth",live service (verify),ArcGIS MapServer,,3 layers,,,,,,,,https://maps.daytonohio.gov/gisservices/rest/services/Police/PoliceAreas/MapServer,https://maps.daytonohio.gov/gisservices/rest/services,
Police/PolicePODS,City of Dayton,City of Dayton GIS,public safety,City of Dayton,,"Public — ArcGIS REST API, no auth",live service (verify),ArcGIS MapServer,,1 layers,,,,,,,,https://maps.daytonohio.gov/gisservices/rest/services/Police/PolicePODS/MapServer,https://maps.daytonohio.gov/gisservices/rest/services,
Police/Public_Appearance,City of Dayton,City of Dayton GIS,public safety,City of Dayton,,"Public — ArcGIS REST API, no auth",live service (verify),ArcGIS MapServer,,0 layers,,,,,,,,https://maps.daytonohio.gov/gisservices/rest/services/Police/Public_Appearance/MapServer,https://maps.daytonohio.gov/gisservices/rest/services,
Police/ReformImplementationTracker,City of Dayton,City of Dayton GIS,public safety,City of Dayton,,"Public — ArcGIS REST API, no auth",live service (verify),ArcGIS MapServer,,1 layers,,,,,,,,https://maps.daytonohio.gov/gisservices/rest/services/Police/ReformImplementationTracker/MapServer,https://maps.daytonohio.gov/gisservices/rest/services,
Police/ResistingDashboard,City of Dayton,City of Dayton GIS,public safety,City of Dayton,,"Public — ArcGIS REST API, no auth",live service (verify),ArcGIS MapServer,,0 layers,,,,,,,,https://maps.daytonohio.gov/gisservices/rest/services/Police/ResistingDashboard/MapServer,https://maps.daytonohio.gov/gisservices/rest/services,
Police/ResistingDashboardV2,City of Dayton,City of Dayton GIS,public safety,City of Dayton,,"Public — ArcGIS REST API, no auth",live service (verify),ArcGIS MapServer,,0 layers,,,,,,,,https://maps.daytonohio.gov/gisservices/rest/services/Police/ResistingDashboardV2/MapServer,https://maps.daytonohio.gov/gisservices/rest/services,
Police/Ride_Along,City of Dayton,City of Dayton GIS,public safety,City of Dayton,,"Public — ArcGIS REST API, no auth",live service (verify),ArcGIS MapServer,,0 layers,,,,,,,,https://maps.daytonohio.gov/gisservices/rest/services/Police/Ride_Along/MapServer,https://maps.daytonohio.gov/gisservices/rest/services,
Police/UOF_Demographics,City of Dayton,City of Dayton GIS,demographics,City of Dayton,,"Public — ArcGIS REST API, no auth",live service (verify),ArcGIS MapServer,,0 layers,,,,,,,,https://maps.daytonohio.gov/gisservices/rest/services/Police/UOF_Demographics/MapServer,https://maps.daytonohio.gov/gisservices/rest/services,
Police/UOF_Totals,City of Dayton,City of Dayton GIS,public safety,City of Dayton,,"Public — ArcGIS REST API, no auth",live service (verify),ArcGIS MapServer,,0 layers,,,,,,,,https://maps.daytonohio.gov/gisservices/rest/services/Police/UOF_Totals/MapServer,https://maps.daytonohio.gov/gisservices/rest/services,
Police/UOF_Type,City of Dayton,City of Dayton GIS,public safety,City of Dayton,,"Public — ArcGIS REST API, no auth",live service (verify),ArcGIS MapServer,,0 layers,,,,,,,,https://maps.daytonohio.gov/gisservices/rest/services/Police/UOF_Type/MapServer,https://maps.daytonohio.gov/gisservices/rest/services,
Police/UseOfForce_DemographicsXY,City of Dayton,City of Dayton GIS,demographics,City of Dayton,,"Public — ArcGIS REST API, no auth",live service (verify),ArcGIS MapServer,,1 layers,,,,,,,,https://maps.daytonohio.gov/gisservices/rest/services/Police/UseOfForce_DemographicsXY/MapServer,https://maps.daytonohio.gov/gisservices/rest/services,
Police/UseOfForce_DemographicsXY_V2,City of Dayton,City of Dayton GIS,demographics,City of Dayton,,"Public — ArcGIS REST API, no auth",live service (verify),ArcGIS MapServer,,0 layers,,,,,,,,https://maps.daytonohio.gov/gisservices/rest/services/Police/UseOfForce_DemographicsXY_V2/MapServer,https://maps.daytonohio.gov/gisservices/rest/services,
Police/UseOfForce_DisciplineXY,City of Dayton,City of Dayton GIS,public safety,City of Dayton,,"Public — ArcGIS REST API, no auth",live service (verify),ArcGIS MapServer,,1 layers,,,,,,,,https://maps.daytonohio.gov/gisservices/rest/services/Police/UseOfForce_DisciplineXY/MapServer,https://maps.daytonohio.gov/gisservices/rest/services,
Police/UseOfForce_TypeXY,City of Dayton,City of Dayton GIS,public safety,City of Dayton,,"Public — ArcGIS REST API, no auth",live service (verify),ArcGIS MapServer,,1 layers,,,,,,,,https://maps.daytonohio.gov/gisservices/rest/services/Police/UseOfForce_TypeXY/MapServer,https://maps.daytonohio.gov/gisservices/rest/services,
Police/UseOfForce_TypeXY_V2,City of Dayton,City of Dayton GIS,public safety,City of Dayton,,"Public — ArcGIS REST API, no auth",live service (verify),ArcGIS MapServer,,0 layers,,,,,,,,https://maps.daytonohio.gov/gisservices/rest/services/Police/UseOfForce_TypeXY_V2/MapServer,https://maps.daytonohio.gov/gisservices/rest/services,
Police/Victim_Crimes,City of Dayton,City of Dayton GIS,public safety,City of Dayton,,"Public — ArcGIS REST API, no auth",live service (verify),ArcGIS MapServer,,0 layers,,,,,,,,https://maps.daytonohio.gov/gisservices/rest/services/Police/Victim_Crimes/MapServer,https://maps.daytonohio.gov/gisservices/rest/services,
PoliceCFS,City of Dayton,GIS-Scripts (City of Dayton GIS / PND),public safety,City of Dayton,jurisdiction/county,"Public — ArcGIS REST API, no auth",live service (verify),"ArcGIS FeatureServer/MapServer; GeoJSON, CSV, Shapefile export",,,2026-08-01,,Y,"Query,Extract",,,,https://services2.arcgis.com/3dDB2Kk6kuA2gIGw/arcgis/rest/services/PoliceCFS/FeatureServer,https://daytonohio.maps.arcgis.com/home/item.html?id=9ec59ba43e3b466c9c90bc2580b75be6,Dayton Police Department - Calls For Service
PoliceFIC_ShowOfForce_HOSTED,City of Dayton,GIS-Scripts (City of Dayton GIS / PND),public safety,City of Dayton,jurisdiction/county,"Public — ArcGIS REST API, no auth",live service (verify),"ArcGIS FeatureServer/MapServer; GeoJSON, CSV, Shapefile export",,,2026-08-01,,Y,"Query,Extract",,,,https://services2.arcgis.com/3dDB2Kk6kuA2gIGw/arcgis/rest/services/PoliceFIC_ShowOfForce_HOSTED/FeatureServer,https://daytonohio.maps.arcgis.com/home/item.html?id=78073980fe6c4702a12363d2009a8324,PoliceFIC_ShowOfForce
PoliceStopDemographics,City of Dayton,GIS-Scripts (City of Dayton GIS / PND),demographics,City of Dayton,address/point,"Public — ArcGIS REST API, no auth",live service (verify),"ArcGIS FeatureServer/MapServer; GeoJSON, CSV, Shapefile export",,,2026-08-01,,Y,"Query,Extract",,,,https://services2.arcgis.com/3dDB2Kk6kuA2gIGw/arcgis/rest/services/PoliceStopDemographics/FeatureServer,https://daytonohio.maps.arcgis.com/home/item.html?id=ad05ca5ba65643d8a9dd3909c2d82a83,Dayton Police Department - Stop Demographics
PoliceStops_Demographics_OPENDATA,City of Dayton,GIS-Scripts (City of Dayton GIS / PND),demographics,City of Dayton,address/point,"Public — ArcGIS REST API, no auth",live service (verify),"ArcGIS FeatureServer/MapServer; GeoJSON, CSV, Shapefile export",,,2026-08-01,,Y,"Query,Extract",,,,https://services2.arcgis.com/3dDB2Kk6kuA2gIGw/arcgis/rest/services/PoliceStops_Demographics_OPENDATA/FeatureServer,https://daytonohio.maps.arcgis.com/home/item.html?id=1842d3e178e149458d411fe18fc50c30,Dayton Police Department Police Stop Demographics - OPEN DATA
Population_Density_per_Neighborhood,City of Dayton,meg.maloney (City of Dayton GIS / PND),demographics,City of Dayton,neighborhood,"Public — ArcGIS REST API, no auth",live service (verify),"ArcGIS FeatureServer/MapServer; GeoJSON, CSV, Shapefile export",,66,2023-06-11,Y,Y,Query,,,,https://services2.arcgis.com/3dDB2Kk6kuA2gIGw/arcgis/rest/services/Population_Density_per_Neighborhood/FeatureServer,https://daytonohio.maps.arcgis.com/home/item.html?id=f1c35c22dfa84fea958197f51163536c,Feature layer generated from Enrich layer
Potholes,City of Dayton,Frank.Boateng_DaytonOhio (City of Dayton GIS / PND),,City of Dayton,,"Public — ArcGIS REST API, no auth",live service (verify),"ArcGIS FeatureServer/MapServer; GeoJSON, CSV, Shapefile export",,,2020-03-08,,Y,"Create,Delete,Query,Update,Editing,Sync",,,,https://services2.arcgis.com/3dDB2Kk6kuA2gIGw/arcgis/rest/services/Potholes/FeatureServer,https://daytonohio.maps.arcgis.com/home/item.html?id=75df1a5ad6b84fd28a8ff02d72198984,
Preschool Promise Enrollment Population Data_2024,City of Dayton,Richard.Bailey@DaytonOhio.gov (City of Dayton GIS / PND),demographics,City of Dayton,,"Public — ArcGIS REST API, no auth",live service (verify),"ArcGIS FeatureServer/MapServer; GeoJSON, CSV, Shapefile export",,,2024-08-22,,Y,Query,,,,https://services2.arcgis.com/3dDB2Kk6kuA2gIGw/arcgis/rest/services/Preschool_Promise_Enrollment_Population_Data_2024/FeatureServer,https://daytonohio.maps.arcgis.com/home/item.html?id=415d315d4d2c4c3396eaac9e02c6ce24,
Preschool Promise K Rediness Assessment Data_2024,City of Dayton,Richard.Bailey@DaytonOhio.gov (City of Dayton GIS / PND),,City of Dayton,,"Public — ArcGIS REST API, no auth",live service (verify),"ArcGIS FeatureServer/MapServer; GeoJSON, CSV, Shapefile export",,,2024-08-22,Y,Y,Query,,,,https://services2.arcgis.com/3dDB2Kk6kuA2gIGw/arcgis/rest/services/Preschool_Promise_K_Rediness_Assessment_Data_2024/FeatureServer,https://daytonohio.maps.arcgis.com/home/item.html?id=7748449d584541ffbc45f43ee5b197e8,
Preschool Promise Provider Enrollment Data_2024,City of Dayton,Richard.Bailey@DaytonOhio.gov (City of Dayton GIS / PND),,City of Dayton,,"Public — ArcGIS REST API, no auth",live service (verify),"ArcGIS FeatureServer/MapServer; GeoJSON, CSV, Shapefile export",,,2024-08-22,,Y,Query,,,,https://services2.arcgis.com/3dDB2Kk6kuA2gIGw/arcgis/rest/services/Preschool_Promise_Provider_Enrollment_Data_2024/FeatureServer,https://daytonohio.maps.arcgis.com/home/item.html?id=8e25ab4c14b24b1eaf8410d3dbb56342,
Preschool_Promise_2018,City of Dayton,Richard.Bailey@DaytonOhio.gov (City of Dayton GIS / PND),,City of Dayton,jurisdiction/county,"Public — ArcGIS REST API, no auth",live service (verify),"ArcGIS FeatureServer/MapServer; GeoJSON, CSV, Shapefile export",,,2018-04-12,,Y,Query,,,,https://services2.arcgis.com/3dDB2Kk6kuA2gIGw/arcgis/rest/services/Preschool_Promise_2018/FeatureServer,https://daytonohio.maps.arcgis.com/home/item.html?id=03367180c21c475d8147efcd79e38e4f,Issue 9 Preschool Promise School Locations for 2018
Preschool_Promise_2022,City of Dayton,Richard.Bailey@DaytonOhio.gov (City of Dayton GIS / PND),,City of Dayton,jurisdiction/county,"Public — ArcGIS REST API, no auth",live service (verify),"ArcGIS FeatureServer/MapServer; GeoJSON, CSV, Shapefile export",,,2022-06-13,,Y,Query,,,,https://services2.arcgis.com/3dDB2Kk6kuA2gIGw/arcgis/rest/services/Preschool_Promise_2022/FeatureServer,https://daytonohio.maps.arcgis.com/home/item.html?id=c6f7b3e9a68a4c5e812156b69ec373c4,Issue 9 Preschool Promise School Locations for 2022
Preschool_Promise_2023,City of Dayton,Richard.Bailey@DaytonOhio.gov (City of Dayton GIS / PND),,City of Dayton,jurisdiction/county,"Public — ArcGIS REST API, no auth",live service (verify),"ArcGIS FeatureServer/MapServer; GeoJSON, CSV, Shapefile export",,,2023-07-21,,Y,Query,,,,https://services2.arcgis.com/3dDB2Kk6kuA2gIGw/arcgis/rest/services/Preschool_Promise_2023/FeatureServer,https://daytonohio.maps.arcgis.com/home/item.html?id=b9715280d56345e3839b371198fce404,Issue 9 Preschool Promise School Details
Preschool_Promise_2025,City of Dayton,Richard.Bailey@DaytonOhio.gov (City of Dayton GIS / PND),,City of Dayton,,"Public — ArcGIS REST API, no auth",live service (verify),"ArcGIS FeatureServer/MapServer; GeoJSON, CSV, Shapefile export",,,2025-08-18,,Y,Query,,,,https://services2.arcgis.com/3dDB2Kk6kuA2gIGw/arcgis/rest/services/Preschool_Promise_2025/FeatureServer,https://daytonohio.maps.arcgis.com/home/item.html?id=bb857949b1794bc1a851e6fdb29855fa,
Problem Reporter,City of Dayton,barnold_Dayton_OH (City of Dayton GIS / PND),,City of Dayton,,"Public — ArcGIS REST API, no auth",live service (verify),"ArcGIS FeatureServer/MapServer; GeoJSON, CSV, Shapefile export",,,2021-11-04,,Y,"Create,Delete,Query,Update,Editing,Extract",,,,https://services2.arcgis.com/3dDB2Kk6kuA2gIGw/arcgis/rest/services/service_05488f08619149ae87c5de21a55984ea/FeatureServer,https://daytonohio.maps.arcgis.com/home/item.html?id=e1979ffeda66463a8ef95a619255633a,
Property Management Custodial Check List,City of Dayton,Frank.Boateng_DaytonOhio (City of Dayton GIS / PND),ownership/transfers,City of Dayton,parcel,"Public — ArcGIS REST API, no auth",live service (verify),"ArcGIS FeatureServer/MapServer; GeoJSON, CSV, Shapefile export",,,2025-12-01,Y,Y,"Create,Delete,Query,Update,Editing,Extract,Sync",,,,https://services2.arcgis.com/3dDB2Kk6kuA2gIGw/arcgis/rest/services/survey123_16fcf77a1297487fb0861c67a1615776/FeatureServer,https://daytonohio.maps.arcgis.com/home/item.html?id=667de8ccddd24d86bea378ca291adc14,
Property Management Custodial Check List_form,City of Dayton,Frank.Boateng_DaytonOhio (City of Dayton GIS / PND),ownership/transfers,City of Dayton,parcel,"Public — ArcGIS REST API, no auth",live service (verify),"ArcGIS FeatureServer/MapServer; GeoJSON, CSV, Shapefile export",,,2025-11-19,,N,"Create,Editing",,,,https://services2.arcgis.com/3dDB2Kk6kuA2gIGw/arcgis/rest/services/survey123_16fcf77a1297487fb0861c67a1615776_form/FeatureServer,https://daytonohio.maps.arcgis.com/home/item.html?id=7ce18669fe50477c887f7a726f2136dd,
Property Management Custodial Check List_results,City of Dayton,Frank.Boateng_DaytonOhio (City of Dayton GIS / PND),ownership/transfers,City of Dayton,parcel,"Public — ArcGIS REST API, no auth",live service (verify),"ArcGIS FeatureServer/MapServer; GeoJSON, CSV, Shapefile export",,,2025-11-19,Y,Y,"Create,Delete,Query,Update,Editing,Extract",,,,https://services2.arcgis.com/3dDB2Kk6kuA2gIGw/arcgis/rest/services/survey123_16fcf77a1297487fb0861c67a1615776_results/FeatureServer,https://daytonohio.maps.arcgis.com/home/item.html?id=bc7a6386a3f448cf8ebbd3b8a68dd86e,
Proposed_Resurfacing_5_Year,City of Dayton,Richard.Bailey@DaytonOhio.gov (City of Dayton GIS / PND),geography/reference,City of Dayton,jurisdiction/county,"Public — ArcGIS REST API, no auth",live service (verify),"ArcGIS FeatureServer/MapServer; GeoJSON, CSV, Shapefile export",,,2021-08-13,,Y,Query,,,,https://services2.arcgis.com/3dDB2Kk6kuA2gIGw/arcgis/rest/services/Proposed_Resurfacing_5_Year/FeatureServer,https://daytonohio.maps.arcgis.com/home/item.html?id=037a6dd263494f12b1714f73ac71a4ad,5 Years of Proposed Resurfacing (2019-2023) for City of Dayton Streets
PTP Feedback Form_fieldworker,City of Dayton,barnold_Dayton_OH (City of Dayton GIS / PND),,City of Dayton,,"Public — ArcGIS REST API, no auth",live service (verify),"ArcGIS FeatureServer/MapServer; GeoJSON, CSV, Shapefile export",,,2021-05-19,,Y,"Create,Query,Update,Editing",,,,https://services2.arcgis.com/3dDB2Kk6kuA2gIGw/arcgis/rest/services/survey123_3631a0de044d4c2eb5505e60cf259367_fieldworker/FeatureServer,https://daytonohio.maps.arcgis.com/home/item.html?id=28925a56d5d344f8987dd1dc9ebab5f7,
Public_Facilities,City of Dayton,Frank.Boateng_DaytonOhio (City of Dayton GIS / PND),,City of Dayton,,"Public — ArcGIS REST API, no auth",live service (verify),"ArcGIS FeatureServer/MapServer; GeoJSON, CSV, Shapefile export",,,2026-01-30,,Y,Query,,,,https://services2.arcgis.com/3dDB2Kk6kuA2gIGw/arcgis/rest/services/Public_Facilities/FeatureServer,https://daytonohio.maps.arcgis.com/home/item.html?id=5ef75c7776dc4330a68a9e04117302c2,
Public_Service_Connections,City of Dayton,emma.jewell (City of Dayton GIS / PND),,City of Dayton,,"Public — ArcGIS REST API, no auth",live service (verify),"ArcGIS FeatureServer/MapServer; GeoJSON, CSV, Shapefile export",,,2024-09-19,,Y,"Map,Query,Data",,,,https://maps.daytonohio.gov/gisservices/rest/services/LCRR/Public_Service_Connections/MapServer,https://daytonohio.maps.arcgis.com/home/item.html?id=b8721430afdb49cfbc9c1be0298cab3e,
PublicServiceConnections,City of Dayton,emma.jewell (City of Dayton GIS / PND),,City of Dayton,,"Public — ArcGIS REST API, no auth",live service (verify),"ArcGIS FeatureServer/MapServer; GeoJSON, CSV, Shapefile export",,,2025-03-31,,Y,Query,,,,https://services2.arcgis.com/3dDB2Kk6kuA2gIGw/arcgis/rest/services/PublicServiceConnections/FeatureServer,https://daytonohio.maps.arcgis.com/home/item.html?id=1302d4edd6094c499add41d76187281a,
PublicWorks/BannerData,City of Dayton,City of Dayton GIS,,City of Dayton,,"Public — ArcGIS REST API, no auth",live service (verify),ArcGIS MapServer,,1 layers,,,,,,,,https://maps.daytonohio.gov/gisservices/rest/services/PublicWorks/BannerData/MapServer,https://maps.daytonohio.gov/gisservices/rest/services,
PublicWorks/CityofDaytonSafetyActionPlanReferenceLayers,City of Dayton,City of Dayton GIS,zoning/land use,City of Dayton,jurisdiction/county,"Public — ArcGIS REST API, no auth",live service (verify),ArcGIS MapServer,,3 layers,,,,,,,,https://maps.daytonohio.gov/gisservices/rest/services/PublicWorks/CityofDaytonSafetyActionPlanReferenceLayers/MapServer,https://maps.daytonohio.gov/gisservices/rest/services,
PublicWorks/COD_Neighborhoods,City of Dayton,City of Dayton GIS,geography/reference,City of Dayton,neighborhood,"Public — ArcGIS REST API, no auth",live service (verify),ArcGIS MapServer,,1 layers,,Y,,,,,,https://maps.daytonohio.gov/gisservices/rest/services/PublicWorks/COD_Neighborhoods/MapServer,https://maps.daytonohio.gov/gisservices/rest/services,
PublicWorks/COD_ServiceRequests_Last90,City of Dayton,City of Dayton GIS,,City of Dayton,address/point,"Public — ArcGIS REST API, no auth",live service (verify),ArcGIS MapServer,,1 layers,,,,,,,,https://maps.daytonohio.gov/gisservices/rest/services/PublicWorks/COD_ServiceRequests_Last90/MapServer,https://maps.daytonohio.gov/gisservices/rest/services,
PublicWorks/DaytonOwnedParcel,City of Dayton,City of Dayton GIS,ownership/transfers,City of Dayton,parcel,"Public — ArcGIS REST API, no auth",live service (verify),ArcGIS MapServer,,1 layers,,Y,,,,,,https://maps.daytonohio.gov/gisservices/rest/services/PublicWorks/DaytonOwnedParcel/MapServer,https://maps.daytonohio.gov/gisservices/rest/services,
PublicWorks/DaytonParcel,City of Dayton,City of Dayton GIS,ownership/transfers,City of Dayton,parcel,"Public — ArcGIS REST API, no auth",live service (verify),ArcGIS MapServer,,1 layers,,Y,,,,,,https://maps.daytonohio.gov/gisservices/rest/services/PublicWorks/DaytonParcel/MapServer,https://maps.daytonohio.gov/gisservices/rest/services,
PublicWorks/DaytonStreetLight_2008,City of Dayton,City of Dayton GIS,geography/reference,City of Dayton,,"Public — ArcGIS REST API, no auth",live service (verify),ArcGIS MapServer,,1 layers,,,,,,,,https://maps.daytonohio.gov/gisservices/rest/services/PublicWorks/DaytonStreetLight_2008/MapServer,https://maps.daytonohio.gov/gisservices/rest/services,
PublicWorks/Fleet_Inventory,City of Dayton,City of Dayton GIS,,City of Dayton,,"Public — ArcGIS REST API, no auth",live service (verify),ArcGIS FeatureServer,,1 layers,,,,,,,,https://maps.daytonohio.gov/gisservices/rest/services/PublicWorks/Fleet_Inventory/FeatureServer,https://maps.daytonohio.gov/gisservices/rest/services,
PublicWorks/Fleet_Inventory,City of Dayton,City of Dayton GIS,,City of Dayton,,"Public — ArcGIS REST API, no auth",live service (verify),ArcGIS MapServer,,1 layers,,,,,,,,https://maps.daytonohio.gov/gisservices/rest/services/PublicWorks/Fleet_Inventory/MapServer,https://maps.daytonohio.gov/gisservices/rest/services,
PublicWorks/JHM_Imagery,City of Dayton,City of Dayton GIS,,City of Dayton,,"Public — ArcGIS REST API, no auth",live service (verify),ArcGIS MapServer,,1 layers,,,,,,,,https://maps.daytonohio.gov/gisservices/rest/services/PublicWorks/JHM_Imagery/MapServer,https://maps.daytonohio.gov/gisservices/rest/services,
PublicWorks/PW_Pavement_Maintenance,City of Dayton,City of Dayton GIS,infrastructure,City of Dayton,,"Public — ArcGIS REST API, no auth",live service (verify),ArcGIS FeatureServer,,1 layers,,,,,,,,https://maps.daytonohio.gov/gisservices/rest/services/PublicWorks/PW_Pavement_Maintenance/FeatureServer,https://maps.daytonohio.gov/gisservices/rest/services,
PublicWorks/PW_Pavement_Maintenance,City of Dayton,City of Dayton GIS,infrastructure,City of Dayton,,"Public — ArcGIS REST API, no auth",live service (verify),ArcGIS MapServer,,1 layers,,,,,,,,https://maps.daytonohio.gov/gisservices/rest/services/PublicWorks/PW_Pavement_Maintenance/MapServer,https://maps.daytonohio.gov/gisservices/rest/services,
PublicWorks/PWservices,City of Dayton,City of Dayton GIS,,City of Dayton,,"Public — ArcGIS REST API, no auth",live service (verify),ArcGIS MapServer,,7 layers,,,,,,,,https://maps.daytonohio.gov/gisservices/rest/services/PublicWorks/PWservices/MapServer,https://maps.daytonohio.gov/gisservices/rest/services,
PublicWorks/SLSA_2014_Parcels,City of Dayton,City of Dayton GIS,ownership/transfers,City of Dayton,parcel,"Public — ArcGIS REST API, no auth",live service (verify),ArcGIS MapServer,,1 layers,,Y,,,,,,https://maps.daytonohio.gov/gisservices/rest/services/PublicWorks/SLSA_2014_Parcels/MapServer,https://maps.daytonohio.gov/gisservices/rest/services,
PublicWorks/StormWaterAssetCollection_PW,City of Dayton,City of Dayton GIS,infrastructure,City of Dayton,,"Public — ArcGIS REST API, no auth",live service (verify),ArcGIS FeatureServer,,1 layers,,,,,,,,https://maps.daytonohio.gov/gisservices/rest/services/PublicWorks/StormWaterAssetCollection_PW/FeatureServer,https://maps.daytonohio.gov/gisservices/rest/services,
PublicWorks/StormWaterAssetCollection_PW,City of Dayton,City of Dayton GIS,infrastructure,City of Dayton,,"Public — ArcGIS REST API, no auth",live service (verify),ArcGIS MapServer,,1 layers,,,,,,,,https://maps.daytonohio.gov/gisservices/rest/services/PublicWorks/StormWaterAssetCollection_PW/MapServer,https://maps.daytonohio.gov/gisservices/rest/services,
PublicWorks/Street_Light_Edit_Map_SDE_10_3_1,City of Dayton,City of Dayton GIS,geography/reference,City of Dayton,,"Public — ArcGIS REST API, no auth",live service (verify),ArcGIS FeatureServer,,1 layers,,,,,,,,https://maps.daytonohio.gov/gisservices/rest/services/PublicWorks/Street_Light_Edit_Map_SDE_10_3_1/FeatureServer,https://maps.daytonohio.gov/gisservices/rest/services,
PublicWorks/Street_Light_Edit_Map_SDE_10_3_1,City of Dayton,City of Dayton GIS,geography/reference,City of Dayton,,"Public — ArcGIS REST API, no auth",live service (verify),ArcGIS MapServer,,1 layers,,,,,,,,https://maps.daytonohio.gov/gisservices/rest/services/PublicWorks/Street_Light_Edit_Map_SDE_10_3_1/MapServer,https://maps.daytonohio.gov/gisservices/rest/services,
PublicWorks/Street_Tree_Edit_Map450,City of Dayton,City of Dayton GIS,geography/reference,City of Dayton,,"Public — ArcGIS REST API, no auth",live service (verify),ArcGIS FeatureServer,,0 layers,,,,,,,,https://maps.daytonohio.gov/gisservices/rest/services/PublicWorks/Street_Tree_Edit_Map450/FeatureServer,https://maps.daytonohio.gov/gisservices/rest/services,
PublicWorks/Street_Tree_Edit_Map450,City of Dayton,City of Dayton GIS,geography/reference,City of Dayton,,"Public — ArcGIS REST API, no auth",live service (verify),ArcGIS MapServer,,0 layers,,,,,,,,https://maps.daytonohio.gov/gisservices/rest/services/PublicWorks/Street_Tree_Edit_Map450/MapServer,https://maps.daytonohio.gov/gisservices/rest/services,
PublicWorks/Street_Tree_Edit_Map_SDE_10_3_1,City of Dayton,City of Dayton GIS,geography/reference,City of Dayton,,"Public — ArcGIS REST API, no auth",live service (verify),ArcGIS FeatureServer,,1 layers,,,,,,,,https://maps.daytonohio.gov/gisservices/rest/services/PublicWorks/Street_Tree_Edit_Map_SDE_10_3_1/FeatureServer,https://maps.daytonohio.gov/gisservices/rest/services,
PublicWorks/Street_Tree_Edit_Map_SDE_10_3_1,City of Dayton,City of Dayton GIS,geography/reference,City of Dayton,,"Public — ArcGIS REST API, no auth",live service (verify),ArcGIS MapServer,,1 layers,,,,,,,,https://maps.daytonohio.gov/gisservices/rest/services/PublicWorks/Street_Tree_Edit_Map_SDE_10_3_1/MapServer,https://maps.daytonohio.gov/gisservices/rest/services,
PublicWorks/VLM_Abated,City of Dayton,City of Dayton GIS,,City of Dayton,,"Public — ArcGIS REST API, no auth",live service (verify),ArcGIS MapServer,,0 layers,,,,,,,,https://maps.daytonohio.gov/gisservices/rest/services/PublicWorks/VLM_Abated/MapServer,https://maps.daytonohio.gov/gisservices/rest/services,
PublicWorks/VLM_Inspected,City of Dayton,City of Dayton GIS,condition/quality,City of Dayton,,"Public — ArcGIS REST API, no auth",live service (verify),ArcGIS FeatureServer,,0 layers,,Y,,,,,,https://maps.daytonohio.gov/gisservices/rest/services/PublicWorks/VLM_Inspected/FeatureServer,https://maps.daytonohio.gov/gisservices/rest/services,
PublicWorks/VLM_Inspected,City of Dayton,City of Dayton GIS,condition/quality,City of Dayton,,"Public — ArcGIS REST API, no auth",live service (verify),ArcGIS MapServer,,0 layers,,Y,,,,,,https://maps.daytonohio.gov/gisservices/rest/services/PublicWorks/VLM_Inspected/MapServer,https://maps.daytonohio.gov/gisservices/rest/services,
PublicWorks/VLM_Inspected_UPDATE,City of Dayton,City of Dayton GIS,condition/quality,City of Dayton,,"Public — ArcGIS REST API, no auth",live service (verify),ArcGIS FeatureServer,,1 layers,,Y,,,,,,https://maps.daytonohio.gov/gisservices/rest/services/PublicWorks/VLM_Inspected_UPDATE/FeatureServer,https://maps.daytonohio.gov/gisservices/rest/services,
PublicWorks/VLM_Inspected_UPDATE,City of Dayton,City of Dayton GIS,condition/quality,City of Dayton,,"Public — ArcGIS REST API, no auth",live service (verify),ArcGIS MapServer,,1 layers,,Y,,,,,,https://maps.daytonohio.gov/gisservices/rest/services/PublicWorks/VLM_Inspected_UPDATE/MapServer,https://maps.daytonohio.gov/gisservices/rest/services,
PublicWorks/VLM_Inspection,City of Dayton,City of Dayton GIS,condition/quality,City of Dayton,,"Public — ArcGIS REST API, no auth",live service (verify),ArcGIS FeatureServer,,0 layers,,Y,,,,,,https://maps.daytonohio.gov/gisservices/rest/services/PublicWorks/VLM_Inspection/FeatureServer,https://maps.daytonohio.gov/gisservices/rest/services,
PublicWorks/VLM_Inspection,City of Dayton,City of Dayton GIS,condition/quality,City of Dayton,,"Public — ArcGIS REST API, no auth",live service (verify),ArcGIS MapServer,,0 layers,,Y,,,,,,https://maps.daytonohio.gov/gisservices/rest/services/PublicWorks/VLM_Inspection/MapServer,https://maps.daytonohio.gov/gisservices/rest/services,
PublicWorks/VLM_Inspection_UPDATE,City of Dayton,City of Dayton GIS,condition/quality,City of Dayton,,"Public — ArcGIS REST API, no auth",live service (verify),ArcGIS FeatureServer,,1 layers,,Y,,,,,,https://maps.daytonohio.gov/gisservices/rest/services/PublicWorks/VLM_Inspection_UPDATE/FeatureServer,https://maps.daytonohio.gov/gisservices/rest/services,
PublicWorks/VLM_Inspection_UPDATE,City of Dayton,City of Dayton GIS,condition/quality,City of Dayton,,"Public — ArcGIS REST API, no auth",live service (verify),ArcGIS MapServer,,1 layers,,Y,,,,,,https://maps.daytonohio.gov/gisservices/rest/services/PublicWorks/VLM_Inspection_UPDATE/MapServer,https://maps.daytonohio.gov/gisservices/rest/services,
PublicWorks/Waste_Collection_Pickup_Map_Public,City of Dayton,City of Dayton GIS,,City of Dayton,,"Public — ArcGIS REST API, no auth",live service (verify),ArcGIS MapServer,,4 layers,,,,,,,,https://maps.daytonohio.gov/gisservices/rest/services/PublicWorks/Waste_Collection_Pickup_Map_Public/MapServer,https://maps.daytonohio.gov/gisservices/rest/services,This map is used to author a map service for the Government Services Locator.
PublicWorks/WCRoutes,City of Dayton,City of Dayton GIS,,City of Dayton,,"Public — ArcGIS REST API, no auth",live service (verify),ArcGIS MapServer,,6 layers,,,,,,,,https://maps.daytonohio.gov/gisservices/rest/services/PublicWorks/WCRoutes/MapServer,https://maps.daytonohio.gov/gisservices/rest/services,
PublicWorks/WCRoutes_10,City of Dayton,City of Dayton GIS,,City of Dayton,,"Public — ArcGIS REST API, no auth",live service (verify),ArcGIS MapServer,,6 layers,,,,,,,,https://maps.daytonohio.gov/gisservices/rest/services/PublicWorks/WCRoutes_10/MapServer,https://maps.daytonohio.gov/gisservices/rest/services,
PublicWorks/Wesleyan_Metro_Park,City of Dayton,City of Dayton GIS,,City of Dayton,,"Public — ArcGIS REST API, no auth",live service (verify),ArcGIS MapServer,,1 layers,,,,,,,,https://maps.daytonohio.gov/gisservices/rest/services/PublicWorks/Wesleyan_Metro_Park/MapServer,https://maps.daytonohio.gov/gisservices/rest/services,
PublicWorks/WesleyanBikePath,City of Dayton,City of Dayton GIS,,City of Dayton,,"Public — ArcGIS REST API, no auth",live service (verify),ArcGIS MapServer,,1 layers,,,,,,,,https://maps.daytonohio.gov/gisservices/rest/services/PublicWorks/WesleyanBikePath/MapServer,https://maps.daytonohio.gov/gisservices/rest/services,
PW_Feedback_2025_table,City of Dayton,Richard.Bailey@DaytonOhio.gov (City of Dayton GIS / PND),,City of Dayton,,"Public — ArcGIS REST API, no auth",live service (verify),"ArcGIS FeatureServer/MapServer; GeoJSON, CSV, Shapefile export",,,2025-04-14,,Y,"Query,Extract",,,,https://services2.arcgis.com/3dDB2Kk6kuA2gIGw/arcgis/rest/services/PW_Feedback_2025/FeatureServer,https://daytonohio.maps.arcgis.com/home/item.html?id=370b2a067a29472bb60449b5c30a2bfb,
PW_Parks_June2021,City of Dayton,Richard.Bailey@DaytonOhio.gov (City of Dayton GIS / PND),,City of Dayton,,"Public — ArcGIS REST API, no auth",live service (verify),"ArcGIS FeatureServer/MapServer; GeoJSON, CSV, Shapefile export",,,2021-06-15,,Y,Query,,,,https://services2.arcgis.com/3dDB2Kk6kuA2gIGw/arcgis/rest/services/PW_Parks_June2021/FeatureServer,https://daytonohio.maps.arcgis.com/home/item.html?id=0c9c8cc29dc1454aaf429d7bd6996917,
Qualified Opportunity Zones_Montgomery County OH,City of Dayton,Richard.Bailey@DaytonOhio.gov (City of Dayton GIS / PND),tax/delinquency,City of Dayton,neighborhood,"Public — ArcGIS REST API, no auth",live service (verify),"ArcGIS FeatureServer/MapServer; GeoJSON, CSV, Shapefile export",,,2022-12-07,Y,Y,"Query,Extract",,,,https://services2.arcgis.com/FiaPA4ga0iQKduv3/arcgis/rest/services/Opportunity_Zones_1/FeatureServer,https://daytonohio.maps.arcgis.com/home/item.html?id=7bfefc09799d4c16928aed4845c80024,"This feature layer, utilizing data from the U.S. Department of the Treasury, depicts all opportunity zones in the United States."
Recycle,City of Dayton,Frank.Boateng_DaytonOhio (City of Dayton GIS / PND),,City of Dayton,,"Public — ArcGIS REST API, no auth",live service (verify),"ArcGIS FeatureServer/MapServer; GeoJSON, CSV, Shapefile export",,,2024-04-04,,Y,"Create,Delete,Query,Update,Editing,Sync",,,,https://services2.arcgis.com/3dDB2Kk6kuA2gIGw/arcgis/rest/services/Recycle/FeatureServer,https://daytonohio.maps.arcgis.com/home/item.html?id=fb25ac9744cc42f0994dfaaf6d16c1c2,Recycle
RecyclecollectionRouteCount,City of Dayton,Frank.Boateng_DaytonOhio (City of Dayton GIS / PND),,City of Dayton,,"Public — ArcGIS REST API, no auth",live service (verify),"ArcGIS FeatureServer/MapServer; GeoJSON, CSV, Shapefile export",,,2020-01-09,,Y,"Create,Delete,Query,Update,Editing,Sync",,,,https://services2.arcgis.com/3dDB2Kk6kuA2gIGw/arcgis/rest/services/RecyclecollectionRouteCount/FeatureServer,https://daytonohio.maps.arcgis.com/home/item.html?id=366caafaaa414d988de4e40cb21cae68,Recycle
RecyclecollectionRouteCount_1,City of Dayton,Frank.Boateng_DaytonOhio (City of Dayton GIS / PND),,City of Dayton,,"Public — ArcGIS REST API, no auth",live service (verify),"ArcGIS FeatureServer/MapServer; GeoJSON, CSV, Shapefile export",,,2020-01-09,,Y,Query,,,,https://services2.arcgis.com/3dDB2Kk6kuA2gIGw/arcgis/rest/services/RecyclecollectionRouteCount_1/FeatureServer,https://daytonohio.maps.arcgis.com/home/item.html?id=55c50c86849348988c7baa61980c5c00,Recycle
Recycling Route Areas,City of Dayton,Richard.Bailey@DaytonOhio.gov (City of Dayton GIS / PND),,City of Dayton,,"Public — ArcGIS REST API, no auth",live service (verify),"ArcGIS FeatureServer/MapServer; GeoJSON, CSV, Shapefile export",,,2018-08-03,,N,service unreachable: Expecting value: line 3 column 1 (char ,,,,http://maps.daytonohio.gov/daytongis/rest/services/COD_Webpage/COD_Government_Services/MapServer/7,https://daytonohio.maps.arcgis.com/home/item.html?id=0bda0a9ea9c44c848c9430a5785a1afb,Recycling Route Areas
ReformImplementationTracker,City of Dayton,Matthew.Muhlenkamp (City of Dayton GIS / PND),public safety,City of Dayton,jurisdiction/county,"Public — ArcGIS REST API, no auth",live service (verify),"ArcGIS FeatureServer/MapServer; GeoJSON, CSV, Shapefile export",,,2021-05-22,,Y,"Map,Query,Data",,,,https://maps.daytonohio.gov/gisservices/rest/services/Police/ReformImplementationTracker/MapServer,https://daytonohio.maps.arcgis.com/home/item.html?id=1e56b373ee994f8c87a0b44759286d70,
Residence Park1 True Ortho,City of Dayton,Frank.Boateng_DaytonOhio (City of Dayton GIS / PND),,City of Dayton,,"Public — ArcGIS REST API, no auth",live service (verify),"ArcGIS FeatureServer/MapServer; GeoJSON, CSV, Shapefile export",,,2025-04-24,,N,"Map,TilesOnly,Tilemap",,,,https://tiles.arcgis.com/tiles/3dDB2Kk6kuA2gIGw/arcgis/rest/services/Residence_Park1_True_Ortho/MapServer,https://daytonohio.maps.arcgis.com/home/item.html?id=b010094f682d4247bfd07622cf000420,True Ortho
ResistingArrest_OpenData,City of Dayton,GIS-Scripts (City of Dayton GIS / PND),public safety,City of Dayton,address/point,"Public — ArcGIS REST API, no auth",live service (verify),"ArcGIS FeatureServer/MapServer; GeoJSON, CSV, Shapefile export",,,2026-08-01,,Y,"Query,Extract",,,,https://services2.arcgis.com/3dDB2Kk6kuA2gIGw/arcgis/rest/services/ResistingArrest_OpenData/FeatureServer,https://daytonohio.maps.arcgis.com/home/item.html?id=3339ad297d86401d972f58244cb40991,Resisting Arrest Open Data Table
ResistingDashboard,City of Dayton,GIS-Scripts (City of Dayton GIS / PND),public safety,City of Dayton,address/point,"Public — ArcGIS REST API, no auth",live service (verify),"ArcGIS FeatureServer/MapServer; GeoJSON, CSV, Shapefile export",,,2026-08-01,,Y,"Query,Extract",,,,https://services2.arcgis.com/3dDB2Kk6kuA2gIGw/arcgis/rest/services/ResistingDashboard/FeatureServer,https://daytonohio.maps.arcgis.com/home/item.html?id=d84d821d3f9a49edabaef1c119a875f2,Resisting Arrest Dashboard
Resurfacing_Presentation2020,City of Dayton,Richard.Bailey@DaytonOhio.gov (City of Dayton GIS / PND),infrastructure,City of Dayton,,"Public — ArcGIS REST API, no auth",live service (verify),"ArcGIS FeatureServer/MapServer; GeoJSON, CSV, Shapefile export",,,2020-11-30,,Y,Query,,,,https://services2.arcgis.com/3dDB2Kk6kuA2gIGw/arcgis/rest/services/Resurfacing_Presentation2020/FeatureServer,https://daytonohio.maps.arcgis.com/home/item.html?id=51cae4b556de410d969aec1b8f4f893c,Resurfacing Data
Rhythm DIY Testing_fieldworker,City of Dayton,Frank.Boateng_DaytonOhio (City of Dayton GIS / PND),,City of Dayton,,"Public — ArcGIS REST API, no auth",live service (verify),"ArcGIS FeatureServer/MapServer; GeoJSON, CSV, Shapefile export",,,2020-08-07,,Y,"Create,Query,Update,Editing",,,,https://services2.arcgis.com/3dDB2Kk6kuA2gIGw/arcgis/rest/services/survey123_0f1f8e69112e47838add88980ae5f69c_fieldworker/FeatureServer,https://daytonohio.maps.arcgis.com/home/item.html?id=c1a8ff1dcd30425db6a3769577d8ea21,
Rhythm Internal Testing,City of Dayton,Frank.Boateng_DaytonOhio (City of Dayton GIS / PND),,City of Dayton,,"Public — ArcGIS REST API, no auth",live service (verify),"ArcGIS FeatureServer/MapServer; GeoJSON, CSV, Shapefile export",,,2020-08-27,,Y,"Create,Delete,Query,Update,Editing,Extract,Sync",,,,https://services2.arcgis.com/3dDB2Kk6kuA2gIGw/arcgis/rest/services/survey123_af669804b5ce4468bd0a446b15ac3d6f/FeatureServer,https://daytonohio.maps.arcgis.com/home/item.html?id=09590e25f4144ffc95e3c690313700c9,
Rhythm Internal Testing Example_fieldworker,City of Dayton,Frank.Boateng_DaytonOhio (City of Dayton GIS / PND),,City of Dayton,,"Public — ArcGIS REST API, no auth",live service (verify),"ArcGIS FeatureServer/MapServer; GeoJSON, CSV, Shapefile export",,,2020-08-10,,Y,"Create,Query,Update,Editing",,,,https://services2.arcgis.com/3dDB2Kk6kuA2gIGw/arcgis/rest/services/survey123_eafe6d7f99c643c392db982519372550_fieldworker/FeatureServer,https://daytonohio.maps.arcgis.com/home/item.html?id=f8a4330fbe734ed69b206c23eaad7bdc,
Rhythm Internal Testing_fieldworker,City of Dayton,Frank.Boateng_DaytonOhio (City of Dayton GIS / PND),,City of Dayton,,"Public — ArcGIS REST API, no auth",live service (verify),"ArcGIS FeatureServer/MapServer; GeoJSON, CSV, Shapefile export",,,2020-08-25,,Y,"Create,Query,Update,Editing",,,,https://services2.arcgis.com/3dDB2Kk6kuA2gIGw/arcgis/rest/services/survey123_af669804b5ce4468bd0a446b15ac3d6f_fieldworker/FeatureServer,https://daytonohio.maps.arcgis.com/home/item.html?id=d1ffd41ab0f142db81e2cb78a6cb0fa2,
Rhythm Internal Testing_stakeholder,City of Dayton,Frank.Boateng_DaytonOhio (City of Dayton GIS / PND),,City of Dayton,,"Public — ArcGIS REST API, no auth",live service (verify),"ArcGIS FeatureServer/MapServer; GeoJSON, CSV, Shapefile export",,,2020-08-25,,Y,"Query,Extract",,,,https://services2.arcgis.com/3dDB2Kk6kuA2gIGw/arcgis/rest/services/survey123_af669804b5ce4468bd0a446b15ac3d6f_stakeholder/FeatureServer,https://daytonohio.maps.arcgis.com/home/item.html?id=df5bfb8222b642c78a6b01a8859686b1,
Rhythm/RhythmAddress,City of Dayton,City of Dayton GIS,geography/reference,City of Dayton,address/point,"Public — ArcGIS REST API, no auth",live service (verify),ArcGIS MapServer,,1 layers,,Y,,,,,,https://maps.daytonohio.gov/gisservices/rest/services/Rhythm/RhythmAddress/MapServer,https://maps.daytonohio.gov/gisservices/rest/services,
Rhythm/ServiceRequestMap,City of Dayton,City of Dayton GIS,,City of Dayton,address/point,"Public — ArcGIS REST API, no auth",live service (verify),ArcGIS FeatureServer,,1 layers,,,,,,,,https://maps.daytonohio.gov/gisservices/rest/services/Rhythm/ServiceRequestMap/FeatureServer,https://maps.daytonohio.gov/gisservices/rest/services,
Rhythm/ServiceRequestMap,City of Dayton,City of Dayton GIS,,City of Dayton,address/point,"Public — ArcGIS REST API, no auth",live service (verify),ArcGIS MapServer,,1 layers,,,,,,,,https://maps.daytonohio.gov/gisservices/rest/services/Rhythm/ServiceRequestMap/MapServer,https://maps.daytonohio.gov/gisservices/rest/services,
Road Safety Action Plan,City of Dayton,greg.hornbeek_DaytonOhio (City of Dayton GIS / PND),zoning/land use,City of Dayton,,"Public — ArcGIS REST API, no auth",live service (verify),"ArcGIS FeatureServer/MapServer; GeoJSON, CSV, Shapefile export",,,2026-07-10,,Y,"Create,Query,Editing,ChangeTracking",,,,https://services2.arcgis.com/3dDB2Kk6kuA2gIGw/arcgis/rest/services/Point_Line_Shapefile_Upload/FeatureServer,https://daytonohio.maps.arcgis.com/home/item.html?id=19cdbb069a8e44a6b85885abc2eab785,Map used for the public input of saftey concerns.
Road Safety Action Plan Reference Layer,City of Dayton,greg.hornbeek_DaytonOhio (City of Dayton GIS / PND),zoning/land use,City of Dayton,,"Public — ArcGIS REST API, no auth",live service (verify),"ArcGIS FeatureServer/MapServer; GeoJSON, CSV, Shapefile export",,,2026-05-07,,Y,"Map,Query,Data",,,,https://maps.daytonohio.gov/gisservices/rest/services/PublicWorks/CityofDaytonSafetyActionPlanReferenceLayers/MapServer,https://daytonohio.maps.arcgis.com/home/item.html?id=1aee3a982cf3448c9882118520001c80,Reference Layer for Road Safety Action Plan
RPLC_MCES_Assets,City of Dayton,MCES_GisTeam (City of Dayton GIS / PND),infrastructure,City of Dayton,,"Public — ArcGIS REST API, no auth",live service (verify),"ArcGIS FeatureServer/MapServer; GeoJSON, CSV, Shapefile export",,,2020-02-21,,N,"Map,Query,Data",,,,https://utility.arcgis.com/usrsvcs/servers/be7232647f1b4291ad1a7cdaef272435/rest/services/RPLC_PublishedServices/RPLC_MCES_Assets/MapServer,https://daytonohio.maps.arcgis.com/home/item.html?id=be7232647f1b4291ad1a7cdaef272435,Used to share limited water and sanitary data with COD
Satisfaction Survey - Rhythm_fieldworker,City of Dayton,Richard.Bailey@DaytonOhio.gov (City of Dayton GIS / PND),,City of Dayton,,"Public — ArcGIS REST API, no auth",live service (verify),"ArcGIS FeatureServer/MapServer; GeoJSON, CSV, Shapefile export",,,2021-03-03,,Y,"Create,Query,Update,Editing",,,,https://services2.arcgis.com/3dDB2Kk6kuA2gIGw/arcgis/rest/services/survey123_d7ed404cc3304c6598f0e87ee70b2a2f_fieldworker/FeatureServer,https://daytonohio.maps.arcgis.com/home/item.html?id=7072c5af20c44e28aadae6953861a2de,
Scada_Sites_shp,City of Dayton,Richard.Bailey@DaytonOhio.gov (City of Dayton GIS / PND),,City of Dayton,,"Public — ArcGIS REST API, no auth",live service (verify),"ArcGIS FeatureServer/MapServer; GeoJSON, CSV, Shapefile export",,,2020-07-13,,Y,Query,,,,https://services2.arcgis.com/3dDB2Kk6kuA2gIGw/arcgis/rest/services/Scada_Sites_shp/FeatureServer,https://daytonohio.maps.arcgis.com/home/item.html?id=0f022de183a54b17844786106f4d96ae,
ServiceableLocations,City of Dayton,Frank.Boateng_DaytonOhio (City of Dayton GIS / PND),,City of Dayton,,"Public — ArcGIS REST API, no auth",live service (verify),"ArcGIS FeatureServer/MapServer; GeoJSON, CSV, Shapefile export",,,2025-04-11,,Y,"Create,Delete,Query,Update,Editing",,,,https://services2.arcgis.com/3dDB2Kk6kuA2gIGw/arcgis/rest/services/ServiceableLocations_22e67ab37c7d4f85b7248d3bcc7e775e/FeatureServer,https://daytonohio.maps.arcgis.com/home/item.html?id=eaf369d5ca7647aaab14fd5bc4c8a2ab,A service used to administer the Serviceable Locations feature service.
ServiceableLocations_editing,City of Dayton,Frank.Boateng_DaytonOhio (City of Dayton GIS / PND),,City of Dayton,,"Public — ArcGIS REST API, no auth",live service (verify),"ArcGIS FeatureServer/MapServer; GeoJSON, CSV, Shapefile export",,,2025-04-01,,Y,"Create,Delete,Query,Update,Editing,Extract",,,,https://services2.arcgis.com/3dDB2Kk6kuA2gIGw/arcgis/rest/services/ServiceableLocations_editing_22e67ab37c7d4f85b7248d3bcc7e775e/FeatureServer,https://daytonohio.maps.arcgis.com/home/item.html?id=643e6cf16cf34bc8a671bfbc8284bc1e,A service used to edit the Serviceable Locations feature service.
ServiceableLocations_viewing,City of Dayton,Frank.Boateng_DaytonOhio (City of Dayton GIS / PND),,City of Dayton,,"Public — ArcGIS REST API, no auth",live service (verify),"ArcGIS FeatureServer/MapServer; GeoJSON, CSV, Shapefile export",,,2025-03-27,,Y,Query,,,,https://services2.arcgis.com/3dDB2Kk6kuA2gIGw/arcgis/rest/services/ServiceableLocations_viewing_22e67ab37c7d4f85b7248d3bcc7e775e/FeatureServer,https://daytonohio.maps.arcgis.com/home/item.html?id=24005c54f21a4726aa9890b761d47933,A service used to view the Serviceable Locations feature service.
Shade Tree Planting_fieldworker,City of Dayton,Richard.Bailey@DaytonOhio.gov (City of Dayton GIS / PND),zoning/land use,City of Dayton,,"Public — ArcGIS REST API, no auth",live service (verify),"ArcGIS FeatureServer/MapServer; GeoJSON, CSV, Shapefile export",,,2018-08-29,,Y,"Create,Query,Update,Editing,Sync",,,,https://services2.arcgis.com/3dDB2Kk6kuA2gIGw/arcgis/rest/services/survey123_fd42cd2bb4f648468bdd539972867a60_fieldworker/FeatureServer,https://daytonohio.maps.arcgis.com/home/item.html?id=e82639b84f324f3cb9279a19cd912e23,
Sign Shop Orthomosaic,City of Dayton,Frank.Boateng_DaytonOhio (City of Dayton GIS / PND),,City of Dayton,,"Public — ArcGIS REST API, no auth",live service (verify),"ArcGIS FeatureServer/MapServer; GeoJSON, CSV, Shapefile export",,,2022-11-04,,N,"Map,TilesOnly,Tilemap",,,,https://tiles.arcgis.com/tiles/3dDB2Kk6kuA2gIGw/arcgis/rest/services/Sign_Shop_Orthomosaic/MapServer,https://daytonohio.maps.arcgis.com/home/item.html?id=142cf04852824e9fab8b5fd08587f081,Roof
Sinclair UAV Outfall Areas,City of Dayton,emma.jewell (City of Dayton GIS / PND),,City of Dayton,jurisdiction/county,"Public — ArcGIS REST API, no auth",live service (verify),"ArcGIS FeatureServer/MapServer; GeoJSON, CSV, Shapefile export",,,2018-11-12,,Y,"Map,Query,Data",,,,https://maps.daytonohio.gov/gisservices/rest/services/Water/Sinclair_UAV_OutfallAreas/MapServer,https://daytonohio.maps.arcgis.com/home/item.html?id=a043ac9828e14b9aa7f49b7caaeaa5bf,
SLSA 2014 Parcels,City of Dayton,emma.jewell (City of Dayton GIS / PND),ownership/transfers,City of Dayton,parcel,"Public — ArcGIS REST API, no auth",live service (verify),"ArcGIS FeatureServer/MapServer; GeoJSON, CSV, Shapefile export",,88512,2018-11-12,Y,Y,"Map,Query,Data",,,,https://maps.daytonohio.gov/gisservices/rest/services/PublicWorks/SLSA_2014_Parcels/MapServer,https://daytonohio.maps.arcgis.com/home/item.html?id=8c82b70e43c24ea188aa945c1461690a,
SLSA_2014_Parcels,City of Dayton,Richard.Bailey@DaytonOhio.gov (City of Dayton GIS / PND),ownership/transfers,City of Dayton,parcel,"Public — ArcGIS REST API, no auth",live service (verify),"ArcGIS FeatureServer/MapServer; GeoJSON, CSV, Shapefile export",,88512,2019-03-18,Y,Y,Query,,,,https://services2.arcgis.com/3dDB2Kk6kuA2gIGw/arcgis/rest/services/SLSA_2014_Parcels/FeatureServer,https://daytonohio.maps.arcgis.com/home/item.html?id=26ab57a7888545709aa4fa95a8232f72,City of Dayton Parcel reflecting Street Light Special Assesment values.
Snow Plow Roadeo ,City of Dayton,Bryan.Urban@daytonohio.gov (City of Dayton GIS / PND),,City of Dayton,,"Public — ArcGIS REST API, no auth",live service (verify),"ArcGIS FeatureServer/MapServer; GeoJSON, CSV, Shapefile export",,,2025-10-10,,Y,"Create,Delete,Query,Update,Editing,Extract,Sync",,,,https://services2.arcgis.com/3dDB2Kk6kuA2gIGw/arcgis/rest/services/survey123_fd5fb79be6234255adf650d427f1deb2/FeatureServer,https://daytonohio.maps.arcgis.com/home/item.html?id=692cd0277e9a4a5da08c2303fea8e1c6,
Snow Plow Roadeo _form,City of Dayton,Bryan.Urban@daytonohio.gov (City of Dayton GIS / PND),,City of Dayton,,"Public — ArcGIS REST API, no auth",live service (verify),"ArcGIS FeatureServer/MapServer; GeoJSON, CSV, Shapefile export",,,2025-09-29,,N,"Create,Editing",,,,https://services2.arcgis.com/3dDB2Kk6kuA2gIGw/arcgis/rest/services/survey123_fd5fb79be6234255adf650d427f1deb2_form/FeatureServer,https://daytonohio.maps.arcgis.com/home/item.html?id=7d59dad40a364751a8096720a5d98c9d,
Snow Plow Roadeo _results,City of Dayton,Bryan.Urban@daytonohio.gov (City of Dayton GIS / PND),,City of Dayton,,"Public — ArcGIS REST API, no auth",live service (verify),"ArcGIS FeatureServer/MapServer; GeoJSON, CSV, Shapefile export",,,2025-09-18,,Y,"Query,Extract",,,,https://services2.arcgis.com/3dDB2Kk6kuA2gIGw/arcgis/rest/services/survey123_fd5fb79be6234255adf650d427f1deb2_results/FeatureServer,https://daytonohio.maps.arcgis.com/home/item.html?id=29a776702290489cac3a6da479b6a15c,
St_Annes_Hill_SLSA_2017_WEB,City of Dayton,Richard.Bailey@DaytonOhio.gov (City of Dayton GIS / PND),ownership/transfers,City of Dayton,parcel,"Public — ArcGIS REST API, no auth",live service (verify),"ArcGIS FeatureServer/MapServer; GeoJSON, CSV, Shapefile export",,,2017-11-29,Y,Y,"Create,Delete,Query,Update,Editing",,,,https://services2.arcgis.com/3dDB2Kk6kuA2gIGw/arcgis/rest/services/St_Annes_Hill_SLSA_2017_WEB/FeatureServer,https://daytonohio.maps.arcgis.com/home/item.html?id=16b5f8c6b488458e94a91f454d30b765,St Annes Hill SLSA Parcels
Stakeholder Feedback_form,City of Dayton,emma.jewell (City of Dayton GIS / PND),,City of Dayton,,"Public — ArcGIS REST API, no auth",live service (verify),"ArcGIS FeatureServer/MapServer; GeoJSON, CSV, Shapefile export",,,2025-06-05,,N,"Create,Editing",,,,https://services2.arcgis.com/3dDB2Kk6kuA2gIGw/arcgis/rest/services/survey123_cd286ffa20544c549bc847dee344464f_form/FeatureServer,https://daytonohio.maps.arcgis.com/home/item.html?id=20ff302944994449b1088b39be587e9b,
Start List,City of Dayton,Bryan.Urban@daytonohio.gov (City of Dayton GIS / PND),,City of Dayton,,"Public — ArcGIS REST API, no auth",live service (verify),"ArcGIS FeatureServer/MapServer; GeoJSON, CSV, Shapefile export",,,2025-09-29,,Y,Query,,,,https://services2.arcgis.com/3dDB2Kk6kuA2gIGw/arcgis/rest/services/Start_List/FeatureServer,https://daytonohio.maps.arcgis.com/home/item.html?id=f20092e08b1d4c3287bb8c6275ae3499,
Storm Drain Murals Service Data,City of Dayton,emma.jewell (City of Dayton GIS / PND),infrastructure,City of Dayton,,"Public — ArcGIS REST API, no auth",live service (verify),"ArcGIS FeatureServer/MapServer; GeoJSON, CSV, Shapefile export",,,2024-02-08,,Y,"Query,Create,Update,Delete,Uploads,Editing,Extract",,,,https://maps.daytonohio.gov/gisservices/rest/services/Environmental/StormDrain_Artscape/FeatureServer,https://daytonohio.maps.arcgis.com/home/item.html?id=5d82a3fadbd74c0f916ecc891cdfe2bb,
Storm Drain Nickname Viewer,City of Dayton,emma.jewell (City of Dayton GIS / PND),infrastructure,City of Dayton,,"Public — ArcGIS REST API, no auth",live service (verify),"ArcGIS FeatureServer/MapServer; GeoJSON, CSV, Shapefile export",,,2024-03-08,,Y,Query,,,,https://services2.arcgis.com/3dDB2Kk6kuA2gIGw/arcgis/rest/services/Storm_Drain_Nickname_Viewer/FeatureServer,https://daytonohio.maps.arcgis.com/home/item.html?id=7a6efeab577d4b3da7e5e6c57ffda593,Contains a table of already in use Storm Drain Nicknames 
Storm Reporting Training_CG_WFL1,City of Dayton,Cameron.Goschinski (City of Dayton GIS / PND),infrastructure,City of Dayton,,"Public — ArcGIS REST API, no auth",live service (verify),"ArcGIS FeatureServer/MapServer; GeoJSON, CSV, Shapefile export",,,2025-11-13,,Y,"Create,Delete,Query,Update,Editing",,,,https://services2.arcgis.com/3dDB2Kk6kuA2gIGw/arcgis/rest/services/Storm_Reporting_Training_CG_WFL1/FeatureServer,https://daytonohio.maps.arcgis.com/home/item.html?id=b3cc4202f54d46009e243f02c206d0bf,Map for MVRPC GIS training working with the Reporting Application in November 2025
Storm Reporting Training_Jen_WFL1,City of Dayton,Jennifer.Hanauer (City of Dayton GIS / PND),infrastructure,City of Dayton,,"Public — ArcGIS REST API, no auth",live service (verify),"ArcGIS FeatureServer/MapServer; GeoJSON, CSV, Shapefile export",,,2025-11-13,,Y,"Create,Delete,Query,Update,Editing",,,,https://services2.arcgis.com/3dDB2Kk6kuA2gIGw/arcgis/rest/services/Storm_Reporting_Training_Jen_WFL1/FeatureServer,https://daytonohio.maps.arcgis.com/home/item.html?id=3279c774fb9f44c19d610935d0e0ecb2,Map for MVRPC GIS training working with the Reporting Application in November 2025
Street Light,City of Dayton,Frank.Boateng_DaytonOhio (City of Dayton GIS / PND),geography/reference,City of Dayton,,"Public — ArcGIS REST API, no auth",live service (verify),"ArcGIS FeatureServer/MapServer; GeoJSON, CSV, Shapefile export",,,2020-03-08,,Y,"Create,Delete,Query,Update,Editing,Sync",,,,https://services2.arcgis.com/3dDB2Kk6kuA2gIGw/arcgis/rest/services/Street_Light/FeatureServer,https://daytonohio.maps.arcgis.com/home/item.html?id=adf52f91ba2c4e76bcc805209037ec53,
Street Light 2016,City of Dayton,Richard.Bailey@DaytonOhio.gov (City of Dayton GIS / PND),geography/reference,City of Dayton,,"Public — ArcGIS REST API, no auth",live service (verify),"ArcGIS FeatureServer/MapServer; GeoJSON, CSV, Shapefile export",,,2022-08-17,,Y,"Query,Create,Update,Delete,Uploads,Editing",,,,https://maps.daytonohio.gov/gisservices/rest/services/PublicWorks/Street_Light_Edit_Map_SDE_10_3_1/FeatureServer,https://daytonohio.maps.arcgis.com/home/item.html?id=f7c9438065854d53a5e28c27ebf3fad4,Dayton Street Light Inventory Map Layer
Street Light 2016 no edit,City of Dayton,Richard.Bailey@DaytonOhio.gov (City of Dayton GIS / PND),geography/reference,City of Dayton,,"Public — ArcGIS REST API, no auth",live service (verify),"ArcGIS FeatureServer/MapServer; GeoJSON, CSV, Shapefile export",,,2022-08-17,,N,"Query,Map,Data",,,,https://maps.daytonohio.gov/gisservices/rest/services/PublicWorks/Street_Light_Edit_Map_SDE_10_3_1/MapServer/0,https://daytonohio.maps.arcgis.com/home/item.html?id=ae42501e331d41bba2029adea9095746,
Street Light Inventory,City of Dayton,Frank.Boateng_DaytonOhio (City of Dayton GIS / PND),geography/reference,City of Dayton,,"Public — ArcGIS REST API, no auth",live service (verify),"ArcGIS FeatureServer/MapServer; GeoJSON, CSV, Shapefile export",,,2020-03-13,,Y,"Create,Delete,Query,Update,Editing,Extract,Sync",,,,https://services2.arcgis.com/3dDB2Kk6kuA2gIGw/arcgis/rest/services/Street_Light_Inventory/FeatureServer,https://daytonohio.maps.arcgis.com/home/item.html?id=9583b799558248b0a57117b06836fb03,
Street_Light_Editor,City of Dayton,City of Dayton GIS,geography/reference,City of Dayton,,"Public — ArcGIS REST API, no auth",live service (verify),ArcGIS FeatureServer,,0 layers,,,,,,,,https://maps.daytonohio.gov/gisservices/rest/services/Street_Light_Editor/FeatureServer,https://maps.daytonohio.gov/gisservices/rest/services,
Street_Light_Editor,City of Dayton,City of Dayton GIS,geography/reference,City of Dayton,,"Public — ArcGIS REST API, no auth",live service (verify),ArcGIS MapServer,,0 layers,,,,,,,,https://maps.daytonohio.gov/gisservices/rest/services/Street_Light_Editor/MapServer,https://maps.daytonohio.gov/gisservices/rest/services,
Student/Teacher Feedback Survey 2026_form,City of Dayton,jenny.schulz (City of Dayton GIS / PND),,City of Dayton,,"Public — ArcGIS REST API, no auth",live service (verify),"ArcGIS FeatureServer/MapServer; GeoJSON, CSV, Shapefile export",,,2026-04-28,,N,"Create,Editing",,,,https://services2.arcgis.com/3dDB2Kk6kuA2gIGw/arcgis/rest/services/survey123_1b6c4d7a86004a43a4b1861b8f3f4b18_form/FeatureServer,https://daytonohio.maps.arcgis.com/home/item.html?id=2a88a3d7084c4a0cb0e5cef9df37047d,
Succession Planning Workforce Assessment Form_form,City of Dayton,Richard.Bailey@DaytonOhio.gov (City of Dayton GIS / PND),zoning/land use,City of Dayton,,"Public — ArcGIS REST API, no auth",live service (verify),"ArcGIS FeatureServer/MapServer; GeoJSON, CSV, Shapefile export",,,2026-06-26,Y,Y,"Create,Query,Editing,Extract",,,,https://services2.arcgis.com/3dDB2Kk6kuA2gIGw/arcgis/rest/services/survey123_603bea7b69384e858878e9de772f8c15_form/FeatureServer,https://daytonohio.maps.arcgis.com/home/item.html?id=17dd55d122304c5bb8aca7d52ddcc057,
Succession Planning Workforce Assessment Form_results,City of Dayton,Richard.Bailey@DaytonOhio.gov (City of Dayton GIS / PND),zoning/land use,City of Dayton,,"Public — ArcGIS REST API, no auth",live service (verify),"ArcGIS FeatureServer/MapServer; GeoJSON, CSV, Shapefile export",,,2026-06-26,Y,Y,"Query,Extract",,,,https://services2.arcgis.com/3dDB2Kk6kuA2gIGw/arcgis/rest/services/survey123_603bea7b69384e858878e9de772f8c15_results/FeatureServer,https://daytonohio.maps.arcgis.com/home/item.html?id=c6d1e6af0ed54ff1a448d9e8ea579fb0,
Sustainability/Sustainability_Project_Data,City of Dayton,City of Dayton GIS,investment/projects,City of Dayton,,"Public — ArcGIS REST API, no auth",live service (verify),ArcGIS FeatureServer,,1 layers,,,,,,,,https://maps.daytonohio.gov/gisservices/rest/services/Sustainability/Sustainability_Project_Data/FeatureServer,https://maps.daytonohio.gov/gisservices/rest/services,
Sustainability/Sustainability_Project_Data,City of Dayton,City of Dayton GIS,investment/projects,City of Dayton,,"Public — ArcGIS REST API, no auth",live service (verify),ArcGIS MapServer,,1 layers,,,,,,,,https://maps.daytonohio.gov/gisservices/rest/services/Sustainability/Sustainability_Project_Data/MapServer,https://maps.daytonohio.gov/gisservices/rest/services,
Texas_Reservoirs_Recent_Conditions_-_Brian,City of Dayton,barnold_Dayton_OH (City of Dayton GIS / PND),condition/quality,City of Dayton,,"Public — ArcGIS REST API, no auth",live service (verify),"ArcGIS FeatureServer/MapServer; GeoJSON, CSV, Shapefile export",,,2021-12-20,,Y,Query,,,,https://services2.arcgis.com/3dDB2Kk6kuA2gIGw/arcgis/rest/services/Texas_Reservoirs_Recent_Conditions_-_Brian/FeatureServer,https://daytonohio.maps.arcgis.com/home/item.html?id=a0256065da5744648af3199a810cc5c9,Near real-time reservoir information for Texas.
TornadoAssessment_Housing,City of Dayton,Richard.Bailey@DaytonOhio.gov (City of Dayton GIS / PND),,City of Dayton,jurisdiction/county,"Public — ArcGIS REST API, no auth",live service (verify),"ArcGIS FeatureServer/MapServer; GeoJSON, CSV, Shapefile export",,1015,2019-09-25,Y,Y,Query,,,,https://services2.arcgis.com/3dDB2Kk6kuA2gIGw/arcgis/rest/services/TornadoAssessment_Housing/FeatureServer,https://daytonohio.maps.arcgis.com/home/item.html?id=d7aa9179d00c437fbbae7d9eb9cb11af,Tornado damage assessment performed by Division of Housing
TornadoAssessment_RedCross,City of Dayton,Richard.Bailey@DaytonOhio.gov (City of Dayton GIS / PND),,City of Dayton,jurisdiction/county,"Public — ArcGIS REST API, no auth",live service (verify),"ArcGIS FeatureServer/MapServer; GeoJSON, CSV, Shapefile export",,,2019-09-25,Y,Y,Query,,,,https://services2.arcgis.com/3dDB2Kk6kuA2gIGw/arcgis/rest/services/TornadoAssessment_RedCross/FeatureServer,https://daytonohio.maps.arcgis.com/home/item.html?id=bbb2fca7609a46d1b20f5ecb3d335990,Tornado damage assessment performed by Red Cross
Trash Route Areas,City of Dayton,Richard.Bailey@DaytonOhio.gov (City of Dayton GIS / PND),,City of Dayton,,"Public — ArcGIS REST API, no auth",live service (verify),"ArcGIS FeatureServer/MapServer; GeoJSON, CSV, Shapefile export",,,2018-08-03,,N,service unreachable: Expecting value: line 3 column 1 (char ,,,,http://maps.daytonohio.gov/daytongis/rest/services/COD_Webpage/COD_Government_Services/MapServer/6,https://daytonohio.maps.arcgis.com/home/item.html?id=2c69a8dbef6a4827954b42df2118b657,Trash Route Areas
Tree Planting View,City of Dayton,Frank.Boateng_DaytonOhio (City of Dayton GIS / PND),zoning/land use,City of Dayton,,"Public — ArcGIS REST API, no auth",live service (verify),"ArcGIS FeatureServer/MapServer; GeoJSON, CSV, Shapefile export",,,2026-04-30,,Y,Query,,,,https://services2.arcgis.com/3dDB2Kk6kuA2gIGw/arcgis/rest/services/Tree_Planting_View/FeatureServer,https://daytonohio.maps.arcgis.com/home/item.html?id=65c4d65315874021a948184d18ebab25,
Tree Removed View,City of Dayton,Frank.Boateng_DaytonOhio (City of Dayton GIS / PND),,City of Dayton,,"Public — ArcGIS REST API, no auth",live service (verify),"ArcGIS FeatureServer/MapServer; GeoJSON, CSV, Shapefile export",,,2026-04-30,,Y,Query,,,,https://services2.arcgis.com/3dDB2Kk6kuA2gIGw/arcgis/rest/services/Tree_Removed_View/FeatureServer,https://daytonohio.maps.arcgis.com/home/item.html?id=e1f5ad4cf4aa4178a007ccfcecd2e151,
Tree Ticket Photo_fieldworker,City of Dayton,Frank.Boateng_DaytonOhio (City of Dayton GIS / PND),,City of Dayton,,"Public — ArcGIS REST API, no auth",live service (verify),"ArcGIS FeatureServer/MapServer; GeoJSON, CSV, Shapefile export",,,2022-04-06,,Y,"Create,Query,Update,Editing,Sync",,,,https://services2.arcgis.com/3dDB2Kk6kuA2gIGw/arcgis/rest/services/survey123_0e2d3ef99f0147f5a326250244f31e64_fieldworker/FeatureServer,https://daytonohio.maps.arcgis.com/home/item.html?id=1c3980cc093b4e898b90c5582f9a4422,
Tree Ticket_fieldworker,City of Dayton,Frank.Boateng_DaytonOhio (City of Dayton GIS / PND),,City of Dayton,,"Public — ArcGIS REST API, no auth",live service (verify),"ArcGIS FeatureServer/MapServer; GeoJSON, CSV, Shapefile export",,,2022-02-02,,Y,"Create,Query,Update,Editing,Sync",,,,https://services2.arcgis.com/3dDB2Kk6kuA2gIGw/arcgis/rest/services/survey123_e903c012d60641f3a1bfe13785c63b66_fieldworker/FeatureServer,https://daytonohio.maps.arcgis.com/home/item.html?id=3fd77c79d987457a94fea1afbb356fac,
Tree_Planting,City of Dayton,Frank.Boateng_DaytonOhio (City of Dayton GIS / PND),zoning/land use,City of Dayton,,"Public — ArcGIS REST API, no auth",live service (verify),"ArcGIS FeatureServer/MapServer; GeoJSON, CSV, Shapefile export",,,2026-04-30,,Y,Query,,,,https://services2.arcgis.com/3dDB2Kk6kuA2gIGw/arcgis/rest/services/Tree_Planting/FeatureServer,https://daytonohio.maps.arcgis.com/home/item.html?id=5b128bc3425843d98d5fbbb76151accc,
Tree_Removed,City of Dayton,Frank.Boateng_DaytonOhio (City of Dayton GIS / PND),,City of Dayton,,"Public — ArcGIS REST API, no auth",live service (verify),"ArcGIS FeatureServer/MapServer; GeoJSON, CSV, Shapefile export",,,2026-04-30,,Y,Query,,,,https://services2.arcgis.com/3dDB2Kk6kuA2gIGw/arcgis/rest/services/Tree_Removed/FeatureServer,https://daytonohio.maps.arcgis.com/home/item.html?id=c51d32de826d4d21a17900b9977bc5b3,
UOF Type OpenData,City of Dayton,Richard.Bailey@DaytonOhio.gov (City of Dayton GIS / PND),public safety,City of Dayton,jurisdiction/county,"Public — ArcGIS REST API, no auth",live service (verify),"ArcGIS FeatureServer/MapServer; GeoJSON, CSV, Shapefile export",,,2020-10-14,,Y,"Map,Query,Data",,,,https://maps.daytonohio.gov/gisservices/rest/services/OpenData/UseOfForce_Type_OpenData/MapServer,https://daytonohio.maps.arcgis.com/home/item.html?id=931bc14caa8e4b9cb1acb1ca2e239c67,Dayton Police Use of Force Data for Transparency Dashboards
UOF_CountTable,City of Dayton,GIS-Scripts (City of Dayton GIS / PND),public safety,City of Dayton,jurisdiction/county,"Public — ArcGIS REST API, no auth",live service (verify),"ArcGIS FeatureServer/MapServer; GeoJSON, CSV, Shapefile export",,,2026-08-01,,Y,"Query,Extract",,,,https://services2.arcgis.com/3dDB2Kk6kuA2gIGw/arcgis/rest/services/UOF_CountTable/FeatureServer,https://daytonohio.maps.arcgis.com/home/item.html?id=c3540493bff64ce1804c0d7829f8dcda,Use of Force - Count Table
Updated Storm Drain Data USE,City of Dayton,emma.jewell (City of Dayton GIS / PND),infrastructure,City of Dayton,address/point,"Public — ArcGIS REST API, no auth",live service (verify),"ArcGIS FeatureServer/MapServer; GeoJSON, CSV, Shapefile export",,,2026-03-06,,Y,"Create,Delete,Query,Update,Editing,Extract,ChangeTracking",,,,https://services2.arcgis.com/3dDB2Kk6kuA2gIGw/arcgis/rest/services/Updated_Storm_Drain_Data_USE/FeatureServer,https://daytonohio.maps.arcgis.com/home/item.html?id=2d6d42efbff84fb7af75836b908eb121,"Data updated August 1, 2023. Contains related activity table and storm drain point layer. "
UseOfForce_DemographicsXY_V2,City of Dayton,GIS-Scripts (City of Dayton GIS / PND),demographics,City of Dayton,jurisdiction/county,"Public — ArcGIS REST API, no auth",live service (verify),"ArcGIS FeatureServer/MapServer; GeoJSON, CSV, Shapefile export",,,2026-08-01,,Y,"Query,Extract",,,,https://services2.arcgis.com/3dDB2Kk6kuA2gIGw/arcgis/rest/services/UseOfForce_DemographicsXY_V2/FeatureServer,https://daytonohio.maps.arcgis.com/home/item.html?id=27ff67266b4047119d9e1f5204e82a47,Use of Force - Type
UseOfForce_Type_OpenData_HOSTED,City of Dayton,GIS-Scripts (City of Dayton GIS / PND),public safety,City of Dayton,jurisdiction/county,"Public — ArcGIS REST API, no auth",live service (verify),"ArcGIS FeatureServer/MapServer; GeoJSON, CSV, Shapefile export",,,2026-08-01,,Y,"Query,Extract",,,,https://services2.arcgis.com/3dDB2Kk6kuA2gIGw/arcgis/rest/services/UseOfForce_Type_OpenData_HOSTED/FeatureServer,https://daytonohio.maps.arcgis.com/home/item.html?id=2e20daa409604cfa9404579e1730038d,Open Data - Use of Force
UseOfForce_TypeXY_V2,City of Dayton,GIS-Scripts (City of Dayton GIS / PND),public safety,City of Dayton,jurisdiction/county,"Public — ArcGIS REST API, no auth",live service (verify),"ArcGIS FeatureServer/MapServer; GeoJSON, CSV, Shapefile export",,,2026-08-01,,Y,"Query,Extract",,,,https://services2.arcgis.com/3dDB2Kk6kuA2gIGw/arcgis/rest/services/UseOfForce_TypeXY_V2/FeatureServer,https://daytonohio.maps.arcgis.com/home/item.html?id=fb8ea03872564a9898718f09e3f79bb6,Use of Force Type
UseOfForce_TypeXY_V2,City of Dayton,barnold_Dayton_OH (City of Dayton GIS / PND),public safety,City of Dayton,jurisdiction/county,"Public — ArcGIS REST API, no auth",live service (verify),"ArcGIS FeatureServer/MapServer; GeoJSON, CSV, Shapefile export",,,2020-09-14,,N,"Map,Query,Data",,,,https://maps.daytonohio.gov/gisservices/rest/services/Police/UseOfForce_TypeXY_V2/MapServer,https://daytonohio.maps.arcgis.com/home/item.html?id=6c42a563fc22473db3d8faf3912b951f,
Utilities/PrintingTools,City of Dayton,City of Dayton GIS,infrastructure,City of Dayton,,"Public — ArcGIS REST API, no auth",live service (verify),ArcGIS GPServer,,0 layers,,,,,,,,https://maps.daytonohio.gov/gisservices/rest/services/Utilities/PrintingTools/GPServer,https://maps.daytonohio.gov/gisservices/rest/services,"The PrintingTools service is used by web application developers to export the contents of a webmap to pdf, jpeg, png or other formats. This service is generally used in the context of providing applic"
Utilities/RasterUtilities,City of Dayton,City of Dayton GIS,infrastructure,City of Dayton,,"Public — ArcGIS REST API, no auth",live service (verify),ArcGIS GPServer,,0 layers,,,,,,,,https://maps.daytonohio.gov/gisservices/rest/services/Utilities/RasterUtilities/GPServer,https://maps.daytonohio.gov/gisservices/rest/services,The RasterUtilities service contains tools that enable raster analysis and processing.
Utilities/Symbols,City of Dayton,City of Dayton GIS,infrastructure,City of Dayton,,"Public — ArcGIS REST API, no auth",live service (verify),ArcGIS SymbolServer,,0 layers,,,,,,,,https://maps.daytonohio.gov/gisservices/rest/services/Utilities/Symbols/SymbolServer,https://maps.daytonohio.gov/gisservices/rest/services,Symbol utility service
Vacant Property Registration,City of Dayton,City of Dayton,vacancy,Montgomery County,parcel,NOT PUBLISHED — only the registration form and ordinance are online,,Program — form + ordinance only,,,,Y,,,,,,https://www.daytonohio.gov/1249/Vacant-Property-Registration,,City registry of vacant properties exists under ordinance but no roster is published. The County publishes its rental registry as 67 CSVs - a direct precedent for asking the City to do the same. PRIORITY REQUEST.
Victim Crimes,City of Dayton,Matthew.Muhlenkamp (City of Dayton GIS / PND),public safety,City of Dayton,jurisdiction/county,"Public — ArcGIS REST API, no auth",live service (verify),"ArcGIS FeatureServer/MapServer; GeoJSON, CSV, Shapefile export",,,2020-09-15,,N,"Map,Query,Data",,,,https://maps.daytonohio.gov/gisservices/rest/services/Police/Victim_Crimes/MapServer,https://daytonohio.maps.arcgis.com/home/item.html?id=ff43050dc45349b588c4b118aceec6e3,
Viewer/All_Utilities_Viewer_Brian,City of Dayton,City of Dayton GIS,infrastructure,City of Dayton,,"Public — ArcGIS REST API, no auth",live service (verify),ArcGIS MapServer,,111 layers,,,,,,,,https://maps.daytonohio.gov/gisservices/rest/services/Viewer/All_Utilities_Viewer_Brian/MapServer,https://maps.daytonohio.gov/gisservices/rest/services,
Viewer/MapLabels_Citywide,City of Dayton,City of Dayton GIS,,City of Dayton,jurisdiction/county,"Public — ArcGIS REST API, no auth",live service (verify),ArcGIS MapServer,,88 layers,,,,,,,,https://maps.daytonohio.gov/gisservices/rest/services/Viewer/MapLabels_Citywide/MapServer,https://maps.daytonohio.gov/gisservices/rest/services,
Viewer/MapLabels_ImperviousSurfaces,City of Dayton,City of Dayton GIS,,City of Dayton,,"Public — ArcGIS REST API, no auth",live service (verify),ArcGIS MapServer,,52 layers,,,,,,,,https://maps.daytonohio.gov/gisservices/rest/services/Viewer/MapLabels_ImperviousSurfaces/MapServer,https://maps.daytonohio.gov/gisservices/rest/services,Back up for Portal
Viewer/MapLabels_StreetLightAdmin,City of Dayton,City of Dayton GIS,geography/reference,City of Dayton,,"Public — ArcGIS REST API, no auth",live service (verify),ArcGIS MapServer,,2 layers,,,,,,,,https://maps.daytonohio.gov/gisservices/rest/services/Viewer/MapLabels_StreetLightAdmin/MapServer,https://maps.daytonohio.gov/gisservices/rest/services,Portal Viewer bAckup
Viewer/MapLayers_Citywide,City of Dayton,City of Dayton GIS,,City of Dayton,jurisdiction/county,"Public — ArcGIS REST API, no auth",live service (verify),ArcGIS MapServer,,124 layers,,,,,,,,https://maps.daytonohio.gov/gisservices/rest/services/Viewer/MapLayers_Citywide/MapServer,https://maps.daytonohio.gov/gisservices/rest/services,
Viewer/MapLayers_ImperviousSurfaces,City of Dayton,City of Dayton GIS,,City of Dayton,,"Public — ArcGIS REST API, no auth",live service (verify),ArcGIS MapServer,,93 layers,,,,,,,,https://maps.daytonohio.gov/gisservices/rest/services/Viewer/MapLayers_ImperviousSurfaces/MapServer,https://maps.daytonohio.gov/gisservices/rest/services,Backup for Portal
Viewer/MapLayers_StreetLightAdmin,City of Dayton,City of Dayton GIS,geography/reference,City of Dayton,,"Public — ArcGIS REST API, no auth",live service (verify),ArcGIS MapServer,,4 layers,,,,,,,,https://maps.daytonohio.gov/gisservices/rest/services/Viewer/MapLayers_StreetLightAdmin/MapServer,https://maps.daytonohio.gov/gisservices/rest/services,Portal Viewer bAckup
Viewer/Planning_Data_Viewer_20241210,City of Dayton,City of Dayton GIS,zoning/land use,City of Dayton,,"Public — ArcGIS REST API, no auth",live service (verify),ArcGIS MapServer,,27 layers,,,,,,,,https://maps.daytonohio.gov/gisservices/rest/services/Viewer/Planning_Data_Viewer_20241210/MapServer,https://maps.daytonohio.gov/gisservices/rest/services,
Viewer/Planning_Labels,City of Dayton,City of Dayton GIS,zoning/land use,City of Dayton,,"Public — ArcGIS REST API, no auth",live service (verify),ArcGIS MapServer,,33 layers,,,,,,,,https://maps.daytonohio.gov/gisservices/rest/services/Viewer/Planning_Labels/MapServer,https://maps.daytonohio.gov/gisservices/rest/services,
VLM_MOW_RESULTS_2024Q,City of Dayton,Richard.Bailey@DaytonOhio.gov (City of Dayton GIS / PND),,City of Dayton,,"Public — ArcGIS REST API, no auth",live service (verify),"ArcGIS FeatureServer/MapServer; GeoJSON, CSV, Shapefile export",,,2024-08-22,,Y,Query,,,,https://services2.arcgis.com/3dDB2Kk6kuA2gIGw/arcgis/rest/services/VLM_MOW_RESULTS_2024Q/FeatureServer,https://daytonohio.maps.arcgis.com/home/item.html?id=3b3fe20c680c45a39ac735ad91afa69a,
VLM_MowDates_Web,City of Dayton,City of Dayton GIS,,City of Dayton,,"Public — ArcGIS REST API, no auth",live service (verify),ArcGIS MapServer,,0 layers,,,,,,,,https://maps.daytonohio.gov/gisservices/rest/services/VLM_MowDates_Web/MapServer,https://maps.daytonohio.gov/gisservices/rest/services,
Volunteer Feedback Survey 2026_form,City of Dayton,jenny.schulz (City of Dayton GIS / PND),,City of Dayton,,"Public — ArcGIS REST API, no auth",live service (verify),"ArcGIS FeatureServer/MapServer; GeoJSON, CSV, Shapefile export",,,2026-04-28,,N,"Create,Editing",,,,https://services2.arcgis.com/3dDB2Kk6kuA2gIGw/arcgis/rest/services/survey123_8b0de4c49c4e42d2b01661df9bcf11dd_form/FeatureServer,https://daytonohio.maps.arcgis.com/home/item.html?id=53e90b3265e6453f98ec0e7c904c4bce,
Volunteer Feedback Survey_form,City of Dayton,emma.jewell (City of Dayton GIS / PND),,City of Dayton,,"Public — ArcGIS REST API, no auth",live service (verify),"ArcGIS FeatureServer/MapServer; GeoJSON, CSV, Shapefile export",,,2025-05-07,,N,"Create,Editing",,,,https://services2.arcgis.com/3dDB2Kk6kuA2gIGw/arcgis/rest/services/survey123_d1bcb0f68a5c4d5dbbfba0112565bc7a_form/FeatureServer,https://daytonohio.maps.arcgis.com/home/item.html?id=9b35dc6569964ac2b9b16322e8d3a508,
Volunteer Information for Disasters HFL,City of Dayton,barnold_Dayton_OH (City of Dayton GIS / PND),,City of Dayton,,"Public — ArcGIS REST API, no auth",live service (verify),"ArcGIS FeatureServer/MapServer; GeoJSON, CSV, Shapefile export",,,2023-11-21,,Y,"Create,Query,Update,Editing,Extract,Sync,ChangeTracking",,,,https://services2.arcgis.com/3dDB2Kk6kuA2gIGw/arcgis/rest/services/Volunteer_Information_for_Disasters_HFL/FeatureServer,https://daytonohio.maps.arcgis.com/home/item.html?id=c755e8ff88b042f5a60f0096ab14268d,TEMPORARY HFL
VolunteerInformationForDisasters,City of Dayton,City of Dayton GIS,,City of Dayton,,"Public — ArcGIS REST API, no auth",live service (verify),ArcGIS FeatureServer,,1 layers,,,,,,,,https://maps.daytonohio.gov/gisservices/rest/services/VolunteerInformationForDisasters/FeatureServer,https://maps.daytonohio.gov/gisservices/rest/services,
VolunteerInformationForDisasters,City of Dayton,City of Dayton GIS,,City of Dayton,,"Public — ArcGIS REST API, no auth",live service (verify),ArcGIS MapServer,,1 layers,,,,,,,,https://maps.daytonohio.gov/gisservices/rest/services/VolunteerInformationForDisasters/MapServer,https://maps.daytonohio.gov/gisservices/rest/services,
Wagner Ford Landfill April 2023 Orthomosaic,City of Dayton,Frank.Boateng_DaytonOhio (City of Dayton GIS / PND),,City of Dayton,,"Public — ArcGIS REST API, no auth",live service (verify),"ArcGIS FeatureServer/MapServer; GeoJSON, CSV, Shapefile export",,,2023-04-27,,N,"Map,TilesOnly,Tilemap",,,,https://tiles.arcgis.com/tiles/3dDB2Kk6kuA2gIGw/arcgis/rest/services/Wagner_Ford_Landfill_April_2023_Orthomosaic/MapServer,https://daytonohio.maps.arcgis.com/home/item.html?id=8de6976829194d7caa5da57bba157667,orthomosaic
Wagner Ford Landfill Dec 2021 Mavic Orthomosaic,City of Dayton,Frank.Boateng_DaytonOhio (City of Dayton GIS / PND),,City of Dayton,,"Public — ArcGIS REST API, no auth",live service (verify),"ArcGIS FeatureServer/MapServer; GeoJSON, CSV, Shapefile export",,,2022-12-19,,N,"Map,TilesOnly,Tilemap",,,,https://tiles.arcgis.com/tiles/3dDB2Kk6kuA2gIGw/arcgis/rest/services/Wagner_Ford_Landfill_Dec_2021_Mavic_Orthomosaic/MapServer,https://daytonohio.maps.arcgis.com/home/item.html?id=fc792fe15e954c1ebab60812b0c431af,orthomosaic
Wagner Ford Landfill Dec 2021 Orthomosaic,City of Dayton,Frank.Boateng_DaytonOhio (City of Dayton GIS / PND),,City of Dayton,,"Public — ArcGIS REST API, no auth",live service (verify),"ArcGIS FeatureServer/MapServer; GeoJSON, CSV, Shapefile export",,,2022-12-19,,N,"Map,TilesOnly,Tilemap",,,,https://tiles.arcgis.com/tiles/3dDB2Kk6kuA2gIGw/arcgis/rest/services/Wagner_Ford_Landfill_Dec_2021_Orthomosaic/MapServer,https://daytonohio.maps.arcgis.com/home/item.html?id=0428886074fc4a7ca80a2edad7714d6a,orthomosaic
Wagner Ford Landfill December 2024 True Ortho,City of Dayton,Frank.Boateng_DaytonOhio (City of Dayton GIS / PND),,City of Dayton,,"Public — ArcGIS REST API, no auth",live service (verify),"ArcGIS FeatureServer/MapServer; GeoJSON, CSV, Shapefile export",,,2025-05-29,,N,"Map,TilesOnly,Tilemap",,,,https://tiles.arcgis.com/tiles/3dDB2Kk6kuA2gIGw/arcgis/rest/services/Wagner_Ford_Landfill_December_2024_True_Ortho/MapServer,https://daytonohio.maps.arcgis.com/home/item.html?id=d16c10a931bd489faf509e2fc665a56f,True Ortho
Wagner Ford Landfill February 2024 Orthomosaic True Ortho,City of Dayton,Frank.Boateng_DaytonOhio (City of Dayton GIS / PND),,City of Dayton,,"Public — ArcGIS REST API, no auth",live service (verify),"ArcGIS FeatureServer/MapServer; GeoJSON, CSV, Shapefile export",,,2025-05-29,,N,"Map,TilesOnly,Tilemap",,,,https://tiles.arcgis.com/tiles/3dDB2Kk6kuA2gIGw/arcgis/rest/services/Wagner_Ford_Landfill_February_2024_Orthomosaic_True_Ortho/MapServer,https://daytonohio.maps.arcgis.com/home/item.html?id=6d0378440c5749f1821de40f571ccd31,True Ortho
Wagner Ford Landfill Jan 2023 Orthomosaic,City of Dayton,Frank.Boateng_DaytonOhio (City of Dayton GIS / PND),,City of Dayton,,"Public — ArcGIS REST API, no auth",live service (verify),"ArcGIS FeatureServer/MapServer; GeoJSON, CSV, Shapefile export",,,2023-01-06,,N,"Map,TilesOnly,Tilemap",,,,https://tiles.arcgis.com/tiles/3dDB2Kk6kuA2gIGw/arcgis/rest/services/Wagner_Ford_Landfill_Jan_2023_Orthomosaic/MapServer,https://daytonohio.maps.arcgis.com/home/item.html?id=8857c6704969474187d4e3adac373bdf,orthomosaic
Wagner Ford Landfill July 2023 Orthomosaic,City of Dayton,Frank.Boateng_DaytonOhio (City of Dayton GIS / PND),,City of Dayton,,"Public — ArcGIS REST API, no auth",live service (verify),"ArcGIS FeatureServer/MapServer; GeoJSON, CSV, Shapefile export",,,2023-10-24,,N,"Map,TilesOnly,Tilemap",,,,https://tiles.arcgis.com/tiles/3dDB2Kk6kuA2gIGw/arcgis/rest/services/Wagner_Ford_Landfill_July_2023_Orthomosaic/MapServer,https://daytonohio.maps.arcgis.com/home/item.html?id=5edb64e6a5af4a27aff9d57befb6e5d9,orthomosaic
Wagner Ford Landfill Mar 2023 Orthomosaic,City of Dayton,Frank.Boateng_DaytonOhio (City of Dayton GIS / PND),,City of Dayton,,"Public — ArcGIS REST API, no auth",live service (verify),"ArcGIS FeatureServer/MapServer; GeoJSON, CSV, Shapefile export",,,2023-03-07,,N,"Map,TilesOnly,Tilemap",,,,https://tiles.arcgis.com/tiles/3dDB2Kk6kuA2gIGw/arcgis/rest/services/Wagner_Ford_Landfill_Mar_2023_Orthomosaic/MapServer,https://daytonohio.maps.arcgis.com/home/item.html?id=023740abbb57416b88a19d307de57079,orthomosaic
Wagner Ford Landfill Nov 2022 Orthomosaic,City of Dayton,Frank.Boateng_DaytonOhio (City of Dayton GIS / PND),,City of Dayton,,"Public — ArcGIS REST API, no auth",live service (verify),"ArcGIS FeatureServer/MapServer; GeoJSON, CSV, Shapefile export",,,2022-11-30,,N,"Map,TilesOnly,Tilemap",,,,https://tiles.arcgis.com/tiles/3dDB2Kk6kuA2gIGw/arcgis/rest/services/Wagner_Ford_Landfill_Nov_2022_Orthomosaic/MapServer,https://daytonohio.maps.arcgis.com/home/item.html?id=9207e26128a3401daf85787574abbace,orthomosaic
Wagner Ford Landfill Oct 2022 Orthomosaic,City of Dayton,Frank.Boateng_DaytonOhio (City of Dayton GIS / PND),,City of Dayton,,"Public — ArcGIS REST API, no auth",live service (verify),"ArcGIS FeatureServer/MapServer; GeoJSON, CSV, Shapefile export",,,2022-11-30,,N,"Map,TilesOnly,Tilemap",,,,https://tiles.arcgis.com/tiles/3dDB2Kk6kuA2gIGw/arcgis/rest/services/Wagner_Ford_Landfill_Oct_2022_Orthomosaic/MapServer,https://daytonohio.maps.arcgis.com/home/item.html?id=3032420580bf4102a03e7424c2674502,orthomosaic
Wagner Ford Landfill October 2023 Orthomosaic,City of Dayton,Frank.Boateng_DaytonOhio (City of Dayton GIS / PND),,City of Dayton,,"Public — ArcGIS REST API, no auth",live service (verify),"ArcGIS FeatureServer/MapServer; GeoJSON, CSV, Shapefile export",,,2023-10-24,,N,"Map,TilesOnly,Tilemap",,,,https://tiles.arcgis.com/tiles/3dDB2Kk6kuA2gIGw/arcgis/rest/services/Wagner_Ford_Landfill_October_2023_Orthomosaic/MapServer,https://daytonohio.maps.arcgis.com/home/item.html?id=fa88f25686fb46bd88622f4f9b71a11a,orthomosaic
Wagner Ford Landfill Sept 2021 Orthomosaic,City of Dayton,Frank.Boateng_DaytonOhio (City of Dayton GIS / PND),,City of Dayton,,"Public — ArcGIS REST API, no auth",live service (verify),"ArcGIS FeatureServer/MapServer; GeoJSON, CSV, Shapefile export",,,2022-12-19,,N,"Map,TilesOnly,Tilemap",,,,https://tiles.arcgis.com/tiles/3dDB2Kk6kuA2gIGw/arcgis/rest/services/Wagner_Ford_Landfill_Sept_2021_Orthomosaic/MapServer,https://daytonohio.maps.arcgis.com/home/item.html?id=055675efddba41d89c1711839fdee862,orthomosaic
Wagner Ford Landfill September 2024 True Ortho,City of Dayton,Frank.Boateng_DaytonOhio (City of Dayton GIS / PND),,City of Dayton,,"Public — ArcGIS REST API, no auth",live service (verify),"ArcGIS FeatureServer/MapServer; GeoJSON, CSV, Shapefile export",,,2025-05-29,,N,"Map,TilesOnly,Tilemap",,,,https://tiles.arcgis.com/tiles/3dDB2Kk6kuA2gIGw/arcgis/rest/services/Wagner_Ford_Landfill_September_2024_True_Ortho/MapServer,https://daytonohio.maps.arcgis.com/home/item.html?id=0656e344c3d749c38c27e3b709eb2deb,True Ortho
Waste Route Count  View,City of Dayton,Frank.Boateng_DaytonOhio (City of Dayton GIS / PND),,City of Dayton,,"Public — ArcGIS REST API, no auth",live service (verify),"ArcGIS FeatureServer/MapServer; GeoJSON, CSV, Shapefile export",,,2019-12-17,,Y,Query,,,,https://services2.arcgis.com/3dDB2Kk6kuA2gIGw/arcgis/rest/services/Waste_Route_Count__1/FeatureServer,https://daytonohio.maps.arcgis.com/home/item.html?id=06fd9fee80924a3baa1664ab1495f4eb,Route Count
Waste_Collection_Zone_Finder,City of Dayton,Frank.Boateng_DaytonOhio (City of Dayton GIS / PND),,City of Dayton,,"Public — ArcGIS REST API, no auth",live service (verify),"ArcGIS FeatureServer/MapServer; GeoJSON, CSV, Shapefile export",,,2023-03-13,,Y,"Create,Delete,Query,Update,Editing,Sync",,,,https://services2.arcgis.com/3dDB2Kk6kuA2gIGw/arcgis/rest/services/Waste_Collection_Zone_Finder/FeatureServer,https://daytonohio.maps.arcgis.com/home/item.html?id=0d9e95e0beca42c9b4b96d1c4278ce67,Waste Collection Zone Finder
Waste_Collection_Zone_Finder_view,City of Dayton,Frank.Boateng_DaytonOhio (City of Dayton GIS / PND),,City of Dayton,,"Public — ArcGIS REST API, no auth",live service (verify),"ArcGIS FeatureServer/MapServer; GeoJSON, CSV, Shapefile export",,,2024-01-02,,Y,Query,,,,https://services2.arcgis.com/3dDB2Kk6kuA2gIGw/arcgis/rest/services/Waste_Collection_Zone_Finder_view/FeatureServer,https://daytonohio.maps.arcgis.com/home/item.html?id=fbb7e7a2b6084ab4805c75ea13fcf453,Waste Collection Zone Finder
WasteCollection,City of Dayton,Frank.Boateng_DaytonOhio (City of Dayton GIS / PND),,City of Dayton,,"Public — ArcGIS REST API, no auth",live service (verify),"ArcGIS FeatureServer/MapServer; GeoJSON, CSV, Shapefile export",,,2022-04-12,,Y,"Create,Delete,Query,Update,Editing,Sync",,,,https://services2.arcgis.com/3dDB2Kk6kuA2gIGw/arcgis/rest/services/WasteCollection/FeatureServer,https://daytonohio.maps.arcgis.com/home/item.html?id=601f7d3e113c44239cf6f3de3a88c944,Waste Collection
WasteCollection_view,City of Dayton,Frank.Boateng_DaytonOhio (City of Dayton GIS / PND),,City of Dayton,,"Public — ArcGIS REST API, no auth",live service (verify),"ArcGIS FeatureServer/MapServer; GeoJSON, CSV, Shapefile export",,,2022-04-12,,Y,"Query,Extract",,,,https://services2.arcgis.com/3dDB2Kk6kuA2gIGw/arcgis/rest/services/WasteCollection_view/FeatureServer,https://daytonohio.maps.arcgis.com/home/item.html?id=ffa3d2880f2f4643ba9e259047b08a37,Waste Collection
WasteRouteCount,City of Dayton,Frank.Boateng_DaytonOhio (City of Dayton GIS / PND),,City of Dayton,,"Public — ArcGIS REST API, no auth",live service (verify),"ArcGIS FeatureServer/MapServer; GeoJSON, CSV, Shapefile export",,,2019-12-16,,Y,"Create,Delete,Query,Editing,Sync",,,,https://services2.arcgis.com/3dDB2Kk6kuA2gIGw/arcgis/rest/services/WasteRouteCount/FeatureServer,https://daytonohio.maps.arcgis.com/home/item.html?id=78e3680bc1604ba49d46c9d4d0531e9a,Route Count
Water Annual Meeting 2023_form,City of Dayton,emma.jewell (City of Dayton GIS / PND),infrastructure,City of Dayton,,"Public — ArcGIS REST API, no auth",live service (verify),"ArcGIS FeatureServer/MapServer; GeoJSON, CSV, Shapefile export",,,2023-08-31,,N,"Create,Editing",,,,https://services2.arcgis.com/3dDB2Kk6kuA2gIGw/arcgis/rest/services/survey123_ce7766f8f6964f08b29d4e6cd3cff79a_form/FeatureServer,https://daytonohio.maps.arcgis.com/home/item.html?id=90bb0750db504924afd0cfe80716a261,
Water Annual Meeting 2025 Survey_form,City of Dayton,emma.jewell (City of Dayton GIS / PND),infrastructure,City of Dayton,,"Public — ArcGIS REST API, no auth",live service (verify),"ArcGIS FeatureServer/MapServer; GeoJSON, CSV, Shapefile export",,,2025-10-01,,N,"Create,Editing",,,,https://services2.arcgis.com/3dDB2Kk6kuA2gIGw/arcgis/rest/services/survey123_ab662f504de04b4082a29f2587bc5ac8_form/FeatureServer,https://daytonohio.maps.arcgis.com/home/item.html?id=ded070fc22014d2dbe7beb4e290a01c6,
Water Protection District,City of Dayton,emma.jewell (City of Dayton GIS / PND),zoning/land use,City of Dayton,neighborhood,"Public — ArcGIS REST API, no auth",live service (verify),"ArcGIS FeatureServer/MapServer; GeoJSON, CSV, Shapefile export",,,2018-11-09,,Y,"Map,Query,Data",,,,https://maps.daytonohio.gov/gisservices/rest/services/Water/Water_Protection_District/MapServer,https://daytonohio.maps.arcgis.com/home/item.html?id=152f76a4b9924a2b80e1baa7a331ea65,
Water Resource Area,City of Dayton,emma.jewell (City of Dayton GIS / PND),infrastructure,City of Dayton,jurisdiction/county,"Public — ArcGIS REST API, no auth",live service (verify),"ArcGIS FeatureServer/MapServer; GeoJSON, CSV, Shapefile export",,,2018-11-09,,Y,"Map,Query,Data",,,,https://maps.daytonohio.gov/gisservices/rest/services/Water/Water_Resource_Area/MapServer,https://daytonohio.maps.arcgis.com/home/item.html?id=4f88aa3edab145adbca87c1545d2aebd,
Water/BoilAdvisory3,City of Dayton,City of Dayton GIS,infrastructure,City of Dayton,,"Public — ArcGIS REST API, no auth",live service (verify),ArcGIS MapServer,,2 layers,,,,,,,,https://maps.daytonohio.gov/gisservices/rest/services/Water/BoilAdvisory3/MapServer,https://maps.daytonohio.gov/gisservices/rest/services,
Water/CCTV_Truck,City of Dayton,City of Dayton GIS,infrastructure,City of Dayton,,"Public — ArcGIS REST API, no auth",live service (verify),ArcGIS MapServer,,18 layers,,,,,,,,https://maps.daytonohio.gov/gisservices/rest/services/Water/CCTV_Truck/MapServer,https://maps.daytonohio.gov/gisservices/rest/services,
Water/CIP_Story_Map_2017,City of Dayton,City of Dayton GIS,infrastructure,City of Dayton,,"Public — ArcGIS REST API, no auth",live service (verify),ArcGIS MapServer,,1 layers,,,,,,,,https://maps.daytonohio.gov/gisservices/rest/services/Water/CIP_Story_Map_2017/MapServer,https://maps.daytonohio.gov/gisservices/rest/services,
Water/Dayton_Water_Sanitary_Service_Areas,City of Dayton,City of Dayton GIS,infrastructure,City of Dayton,,"Public — ArcGIS REST API, no auth",live service (verify),ArcGIS MapServer,,2 layers,,,,,,,,https://maps.daytonohio.gov/gisservices/rest/services/Water/Dayton_Water_Sanitary_Service_Areas/MapServer,https://maps.daytonohio.gov/gisservices/rest/services,
Water/Dukes_Root_Treatment,City of Dayton,City of Dayton GIS,infrastructure,City of Dayton,,"Public — ArcGIS REST API, no auth",live service (verify),ArcGIS FeatureServer,,2 layers,,,,,,,,https://maps.daytonohio.gov/gisservices/rest/services/Water/Dukes_Root_Treatment/FeatureServer,https://maps.daytonohio.gov/gisservices/rest/services,
Water/Dukes_Root_Treatment,City of Dayton,City of Dayton GIS,infrastructure,City of Dayton,,"Public — ArcGIS REST API, no auth",live service (verify),ArcGIS MapServer,,2 layers,,,,,,,,https://maps.daytonohio.gov/gisservices/rest/services/Water/Dukes_Root_Treatment/MapServer,https://maps.daytonohio.gov/gisservices/rest/services,
Water/Dukes_Root_Treatment_Manholes,City of Dayton,City of Dayton GIS,infrastructure,City of Dayton,,"Public — ArcGIS REST API, no auth",live service (verify),ArcGIS MapServer,,2 layers,,,,,,,,https://maps.daytonohio.gov/gisservices/rest/services/Water/Dukes_Root_Treatment_Manholes/MapServer,https://maps.daytonohio.gov/gisservices/rest/services,
Water/EdgeOfPavement,City of Dayton,City of Dayton GIS,infrastructure,City of Dayton,,"Public — ArcGIS REST API, no auth",live service (verify),ArcGIS MapServer,,1 layers,,,,,,,,https://maps.daytonohio.gov/gisservices/rest/services/Water/EdgeOfPavement/MapServer,https://maps.daytonohio.gov/gisservices/rest/services,
Water/Elevation_760,City of Dayton,City of Dayton GIS,infrastructure,City of Dayton,,"Public — ArcGIS REST API, no auth",live service (verify),ArcGIS MapServer,,1 layers,,,,,,,,https://maps.daytonohio.gov/gisservices/rest/services/Water/Elevation_760/MapServer,https://maps.daytonohio.gov/gisservices/rest/services,
Water/EmployeeTrainingTracker,City of Dayton,City of Dayton GIS,infrastructure,City of Dayton,,"Public — ArcGIS REST API, no auth",live service (verify),ArcGIS FeatureServer,,0 layers,,,,,,,,https://maps.daytonohio.gov/gisservices/rest/services/Water/EmployeeTrainingTracker/FeatureServer,https://maps.daytonohio.gov/gisservices/rest/services,
Water/EmployeeTrainingTracker,City of Dayton,City of Dayton GIS,infrastructure,City of Dayton,,"Public — ArcGIS REST API, no auth",live service (verify),ArcGIS MapServer,,0 layers,,,,,,,,https://maps.daytonohio.gov/gisservices/rest/services/Water/EmployeeTrainingTracker/MapServer,https://maps.daytonohio.gov/gisservices/rest/services,
Water/ImpArea,City of Dayton,City of Dayton GIS,infrastructure,City of Dayton,,"Public — ArcGIS REST API, no auth",live service (verify),ArcGIS MapServer,,0 layers,,,,,,,,https://maps.daytonohio.gov/gisservices/rest/services/Water/ImpArea/MapServer,https://maps.daytonohio.gov/gisservices/rest/services,
Water/LargeMeters,City of Dayton,City of Dayton GIS,infrastructure,City of Dayton,,"Public — ArcGIS REST API, no auth",live service (verify),ArcGIS MapServer,,1 layers,,,,,,,,https://maps.daytonohio.gov/gisservices/rest/services/Water/LargeMeters/MapServer,https://maps.daytonohio.gov/gisservices/rest/services,
Water/Lift_Station_Condition_Assessment,City of Dayton,City of Dayton GIS,condition/quality,City of Dayton,,"Public — ArcGIS REST API, no auth",live service (verify),ArcGIS FeatureServer,,1 layers,,Y,,,,,,https://maps.daytonohio.gov/gisservices/rest/services/Water/Lift_Station_Condition_Assessment/FeatureServer,https://maps.daytonohio.gov/gisservices/rest/services,
Water/Lift_Station_Condition_Assessment,City of Dayton,City of Dayton GIS,condition/quality,City of Dayton,,"Public — ArcGIS REST API, no auth",live service (verify),ArcGIS MapServer,,1 layers,,Y,,,,,,https://maps.daytonohio.gov/gisservices/rest/services/Water/Lift_Station_Condition_Assessment/MapServer,https://maps.daytonohio.gov/gisservices/rest/services,
Water/Outfall_Areas,City of Dayton,City of Dayton GIS,infrastructure,City of Dayton,,"Public — ArcGIS REST API, no auth",live service (verify),ArcGIS MapServer,,1 layers,,,,,,,,https://maps.daytonohio.gov/gisservices/rest/services/Water/Outfall_Areas/MapServer,https://maps.daytonohio.gov/gisservices/rest/services,This map is used to author a map service for the My Government Services for Public Works application.
Water/Outfall_Discharge_Points,City of Dayton,City of Dayton GIS,infrastructure,City of Dayton,address/point,"Public — ArcGIS REST API, no auth",live service (verify),ArcGIS MapServer,,1 layers,,,,,,,,https://maps.daytonohio.gov/gisservices/rest/services/Water/Outfall_Discharge_Points/MapServer,https://maps.daytonohio.gov/gisservices/rest/services,
Water/OutfallLabels,City of Dayton,City of Dayton GIS,infrastructure,City of Dayton,,"Public — ArcGIS REST API, no auth",live service (verify),ArcGIS MapServer,,1 layers,,,,,,,,https://maps.daytonohio.gov/gisservices/rest/services/Water/OutfallLabels/MapServer,https://maps.daytonohio.gov/gisservices/rest/services,
Water/ParcelLayerWE,City of Dayton,City of Dayton GIS,ownership/transfers,City of Dayton,parcel,"Public — ArcGIS REST API, no auth",live service (verify),ArcGIS MapServer,,1 layers,,Y,,,,,,https://maps.daytonohio.gov/gisservices/rest/services/Water/ParcelLayerWE/MapServer,https://maps.daytonohio.gov/gisservices/rest/services,
Water/Parcels_Boundary,City of Dayton,City of Dayton GIS,ownership/transfers,City of Dayton,parcel,"Public — ArcGIS REST API, no auth",live service (verify),ArcGIS MapServer,,2 layers,,Y,,,,,,https://maps.daytonohio.gov/gisservices/rest/services/Water/Parcels_Boundary/MapServer,https://maps.daytonohio.gov/gisservices/rest/services,
Water/PlanReview,City of Dayton,City of Dayton GIS,zoning/land use,City of Dayton,,"Public — ArcGIS REST API, no auth",live service (verify),ArcGIS FeatureServer,,1 layers,,,,,,,,https://maps.daytonohio.gov/gisservices/rest/services/Water/PlanReview/FeatureServer,https://maps.daytonohio.gov/gisservices/rest/services,
Water/PlanReview,City of Dayton,City of Dayton GIS,zoning/land use,City of Dayton,,"Public — ArcGIS REST API, no auth",live service (verify),ArcGIS MapServer,,1 layers,,,,,,,,https://maps.daytonohio.gov/gisservices/rest/services/Water/PlanReview/MapServer,https://maps.daytonohio.gov/gisservices/rest/services,
Water/PotentialFiberforWater,City of Dayton,City of Dayton GIS,infrastructure,City of Dayton,,"Public — ArcGIS REST API, no auth",live service (verify),ArcGIS MapServer,,1 layers,,,,,,,,https://maps.daytonohio.gov/gisservices/rest/services/Water/PotentialFiberforWater/MapServer,https://maps.daytonohio.gov/gisservices/rest/services,
Water/Proposed_Pressure_Sensors,City of Dayton,City of Dayton GIS,infrastructure,City of Dayton,,"Public — ArcGIS REST API, no auth",live service (verify),ArcGIS FeatureServer,,1 layers,,,,,,,,https://maps.daytonohio.gov/gisservices/rest/services/Water/Proposed_Pressure_Sensors/FeatureServer,https://maps.daytonohio.gov/gisservices/rest/services,
Water/Proposed_Pressure_Sensors,City of Dayton,City of Dayton GIS,infrastructure,City of Dayton,,"Public — ArcGIS REST API, no auth",live service (verify),ArcGIS MapServer,,1 layers,,,,,,,,https://maps.daytonohio.gov/gisservices/rest/services/Water/Proposed_Pressure_Sensors/MapServer,https://maps.daytonohio.gov/gisservices/rest/services,
Water/Root_Control_Selection_Mains,City of Dayton,City of Dayton GIS,infrastructure,City of Dayton,,"Public — ArcGIS REST API, no auth",live service (verify),ArcGIS FeatureServer,,2 layers,,,,,,,,https://maps.daytonohio.gov/gisservices/rest/services/Water/Root_Control_Selection_Mains/FeatureServer,https://maps.daytonohio.gov/gisservices/rest/services,
Water/Root_Control_Selection_Mains,City of Dayton,City of Dayton GIS,infrastructure,City of Dayton,,"Public — ArcGIS REST API, no auth",live service (verify),ArcGIS MapServer,,2 layers,,,,,,,,https://maps.daytonohio.gov/gisservices/rest/services/Water/Root_Control_Selection_Mains/MapServer,https://maps.daytonohio.gov/gisservices/rest/services,
Water/Root_Control_Selection_Manholes,City of Dayton,City of Dayton GIS,infrastructure,City of Dayton,,"Public — ArcGIS REST API, no auth",live service (verify),ArcGIS MapServer,,1 layers,,,,,,,,https://maps.daytonohio.gov/gisservices/rest/services/Water/Root_Control_Selection_Manholes/MapServer,https://maps.daytonohio.gov/gisservices/rest/services,
Water/SampleStationEditing,City of Dayton,City of Dayton GIS,infrastructure,City of Dayton,,"Public — ArcGIS REST API, no auth",live service (verify),ArcGIS FeatureServer,,1 layers,,,,,,,,https://maps.daytonohio.gov/gisservices/rest/services/Water/SampleStationEditing/FeatureServer,https://maps.daytonohio.gov/gisservices/rest/services,
Water/SampleStationEditing,City of Dayton,City of Dayton GIS,infrastructure,City of Dayton,,"Public — ArcGIS REST API, no auth",live service (verify),ArcGIS MapServer,,1 layers,,,,,,,,https://maps.daytonohio.gov/gisservices/rest/services/Water/SampleStationEditing/MapServer,https://maps.daytonohio.gov/gisservices/rest/services,
Water/SanitaryUtilities,City of Dayton,City of Dayton GIS,infrastructure,City of Dayton,,"Public — ArcGIS REST API, no auth",live service (verify),ArcGIS MapServer,,12 layers,,,,,,,,https://maps.daytonohio.gov/gisservices/rest/services/Water/SanitaryUtilities/MapServer,https://maps.daytonohio.gov/gisservices/rest/services,
Water/Sewer_AI_Data_Layers,City of Dayton,City of Dayton GIS,infrastructure,City of Dayton,,"Public — ArcGIS REST API, no auth",live service (verify),ArcGIS FeatureServer,,6 layers,,,,,,,,https://maps.daytonohio.gov/gisservices/rest/services/Water/Sewer_AI_Data_Layers/FeatureServer,https://maps.daytonohio.gov/gisservices/rest/services,
Water/Sewer_AI_Data_Layers,City of Dayton,City of Dayton GIS,infrastructure,City of Dayton,,"Public — ArcGIS REST API, no auth",live service (verify),ArcGIS MapServer,,6 layers,,,,,,,,https://maps.daytonohio.gov/gisservices/rest/services/Water/Sewer_AI_Data_Layers/MapServer,https://maps.daytonohio.gov/gisservices/rest/services,
Water/Sinclair_UAV_OutfallAreas,City of Dayton,City of Dayton GIS,infrastructure,City of Dayton,,"Public — ArcGIS REST API, no auth",live service (verify),ArcGIS MapServer,,1 layers,,,,,,,,https://maps.daytonohio.gov/gisservices/rest/services/Water/Sinclair_UAV_OutfallAreas/MapServer,https://maps.daytonohio.gov/gisservices/rest/services,
Water/Smart_Water_Reference_Layers,City of Dayton,City of Dayton GIS,infrastructure,City of Dayton,,"Public — ArcGIS REST API, no auth",live service (verify),ArcGIS MapServer,,18 layers,,,,,,,,https://maps.daytonohio.gov/gisservices/rest/services/Water/Smart_Water_Reference_Layers/MapServer,https://maps.daytonohio.gov/gisservices/rest/services,
Water/SmartWaterEditing,City of Dayton,City of Dayton GIS,infrastructure,City of Dayton,,"Public — ArcGIS REST API, no auth",live service (verify),ArcGIS FeatureServer,,1 layers,,,,,,,,https://maps.daytonohio.gov/gisservices/rest/services/Water/SmartWaterEditing/FeatureServer,https://maps.daytonohio.gov/gisservices/rest/services,
Water/SmartWaterEditing,City of Dayton,City of Dayton GIS,infrastructure,City of Dayton,,"Public — ArcGIS REST API, no auth",live service (verify),ArcGIS MapServer,,1 layers,,,,,,,,https://maps.daytonohio.gov/gisservices/rest/services/Water/SmartWaterEditing/MapServer,https://maps.daytonohio.gov/gisservices/rest/services,
Water/Storm_Outfall_Inspections,City of Dayton,City of Dayton GIS,condition/quality,City of Dayton,,"Public — ArcGIS REST API, no auth",live service (verify),ArcGIS FeatureServer,,1 layers,,Y,,,,,,https://maps.daytonohio.gov/gisservices/rest/services/Water/Storm_Outfall_Inspections/FeatureServer,https://maps.daytonohio.gov/gisservices/rest/services,
Water/Storm_Outfall_Inspections,City of Dayton,City of Dayton GIS,condition/quality,City of Dayton,,"Public — ArcGIS REST API, no auth",live service (verify),ArcGIS MapServer,,1 layers,,Y,,,,,,https://maps.daytonohio.gov/gisservices/rest/services/Water/Storm_Outfall_Inspections/MapServer,https://maps.daytonohio.gov/gisservices/rest/services,
Water/Storm_Outfall_Inspections_Desktop,City of Dayton,City of Dayton GIS,condition/quality,City of Dayton,,"Public — ArcGIS REST API, no auth",live service (verify),ArcGIS MapServer,,1 layers,,Y,,,,,,https://maps.daytonohio.gov/gisservices/rest/services/Water/Storm_Outfall_Inspections_Desktop/MapServer,https://maps.daytonohio.gov/gisservices/rest/services,
Water/Storm_Utilities,City of Dayton,City of Dayton GIS,infrastructure,City of Dayton,,"Public — ArcGIS REST API, no auth",live service (verify),ArcGIS MapServer,,12 layers,,,,,,,,https://maps.daytonohio.gov/gisservices/rest/services/Water/Storm_Utilities/MapServer,https://maps.daytonohio.gov/gisservices/rest/services,
Water/Storm_Utilities_Unchecked,City of Dayton,City of Dayton GIS,infrastructure,City of Dayton,,"Public — ArcGIS REST API, no auth",live service (verify),ArcGIS MapServer,,12 layers,,,,,,,,https://maps.daytonohio.gov/gisservices/rest/services/Water/Storm_Utilities_Unchecked/MapServer,https://maps.daytonohio.gov/gisservices/rest/services,
Water/TrafficCameras,City of Dayton,City of Dayton GIS,infrastructure,City of Dayton,,"Public — ArcGIS REST API, no auth",live service (verify),ArcGIS MapServer,,1 layers,,,,,,,,https://maps.daytonohio.gov/gisservices/rest/services/Water/TrafficCameras/MapServer,https://maps.daytonohio.gov/gisservices/rest/services,
Water/Water_Editor_Reference_Data,City of Dayton,City of Dayton GIS,infrastructure,City of Dayton,,"Public — ArcGIS REST API, no auth",live service (verify),ArcGIS MapServer,,8 layers,,,,,,,,https://maps.daytonohio.gov/gisservices/rest/services/Water/Water_Editor_Reference_Data/MapServer,https://maps.daytonohio.gov/gisservices/rest/services,Water Eriditor Reference Data
Water/Water_Editor_Water_Mains,City of Dayton,City of Dayton GIS,infrastructure,City of Dayton,,"Public — ArcGIS REST API, no auth",live service (verify),ArcGIS FeatureServer,,1 layers,,,,,,,,https://maps.daytonohio.gov/gisservices/rest/services/Water/Water_Editor_Water_Mains/FeatureServer,https://maps.daytonohio.gov/gisservices/rest/services,Hosted Feature Layer for Editing pressure zone attribute in the Water Transmission Mains
Water/Water_Editor_Water_Mains,City of Dayton,City of Dayton GIS,infrastructure,City of Dayton,,"Public — ArcGIS REST API, no auth",live service (verify),ArcGIS MapServer,,1 layers,,,,,,,,https://maps.daytonohio.gov/gisservices/rest/services/Water/Water_Editor_Water_Mains/MapServer,https://maps.daytonohio.gov/gisservices/rest/services,Hosted Feature Layer for Editing pressure zone attribute in the Water Transmission Mains
Water/Water_Meter_Inventory,City of Dayton,City of Dayton GIS,infrastructure,City of Dayton,,"Public — ArcGIS REST API, no auth",live service (verify),ArcGIS FeatureServer,,1 layers,,,,,,,,https://maps.daytonohio.gov/gisservices/rest/services/Water/Water_Meter_Inventory/FeatureServer,https://maps.daytonohio.gov/gisservices/rest/services,
Water/Water_Meter_Inventory,City of Dayton,City of Dayton GIS,infrastructure,City of Dayton,,"Public — ArcGIS REST API, no auth",live service (verify),ArcGIS MapServer,,1 layers,,,,,,,,https://maps.daytonohio.gov/gisservices/rest/services/Water/Water_Meter_Inventory/MapServer,https://maps.daytonohio.gov/gisservices/rest/services,
Water/Water_Meter_Inventory_Desktop,City of Dayton,City of Dayton GIS,infrastructure,City of Dayton,,"Public — ArcGIS REST API, no auth",live service (verify),ArcGIS FeatureServer,,1 layers,,,,,,,,https://maps.daytonohio.gov/gisservices/rest/services/Water/Water_Meter_Inventory_Desktop/FeatureServer,https://maps.daytonohio.gov/gisservices/rest/services,
Water/Water_Meter_Inventory_Desktop,City of Dayton,City of Dayton GIS,infrastructure,City of Dayton,,"Public — ArcGIS REST API, no auth",live service (verify),ArcGIS MapServer,,1 layers,,,,,,,,https://maps.daytonohio.gov/gisservices/rest/services/Water/Water_Meter_Inventory_Desktop/MapServer,https://maps.daytonohio.gov/gisservices/rest/services,
Water/Water_Protection_District,City of Dayton,City of Dayton GIS,zoning/land use,City of Dayton,neighborhood,"Public — ArcGIS REST API, no auth",live service (verify),ArcGIS MapServer,,1 layers,,,,,,,,https://maps.daytonohio.gov/gisservices/rest/services/Water/Water_Protection_District/MapServer,https://maps.daytonohio.gov/gisservices/rest/services,
Water/Water_Resource_Area,City of Dayton,City of Dayton GIS,infrastructure,City of Dayton,,"Public — ArcGIS REST API, no auth",live service (verify),ArcGIS MapServer,,1 layers,,,,,,,,https://maps.daytonohio.gov/gisservices/rest/services/Water/Water_Resource_Area/MapServer,https://maps.daytonohio.gov/gisservices/rest/services,
Water/Water_Transformer_Inventory,City of Dayton,City of Dayton GIS,infrastructure,City of Dayton,,"Public — ArcGIS REST API, no auth",live service (verify),ArcGIS FeatureServer,,1 layers,,,,,,,,https://maps.daytonohio.gov/gisservices/rest/services/Water/Water_Transformer_Inventory/FeatureServer,https://maps.daytonohio.gov/gisservices/rest/services,
Water/Water_Transformer_Inventory,City of Dayton,City of Dayton GIS,infrastructure,City of Dayton,,"Public — ArcGIS REST API, no auth",live service (verify),ArcGIS MapServer,,1 layers,,,,,,,,https://maps.daytonohio.gov/gisservices/rest/services/Water/Water_Transformer_Inventory/MapServer,https://maps.daytonohio.gov/gisservices/rest/services,
Water/Water_Utilities,City of Dayton,City of Dayton GIS,infrastructure,City of Dayton,,"Public — ArcGIS REST API, no auth",live service (verify),ArcGIS MapServer,,19 layers,,,,,,,,https://maps.daytonohio.gov/gisservices/rest/services/Water/Water_Utilities/MapServer,https://maps.daytonohio.gov/gisservices/rest/services,
Water/WaterDataTest,City of Dayton,City of Dayton GIS,infrastructure,City of Dayton,,"Public — ArcGIS REST API, no auth",live service (verify),ArcGIS MapServer,,63 layers,,,,,,,,https://maps.daytonohio.gov/gisservices/rest/services/Water/WaterDataTest/MapServer,https://maps.daytonohio.gov/gisservices/rest/services,Water Utitlites App
Water/Well_Head_Operation_Areas,City of Dayton,City of Dayton GIS,infrastructure,City of Dayton,,"Public — ArcGIS REST API, no auth",live service (verify),ArcGIS MapServer,,2 layers,,,,,,,,https://maps.daytonohio.gov/gisservices/rest/services/Water/Well_Head_Operation_Areas/MapServer,https://maps.daytonohio.gov/gisservices/rest/services,
Water/Wells,City of Dayton,City of Dayton GIS,infrastructure,City of Dayton,,"Public — ArcGIS REST API, no auth",live service (verify),ArcGIS MapServer,,2 layers,,,,,,,,https://maps.daytonohio.gov/gisservices/rest/services/Water/Wells/MapServer,https://maps.daytonohio.gov/gisservices/rest/services,
Water/wServiceLine_Points_BV,City of Dayton,City of Dayton GIS,infrastructure,City of Dayton,address/point,"Public — ArcGIS REST API, no auth",live service (verify),ArcGIS FeatureServer,,1 layers,,,,,,,,https://maps.daytonohio.gov/gisservices/rest/services/Water/wServiceLine_Points_BV/FeatureServer,https://maps.daytonohio.gov/gisservices/rest/services,
Water/wServiceLine_Points_BV,City of Dayton,City of Dayton GIS,infrastructure,City of Dayton,address/point,"Public — ArcGIS REST API, no auth",live service (verify),ArcGIS MapServer,,1 layers,,,,,,,,https://maps.daytonohio.gov/gisservices/rest/services/Water/wServiceLine_Points_BV/MapServer,https://maps.daytonohio.gov/gisservices/rest/services,
Water/WST_ConditionAssessment,City of Dayton,City of Dayton GIS,condition/quality,City of Dayton,,"Public — ArcGIS REST API, no auth",live service (verify),ArcGIS FeatureServer,,1 layers,,Y,,,,,,https://maps.daytonohio.gov/gisservices/rest/services/Water/WST_ConditionAssessment/FeatureServer,https://maps.daytonohio.gov/gisservices/rest/services,
Water/WST_ConditionAssessment,City of Dayton,City of Dayton GIS,condition/quality,City of Dayton,,"Public — ArcGIS REST API, no auth",live service (verify),ArcGIS MapServer,,1 layers,,Y,,,,,,https://maps.daytonohio.gov/gisservices/rest/services/Water/WST_ConditionAssessment/MapServer,https://maps.daytonohio.gov/gisservices/rest/services,
Water/WUFO_TEST,City of Dayton,City of Dayton GIS,infrastructure,City of Dayton,,"Public — ArcGIS REST API, no auth",live service (verify),ArcGIS MapServer,,0 layers,,,,,,,,https://maps.daytonohio.gov/gisservices/rest/services/Water/WUFO_TEST/MapServer,https://maps.daytonohio.gov/gisservices/rest/services,
Water_Meter_Inventory,City of Dayton,City of Dayton GIS,infrastructure,City of Dayton,,"Public — ArcGIS REST API, no auth",live service (verify),ArcGIS MapServer,,1 layers,,,,,,,,https://maps.daytonohio.gov/gisservices/rest/services/Water_Meter_Inventory/MapServer,https://maps.daytonohio.gov/gisservices/rest/services,
WaterReclamation/WaterRecAssetCollection,City of Dayton,City of Dayton GIS,infrastructure,City of Dayton,,"Public — ArcGIS REST API, no auth",live service (verify),ArcGIS MapServer,,1 layers,,,,,,,,https://maps.daytonohio.gov/gisservices/rest/services/WaterReclamation/WaterRecAssetCollection/MapServer,https://maps.daytonohio.gov/gisservices/rest/services,
Welcome Park Orthomosaic,City of Dayton,Frank.Boateng_DaytonOhio (City of Dayton GIS / PND),,City of Dayton,,"Public — ArcGIS REST API, no auth",live service (verify),"ArcGIS FeatureServer/MapServer; GeoJSON, CSV, Shapefile export",,,2023-02-09,,N,"Map,TilesOnly,Tilemap",,,,https://tiles.arcgis.com/tiles/3dDB2Kk6kuA2gIGw/arcgis/rest/services/Welcome_Park_Orthomosaic/MapServer,https://daytonohio.maps.arcgis.com/home/item.html?id=35e33b386e2a46ea970efd21a247d568,orthomosaic
Well Head Operation Areas,City of Dayton,emma.jewell (City of Dayton GIS / PND),,City of Dayton,jurisdiction/county,"Public — ArcGIS REST API, no auth",live service (verify),"ArcGIS FeatureServer/MapServer; GeoJSON, CSV, Shapefile export",,,2018-11-09,,Y,"Map,Query,Data",,,,https://maps.daytonohio.gov/gisservices/rest/services/Water/Well_Head_Operation_Areas/MapServer,https://daytonohio.maps.arcgis.com/home/item.html?id=d004c28152344ea9b347b613bf7f7781,
Work From Home Device Needs-Issue Devices DRAFT,City of Dayton,Richard.Bailey@DaytonOhio.gov (City of Dayton GIS / PND),,City of Dayton,,"Public — ArcGIS REST API, no auth",live service (verify),"ArcGIS FeatureServer/MapServer; GeoJSON, CSV, Shapefile export",,,2020-12-15,,Y,"Create,Delete,Query,Update,Editing,Extract,Sync",,,,https://services2.arcgis.com/3dDB2Kk6kuA2gIGw/arcgis/rest/services/survey123_597fc248b0354b4bb5b2f909f76587de/FeatureServer,https://daytonohio.maps.arcgis.com/home/item.html?id=9ddb7464f7be4152a9995e97d9eb49aa,
Work From Home Device Needs-Issue Devices DRAFT_fieldworker,City of Dayton,Richard.Bailey@DaytonOhio.gov (City of Dayton GIS / PND),,City of Dayton,,"Public — ArcGIS REST API, no auth",live service (verify),"ArcGIS FeatureServer/MapServer; GeoJSON, CSV, Shapefile export",,,2020-12-15,,Y,"Create,Query,Update,Editing,Extract,Sync",,,,https://services2.arcgis.com/3dDB2Kk6kuA2gIGw/arcgis/rest/services/survey123_597fc248b0354b4bb5b2f909f76587de_fieldworker/FeatureServer,https://daytonohio.maps.arcgis.com/home/item.html?id=df2e335422504b15a17eabd636915cd4,
Work From Home Device Needs-Issue Devices DRAFT_stakeholder,City of Dayton,Richard.Bailey@DaytonOhio.gov (City of Dayton GIS / PND),,City of Dayton,,"Public — ArcGIS REST API, no auth",live service (verify),"ArcGIS FeatureServer/MapServer; GeoJSON, CSV, Shapefile export",,,2020-12-15,,Y,"Create,Delete,Query,Update,Editing,Extract,Sync",,,,https://services2.arcgis.com/3dDB2Kk6kuA2gIGw/arcgis/rest/services/survey123_597fc248b0354b4bb5b2f909f76587de_stakeholder/FeatureServer,https://daytonohio.maps.arcgis.com/home/item.html?id=4f5b56426bed4e208913667b5c6b6c31,
WPA/Base,City of Dayton,City of Dayton GIS,,City of Dayton,,"Public — ArcGIS REST API, no auth",live service (verify),ArcGIS MapServer,,2 layers,,,,,,,,https://maps.daytonohio.gov/gisservices/rest/services/WPA/Base/MapServer,https://maps.daytonohio.gov/gisservices/rest/services,
WPA/Water_Protection_District,City of Dayton,City of Dayton GIS,zoning/land use,City of Dayton,neighborhood,"Public — ArcGIS REST API, no auth",live service (verify),ArcGIS MapServer,,1 layers,,,,,,,,https://maps.daytonohio.gov/gisservices/rest/services/WPA/Water_Protection_District/MapServer,https://maps.daytonohio.gov/gisservices/rest/services,
WPA/Water_Resource_Area,City of Dayton,City of Dayton GIS,infrastructure,City of Dayton,,"Public — ArcGIS REST API, no auth",live service (verify),ArcGIS MapServer,,1 layers,,,,,,,,https://maps.daytonohio.gov/gisservices/rest/services/WPA/Water_Resource_Area/MapServer,https://maps.daytonohio.gov/gisservices/rest/services,
WPA/Well_Head_Operation_Areas,City of Dayton,City of Dayton GIS,,City of Dayton,,"Public — ArcGIS REST API, no auth",live service (verify),ArcGIS MapServer,,2 layers,,,,,,,,https://maps.daytonohio.gov/gisservices/rest/services/WPA/Well_Head_Operation_Areas/MapServer,https://maps.daytonohio.gov/gisservices/rest/services,
wServicePoints_TEST,City of Dayton,City of Dayton GIS,,City of Dayton,address/point,"Public — ArcGIS REST API, no auth",live service (verify),ArcGIS FeatureServer,,1 layers,,,,,,,,https://maps.daytonohio.gov/gisservices/rest/services/wServicePoints_TEST/FeatureServer,https://maps.daytonohio.gov/gisservices/rest/services,
wServicePoints_TEST,City of Dayton,City of Dayton GIS,,City of Dayton,address/point,"Public — ArcGIS REST API, no auth",live service (verify),ArcGIS MapServer,,1 layers,,,,,,,,https://maps.daytonohio.gov/gisservices/rest/services/wServicePoints_TEST/MapServer,https://maps.daytonohio.gov/gisservices/rest/services,
WUFO/WUFO_Field_Maps_All_Utilities,City of Dayton,City of Dayton GIS,infrastructure,City of Dayton,,"Public — ArcGIS REST API, no auth",live service (verify),ArcGIS MapServer,,151 layers,,,,,,,,https://maps.daytonohio.gov/gisservices/rest/services/WUFO/WUFO_Field_Maps_All_Utilities/MapServer,https://maps.daytonohio.gov/gisservices/rest/services,WUFO Field Maps All Utilities Map Layers
Your Dollars Your Neighborhood-Contact Us_form,City of Dayton,Richard.Bailey@DaytonOhio.gov (City of Dayton GIS / PND),geography/reference,City of Dayton,neighborhood,"Public — ArcGIS REST API, no auth",live service (verify),"ArcGIS FeatureServer/MapServer; GeoJSON, CSV, Shapefile export",,0,2024-07-28,,N,"Create,Editing",,,,https://services2.arcgis.com/3dDB2Kk6kuA2gIGw/arcgis/rest/services/survey123_e02e4ef0902249eab6ac19be74950978_form/FeatureServer,https://daytonohio.maps.arcgis.com/home/item.html?id=1ae5eb148e34418194134847e1f34343,
Zoning,City of Dayton,Cameron.Goschinski (City of Dayton GIS / PND),zoning/land use,City of Dayton,jurisdiction/county,"Public — ArcGIS REST API, no auth",live service (verify),"ArcGIS FeatureServer/MapServer; GeoJSON, CSV, Shapefile export",,970,2026-01-14,Y,Y,Query,,,,https://services2.arcgis.com/3dDB2Kk6kuA2gIGw/arcgis/rest/services/Zoning/FeatureServer,https://daytonohio.maps.arcgis.com/home/item.html?id=b280beb8fe754e60828c6176b4eb2f0b,"Dayton Zoning as of 11.26.25 "
Public housing & HCV inventory,Greater Dayton Premier Management,"GDPM (PHA, formerly DMHA)",ownership/transfers,Montgomery County,,"Website lists property names + bedroom mix (paginated, no bulk file). Direct request for unit-level data.",,Not published,,,,Y,,,,,,https://www.gdpm.org,https://www.gdpm.org/housing-programs/gdpm-owned-housing/,"PHA for Montgomery County. 400 Wayne Ave, Dayton OH 45410 | (937) 910-7500 | publichousing@gdpm.org. Property directory at /housing-programs/gdpm-owned-housing/ (LOAD MORE pagination). ALTERNATIVE without asking them: HUD 'Picture of Subsidized Households' publishes PHA- and project-level counts, occupancy, demographics and rents. Route outreach through Dave."
LIHTC Properties (Montgomery County OH),HUD,HUD,ownership/transfers,Montgomery County,parcel,"Public — ArcGIS REST, no auth",,Feature Service,,,,Y,,,,,,https://services.arcgis.com/VTyQ9soqVukalItT/arcgis/rest/services/LIHTC/FeatureServer/0,https://hudgis-hud.opendata.arcgis.com/maps/810ccb34dd464ec4ad4697d35fff21a5,NO expiration field; roll-off derived as YR_PIS+30. 88 properties in Dayton. VERIFIED.
Multifamily Properties - Assisted (project-based Section 8),HUD,HUD,ownership/transfers,Montgomery County,parcel,"Public — ArcGIS REST, no auth",,Feature Service,,,,Y,,,,,,https://services.arcgis.com/VTyQ9soqVukalItT/arcgis/rest/services/Multifamily_Properties_Assisted/FeatureServer/0,https://www.hud.gov/hud-partners/multifamily-assist-section8-database,EXPIRATION_DATE1/2 are PUBLISHED contract expiration dates. Refreshed monthly. 23 contracts/812 units expire by 2030. VERIFIED.
Public Housing Developments + Authorities (GDPM),HUD,HUD,investment/projects,Montgomery County,,"Public — ArcGIS REST, no auth. HARVESTED.",,Feature Service,,,,Y,,,,,,https://services.arcgis.com/VTyQ9soqVukalItT/arcgis/rest/services/Public_Housing_Developments/FeatureServer/0,https://www.gdpm.org,"GDPM (PHA code OH005). Separate inventory from project-based Section 8 - only 2 of 13 developments overlap. Includes occupancy rates, resident counts, bedroom mix, 4,905 Housing Choice Vouchers."
1950UrbanArea,MVRPC (regional),msimpson_MVRPC (msimpson_MVRPC),,Miami Valley region,,"Public — ArcGIS REST API, no auth",live service (verify),"ArcGIS FeatureServer/MapServer; GeoJSON, CSV, Shapefile export",,,2022-09-09,,Y,Query,,,,https://services.arcgis.com/3TIUdMHOqnLBrZEH/arcgis/rest/services/1950UrbanArea/FeatureServer,https://mvrpc.maps.arcgis.com/home/item.html?id=dd44b01ec9fb43c08d4504417f341fc1,
1960UrbanArea,MVRPC (regional),msimpson_MVRPC (msimpson_MVRPC),,Miami Valley region,,"Public — ArcGIS REST API, no auth",live service (verify),"ArcGIS FeatureServer/MapServer; GeoJSON, CSV, Shapefile export",,,2022-09-09,,Y,Query,,,,https://services.arcgis.com/3TIUdMHOqnLBrZEH/arcgis/rest/services/1960UrbanArea/FeatureServer,https://mvrpc.maps.arcgis.com/home/item.html?id=7eb47305891849729a1fbac1e176ecc7,
1970UrbanArea,MVRPC (regional),msimpson_MVRPC (msimpson_MVRPC),,Miami Valley region,,"Public — ArcGIS REST API, no auth",live service (verify),"ArcGIS FeatureServer/MapServer; GeoJSON, CSV, Shapefile export",,,2022-09-09,,Y,Query,,,,https://services.arcgis.com/3TIUdMHOqnLBrZEH/arcgis/rest/services/1970UrbanArea/FeatureServer,https://mvrpc.maps.arcgis.com/home/item.html?id=50fc4ecc73c94ebbb6820a30d5b7d84a,
1980,MVRPC (regional),kypolk (msimpson_MVRPC),,Miami Valley region,,"Public — ArcGIS REST API, no auth",live service (verify),"ArcGIS FeatureServer/MapServer; GeoJSON, CSV, Shapefile export",,,2017-03-09,,Y,Query,,,,https://services.arcgis.com/3TIUdMHOqnLBrZEH/arcgis/rest/services/1980/FeatureServer,https://mvrpc.maps.arcgis.com/home/item.html?id=ff94e765c533468f955249551ac1b20b,1980 year
1980UrbanArea,MVRPC (regional),msimpson_MVRPC (msimpson_MVRPC),,Miami Valley region,,"Public — ArcGIS REST API, no auth",live service (verify),"ArcGIS FeatureServer/MapServer; GeoJSON, CSV, Shapefile export",,,2022-09-09,,Y,Query,,,,https://services.arcgis.com/3TIUdMHOqnLBrZEH/arcgis/rest/services/1980UrbanArea/FeatureServer,https://mvrpc.maps.arcgis.com/home/item.html?id=7b3896be5cb34f1abd65d4a2f4d62b69,
1990UrbanArea,MVRPC (regional),msimpson_MVRPC (msimpson_MVRPC),,Miami Valley region,,"Public — ArcGIS REST API, no auth",live service (verify),"ArcGIS FeatureServer/MapServer; GeoJSON, CSV, Shapefile export",,,2022-09-09,,Y,Query,,,,https://services.arcgis.com/3TIUdMHOqnLBrZEH/arcgis/rest/services/1990UrbanArea/FeatureServer,https://mvrpc.maps.arcgis.com/home/item.html?id=5e60010157144acdb0825566cce12a27,
2000UrbanArea,MVRPC (regional),msimpson_MVRPC (msimpson_MVRPC),,Miami Valley region,,"Public — ArcGIS REST API, no auth",live service (verify),"ArcGIS FeatureServer/MapServer; GeoJSON, CSV, Shapefile export",,,2022-09-09,,Y,Query,,,,https://services.arcgis.com/3TIUdMHOqnLBrZEH/arcgis/rest/services/2000UrbanArea/FeatureServer,https://mvrpc.maps.arcgis.com/home/item.html?id=1b3aff4e220d4233b74d665924ec8ed4,
2010 Census Demographics Block Group Level,MVRPC (regional),kypolk (msimpson_MVRPC),demographics,Miami Valley region,block group,"Public — ArcGIS REST API, no auth",live service (verify),"ArcGIS FeatureServer/MapServer; GeoJSON, CSV, Shapefile export",,,2017-11-13,,Y,Query,,,,https://services.arcgis.com/3TIUdMHOqnLBrZEH/arcgis/rest/services/2010CensusDemographicsBlockGroupLevel/FeatureServer,https://mvrpc.maps.arcgis.com/home/item.html?id=b2a7de01287840d5b16a59d64b82b768,Block group Demographics for 2010 Census
2010CensusTractsFoodSystems,MVRPC (regional),msimpson_MVRPC (msimpson_MVRPC),demographics,Miami Valley region,tract,"Public — ArcGIS REST API, no auth",live service (verify),"ArcGIS FeatureServer/MapServer; GeoJSON, CSV, Shapefile export",,,2025-03-14,,Y,Query,,,,https://services.arcgis.com/3TIUdMHOqnLBrZEH/arcgis/rest/services/2010CensusTractsFoodSystems/FeatureServer,https://mvrpc.maps.arcgis.com/home/item.html?id=8d62f46eaf8f4888b6571642eddca717,2010 Census Tracts with limited USDA Food Research Atlas flags.
2010CensusUrbArea,MVRPC (regional),tharner@mvrpc.org (msimpson_MVRPC),demographics,Miami Valley region,,"Public — ArcGIS REST API, no auth",live service (verify),"ArcGIS FeatureServer/MapServer; GeoJSON, CSV, Shapefile export",,,2022-07-15,,Y,Query,,,,https://services.arcgis.com/3TIUdMHOqnLBrZEH/arcgis/rest/services/2010CensusUrbArea/FeatureServer,https://mvrpc.maps.arcgis.com/home/item.html?id=b717f1d57ef24ad2986c271e41712079,2010 Census Urbanized Area
2010UrbanArea,MVRPC (regional),msimpson_MVRPC (msimpson_MVRPC),,Miami Valley region,,"Public — ArcGIS REST API, no auth",live service (verify),"ArcGIS FeatureServer/MapServer; GeoJSON, CSV, Shapefile export",,,2022-09-09,,Y,Query,,,,https://services.arcgis.com/3TIUdMHOqnLBrZEH/arcgis/rest/services/2010UrbanArea/FeatureServer,https://mvrpc.maps.arcgis.com/home/item.html?id=4b2ab21bd6af4d5d84043799185200c6,
2016NCLDupdated_WFL1,MVRPC (regional),kypolk (msimpson_MVRPC),,Miami Valley region,,"Public — ArcGIS REST API, no auth",live service (verify),"ArcGIS FeatureServer/MapServer; GeoJSON, CSV, Shapefile export",,,2024-07-10,,Y,Query,,,,https://services.arcgis.com/3TIUdMHOqnLBrZEH/arcgis/rest/services/2016NCLDupdated_WFL1/FeatureServer,https://mvrpc.maps.arcgis.com/home/item.html?id=db816b8100314239b677cc00d18b1f3c,
2020 Block Groups,MVRPC (regional),tharner@mvrpc.org (msimpson_MVRPC),demographics,Miami Valley region,block group,"Public — ArcGIS REST API, no auth",live service (verify),"ArcGIS FeatureServer/MapServer; GeoJSON, CSV, Shapefile export",,,2025-01-07,,Y,"Query,Extract",,,,https://services.arcgis.com/3TIUdMHOqnLBrZEH/arcgis/rest/services/2020_Block_Groups/FeatureServer,https://mvrpc.maps.arcgis.com/home/item.html?id=27e6f126d6e345c3a098e737453807f9,2020 Block Groups for the MVRPC region.
2020 Blocks,MVRPC (regional),tharner@mvrpc.org (msimpson_MVRPC),demographics,Miami Valley region,jurisdiction/county,"Public — ArcGIS REST API, no auth",live service (verify),"ArcGIS FeatureServer/MapServer; GeoJSON, CSV, Shapefile export",,,2025-01-07,,Y,"Query,Extract",,,,https://services.arcgis.com/3TIUdMHOqnLBrZEH/arcgis/rest/services/2020_Blocks/FeatureServer,https://mvrpc.maps.arcgis.com/home/item.html?id=142c7de16e7a45a6a0f77fc6d6f9b744,2020 Blocks for the MVRPC region.
2020 Census Profile Block Groups Data,MVRPC (regional),msimpson_MVRPC (msimpson_MVRPC),demographics,Miami Valley region,block group,"Public — ArcGIS REST API, no auth",live service (verify),"ArcGIS FeatureServer/MapServer; GeoJSON, CSV, Shapefile export",,,2023-11-03,Y,Y,"Query,Extract,Sync",,,,https://services.arcgis.com/3TIUdMHOqnLBrZEH/arcgis/rest/services/2020_Census_Profile_Block_Groups_Data/FeatureServer,https://mvrpc.maps.arcgis.com/home/item.html?id=61747bdd63e147358d45da6aaf03cd95,Block Group boundaries and their associated data used in MVRPC's 2020 Population and Housing Census Profile Dashboards.
2020 Census Profile Census Tracts Data,MVRPC (regional),msimpson_MVRPC (msimpson_MVRPC),demographics,Miami Valley region,tract,"Public — ArcGIS REST API, no auth",live service (verify),"ArcGIS FeatureServer/MapServer; GeoJSON, CSV, Shapefile export",,,2022-10-19,Y,Y,"Query,Extract",,,,https://services.arcgis.com/3TIUdMHOqnLBrZEH/arcgis/rest/services/2020_Census_Profile_Census_Tracts_Data/FeatureServer,https://mvrpc.maps.arcgis.com/home/item.html?id=1a438718ee6c4e8db4037e7255fc44bd,Census Tract boundaries and their associated data used in MVRPC's 2020 Population and Housing Census Profile Dashboards.
2020 Census Profile Jurisdiction Data,MVRPC (regional),msimpson_MVRPC (msimpson_MVRPC),demographics,Miami Valley region,jurisdiction/county,"Public — ArcGIS REST API, no auth",live service (verify),"ArcGIS FeatureServer/MapServer; GeoJSON, CSV, Shapefile export",,,2022-10-19,Y,Y,"Query,Extract",,,,https://services.arcgis.com/3TIUdMHOqnLBrZEH/arcgis/rest/services/2020_Census_Profile_Jurisdiction_Data/FeatureServer,https://mvrpc.maps.arcgis.com/home/item.html?id=38626c6ae42846e9b6d05147296037c6,Jurisdiction boundaries and their associated data used in MVRPC's 2020 Population and Housing Census Profile Dashboards.
2020 Tracts,MVRPC (regional),tharner@mvrpc.org (msimpson_MVRPC),demographics,Miami Valley region,tract,"Public — ArcGIS REST API, no auth",live service (verify),"ArcGIS FeatureServer/MapServer; GeoJSON, CSV, Shapefile export",,,2025-01-07,,Y,"Query,Extract",,,,https://services.arcgis.com/3TIUdMHOqnLBrZEH/arcgis/rest/services/2020_Tracts/FeatureServer,https://mvrpc.maps.arcgis.com/home/item.html?id=5268f41c2d364bb8bb5d0e663ce8fd67,2020 Tracts for the MVRPC region.
2020 Transportation Urbanized Area,MVRPC (regional),tharner@mvrpc.org (msimpson_MVRPC),,Miami Valley region,jurisdiction/county,"Public — ArcGIS REST API, no auth",live service (verify),"ArcGIS FeatureServer/MapServer; GeoJSON, CSV, Shapefile export",,,2025-01-21,,Y,"Query,Extract",,,,https://services.arcgis.com/3TIUdMHOqnLBrZEH/arcgis/rest/services/TransportationUA_2020/FeatureServer,https://mvrpc.maps.arcgis.com/home/item.html?id=a001a4a911c74bd7a21e6c4a465d7c14,2020 Transportation Urbanized Area for the MVRPC region.
2020 Urban Area,MVRPC (regional),tharner@mvrpc.org (msimpson_MVRPC),affordability/tenure,Miami Valley region,,"Public — ArcGIS REST API, no auth",live service (verify),"ArcGIS FeatureServer/MapServer; GeoJSON, CSV, Shapefile export",,,2025-06-24,,Y,"Query,Extract",,,,https://services.arcgis.com/3TIUdMHOqnLBrZEH/arcgis/rest/services/UA2020/FeatureServer,https://mvrpc.maps.arcgis.com/home/item.html?id=6d53cd8473bb427a811f5406525ab44b,"2020 Urban Area for the Miami Valley, Ohio."
2020 Urbanized Area,MVRPC (regional),tharner@mvrpc.org (msimpson_MVRPC),demographics,Miami Valley region,jurisdiction/county,"Public — ArcGIS REST API, no auth",live service (verify),"ArcGIS FeatureServer/MapServer; GeoJSON, CSV, Shapefile export",,,2025-01-07,,Y,"Query,Extract",,,,https://services.arcgis.com/3TIUdMHOqnLBrZEH/arcgis/rest/services/2020_Urbanized_Area/FeatureServer,https://mvrpc.maps.arcgis.com/home/item.html?id=f1885e3482e54a99aba5b57a639e9208,2020 Urbanized Area for the MVRPC region.
2020BlockGroupsAllWarrenFoodMapping,MVRPC (regional),msimpson_MVRPC (msimpson_MVRPC),demographics,Miami Valley region,block group,"Public — ArcGIS REST API, no auth",live service (verify),"ArcGIS FeatureServer/MapServer; GeoJSON, CSV, Shapefile export",,,2024-09-16,,Y,Query,,,,https://services.arcgis.com/3TIUdMHOqnLBrZEH/arcgis/rest/services/2020BlockGroupsAllWarrenFoodMapping/FeatureServer,https://mvrpc.maps.arcgis.com/home/item.html?id=7476f02a4e4f4d6faa2f124778498b95,
2020ResponseRates,MVRPC (regional),ewhitaker_MVRPC (msimpson_MVRPC),demographics,Miami Valley region,,"Public — ArcGIS REST API, no auth",live service (verify),"ArcGIS FeatureServer/MapServer; GeoJSON, CSV, Shapefile export",,,2020-09-08,,Y,Query,,,,https://services.arcgis.com/3TIUdMHOqnLBrZEH/arcgis/rest/services/2020ResponseRates/FeatureServer,https://mvrpc.maps.arcgis.com/home/item.html?id=8f172e6553364d9596c4655dafa55b58,Census 2020 Low Response Score
2021 LRTP Projects_WFL1,MVRPC (regional),hwilson_MVRPC (msimpson_MVRPC),investment/projects,Miami Valley region,,"Public — ArcGIS REST API, no auth",live service (verify),"ArcGIS FeatureServer/MapServer; GeoJSON, CSV, Shapefile export",,,2021-05-17,,Y,Query,,,,https://services.arcgis.com/3TIUdMHOqnLBrZEH/arcgis/rest/services/2021_LRTP_Projects_WFL1/FeatureServer,https://mvrpc.maps.arcgis.com/home/item.html?id=76b234663e2a4e2ebe4f411bfaddf5d7,These are the congestion management projects included in the 2021 LRTP.
2025 Existing Land Use/Land Cover_tiles,MVRPC (regional),tharner@mvrpc.org (msimpson_MVRPC),zoning/land use,Miami Valley region,jurisdiction/county,"Public — ArcGIS REST API, no auth",live service (verify),"ArcGIS FeatureServer/MapServer; GeoJSON, CSV, Shapefile export",,,2025-09-10,,N,"Map,TilesOnly,Tilemap",,,,https://tiles.arcgis.com/tiles/3TIUdMHOqnLBrZEH/arcgis/rest/services/2025_Existing_Land_Use_Land_Cover/MapServer,https://mvrpc.maps.arcgis.com/home/item.html?id=ba762e688b1d4e9282a97fb169ee29b5,Land use/land cover data for the MVRPC region. compiled in 2025.
2025 Existing Land Use_Land Cover,MVRPC (regional),tharner@mvrpc.org (msimpson_MVRPC),zoning/land use,Miami Valley region,jurisdiction/county,"Public — ArcGIS REST API, no auth",live service (verify),"ArcGIS FeatureServer/MapServer; GeoJSON, CSV, Shapefile export",,,2025-09-15,,Y,"Query,Extract",,,,https://services.arcgis.com/3TIUdMHOqnLBrZEH/arcgis/rest/services/2025_Existing_Land_Use_Land_Cover2/FeatureServer,https://mvrpc.maps.arcgis.com/home/item.html?id=cca70c75ad624be699f3edcfe887c844,Land use/land cover data for the MVRPC region. compiled in 2025
20251219_hin_intersections,MVRPC (regional),tharner@mvrpc.org (msimpson_MVRPC),,Miami Valley region,,"Public — ArcGIS REST API, no auth",live service (verify),"ArcGIS FeatureServer/MapServer; GeoJSON, CSV, Shapefile export",,,2026-01-22,,Y,Query,,,,https://services.arcgis.com/3TIUdMHOqnLBrZEH/arcgis/rest/services/20251219_hin_intersections/FeatureServer,https://mvrpc.maps.arcgis.com/home/item.html?id=f533ce1bd35643a6b7e5503661d154b2,
2025DRPPointsMap_WFL1,MVRPC (regional),kypolk (msimpson_MVRPC),,Miami Valley region,address/point,"Public — ArcGIS REST API, no auth",live service (verify),"ArcGIS FeatureServer/MapServer; GeoJSON, CSV, Shapefile export",,,2026-04-13,,Y,Query,,,,https://services.arcgis.com/3TIUdMHOqnLBrZEH/arcgis/rest/services/2025DRPPointsMap_WFL1/FeatureServer,https://mvrpc.maps.arcgis.com/home/item.html?id=f763ce459d0744b4837ba15151d2ce87,
20260114_hrn_intersections,MVRPC (regional),tharner@mvrpc.org (msimpson_MVRPC),,Miami Valley region,,"Public — ArcGIS REST API, no auth",live service (verify),"ArcGIS FeatureServer/MapServer; GeoJSON, CSV, Shapefile export",,,2026-01-22,,Y,Query,,,,https://services.arcgis.com/3TIUdMHOqnLBrZEH/arcgis/rest/services/20260114_hrn_intersections/FeatureServer,https://mvrpc.maps.arcgis.com/home/item.html?id=1366abfe01c442c78140957b482eb8a5,
211Cases05012020 Dashboard Data Visualization,MVRPC (regional),msimpson_MVRPC (msimpson_MVRPC),,Miami Valley region,,"Public — ArcGIS REST API, no auth",live service (verify),"ArcGIS FeatureServer/MapServer; GeoJSON, CSV, Shapefile export",,,2020-05-01,,Y,Query,,,,https://services.arcgis.com/3TIUdMHOqnLBrZEH/arcgis/rest/services/211Cases05012020_Dashboard_Data_Visualization/FeatureServer,https://mvrpc.maps.arcgis.com/home/item.html?id=e8ea7434d5a34da4aa6a1e7138b79e5f,
2nd location Bike Miami Valley Survey_form,MVRPC (regional),kypolk (msimpson_MVRPC),affordability/tenure,Miami Valley region,,"Public — ArcGIS REST API, no auth",live service (verify),"ArcGIS FeatureServer/MapServer; GeoJSON, CSV, Shapefile export",,,2022-10-28,,N,"Create,Editing",,,,https://services.arcgis.com/3TIUdMHOqnLBrZEH/arcgis/rest/services/survey123_6a40cc820e8d42868081ad239d7b4fa5_form/FeatureServer,https://mvrpc.maps.arcgis.com/home/item.html?id=f6d52b386aaa4fadb528d66e3ddcd436,
7CountyOutline_WFL1,MVRPC (regional),kypolk (msimpson_MVRPC),,Miami Valley region,jurisdiction/county,"Public — ArcGIS REST API, no auth",live service (verify),"ArcGIS FeatureServer/MapServer; GeoJSON, CSV, Shapefile export",,,2024-06-06,,Y,Query,,,,https://services.arcgis.com/3TIUdMHOqnLBrZEH/arcgis/rest/services/7CountyOutline_WFL1/FeatureServer,https://mvrpc.maps.arcgis.com/home/item.html?id=a5abff5243204858861ac3068f68af5c,
AAM_MVRPC,MVRPC (regional),tharner@mvrpc.org (msimpson_MVRPC),,Miami Valley region,jurisdiction/county,"Public — ArcGIS REST API, no auth",live service (verify),"ArcGIS FeatureServer/MapServer; GeoJSON, CSV, Shapefile export",,,2024-04-10,,Y,Query,,,,https://services.arcgis.com/3TIUdMHOqnLBrZEH/arcgis/rest/services/AAM_MVRPC/FeatureServer,https://mvrpc.maps.arcgis.com/home/item.html?id=1ae6637a916d4b0bbaf1f1d1608bb0f5,Assorted layers for the DDC/MVRPCregion for AAM
AARP_Livability_Index,MVRPC (regional),msimpson_MVRPC (msimpson_MVRPC),,Miami Valley region,,"Public — ArcGIS REST API, no auth",live service (verify),"ArcGIS FeatureServer/MapServer; GeoJSON, CSV, Shapefile export",,,2022-10-14,,Y,Query,,,,https://services.arcgis.com/3TIUdMHOqnLBrZEH/arcgis/rest/services/AARP_Livability_Index/FeatureServer,https://mvrpc.maps.arcgis.com/home/item.html?id=2ab4ce45cf504e8e9099b8d222d5a2fd,
ACI V2,MVRPC (regional),msimpson_MVRPC (msimpson_MVRPC),,Miami Valley region,,"Public — ArcGIS REST API, no auth",live service (verify),"ArcGIS FeatureServer/MapServer; GeoJSON, CSV, Shapefile export",,,2022-11-15,,N,"Map,TilesOnly,Tilemap",,,,https://tiles.arcgis.com/tiles/3TIUdMHOqnLBrZEH/arcgis/rest/services/ACI_V2/MapServer,https://mvrpc.maps.arcgis.com/home/item.html?id=d2bc3dba6b244f70b7ee585f2e2d94ea,MVRPC
ACIHexAggregated,MVRPC (regional),msimpson_MVRPC (msimpson_MVRPC),,Miami Valley region,,"Public — ArcGIS REST API, no auth",live service (verify),"ArcGIS FeatureServer/MapServer; GeoJSON, CSV, Shapefile export",,,2022-08-16,,Y,Query,,,,https://services.arcgis.com/3TIUdMHOqnLBrZEH/arcgis/rest/services/ACIHexAggregated/FeatureServer,https://mvrpc.maps.arcgis.com/home/item.html?id=35c6f460c422455cb617fb8a810b9e04,
Active Community Index,MVRPC (regional),msimpson_MVRPC (msimpson_MVRPC),,Miami Valley region,,"Public — ArcGIS REST API, no auth",live service (verify),"ArcGIS FeatureServer/MapServer; GeoJSON, CSV, Shapefile export",,,2022-11-07,,N,"Map,TilesOnly,Tilemap",,,,https://tiles.arcgis.com/tiles/3TIUdMHOqnLBrZEH/arcgis/rest/services/Active_Community_Index/MapServer,https://mvrpc.maps.arcgis.com/home/item.html?id=9ad3cba9af69498ab9c4f5ac624cff32,MVRPC
Active Community Index Compared to Population Density (Properties Saved),MVRPC (regional),msimpson_MVRPC (msimpson_MVRPC),ownership/transfers,Miami Valley region,parcel,"Public — ArcGIS REST API, no auth",live service (verify),"ArcGIS FeatureServer/MapServer; GeoJSON, CSV, Shapefile export",,,2025-07-11,Y,Y,Query,,,,https://services.arcgis.com/3TIUdMHOqnLBrZEH/arcgis/rest/services/Block_Groups_Overall/FeatureServer,https://mvrpc.maps.arcgis.com/home/item.html?id=12848fc3d98b44b0b069d705d91e280a,
Active Transportation Public Input V2_WFL1,MVRPC (regional),tharner@mvrpc.org (msimpson_MVRPC),,Miami Valley region,,"Public — ArcGIS REST API, no auth",live service (verify),"ArcGIS FeatureServer/MapServer; GeoJSON, CSV, Shapefile export",,,2022-10-20,,Y,Query,,,,https://services.arcgis.com/3TIUdMHOqnLBrZEH/arcgis/rest/services/Active_Transportation_Public_Input_V2_WFL1/FeatureServer,https://mvrpc.maps.arcgis.com/home/item.html?id=1605994aa9774dc1a628ea10ae46d678,Public input collected from online surveys and in-person activities regarding suggestions of improvement to be made to active transportation
Active Transportation Survey_fieldworker,MVRPC (regional),tharner@mvrpc.org (msimpson_MVRPC),,Miami Valley region,,"Public — ArcGIS REST API, no auth",live service (verify),"ArcGIS FeatureServer/MapServer; GeoJSON, CSV, Shapefile export",,,2024-05-08,,Y,"Create,Query,Editing,Extract",,,,https://services.arcgis.com/3TIUdMHOqnLBrZEH/arcgis/rest/services/survey123_87693800769f4292937ed721e6aa9d96_fieldworker/FeatureServer,https://mvrpc.maps.arcgis.com/home/item.html?id=b9e9bfe36128438db74112c58be97f47,
"Adopted Land Use Plans, 2009",MVRPC (regional),tharner@mvrpc.org (msimpson_MVRPC),affordability/tenure,Miami Valley region,jurisdiction/county,"Public — ArcGIS REST API, no auth",live service (verify),"ArcGIS FeatureServer/MapServer; GeoJSON, CSV, Shapefile export",,,2020-10-23,,Y,"Query,Extract",,,,https://services.arcgis.com/3TIUdMHOqnLBrZEH/arcgis/rest/services/ADLU09/FeatureServer,https://mvrpc.maps.arcgis.com/home/item.html?id=866c4d608e534dafb8214c9fc1f130a9,"Adopted Land Use Plans for Montgomery, Miami, Greene, Clark, Darke, and Preble Counties; from 2009."
"Adopted Land Use Plans, 2025",MVRPC (regional),tharner@mvrpc.org (msimpson_MVRPC),zoning/land use,Miami Valley region,,"Public — ArcGIS REST API, no auth",live service (verify),"ArcGIS FeatureServer/MapServer; GeoJSON, CSV, Shapefile export",,,2025-03-13,,Y,"Query,Extract",,,,https://services.arcgis.com/3TIUdMHOqnLBrZEH/arcgis/rest/services/Adopted_Land_Use_Plans__2025/FeatureServer,https://mvrpc.maps.arcgis.com/home/item.html?id=abfadde1223a47a6a9029e2d2f376bf8,"Compiled future land use plans, 2025"
"Adopted Land Use, 2015",MVRPC (regional),tharner@mvrpc.org (msimpson_MVRPC),affordability/tenure,Miami Valley region,jurisdiction/county,"Public — ArcGIS REST API, no auth",live service (verify),"ArcGIS FeatureServer/MapServer; GeoJSON, CSV, Shapefile export",,,2025-03-10,,Y,"Query,Extract",,,,https://services.arcgis.com/3TIUdMHOqnLBrZEH/arcgis/rest/services/ADLU15/FeatureServer,https://mvrpc.maps.arcgis.com/home/item.html?id=3bf0720ee93c44459ed1f51e00b4a60e,"Adopted Land Use Plans for Montgomery, Miami, Greene, Clark, Darke, and Preble Counties, dating from 2015 and earlier. "
"Aggregate Income, 1980",MVRPC (regional),tharner@mvrpc.org (msimpson_MVRPC),affordability/tenure,Miami Valley region,tract,"Public — ArcGIS REST API, no auth",live service (verify),"ArcGIS FeatureServer/MapServer; GeoJSON, CSV, Shapefile export",,,2020-01-17,Y,Y,Query,,,,https://services.arcgis.com/3TIUdMHOqnLBrZEH/arcgis/rest/services/AggIncome_1980/FeatureServer,https://mvrpc.maps.arcgis.com/home/item.html?id=a091811b51a54dbbb16557f84f947f34,"Aggregate Income, 1980, Tract"
"Aggregate Income, 2010",MVRPC (regional),tharner@mvrpc.org (msimpson_MVRPC),affordability/tenure,Miami Valley region,tract,"Public — ArcGIS REST API, no auth",live service (verify),"ArcGIS FeatureServer/MapServer; GeoJSON, CSV, Shapefile export",,,2020-01-17,Y,Y,Query,,,,https://services.arcgis.com/3TIUdMHOqnLBrZEH/arcgis/rest/services/AggIncome_2010/FeatureServer,https://mvrpc.maps.arcgis.com/home/item.html?id=3ef9da8724c940478abe99530ae17039,"Aggregate Income, 2010, Tract"
Aggregation_of_TornadoCases_and_Damaged_by_hexagon_bins,MVRPC (regional),tharner@mvrpc.org (msimpson_MVRPC),ownership/transfers,Miami Valley region,parcel,"Public — ArcGIS REST API, no auth",live service (verify),"ArcGIS FeatureServer/MapServer; GeoJSON, CSV, Shapefile export",,,2020-04-08,Y,Y,Query,,,,https://services.arcgis.com/3TIUdMHOqnLBrZEH/arcgis/rest/services/Aggregation_of_TornadoCases_and_Damaged_by_hexagon_bins/FeatureServer,https://mvrpc.maps.arcgis.com/home/item.html?id=f2122a82dd22407bb2fdda238d669c95,Feature layer generated from Aggregate Points
AgriInfo7coOHUS_WFL1,MVRPC (regional),kypolk (msimpson_MVRPC),,Miami Valley region,,"Public — ArcGIS REST API, no auth",live service (verify),"ArcGIS FeatureServer/MapServer; GeoJSON, CSV, Shapefile export",,,2024-07-05,,Y,Query,,,,https://services.arcgis.com/3TIUdMHOqnLBrZEH/arcgis/rest/services/AgriInfo7coOHUS_WFL1/FeatureServer,https://mvrpc.maps.arcgis.com/home/item.html?id=622479ef3dae4468900ad86dce5216fb,
Airport Locations,MVRPC (regional),tharner@mvrpc.org (msimpson_MVRPC),affordability/tenure,Miami Valley region,jurisdiction/county,"Public — ArcGIS REST API, no auth",live service (verify),"ArcGIS FeatureServer/MapServer; GeoJSON, CSV, Shapefile export",,,2019-07-09,,N,Query,,,,https://services.arcgis.com/3TIUdMHOqnLBrZEH/arcgis/rest/services/Freight_WEB/FeatureServer/0,https://mvrpc.maps.arcgis.com/home/item.html?id=4f6e7495ba414f428bfd19b18629c9f6,"Airport locations, Miami Valley region, 2018"
Airport Noise,MVRPC (regional),tharner@mvrpc.org (msimpson_MVRPC),affordability/tenure,Miami Valley region,jurisdiction/county,"Public — ArcGIS REST API, no auth",live service (verify),"ArcGIS FeatureServer/MapServer; GeoJSON, CSV, Shapefile export",,,2019-07-09,,N,"Map,TilesOnly",,,,https://tiles.arcgis.com/tiles/3TIUdMHOqnLBrZEH/arcgis/rest/services/Airports/MapServer,https://mvrpc.maps.arcgis.com/home/item.html?id=dc548fb5c5a843fa934ca98aa9d24ce3,Airport Noise for the 3+ county Miami Valley region
AL_Workshop_washington_township_boundary,MVRPC (regional),msimpson_MVRPC (msimpson_MVRPC),geography/reference,Miami Valley region,,"Public — ArcGIS REST API, no auth",live service (verify),"ArcGIS FeatureServer/MapServer; GeoJSON, CSV, Shapefile export",,,2025-09-04,,Y,Query,,,,https://services.arcgis.com/3TIUdMHOqnLBrZEH/arcgis/rest/services/AL_Workshop_washington_township_boundary/FeatureServer,https://mvrpc.maps.arcgis.com/home/item.html?id=36d1fef6c5cd4db581f975e941630204,
ALI_Analysis,MVRPC (regional),msimpson_MVRPC (msimpson_MVRPC),zoning/land use,Miami Valley region,,"Public — ArcGIS REST API, no auth",live service (verify),"ArcGIS FeatureServer/MapServer; GeoJSON, CSV, Shapefile export",,,2022-07-21,Y,Y,Query,,,,https://services.arcgis.com/3TIUdMHOqnLBrZEH/arcgis/rest/services/ALI_Analysis/FeatureServer,https://mvrpc.maps.arcgis.com/home/item.html?id=362fb634c07b41d7a866106c5ce78f16,
ALI_With_Projections_shp,MVRPC (regional),msimpson_MVRPC (msimpson_MVRPC),investment/projects,Miami Valley region,,"Public — ArcGIS REST API, no auth",live service (verify),"ArcGIS FeatureServer/MapServer; GeoJSON, CSV, Shapefile export",,,2022-08-10,,Y,Query,,,,https://services.arcgis.com/3TIUdMHOqnLBrZEH/arcgis/rest/services/ALI_With_Projections_shp/FeatureServer,https://mvrpc.maps.arcgis.com/home/item.html?id=a3549337c16741819d1816eb09ed5457,
All Jobs in the Miami Valley,MVRPC (regional),tharner@mvrpc.org (msimpson_MVRPC),affordability/tenure,Miami Valley region,jurisdiction/county,"Public — ArcGIS REST API, no auth",live service (verify),"ArcGIS FeatureServer/MapServer; GeoJSON, CSV, Shapefile export",,,2018-01-02,,N,"Map,TilesOnly",,,,https://tiles.arcgis.com/tiles/3TIUdMHOqnLBrZEH/arcgis/rest/services/LEHD_AllJobs/MapServer,https://mvrpc.maps.arcgis.com/home/item.html?id=9c43e2052c7e4146b9ebdb1d3dcf0cb3,This layer shows the concentration of all jobs in the Miami Valley region
"All Jobs, 2011, density",MVRPC (regional),tharner@mvrpc.org (msimpson_MVRPC),affordability/tenure,Miami Valley region,jurisdiction/county,"Public — ArcGIS REST API, no auth",live service (verify),"ArcGIS FeatureServer/MapServer; GeoJSON, CSV, Shapefile export",,,2019-07-12,,N,service unreachable: HTTP Error 500: Internal Server Error,,,,https://gis.mvrpc.org/arcgis/rest/services/LEHD/LEHD_AllJobs_2011_blcirc/MapServer,https://mvrpc.maps.arcgis.com/home/item.html?id=f1b09e08658248c59e283f3e546707db,"Concentration of all jobs of workers by income in the Miami Valley region, 2011."
"All Jobs, 2014",MVRPC (regional),mkim@mvrpc.org (msimpson_MVRPC),,Miami Valley region,,"Public — ArcGIS REST API, no auth",live service (verify),"ArcGIS FeatureServer/MapServer; GeoJSON, CSV, Shapefile export",,,2020-08-07,,N,service unreachable: HTTP Error 500: Internal Server Error,,,,https://gis.mvrpc.org/arcgis/rest/services/LEHD/LEHD_AllJobsDD2014_RPC/MapServer,https://mvrpc.maps.arcgis.com/home/item.html?id=0f4dbb0826eb413f99f06a1bf588a936,
"All Jobs, 2014, concentration",MVRPC (regional),tharner@mvrpc.org (msimpson_MVRPC),affordability/tenure,Miami Valley region,jurisdiction/county,"Public — ArcGIS REST API, no auth",live service (verify),"ArcGIS FeatureServer/MapServer; GeoJSON, CSV, Shapefile export",,,2019-07-18,,N,service unreachable: HTTP Error 500: Internal Server Error,,,,https://gis.mvrpc.org/arcgis/rest/services/LEHD/LEHD_Alljobs_2014_blkcirc/MapServer,https://mvrpc.maps.arcgis.com/home/item.html?id=f91239f6a68649b4a9deef646de4e4a3," Concentration of all jobs of workers in the Miami Valley region, 2014."
"All Jobs, 2014, dot density",MVRPC (regional),tharner@mvrpc.org (msimpson_MVRPC),affordability/tenure,Miami Valley region,jurisdiction/county,"Public — ArcGIS REST API, no auth",live service (verify),"ArcGIS FeatureServer/MapServer; GeoJSON, CSV, Shapefile export",,,2019-07-18,,N,service unreachable: HTTP Error 500: Internal Server Error,,,,https://gis.mvrpc.org/arcgis/rest/services/LEHD/LEHD_AllJobsDD2014_RPC/MapServer,https://mvrpc.maps.arcgis.com/home/item.html?id=468787bae64d476889c37d4ac98e0948,Concentration of all jobs of workers by income in the Miami Valley region in 2014; Dot Density mapping.
All10PercentCombined,MVRPC (regional),msimpson_MVRPC (msimpson_MVRPC),,Miami Valley region,,"Public — ArcGIS REST API, no auth",live service (verify),"ArcGIS FeatureServer/MapServer; GeoJSON, CSV, Shapefile export",,,2022-08-10,,Y,Query,,,,https://services.arcgis.com/3TIUdMHOqnLBrZEH/arcgis/rest/services/ALI_With_Projections_shp/FeatureServer,https://mvrpc.maps.arcgis.com/home/item.html?id=a56fae734f0344baad54dca35d317142,
All_Reference_Jurisdictions,MVRPC (regional),msimpson_MVRPC (msimpson_MVRPC),,Miami Valley region,jurisdiction/county,"Public — ArcGIS REST API, no auth",live service (verify),"ArcGIS FeatureServer/MapServer; GeoJSON, CSV, Shapefile export",,,2024-05-13,,Y,Query,,,,https://services.arcgis.com/3TIUdMHOqnLBrZEH/arcgis/rest/services/All_Reference_Jurisdictions/FeatureServer,https://mvrpc.maps.arcgis.com/home/item.html?id=457ff6de14a24050a2f63bea00efc3be,
AllCountiesWithNorthWarren,MVRPC (regional),msimpson_MVRPC (msimpson_MVRPC),,Miami Valley region,jurisdiction/county,"Public — ArcGIS REST API, no auth",live service (verify),"ArcGIS FeatureServer/MapServer; GeoJSON, CSV, Shapefile export",,,2025-02-13,,Y,Query,,,,https://services.arcgis.com/3TIUdMHOqnLBrZEH/arcgis/rest/services/AllCountiesWithNorthWarren/FeatureServer,https://mvrpc.maps.arcgis.com/home/item.html?id=0e43834b88f04106829a6755010451c9,
AllYears50MeterDebuff,MVRPC (regional),msimpson_MVRPC (msimpson_MVRPC),,Miami Valley region,,"Public — ArcGIS REST API, no auth",live service (verify),"ArcGIS FeatureServer/MapServer; GeoJSON, CSV, Shapefile export",,,2022-09-09,,Y,Query,,,,https://services.arcgis.com/3TIUdMHOqnLBrZEH/arcgis/rest/services/AllYears50MeterDebuff/FeatureServer,https://mvrpc.maps.arcgis.com/home/item.html?id=501a7dd15e3842de8ce65e7b82e78bfe,
AllYearsDeveloped,MVRPC (regional),msimpson_MVRPC (msimpson_MVRPC),,Miami Valley region,,"Public — ArcGIS REST API, no auth",live service (verify),"ArcGIS FeatureServer/MapServer; GeoJSON, CSV, Shapefile export",,,2022-09-12,,Y,Query,,,,https://services.arcgis.com/3TIUdMHOqnLBrZEH/arcgis/rest/services/AllYearsDeveloped/FeatureServer,https://mvrpc.maps.arcgis.com/home/item.html?id=6a9e43042c7845069fa664644a06cd69,
AlongTrailBuffer,MVRPC (regional),kypolk (msimpson_MVRPC),affordability/tenure,Miami Valley region,,"Public — ArcGIS REST API, no auth",live service (verify),"ArcGIS FeatureServer/MapServer; GeoJSON, CSV, Shapefile export",,,2019-05-03,,Y,Query,,,,https://services.arcgis.com/3TIUdMHOqnLBrZEH/arcgis/rest/services/AlongTrailBuffer/FeatureServer,https://mvrpc.maps.arcgis.com/home/item.html?id=1d5dd77a10d04f68908dd35cfa82c45c,250 ft buffer of Great Miami bike trail and Great Miami River for 99 mile corridor in Ohio
Amenities,MVRPC (regional),tharner@mvrpc.org (msimpson_MVRPC),zoning/land use,Miami Valley region,,"Public — ArcGIS REST API, no auth",live service (verify),"ArcGIS FeatureServer/MapServer; GeoJSON, CSV, Shapefile export",,,2021-06-10,,Y,Query,,,,https://services.arcgis.com/3TIUdMHOqnLBrZEH/arcgis/rest/services/LandUseHex_REL/FeatureServer,https://mvrpc.maps.arcgis.com/home/item.html?id=0a46204551dd44d88e8fb0836e02474f,"Land use hex layer,  with Relates"
AnaysisZonesforAccess,MVRPC (regional),tharner@mvrpc.org (msimpson_MVRPC),,Miami Valley region,,"Public — ArcGIS REST API, no auth",live service (verify),"ArcGIS FeatureServer/MapServer; GeoJSON, CSV, Shapefile export",,,2025-01-21,,Y,Query,,,,https://services.arcgis.com/3TIUdMHOqnLBrZEH/arcgis/rest/services/AnaysisZonesforAccess/FeatureServer,https://mvrpc.maps.arcgis.com/home/item.html?id=63868ce0bae5435fbec792e34653bd47,Analysis Zones for accessibility study
Anchor_Parks,MVRPC (regional),kypolk (msimpson_MVRPC),zoning/land use,Miami Valley region,,"Public — ArcGIS REST API, no auth",live service (verify),"ArcGIS FeatureServer/MapServer; GeoJSON, CSV, Shapefile export",,,2019-04-03,,Y,Query,,,,https://services.arcgis.com/3TIUdMHOqnLBrZEH/arcgis/rest/services/New_Anchor_Parks/FeatureServer,https://mvrpc.maps.arcgis.com/home/item.html?id=78eb5ad2766e417fa976d7526010b174,Anchor parks for the Dayton Riverfront Development Plan.
Annual Checkups Snapshot,MVRPC (regional),msimpson_MVRPC (msimpson_MVRPC),zoning/land use,Miami Valley region,,"Public — ArcGIS REST API, no auth",live service (verify),"ArcGIS FeatureServer/MapServer; GeoJSON, CSV, Shapefile export",,,2021-12-02,,N,"Map,TilesOnly,Tilemap",,,,https://tiles.arcgis.com/tiles/3TIUdMHOqnLBrZEH/arcgis/rest/services/Annual_Checkups_Snapshot/MapServer,https://mvrpc.maps.arcgis.com/home/item.html?id=b43faac3447042519467df392cfc3326,Annual Checkups Snapshot
App3Overall,MVRPC (regional),kypolk (msimpson_MVRPC),zoning/land use,Miami Valley region,,"Public — ArcGIS REST API, no auth",live service (verify),"ArcGIS FeatureServer/MapServer; GeoJSON, CSV, Shapefile export",,,2018-11-13,,N,"Map,TilesOnly",,,,https://tiles.arcgis.com/tiles/3TIUdMHOqnLBrZEH/arcgis/rest/services/App3Overall/MapServer,https://mvrpc.maps.arcgis.com/home/item.html?id=94f397589bb0496a968dfcf2db3c7bae,Overall Concepts from Dayton Riverfront Master Plan document
Area Railways Reference,MVRPC (regional),kypolk (msimpson_MVRPC),investment/projects,Miami Valley region,,"Public — ArcGIS REST API, no auth",live service (verify),"ArcGIS FeatureServer/MapServer; GeoJSON, CSV, Shapefile export",,,2020-04-13,,Y,"Create,Delete,Query,Editing",,,,https://services.arcgis.com/3TIUdMHOqnLBrZEH/arcgis/rest/services/AreaRailwaysReference/FeatureServer,https://mvrpc.maps.arcgis.com/home/item.html?id=796639fb5e6a4356941508a0f37dbb31,area railways for reference project
Asthma_ZIP,MVRPC (regional),msimpson_MVRPC (msimpson_MVRPC),,Miami Valley region,,"Public — ArcGIS REST API, no auth",live service (verify),"ArcGIS FeatureServer/MapServer; GeoJSON, CSV, Shapefile export",,,2025-04-22,,Y,"Query,Sync",,,,https://services.arcgis.com/3TIUdMHOqnLBrZEH/arcgis/rest/services/Asthma_ZIP/FeatureServer,https://mvrpc.maps.arcgis.com/home/item.html?id=ec8562c69cad4f658d034c88b7c2a6ea,
Asthma_ZIP_Clip,MVRPC (regional),msimpson_MVRPC (msimpson_MVRPC),,Miami Valley region,,"Public — ArcGIS REST API, no auth",live service (verify),"ArcGIS FeatureServer/MapServer; GeoJSON, CSV, Shapefile export",,,2025-02-24,,Y,Query,,,,https://services.arcgis.com/3TIUdMHOqnLBrZEH/arcgis/rest/services/Asthma_ZIP_Clip/FeatureServer,https://mvrpc.maps.arcgis.com/home/item.html?id=2c0abbc06d3842a3be8abac4d9fd70aa,
AsthmaTractUpdated,MVRPC (regional),msimpson_MVRPC (msimpson_MVRPC),demographics,Miami Valley region,tract,"Public — ArcGIS REST API, no auth",live service (verify),"ArcGIS FeatureServer/MapServer; GeoJSON, CSV, Shapefile export",,,2025-02-19,,Y,Query,,,,https://services.arcgis.com/3TIUdMHOqnLBrZEH/arcgis/rest/services/AsthmaTractUpdated/FeatureServer,https://mvrpc.maps.arcgis.com/home/item.html?id=23937a305ea04157b56fe66ecd5d1bb2,2020 Tracts for the MVRPC region.
ATPlan_CSR,MVRPC (regional),mlindsay_MVRPC (msimpson_MVRPC),zoning/land use,Miami Valley region,address/point,"Public — ArcGIS REST API, no auth",live service (verify),"ArcGIS FeatureServer/MapServer; GeoJSON, CSV, Shapefile export",,,2021-10-12,,Y,"Create,Query,Update,Editing,Sync",,,,https://services.arcgis.com/3TIUdMHOqnLBrZEH/arcgis/rest/services/ATPlan_CSR/FeatureServer,https://mvrpc.maps.arcgis.com/home/item.html?id=c6cc90bed8714397a311df9c59f8f290,Point Feature Class for public input to AT Plan via CrowdSource Reporter.
August21stUpdatedTimeSeriesIndividual,MVRPC (regional),msimpson_MVRPC (msimpson_MVRPC),,Miami Valley region,,"Public — ArcGIS REST API, no auth",live service (verify),"ArcGIS FeatureServer/MapServer; GeoJSON, CSV, Shapefile export",,,2021-11-18,,Y,Query,,,,https://services.arcgis.com/3TIUdMHOqnLBrZEH/arcgis/rest/services/August21stUpdatedTimeSeriesIndividual/FeatureServer,https://mvrpc.maps.arcgis.com/home/item.html?id=2bb61a5060b346439f8040105dc3f718,
BEA Hexes ACI Index (Properties Saved),MVRPC (regional),msimpson_MVRPC (msimpson_MVRPC),ownership/transfers,Miami Valley region,parcel,"Public — ArcGIS REST API, no auth",live service (verify),"ArcGIS FeatureServer/MapServer; GeoJSON, CSV, Shapefile export",,,2025-07-11,Y,Y,Query,,,,https://services.arcgis.com/3TIUdMHOqnLBrZEH/arcgis/rest/services/BEA_Hexes/FeatureServer,https://mvrpc.maps.arcgis.com/home/item.html?id=833e5b5f53544a62bbf25dc7b9079265,
BEA Hexes AI Index (Properties Saved),MVRPC (regional),msimpson_MVRPC (msimpson_MVRPC),ownership/transfers,Miami Valley region,parcel,"Public — ArcGIS REST API, no auth",live service (verify),"ArcGIS FeatureServer/MapServer; GeoJSON, CSV, Shapefile export",,,2025-07-11,Y,Y,Query,,,,https://services.arcgis.com/3TIUdMHOqnLBrZEH/arcgis/rest/services/BEA_Hexes/FeatureServer,https://mvrpc.maps.arcgis.com/home/item.html?id=4ba3715412e543feb91ec3915d7e1214,
BEA Hexes LU Index (Properties Saved),MVRPC (regional),msimpson_MVRPC (msimpson_MVRPC),ownership/transfers,Miami Valley region,parcel,"Public — ArcGIS REST API, no auth",live service (verify),"ArcGIS FeatureServer/MapServer; GeoJSON, CSV, Shapefile export",,,2025-07-11,Y,Y,Query,,,,https://services.arcgis.com/3TIUdMHOqnLBrZEH/arcgis/rest/services/BEA_Hexes/FeatureServer,https://mvrpc.maps.arcgis.com/home/item.html?id=3a9e74380c474ce5891d767198e4870f,
BEA_Hexes,MVRPC (regional),msimpson_MVRPC (msimpson_MVRPC),zoning/land use,Miami Valley region,,"Public — ArcGIS REST API, no auth",live service (verify),"ArcGIS FeatureServer/MapServer; GeoJSON, CSV, Shapefile export",,,2022-10-03,Y,Y,Query,,,,https://services.arcgis.com/3TIUdMHOqnLBrZEH/arcgis/rest/services/BEA_Hexes/FeatureServer,https://mvrpc.maps.arcgis.com/home/item.html?id=048dd623c41e4f708efe73c870c4de88,
BEA_Hexes_Urban_Area_Dissolved,MVRPC (regional),msimpson_MVRPC (msimpson_MVRPC),,Miami Valley region,,"Public — ArcGIS REST API, no auth",live service (verify),"ArcGIS FeatureServer/MapServer; GeoJSON, CSV, Shapefile export",,,2022-09-01,,Y,Query,,,,https://services.arcgis.com/3TIUdMHOqnLBrZEH/arcgis/rest/services/BEA_Hexes_Urban_Area_Dissolved/FeatureServer,https://mvrpc.maps.arcgis.com/home/item.html?id=f757dce64a074d7caa07479c5305534f,
BEA_Hexes_Urbanized_Decade_Polygons,MVRPC (regional),msimpson_MVRPC (msimpson_MVRPC),,Miami Valley region,,"Public — ArcGIS REST API, no auth",live service (verify),"ArcGIS FeatureServer/MapServer; GeoJSON, CSV, Shapefile export",,,2022-09-02,,Y,Query,,,,https://services.arcgis.com/3TIUdMHOqnLBrZEH/arcgis/rest/services/BEA_Hexes_Urbanized_Decade_Polygons/FeatureServer,https://mvrpc.maps.arcgis.com/home/item.html?id=fa603a07dbc5495a87116407e63e3a47,
Beavercreek_ExportFe_Project,MVRPC (regional),rcarr_mvrpc (msimpson_MVRPC),investment/projects,Miami Valley region,,"Public — ArcGIS REST API, no auth",live service (verify),"ArcGIS FeatureServer/MapServer; GeoJSON, CSV, Shapefile export",,,2024-09-26,,Y,Query,,,,https://services.arcgis.com/3TIUdMHOqnLBrZEH/arcgis/rest/services/Beavercreek_ExportFe_Project/FeatureServer,https://mvrpc.maps.arcgis.com/home/item.html?id=f3cfebc8143e427baff4231bf940ea20,
Beavercreek_Township_Project,MVRPC (regional),rcarr_mvrpc (msimpson_MVRPC),investment/projects,Miami Valley region,,"Public — ArcGIS REST API, no auth",live service (verify),"ArcGIS FeatureServer/MapServer; GeoJSON, CSV, Shapefile export",,,2024-10-01,,Y,Query,,,,https://services.arcgis.com/3TIUdMHOqnLBrZEH/arcgis/rest/services/Beavercreek_Township_Project/FeatureServer,https://mvrpc.maps.arcgis.com/home/item.html?id=3323ffb910e44754a4cc48f309c9cc02,
BeavercreekTest_GISTraining,MVRPC (regional),kypolk (msimpson_MVRPC),investment/projects,Miami Valley region,,"Public — ArcGIS REST API, no auth",live service (verify),"ArcGIS FeatureServer/MapServer; GeoJSON, CSV, Shapefile export",,,2017-11-14,,Y,"Create,Delete,Query,Update,Editing",,,,https://services.arcgis.com/3TIUdMHOqnLBrZEH/arcgis/rest/services/BeavercreekTest_GISTraining/FeatureServer,https://mvrpc.maps.arcgis.com/home/item.html?id=62cc20010d5047bdae875773aef4678f,Pretend construction projects in Beavercreek
BeavercreekTrainingProjects2025_KYP,MVRPC (regional),kypolk (msimpson_MVRPC),investment/projects,Miami Valley region,,"Public — ArcGIS REST API, no auth",live service (verify),"ArcGIS FeatureServer/MapServer; GeoJSON, CSV, Shapefile export",,,2025-09-11,,Y,"Create,Delete,Query,Update,Editing,Extract",,,,https://services.arcgis.com/3TIUdMHOqnLBrZEH/arcgis/rest/services/BeavercreekTrainingProjects2025_KYP/FeatureServer,https://mvrpc.maps.arcgis.com/home/item.html?id=caa7a06c1184411b870904d124e27162,
BeavercreekTrainingProjects2025_KYPdownload,MVRPC (regional),msimpson_MVRPC (msimpson_MVRPC),investment/projects,Miami Valley region,,"Public — ArcGIS REST API, no auth",live service (verify),"ArcGIS FeatureServer/MapServer; GeoJSON, CSV, Shapefile export",,,2025-09-11,,Y,"Create,Delete,Query,Update,Editing,Extract",,,,https://services.arcgis.com/3TIUdMHOqnLBrZEH/arcgis/rest/services/BeavercreekTrainingProjects2025_KYP/FeatureServer,https://mvrpc.maps.arcgis.com/home/item.html?id=e3beb63d03984b50b845427442b861f1,
BeavercreekTrainingProjects2025XX,MVRPC (regional),kypolk (msimpson_MVRPC),investment/projects,Miami Valley region,,"Public — ArcGIS REST API, no auth",live service (verify),"ArcGIS FeatureServer/MapServer; GeoJSON, CSV, Shapefile export",,,2025-09-11,,Y,Query,,,,https://services.arcgis.com/3TIUdMHOqnLBrZEH/arcgis/rest/services/BeavercreekTrainingProjects2025XX/FeatureServer,https://mvrpc.maps.arcgis.com/home/item.html?id=4c08d8754b724ac2b1aba4cb1fab9f79,shapefile for AGOL basics exercises
BeavercreekTrainingProjects23_kyp,MVRPC (regional),kypolk (msimpson_MVRPC),investment/projects,Miami Valley region,,"Public — ArcGIS REST API, no auth",live service (verify),"ArcGIS FeatureServer/MapServer; GeoJSON, CSV, Shapefile export",,,2023-11-13,,Y,Query,,,,https://services.arcgis.com/3TIUdMHOqnLBrZEH/arcgis/rest/services/BeavercreekTrainingProjects23_kyp/FeatureServer,https://mvrpc.maps.arcgis.com/home/item.html?id=8228dc48ac504be5b5a9db9348edc481,
Beta2024PublicFacingOption1,MVRPC (regional),kypolk (msimpson_MVRPC),investment/projects,Miami Valley region,address/point,"Public — ArcGIS REST API, no auth",live service (verify),"ArcGIS FeatureServer/MapServer; GeoJSON, CSV, Shapefile export",,,2024-04-22,,Y,Query,,,,https://services.arcgis.com/3TIUdMHOqnLBrZEH/arcgis/rest/services/Beta2024PublicFacingOption1/FeatureServer,https://mvrpc.maps.arcgis.com/home/item.html?id=d47911f54f9f4c78b4f411443b5bed90,Sampling of DRMP public facing application points filtered by project status for beta application revision options
BethelTownshipFloodplainOriginal,MVRPC (regional),tharner@mvrpc.org (msimpson_MVRPC),affordability/tenure,Miami Valley region,jurisdiction/county,"Public — ArcGIS REST API, no auth",live service (verify),"ArcGIS FeatureServer/MapServer; GeoJSON, CSV, Shapefile export",,,2017-10-30,,Y,Query,,,,https://services.arcgis.com/3TIUdMHOqnLBrZEH/arcgis/rest/services/BethelTownshipFloodplainOriginal/FeatureServer,https://mvrpc.maps.arcgis.com/home/item.html?id=86646551719647038c3fe3310c9adddd,"Original fllood plain boundaries for Bethel Township, Miami County, Ohio."
BethelTwp_Zoning,MVRPC (regional),tharner@mvrpc.org (msimpson_MVRPC),affordability/tenure,Miami Valley region,jurisdiction/county,"Public — ArcGIS REST API, no auth",live service (verify),"ArcGIS FeatureServer/MapServer; GeoJSON, CSV, Shapefile export",,,2025-08-28,Y,Y,Query,,,,https://services.arcgis.com/3TIUdMHOqnLBrZEH/arcgis/rest/services/BethelTwp_Zoning/FeatureServer,https://mvrpc.maps.arcgis.com/home/item.html?id=bfd8f3159d80409e8d24aaf624a9b67a,"Zoning boundaries for Bethel Township, Miami County, Ohio. 2017. Updated 8/25"
BethelTwpMultiZone,MVRPC (regional),tharner@mvrpc.org (msimpson_MVRPC),affordability/tenure,Miami Valley region,jurisdiction/county,"Public — ArcGIS REST API, no auth",live service (verify),"ArcGIS FeatureServer/MapServer; GeoJSON, CSV, Shapefile export",,,2020-03-04,Y,Y,Query,,,,https://services.arcgis.com/3TIUdMHOqnLBrZEH/arcgis/rest/services/BethelTwpMultiZone/FeatureServer,https://mvrpc.maps.arcgis.com/home/item.html?id=b81e0c48e2074deab5978ab386793a37,"Mulit-part zoning features for Bethel Township, Miami County, Ohio. 2017."
BG _ HousingAge,MVRPC (regional),tharner@mvrpc.org (msimpson_MVRPC),demographics,Miami Valley region,block group,"Public — ArcGIS REST API, no auth",live service (verify),"ArcGIS FeatureServer/MapServer; GeoJSON, CSV, Shapefile export",,,2026-03-24,Y,Y,Query,,,,https://services.arcgis.com/3TIUdMHOqnLBrZEH/arcgis/rest/services/BG___HousingAge/FeatureServer,https://mvrpc.maps.arcgis.com/home/item.html?id=cf84080cc9dc4abf8f082716abff46b6,2020 Block groups with Housing Age data
BGs_With_Matrix,MVRPC (regional),msimpson_MVRPC (msimpson_MVRPC),,Miami Valley region,,"Public — ArcGIS REST API, no auth",live service (verify),"ArcGIS FeatureServer/MapServer; GeoJSON, CSV, Shapefile export",,,2026-01-13,,Y,Query,,,,https://services.arcgis.com/3TIUdMHOqnLBrZEH/arcgis/rest/services/BGs_With_Matrix/FeatureServer,https://mvrpc.maps.arcgis.com/home/item.html?id=d689cc4ae6e947e582d20402c2bd2747,
Bike Amenities Composite,MVRPC (regional),kypolk (msimpson_MVRPC),affordability/tenure,Miami Valley region,,"Public — ArcGIS REST API, no auth",live service (verify),"ArcGIS FeatureServer/MapServer; GeoJSON, CSV, Shapefile export",,,2020-02-18,,Y,Query,,,,https://services.arcgis.com/3TIUdMHOqnLBrZEH/arcgis/rest/services/BikeAmenitiesComposite/FeatureServer,https://mvrpc.maps.arcgis.com/home/item.html?id=34c3a8c525824079b04ede0b8f8091da,Number of amenities across the Great Miami River bikeway trail
Bike Counts,MVRPC (regional),alee_MVRPC0 (msimpson_MVRPC),,Miami Valley region,,"Public — ArcGIS REST API, no auth",live service (verify),"ArcGIS FeatureServer/MapServer; GeoJSON, CSV, Shapefile export",,,2026-03-05,,Y,Query,,,,https://services.arcgis.com/3TIUdMHOqnLBrZEH/arcgis/rest/services/Bike_Counts/FeatureServer,https://mvrpc.maps.arcgis.com/home/item.html?id=b7721c9df4a24e17877ae81927fd42de,
Bike Station Survey - Bike Miami Valley _fieldworker,MVRPC (regional),kypolk (msimpson_MVRPC),affordability/tenure,Miami Valley region,,"Public — ArcGIS REST API, no auth",live service (verify),"ArcGIS FeatureServer/MapServer; GeoJSON, CSV, Shapefile export",,,2020-09-29,,Y,"Create,Query,Update,Editing",,,,https://services.arcgis.com/3TIUdMHOqnLBrZEH/arcgis/rest/services/survey123_74bd385656dc41ff8cf6b1043b5aeb2b_fieldworker/FeatureServer,https://mvrpc.maps.arcgis.com/home/item.html?id=6f7a47d364664c968848db2f72256658,
Bike_Deserts,MVRPC (regional),kypolk (msimpson_MVRPC),,Miami Valley region,,"Public — ArcGIS REST API, no auth",live service (verify),"ArcGIS FeatureServer/MapServer; GeoJSON, CSV, Shapefile export",,,2020-01-27,,Y,Query,,,,https://services.arcgis.com/3TIUdMHOqnLBrZEH/arcgis/rest/services/Bike_Deserts/FeatureServer,https://mvrpc.maps.arcgis.com/home/item.html?id=e922adc0c13443b5ae56b198e1085896,Bike assets and deserts
Bike_Trail,MVRPC (regional),kypolk (msimpson_MVRPC),,Miami Valley region,,"Public — ArcGIS REST API, no auth",live service (verify),"ArcGIS FeatureServer/MapServer; GeoJSON, CSV, Shapefile export",,,2020-01-27,,Y,Query,,,,https://services.arcgis.com/3TIUdMHOqnLBrZEH/arcgis/rest/services/Bike_Trail/FeatureServer,https://mvrpc.maps.arcgis.com/home/item.html?id=dddd0d8d60eb42a690f276b89fa8c477,Bike Trail
BikeRackBuffers,MVRPC (regional),kypolk (msimpson_MVRPC),affordability/tenure,Miami Valley region,,"Public — ArcGIS REST API, no auth",live service (verify),"ArcGIS FeatureServer/MapServer; GeoJSON, CSV, Shapefile export",,,2019-05-13,,Y,Query,,,,https://services.arcgis.com/3TIUdMHOqnLBrZEH/arcgis/rest/services/BikeRackBuffers/FeatureServer,https://mvrpc.maps.arcgis.com/home/item.html?id=18aa02b56d1a405aba6725b1e2839799,Location of areas that are within 3 miles or closer to bike racks along the 99 mile Great Miami Riverway
BikeRackDesertAreas,MVRPC (regional),kypolk (msimpson_MVRPC),affordability/tenure,Miami Valley region,,"Public — ArcGIS REST API, no auth",live service (verify),"ArcGIS FeatureServer/MapServer; GeoJSON, CSV, Shapefile export",,,2019-05-13,,Y,Query,,,,https://services.arcgis.com/3TIUdMHOqnLBrZEH/arcgis/rest/services/BikeRackDesertAreas/FeatureServer,https://mvrpc.maps.arcgis.com/home/item.html?id=95d69c798e5d45fd8170abcefed87645,Bike Rack Desert areas within a 1 mile  buffer of Great Miami bike trail and Great Miami River for 99 mile corridor in Ohio
BikeRacksAT,MVRPC (regional),kypolk (msimpson_MVRPC),affordability/tenure,Miami Valley region,,"Public — ArcGIS REST API, no auth",live service (verify),"ArcGIS FeatureServer/MapServer; GeoJSON, CSV, Shapefile export",,,2019-05-06,,Y,Query,,,,https://services.arcgis.com/3TIUdMHOqnLBrZEH/arcgis/rest/services/BikeRacksAT/FeatureServer,https://mvrpc.maps.arcgis.com/home/item.html?id=ff3c71da96364588a3cbe6754ae105b7,Biek Racks in 250 ft buffer of Great Miami bike trail and Great Miami River for 99 mile corridor in Ohio
BikeRacksOM,MVRPC (regional),kypolk (msimpson_MVRPC),affordability/tenure,Miami Valley region,,"Public — ArcGIS REST API, no auth",live service (verify),"ArcGIS FeatureServer/MapServer; GeoJSON, CSV, Shapefile export",,,2019-05-06,,Y,Query,,,,https://services.arcgis.com/3TIUdMHOqnLBrZEH/arcgis/rest/services/BikeRacksOM/FeatureServer,https://mvrpc.maps.arcgis.com/home/item.html?id=082c77e4d1c14b6d8608c3073c25d483,Bike racks along 99 mile and within 1 mile Great Miami Riverway
Bikeway_Revised,MVRPC (regional),kypolk (msimpson_MVRPC),affordability/tenure,Miami Valley region,jurisdiction/county,"Public — ArcGIS REST API, no auth",live service (verify),"ArcGIS FeatureServer/MapServer; GeoJSON, CSV, Shapefile export",,,2020-12-03,,Y,Query,,,,https://services.arcgis.com/3TIUdMHOqnLBrZEH/arcgis/rest/services/Bikeway_Revised/FeatureServer,https://mvrpc.maps.arcgis.com/home/item.html?id=3a6beae9142f4497999e259e76280792,Regional Bikeway trails in the MPO region for the Miami Valley
BikewaysExtraRegion,MVRPC (regional),tharner@mvrpc.org (msimpson_MVRPC),,Miami Valley region,jurisdiction/county,"Public — ArcGIS REST API, no auth",live service (verify),"ArcGIS FeatureServer/MapServer; GeoJSON, CSV, Shapefile export",,,2016-04-26,,Y,Query,,,,https://services.arcgis.com/3TIUdMHOqnLBrZEH/arcgis/rest/services/BikewaysExtraRegion/FeatureServer,https://mvrpc.maps.arcgis.com/home/item.html?id=1c0b3ac5425e43e58b61194ff574b0e3,Existing regional bikeways
BikewaysExtraRegion2,MVRPC (regional),tharner@mvrpc.org (msimpson_MVRPC),,Miami Valley region,jurisdiction/county,"Public — ArcGIS REST API, no auth",live service (verify),"ArcGIS FeatureServer/MapServer; GeoJSON, CSV, Shapefile export",,,2021-03-22,,Y,Query,,,,https://services.arcgis.com/3TIUdMHOqnLBrZEH/arcgis/rest/services/BikewaysExtraRegion2/FeatureServer,https://mvrpc.maps.arcgis.com/home/item.html?id=718148650b524f66b52e757ee05e3ee0,bikeways
BikewayYS,MVRPC (regional),kypolk (msimpson_MVRPC),,Miami Valley region,,"Public — ArcGIS REST API, no auth",live service (verify),"ArcGIS FeatureServer/MapServer; GeoJSON, CSV, Shapefile export",,,2020-04-16,,Y,"Create,Delete,Query,Editing",,,,https://services.arcgis.com/3TIUdMHOqnLBrZEH/arcgis/rest/services/BikewayYS/FeatureServer,https://mvrpc.maps.arcgis.com/home/item.html?id=08a7fb744e244ae6a74f4987b1b437dd,Bikeway in Yellow Springs
Block_Groups_2020_ACS_Dashboards,MVRPC (regional),msimpson_MVRPC (msimpson_MVRPC),demographics,Miami Valley region,block group,"Public — ArcGIS REST API, no auth",live service (verify),"ArcGIS FeatureServer/MapServer; GeoJSON, CSV, Shapefile export",,,2024-07-01,,Y,Query,,,,https://services.arcgis.com/3TIUdMHOqnLBrZEH/arcgis/rest/services/Block_Groups_2020_ACS_Dashboards/FeatureServer,https://mvrpc.maps.arcgis.com/home/item.html?id=70a421f3576342ec8b563fcc23605061,
Block_Groups_Overall,MVRPC (regional),msimpson_MVRPC (msimpson_MVRPC),zoning/land use,Miami Valley region,block group,"Public — ArcGIS REST API, no auth",live service (verify),"ArcGIS FeatureServer/MapServer; GeoJSON, CSV, Shapefile export",,,2022-10-19,Y,Y,Query,,,,https://services.arcgis.com/3TIUdMHOqnLBrZEH/arcgis/rest/services/Block_Groups_Overall/FeatureServer,https://mvrpc.maps.arcgis.com/home/item.html?id=0074c5143b4b4d11ab4ace6b12005f26,
BlockGroupsWithShelby,MVRPC (regional),msimpson_MVRPC (msimpson_MVRPC),demographics,Miami Valley region,block group,"Public — ArcGIS REST API, no auth",live service (verify),"ArcGIS FeatureServer/MapServer; GeoJSON, CSV, Shapefile export",,,2023-06-09,,Y,Query,,,,https://services.arcgis.com/3TIUdMHOqnLBrZEH/arcgis/rest/services/BlockGroupsWithShelby/FeatureServer,https://mvrpc.maps.arcgis.com/home/item.html?id=eab0328b6f184c9c9ce2e57696a0660e,
BMVSurveyMap2022_WFL1,MVRPC (regional),kypolk (msimpson_MVRPC),affordability/tenure,Miami Valley region,neighborhood,"Public — ArcGIS REST API, no auth",live service (verify),"ArcGIS FeatureServer/MapServer; GeoJSON, CSV, Shapefile export",,,2022-11-03,Y,Y,Query,,,,https://services.arcgis.com/3TIUdMHOqnLBrZEH/arcgis/rest/services/BMVSurveyMap2022_WFL1/FeatureServer,https://mvrpc.maps.arcgis.com/home/item.html?id=938b244084884b72a325d77579e06f3a,neighborhood map for proposed new locations of Link Bike hubs
Boundaries_Zip_School,MVRPC (regional),kypolk (msimpson_MVRPC),zoning/land use,Miami Valley region,neighborhood,"Public — ArcGIS REST API, no auth",live service (verify),"ArcGIS FeatureServer/MapServer; GeoJSON, CSV, Shapefile export",,,2017-03-15,,Y,"Query,Update,Editing",,,,https://services.arcgis.com/3TIUdMHOqnLBrZEH/arcgis/rest/services/Boundaries_Zip_School/FeatureServer,https://mvrpc.maps.arcgis.com/home/item.html?id=23c5d82a3bea479fafdad6631bf88970,zipcodes and school districts
BoundaryYS,MVRPC (regional),kypolk (msimpson_MVRPC),geography/reference,Miami Valley region,,"Public — ArcGIS REST API, no auth",live service (verify),"ArcGIS FeatureServer/MapServer; GeoJSON, CSV, Shapefile export",,,2020-04-16,,Y,"Create,Delete,Query,Editing",,,,https://services.arcgis.com/3TIUdMHOqnLBrZEH/arcgis/rest/services/BoundaryYS/FeatureServer,https://mvrpc.maps.arcgis.com/home/item.html?id=3eacb0cb211145f8839b1983adcfa579,Boundary in Yellow Springs
Bridges_GenApp5_PES25,MVRPC (regional),tharner@mvrpc.org (msimpson_MVRPC),infrastructure,Miami Valley region,,"Public — ArcGIS REST API, no auth",live service (verify),"ArcGIS FeatureServer/MapServer; GeoJSON, CSV, Shapefile export",,,2025-07-24,,Y,Query,,,,https://services.arcgis.com/3TIUdMHOqnLBrZEH/arcgis/rest/services/Bridges_GenApp5_PES25/FeatureServer,https://mvrpc.maps.arcgis.com/home/item.html?id=76a47b20d8a1410cb5a0a2d20d0e4a90,Inventory of bridges in Ohio
Bridges_GenApp_PES25,MVRPC (regional),tharner@mvrpc.org (msimpson_MVRPC),infrastructure,Miami Valley region,,"Public — ArcGIS REST API, no auth",live service (verify),"ArcGIS FeatureServer/MapServer; GeoJSON, CSV, Shapefile export",,,2025-07-10,,Y,Query,,,,https://services.arcgis.com/3TIUdMHOqnLBrZEH/arcgis/rest/services/Bridges_GenApp_PES25/FeatureServer,https://mvrpc.maps.arcgis.com/home/item.html?id=f876738c87b74b55bf7a597ba81919eb,Inventory of bridges in Ohio
Bridges_PctLegalLoad_PES25,MVRPC (regional),tharner@mvrpc.org (msimpson_MVRPC),infrastructure,Miami Valley region,,"Public — ArcGIS REST API, no auth",live service (verify),"ArcGIS FeatureServer/MapServer; GeoJSON, CSV, Shapefile export",,,2025-07-18,,Y,Query,,,,https://services.arcgis.com/3TIUdMHOqnLBrZEH/arcgis/rest/services/Bridges_PctLegalLoad_PES25/FeatureServer,https://mvrpc.maps.arcgis.com/home/item.html?id=025e96df32c84765aed0b867a249b504,Inventory of bridges in Ohio
BusinessTrends_061516,MVRPC (regional),kypolk (msimpson_MVRPC),vacancy,Miami Valley region,jurisdiction/county,"Public — ArcGIS REST API, no auth",live service (verify),"ArcGIS FeatureServer/MapServer; GeoJSON, CSV, Shapefile export",,,2016-06-15,,Y,Query,,,,https://services.arcgis.com/3TIUdMHOqnLBrZEH/arcgis/rest/services/BusinessTrends_061516/FeatureServer,https://mvrpc.maps.arcgis.com/home/item.html?id=914c3e52c55c48e99a7c4c6b2ff2360d,business vacancy trends in 8 county Miami Valley Region
BusStopAccessible,MVRPC (regional),kypolk (msimpson_MVRPC),affordability/tenure,Miami Valley region,address/point,"Public — ArcGIS REST API, no auth",live service (verify),"ArcGIS FeatureServer/MapServer; GeoJSON, CSV, Shapefile export",,,2019-05-13,,Y,Query,,,,https://services.arcgis.com/3TIUdMHOqnLBrZEH/arcgis/rest/services/BusStopAccessible/FeatureServer,https://mvrpc.maps.arcgis.com/home/item.html?id=e1cd9bcaed1948f4a567927595c748fc,Location of areas that are within 5 miles or closer to bike friendly bus stops along the 99 mile Great Miami Riverway
BusStopsOM,MVRPC (regional),kypolk (msimpson_MVRPC),affordability/tenure,Miami Valley region,address/point,"Public — ArcGIS REST API, no auth",live service (verify),"ArcGIS FeatureServer/MapServer; GeoJSON, CSV, Shapefile export",,,2019-05-03,,Y,Query,,,,https://services.arcgis.com/3TIUdMHOqnLBrZEH/arcgis/rest/services/BusStopsOM/FeatureServer,https://mvrpc.maps.arcgis.com/home/item.html?id=d79bff22f3ba405381a98802a41765f8,Bus Stops within 1 mile buffer of Great Miami bike trail and Great Miami River for 99 mile corridor in Ohio
CAFCO Communities Final,MVRPC (regional),Grant_Machine (msimpson_MVRPC),,Miami Valley region,,"Public — ArcGIS REST API, no auth",live service (verify),"ArcGIS FeatureServer/MapServer; GeoJSON, CSV, Shapefile export",,,2024-07-25,,Y,Query,,,,https://services.arcgis.com/3TIUdMHOqnLBrZEH/arcgis/rest/services/CAFCO_Communities_Final/FeatureServer,https://mvrpc.maps.arcgis.com/home/item.html?id=394fcfb408ee4c7bb73497784b257bd0,
CARES 2 Follow up Goals and Strategies Survey,MVRPC (regional),kypolk (msimpson_MVRPC),,Miami Valley region,,"Public — ArcGIS REST API, no auth",live service (verify),"ArcGIS FeatureServer/MapServer; GeoJSON, CSV, Shapefile export",,,2021-04-26,,N,"Create,Editing,Extract",,,,https://services.arcgis.com/3TIUdMHOqnLBrZEH/arcgis/rest/services/service_6682bc02c60d4c32893b9a0890cd15ee/FeatureServer,https://mvrpc.maps.arcgis.com/home/item.html?id=20ec18bb843543ec88275d5ce9f4843a,
CARES 2 Seibert Goals Survey_fieldworker,MVRPC (regional),kypolk (msimpson_MVRPC),,Miami Valley region,,"Public — ArcGIS REST API, no auth",live service (verify),"ArcGIS FeatureServer/MapServer; GeoJSON, CSV, Shapefile export",,,2020-10-20,,Y,"Create,Query,Update,Editing",,,,https://services.arcgis.com/3TIUdMHOqnLBrZEH/arcgis/rest/services/survey123_e5f02dc1c65c40e196cbf6bc00e7fa26_fieldworker/FeatureServer,https://mvrpc.maps.arcgis.com/home/item.html?id=cd1d262615784156aeb1614352a89710,
Carlisle Active Living Workshop_form,MVRPC (regional),ewhitaker_MVRPC (msimpson_MVRPC),,Miami Valley region,,"Public — ArcGIS REST API, no auth",live service (verify),"ArcGIS FeatureServer/MapServer; GeoJSON, CSV, Shapefile export",,,2026-04-15,,N,"Create,Editing",,,,https://services.arcgis.com/3TIUdMHOqnLBrZEH/arcgis/rest/services/survey123_8497eb0bde2246faa8717007fe33a444_form/FeatureServer,https://mvrpc.maps.arcgis.com/home/item.html?id=18d5c33080784a98a7553f7b3f0be809,
Carlisle Focus Area Outline,MVRPC (regional),msimpson_MVRPC (msimpson_MVRPC),,Miami Valley region,,"Public — ArcGIS REST API, no auth",live service (verify),"ArcGIS FeatureServer/MapServer; GeoJSON, CSV, Shapefile export",,,2026-05-07,,Y,Query,,,,https://services.arcgis.com/3TIUdMHOqnLBrZEH/arcgis/rest/services/Carlisle_Focus_Area_Outline/FeatureServer,https://mvrpc.maps.arcgis.com/home/item.html?id=1ad6919f898e47ce8b55eba45a4a50a6,
Castlewood PPP Polygon,MVRPC (regional),kypolk (msimpson_MVRPC),,Miami Valley region,,"Public — ArcGIS REST API, no auth",live service (verify),"ArcGIS FeatureServer/MapServer; GeoJSON, CSV, Shapefile export",,,2021-03-26,,Y,"Create,Delete,Query,Update,Editing,Sync",,,,https://services.arcgis.com/3TIUdMHOqnLBrZEH/arcgis/rest/services/Castlewood_PPP_Polygon/FeatureServer,https://mvrpc.maps.arcgis.com/home/item.html?id=48d02ecb5a9d42cfa99230a39d888629,
CastlewoodBoundaries,MVRPC (regional),kypolk (msimpson_MVRPC),geography/reference,Miami Valley region,neighborhood,"Public — ArcGIS REST API, no auth",live service (verify),"ArcGIS FeatureServer/MapServer; GeoJSON, CSV, Shapefile export",,,2020-12-16,Y,Y,Query,,,,https://services.arcgis.com/3TIUdMHOqnLBrZEH/arcgis/rest/services/CastlewoodBoundaries/FeatureServer,https://mvrpc.maps.arcgis.com/home/item.html?id=28c4efdced234adfa2f1b09d56fa1497,"Boundaries for Land Bank Thriving Neighborhood Initiative for Castlewood neighborhood in Harrison Township, Montgomery County, OH"
CastlewoodOpportunityPlaces,MVRPC (regional),kypolk (msimpson_MVRPC),,Miami Valley region,,"Public — ArcGIS REST API, no auth",live service (verify),"ArcGIS FeatureServer/MapServer; GeoJSON, CSV, Shapefile export",,,2021-02-25,,Y,"Create,Delete,Query,Update,Editing,Sync",,,,https://services.arcgis.com/3TIUdMHOqnLBrZEH/arcgis/rest/services/CastlewoodOpportunityPlaces/FeatureServer,https://mvrpc.maps.arcgis.com/home/item.html?id=8141c8e3e19a4131919e59be198439af,
CastlewoodStrongPlaces,MVRPC (regional),kypolk (msimpson_MVRPC),,Miami Valley region,,"Public — ArcGIS REST API, no auth",live service (verify),"ArcGIS FeatureServer/MapServer; GeoJSON, CSV, Shapefile export",,,2021-01-04,,Y,"Create,Delete,Query,Update,Editing,Sync",,,,https://services.arcgis.com/3TIUdMHOqnLBrZEH/arcgis/rest/services/CastlewoodStrongPlaces/FeatureServer,https://mvrpc.maps.arcgis.com/home/item.html?id=28ebeeaab417495c8fbb681a4dfbdab2,
CastlewoodWeakPlaces,MVRPC (regional),kypolk (msimpson_MVRPC),,Miami Valley region,,"Public — ArcGIS REST API, no auth",live service (verify),"ArcGIS FeatureServer/MapServer; GeoJSON, CSV, Shapefile export",,,2021-02-25,,Y,"Create,Delete,Query,Update,Editing,Sync",,,,https://services.arcgis.com/3TIUdMHOqnLBrZEH/arcgis/rest/services/CastlewoodWeakPlaces/FeatureServer,https://mvrpc.maps.arcgis.com/home/item.html?id=b16f16bd0f3e46db8da199648e7a4f40,
CDCPLACES_ExportDAR,MVRPC (regional),msimpson_MVRPC (msimpson_MVRPC),demographics,Miami Valley region,tract,"Public — ArcGIS REST API, no auth",live service (verify),"ArcGIS FeatureServer/MapServer; GeoJSON, CSV, Shapefile export",,,2025-03-12,,Y,Query,,,,https://services.arcgis.com/3TIUdMHOqnLBrZEH/arcgis/rest/services/CDCPLACES_ExportDAR/FeatureServer,https://mvrpc.maps.arcgis.com/home/item.html?id=56db9da64e4743b7822541fc3f915d10,2020 Tracts for the MVRPC region.
CDCPLACES_ExportGRE,MVRPC (regional),msimpson_MVRPC (msimpson_MVRPC),demographics,Miami Valley region,tract,"Public — ArcGIS REST API, no auth",live service (verify),"ArcGIS FeatureServer/MapServer; GeoJSON, CSV, Shapefile export",,,2025-03-12,,Y,Query,,,,https://services.arcgis.com/3TIUdMHOqnLBrZEH/arcgis/rest/services/CDCPLACES_ExportGRE/FeatureServer,https://mvrpc.maps.arcgis.com/home/item.html?id=646d51ca53724033a797cddbf738deb7,2020 Tracts for the MVRPC region.
CDCPLACES_ExportMIA,MVRPC (regional),msimpson_MVRPC (msimpson_MVRPC),demographics,Miami Valley region,tract,"Public — ArcGIS REST API, no auth",live service (verify),"ArcGIS FeatureServer/MapServer; GeoJSON, CSV, Shapefile export",,,2025-03-12,,Y,Query,,,,https://services.arcgis.com/3TIUdMHOqnLBrZEH/arcgis/rest/services/CDCPLACES_ExportMIA/FeatureServer,https://mvrpc.maps.arcgis.com/home/item.html?id=bcecd72a025c49d087a3b85de84bc03c,2020 Tracts for the MVRPC region.
CDCPLACES_ExportMOT,MVRPC (regional),msimpson_MVRPC (msimpson_MVRPC),demographics,Miami Valley region,tract,"Public — ArcGIS REST API, no auth",live service (verify),"ArcGIS FeatureServer/MapServer; GeoJSON, CSV, Shapefile export",,,2025-03-12,,Y,Query,,,,https://services.arcgis.com/3TIUdMHOqnLBrZEH/arcgis/rest/services/CDCPLACES_ExportMOT/FeatureServer,https://mvrpc.maps.arcgis.com/home/item.html?id=ca3c7b9d147f4e559bdaf7168c249851,2020 Tracts for the MVRPC region.
CDCPLACES_ExportPRE,MVRPC (regional),msimpson_MVRPC (msimpson_MVRPC),demographics,Miami Valley region,tract,"Public — ArcGIS REST API, no auth",live service (verify),"ArcGIS FeatureServer/MapServer; GeoJSON, CSV, Shapefile export",,,2025-03-12,,Y,Query,,,,https://services.arcgis.com/3TIUdMHOqnLBrZEH/arcgis/rest/services/CDCPLACES_ExportPRE/FeatureServer,https://mvrpc.maps.arcgis.com/home/item.html?id=bcd717a0a7d342bcabeb3a5766fc3c97,2020 Tracts for the MVRPC region.
CDCPLACES_ExportSHE,MVRPC (regional),msimpson_MVRPC (msimpson_MVRPC),demographics,Miami Valley region,tract,"Public — ArcGIS REST API, no auth",live service (verify),"ArcGIS FeatureServer/MapServer; GeoJSON, CSV, Shapefile export",,,2025-03-12,,Y,Query,,,,https://services.arcgis.com/3TIUdMHOqnLBrZEH/arcgis/rest/services/CDCPLACES_ExportSHE/FeatureServer,https://mvrpc.maps.arcgis.com/home/item.html?id=ef011ef3084b4e8db3159d621699643a,2020 Tracts for the MVRPC region.
CDCPLACES_ExportWAR,MVRPC (regional),msimpson_MVRPC (msimpson_MVRPC),demographics,Miami Valley region,tract,"Public — ArcGIS REST API, no auth",live service (verify),"ArcGIS FeatureServer/MapServer; GeoJSON, CSV, Shapefile export",,,2025-03-12,,Y,Query,,,,https://services.arcgis.com/3TIUdMHOqnLBrZEH/arcgis/rest/services/CDCPLACES_ExportWAR/FeatureServer,https://mvrpc.maps.arcgis.com/home/item.html?id=22a3446050eb4bca8d79485dd12538f1,2020 Tracts for the MVRPC region.
"Census Block Group Demographics, 2010",MVRPC (regional),tharner@mvrpc.org (msimpson_MVRPC),demographics,Miami Valley region,block group,"Public — ArcGIS REST API, no auth",live service (verify),"ArcGIS FeatureServer/MapServer; GeoJSON, CSV, Shapefile export",,,2025-01-16,,N,service unreachable: HTTP Error 500: Internal Server Error,,,,https://gis.mvrpc.org/arcgis/rest/services/Census/2010_Census_BlockGroup_Demographics/FeatureServer,https://mvrpc.maps.arcgis.com/home/item.html?id=7642dbeb332d4dabbf653acd8695c91e,2010 census block group demographics
Census Complete Count,MVRPC (regional),ewhitaker_MVRPC (msimpson_MVRPC),affordability/tenure,Miami Valley region,,"Public — ArcGIS REST API, no auth",live service (verify),"ArcGIS FeatureServer/MapServer; GeoJSON, CSV, Shapefile export",,,2018-11-01,,Y,Query,,,,https://services.arcgis.com/3TIUdMHOqnLBrZEH/arcgis/rest/services/Census_Complete_Count/FeatureServer,https://mvrpc.maps.arcgis.com/home/item.html?id=09da9ef53d7a42f98c584de41d8cd9c3,Census 2020 Low Response Scores Miami Valley
"Census Tracts, 2010",MVRPC (regional),tharner@mvrpc.org (msimpson_MVRPC),demographics,Miami Valley region,tract,"Public — ArcGIS REST API, no auth",live service (verify),"ArcGIS FeatureServer/MapServer; GeoJSON, CSV, Shapefile export",,,2019-07-09,,N,service unreachable: HTTP Error 500: Internal Server Error,,,,https://gis.mvrpc.org/arcgis/rest/services/Census/Tracts_2010/FeatureServer,https://mvrpc.maps.arcgis.com/home/item.html?id=6f35dad3846b4161adbd76e479435f04,Tracts from the 2010 Census
"Census2020, Counties",MVRPC (regional),tharner@mvrpc.org (msimpson_MVRPC),demographics,Miami Valley region,jurisdiction/county,"Public — ArcGIS REST API, no auth",live service (verify),"ArcGIS FeatureServer/MapServer; GeoJSON, CSV, Shapefile export",,,2021-08-31,,Y,Query,,,,https://services.arcgis.com/3TIUdMHOqnLBrZEH/arcgis/rest/services/Cen20counties_pub/FeatureServer,https://mvrpc.maps.arcgis.com/home/item.html?id=3d5ca54f2cf34e9d94aa790b66c67798,"Counties with 2010, 2020 census data"
Census2020_Pop,MVRPC (regional),tharner@mvrpc.org (msimpson_MVRPC),demographics,Miami Valley region,,"Public — ArcGIS REST API, no auth",live service (verify),"ArcGIS FeatureServer/MapServer; GeoJSON, CSV, Shapefile export",,,2022-06-30,Y,Y,Query,,,,https://services.arcgis.com/3TIUdMHOqnLBrZEH/arcgis/rest/services/Census2020_Pop/FeatureServer,https://mvrpc.maps.arcgis.com/home/item.html?id=6bd6353343aa4be18ade9b7d4dd37877,"Census population, race, and housing data for 2020"
Census2020Race_Hex,MVRPC (regional),tharner@mvrpc.org (msimpson_MVRPC),demographics,Miami Valley region,,"Public — ArcGIS REST API, no auth",live service (verify),"ArcGIS FeatureServer/MapServer; GeoJSON, CSV, Shapefile export",,,2024-06-25,,Y,Query,,,,https://services.arcgis.com/3TIUdMHOqnLBrZEH/arcgis/rest/services/Census2020Race_Hex/FeatureServer,https://mvrpc.maps.arcgis.com/home/item.html?id=ea880662fb7d4a43af5ddcf50532866f,2020 race in hex
Census_Tracts_2020_ACS_Dashboards,MVRPC (regional),msimpson_MVRPC (msimpson_MVRPC),demographics,Miami Valley region,tract,"Public — ArcGIS REST API, no auth",live service (verify),"ArcGIS FeatureServer/MapServer; GeoJSON, CSV, Shapefile export",,,2024-07-02,,Y,Query,,,,https://services.arcgis.com/3TIUdMHOqnLBrZEH/arcgis/rest/services/CensusTracts/FeatureServer,https://mvrpc.maps.arcgis.com/home/item.html?id=7ff0be1c59e74041ae5d0c220630fa22,
Census_Tracts_Overall,MVRPC (regional),msimpson_MVRPC (msimpson_MVRPC),zoning/land use,Miami Valley region,tract,"Public — ArcGIS REST API, no auth",live service (verify),"ArcGIS FeatureServer/MapServer; GeoJSON, CSV, Shapefile export",,,2022-10-03,Y,Y,Query,,,,https://services.arcgis.com/3TIUdMHOqnLBrZEH/arcgis/rest/services/Census_Tracts_Overall/FeatureServer,https://mvrpc.maps.arcgis.com/home/item.html?id=555f1c06a67c47de83f04f891924d386,
CensusTractsWithShelby,MVRPC (regional),msimpson_MVRPC (msimpson_MVRPC),demographics,Miami Valley region,tract,"Public — ArcGIS REST API, no auth",live service (verify),"ArcGIS FeatureServer/MapServer; GeoJSON, CSV, Shapefile export",,,2023-06-09,,Y,Query,,,,https://services.arcgis.com/3TIUdMHOqnLBrZEH/arcgis/rest/services/CensusTractsWithShelby/FeatureServer,https://mvrpc.maps.arcgis.com/home/item.html?id=2554af9eb97048f1ba087755244ac595,
CHD_PhysInactivity,MVRPC (regional),msimpson_MVRPC (msimpson_MVRPC),demographics,Miami Valley region,tract,"Public — ArcGIS REST API, no auth",live service (verify),"ArcGIS FeatureServer/MapServer; GeoJSON, CSV, Shapefile export",,,2025-03-06,,Y,Query,,,,https://services.arcgis.com/3TIUdMHOqnLBrZEH/arcgis/rest/services/CHD_PhysInactivity/FeatureServer,https://mvrpc.maps.arcgis.com/home/item.html?id=34266dc180af4defa2c6440cbdd02df9,2020 Tracts for the MVRPC region.
CHDTractUpdated,MVRPC (regional),msimpson_MVRPC (msimpson_MVRPC),demographics,Miami Valley region,tract,"Public — ArcGIS REST API, no auth",live service (verify),"ArcGIS FeatureServer/MapServer; GeoJSON, CSV, Shapefile export",,,2025-02-19,,Y,Query,,,,https://services.arcgis.com/3TIUdMHOqnLBrZEH/arcgis/rest/services/CHDTractUpdated/FeatureServer,https://mvrpc.maps.arcgis.com/home/item.html?id=a8e33fbefaa34911842782fee224c120,2020 Tracts for the MVRPC region.
Children (0-17) Population Density (Properties Saved),MVRPC (regional),msimpson_MVRPC (msimpson_MVRPC),ownership/transfers,Miami Valley region,parcel,"Public — ArcGIS REST API, no auth",live service (verify),"ArcGIS FeatureServer/MapServer; GeoJSON, CSV, Shapefile export",,,2025-07-11,Y,Y,Query,,,,https://services.arcgis.com/3TIUdMHOqnLBrZEH/arcgis/rest/services/miami_county_blocks_StudyArea/FeatureServer,https://mvrpc.maps.arcgis.com/home/item.html?id=8845bcd77b2544fb8c30479db2107dab,
circles,MVRPC (regional),tharner@mvrpc.org (msimpson_MVRPC),,Miami Valley region,,"Public — ArcGIS REST API, no auth",live service (verify),"ArcGIS FeatureServer/MapServer; GeoJSON, CSV, Shapefile export",,,2018-08-20,,Y,Query,,,,https://services.arcgis.com/3TIUdMHOqnLBrZEH/arcgis/rest/services/circles/FeatureServer,https://mvrpc.maps.arcgis.com/home/item.html?id=50cb7ddfc53d4089a8e3d255fa84064b,
Clayton_MCES,MVRPC (regional),tharner@mvrpc.org (msimpson_MVRPC),,Miami Valley region,jurisdiction/county,"Public — ArcGIS REST API, no auth",live service (verify),"ArcGIS FeatureServer/MapServer; GeoJSON, CSV, Shapefile export",,,2021-12-02,,Y,Query,,,,https://services.arcgis.com/3TIUdMHOqnLBrZEH/arcgis/rest/services/Clayton_MCES/FeatureServer,https://mvrpc.maps.arcgis.com/home/item.html?id=68fa61e580a24b96890b501facca8a0d,MCES layers for the city of Clayton
Clayton_MVLFiber,MVRPC (regional),tharner@mvrpc.org (msimpson_MVRPC),,Miami Valley region,,"Public — ArcGIS REST API, no auth",live service (verify),"ArcGIS FeatureServer/MapServer; GeoJSON, CSV, Shapefile export",,,2021-11-19,,Y,Query,,,,https://services.arcgis.com/3TIUdMHOqnLBrZEH/arcgis/rest/services/Clayton_MVLFiber/FeatureServer,https://mvrpc.maps.arcgis.com/home/item.html?id=7a0737f0f59545b3b0edd9b6e11765cf,"MVL & Independents Fiber for Clayton, 2021"
Clayton_NorthmontElems_pub,MVRPC (regional),tharner@mvrpc.org (msimpson_MVRPC),,Miami Valley region,,"Public — ArcGIS REST API, no auth",live service (verify),"ArcGIS FeatureServer/MapServer; GeoJSON, CSV, Shapefile export",,,2021-12-08,,Y,Query,,,,https://services.arcgis.com/3TIUdMHOqnLBrZEH/arcgis/rest/services/Clayton_NorthmontElems_pub/FeatureServer,https://mvrpc.maps.arcgis.com/home/item.html?id=b39905a16e7d454c979c8b0cc7d26c97,Northmont elementary school transport zones
Clayton_SnowRemoval,MVRPC (regional),tharner@mvrpc.org (msimpson_MVRPC),geography/reference,Miami Valley region,,"Public — ArcGIS REST API, no auth",live service (verify),"ArcGIS FeatureServer/MapServer; GeoJSON, CSV, Shapefile export",,,2022-12-20,,Y,Query,,,,https://services.arcgis.com/3TIUdMHOqnLBrZEH/arcgis/rest/services/Clayton_SnowRemoval/FeatureServer,https://mvrpc.maps.arcgis.com/home/item.html?id=3ae9a8a588044348aab98429f43b9b73,Snow removal zones by street
Clayton_SnowRemovalpickups,MVRPC (regional),tharner@mvrpc.org (msimpson_MVRPC),,Miami Valley region,,"Public — ArcGIS REST API, no auth",live service (verify),"ArcGIS FeatureServer/MapServer; GeoJSON, CSV, Shapefile export",,,2022-12-20,,Y,Query,,,,https://services.arcgis.com/3TIUdMHOqnLBrZEH/arcgis/rest/services/Clayton_SnowRemovalpickups/FeatureServer,https://mvrpc.maps.arcgis.com/home/item.html?id=b0a11d7628e046af8382363d38362b7b,Clayton snow removal scheme 3
ClaytonWards,MVRPC (regional),tharner@mvrpc.org (msimpson_MVRPC),,Miami Valley region,neighborhood,"Public — ArcGIS REST API, no auth",live service (verify),"ArcGIS FeatureServer/MapServer; GeoJSON, CSV, Shapefile export",,,2021-12-03,,Y,Query,,,,https://services.arcgis.com/3TIUdMHOqnLBrZEH/arcgis/rest/services/ClaytonWards/FeatureServer,https://mvrpc.maps.arcgis.com/home/item.html?id=7add0039141e453298f4865da8632237,"Wards, 2021"
ClaytonZoning,MVRPC (regional),tharner@mvrpc.org (msimpson_MVRPC),zoning/land use,Miami Valley region,,"Public — ArcGIS REST API, no auth",live service (verify),"ArcGIS FeatureServer/MapServer; GeoJSON, CSV, Shapefile export",,,2022-02-03,Y,Y,Query,,,,https://services.arcgis.com/3TIUdMHOqnLBrZEH/arcgis/rest/services/ClaytonZoning/FeatureServer,https://mvrpc.maps.arcgis.com/home/item.html?id=30b7db0a87874af2a1dc3c348f822970,"Clayton zoning, 2021"
CommunityFacilities,MVRPC (regional),tharner@mvrpc.org (msimpson_MVRPC),,Miami Valley region,,"Public — ArcGIS REST API, no auth",live service (verify),"ArcGIS FeatureServer/MapServer; GeoJSON, CSV, Shapefile export",,,2025-01-21,,Y,Query,,,,https://services.arcgis.com/3TIUdMHOqnLBrZEH/arcgis/rest/services/CommunityFacilities/FeatureServer,https://mvrpc.maps.arcgis.com/home/item.html?id=a311c61bcd5044de9419b31b614f2072,Community facilities for accessibility study
CommunityParcels,MVRPC (regional),kypolk (msimpson_MVRPC),ownership/transfers,Miami Valley region,parcel,"Public — ArcGIS REST API, no auth",live service (verify),"ArcGIS FeatureServer/MapServer; GeoJSON, CSV, Shapefile export",,,2024-11-11,Y,Y,Query,,,,https://services.arcgis.com/3TIUdMHOqnLBrZEH/arcgis/rest/services/CommunityParcels/FeatureServer,https://mvrpc.maps.arcgis.com/home/item.html?id=d079986ee86d4ea28c69fb136a7adf50,Subsection of Dayton area parcels for GIS training held in November 2024
Composite_Health_Score_HC_Data_Added,MVRPC (regional),msimpson_MVRPC (msimpson_MVRPC),,Miami Valley region,,"Public — ArcGIS REST API, no auth",live service (verify),"ArcGIS FeatureServer/MapServer; GeoJSON, CSV, Shapefile export",,,2026-06-29,,Y,Query,,,,https://services.arcgis.com/3TIUdMHOqnLBrZEH/arcgis/rest/services/Composite_Health_Score_HC_Data_Added/FeatureServer,https://mvrpc.maps.arcgis.com/home/item.html?id=7382c5afed00494792e0202702ea71b4,
Composite_Health_Score_Tracts,MVRPC (regional),msimpson_MVRPC (msimpson_MVRPC),demographics,Miami Valley region,tract,"Public — ArcGIS REST API, no auth",live service (verify),"ArcGIS FeatureServer/MapServer; GeoJSON, CSV, Shapefile export",,,2026-07-16,,Y,Query,,,,https://services.arcgis.com/3TIUdMHOqnLBrZEH/arcgis/rest/services/Composite_Health_Score_Tracts/FeatureServer,https://mvrpc.maps.arcgis.com/home/item.html?id=b392baee53ed49b58cbaf701f3fa90ce,
Composite_Health_Score_Tracts_Corrected,MVRPC (regional),msimpson_MVRPC (msimpson_MVRPC),demographics,Miami Valley region,tract,"Public — ArcGIS REST API, no auth",live service (verify),"ArcGIS FeatureServer/MapServer; GeoJSON, CSV, Shapefile export",,,2026-07-28,,Y,Query,,,,https://services.arcgis.com/3TIUdMHOqnLBrZEH/arcgis/rest/services/Composite_Health_Score_Tracts_Corrected/FeatureServer,https://mvrpc.maps.arcgis.com/home/item.html?id=d073c1e819eb4d51aa34f14f80ed8963,
Composite_Health_Score_Tracts_For_Weighted_Averages_2,MVRPC (regional),msimpson_MVRPC (msimpson_MVRPC),demographics,Miami Valley region,tract,"Public — ArcGIS REST API, no auth",live service (verify),"ArcGIS FeatureServer/MapServer; GeoJSON, CSV, Shapefile export",,,2026-07-27,,Y,Query,,,,https://services.arcgis.com/3TIUdMHOqnLBrZEH/arcgis/rest/services/Composite_Health_Score_Tracts_For_Weighted_Averages_2/FeatureServer,https://mvrpc.maps.arcgis.com/home/item.html?id=562c0636f2d944278a8beeeeeb62bb2f,
Comprehensive Opportunity 2014,MVRPC (regional),tharner@mvrpc.org (msimpson_MVRPC),,Miami Valley region,,"Public — ArcGIS REST API, no auth",live service (verify),"ArcGIS FeatureServer/MapServer; GeoJSON, CSV, Shapefile export",,,2020-08-18,,N,Query,,,,https://services.arcgis.com/3TIUdMHOqnLBrZEH/arcgis/rest/services/ComprehensiveOpportunity_2014/FeatureServer/1,https://mvrpc.maps.arcgis.com/home/item.html?id=28bcb8e0867d47258508b47bc332c75f,
ComprehensiveOpportunity_2014,MVRPC (regional),tharner@mvrpc.org (msimpson_MVRPC),,Miami Valley region,,"Public — ArcGIS REST API, no auth",live service (verify),"ArcGIS FeatureServer/MapServer; GeoJSON, CSV, Shapefile export",,,2020-04-01,,Y,Query,,,,https://services.arcgis.com/3TIUdMHOqnLBrZEH/arcgis/rest/services/ComprehensiveOpportunity_2014/FeatureServer,https://mvrpc.maps.arcgis.com/home/item.html?id=b6bc3fbd0989430a802dfa6242fb4bf5,Comprehensive Opportunity information for 2014
Concentrated Development _ New Jobs,MVRPC (regional),tharner@mvrpc.org (msimpson_MVRPC),,Miami Valley region,,"Public — ArcGIS REST API, no auth",live service (verify),"ArcGIS FeatureServer/MapServer; GeoJSON, CSV, Shapefile export",,,2025-04-30,,N,"Map,TilesOnly,Tilemap",,,,https://tiles.arcgis.com/tiles/3TIUdMHOqnLBrZEH/arcgis/rest/services/Concentrated_Development___New_Jobs/MapServer,https://mvrpc.maps.arcgis.com/home/item.html?id=4fac1de14bce4cfbb768a30ac0dee3c3,Summary
Concentrated Development _ New Population,MVRPC (regional),tharner@mvrpc.org (msimpson_MVRPC),demographics,Miami Valley region,,"Public — ArcGIS REST API, no auth",live service (verify),"ArcGIS FeatureServer/MapServer; GeoJSON, CSV, Shapefile export",,,2025-04-30,,N,"Map,TilesOnly,Tilemap",,,,https://tiles.arcgis.com/tiles/3TIUdMHOqnLBrZEH/arcgis/rest/services/Concentrated_Development___New_Population/MapServer,https://mvrpc.maps.arcgis.com/home/item.html?id=b7ca40518a4d4ae88d19f8141359c228,Summary
Concentrated Poverty Snapshot,MVRPC (regional),msimpson_MVRPC (msimpson_MVRPC),zoning/land use,Miami Valley region,,"Public — ArcGIS REST API, no auth",live service (verify),"ArcGIS FeatureServer/MapServer; GeoJSON, CSV, Shapefile export",,,2021-12-10,,N,"Map,TilesOnly,Tilemap",,,,https://tiles.arcgis.com/tiles/3TIUdMHOqnLBrZEH/arcgis/rest/services/Concentrated_Poverty_Snapshot/MapServer,https://mvrpc.maps.arcgis.com/home/item.html?id=66e96da7e402425cb6782b35d18235ac,SDOH
Concentrated Poverty Trend,MVRPC (regional),msimpson_MVRPC (msimpson_MVRPC),zoning/land use,Miami Valley region,,"Public — ArcGIS REST API, no auth",live service (verify),"ArcGIS FeatureServer/MapServer; GeoJSON, CSV, Shapefile export",,,2021-12-13,,N,"Map,TilesOnly,Tilemap",,,,https://tiles.arcgis.com/tiles/3TIUdMHOqnLBrZEH/arcgis/rest/services/Concentrated_Poverty_Trend/MapServer,https://mvrpc.maps.arcgis.com/home/item.html?id=aa07271cda394c6a8d13d153bb3a6f37,SDOH
Concord Twp MultiZone_V,MVRPC (regional),tharner@mvrpc.org (msimpson_MVRPC),ownership/transfers,Miami Valley region,parcel,"Public — ArcGIS REST API, no auth",live service (verify),"ArcGIS FeatureServer/MapServer; GeoJSON, CSV, Shapefile export",,,2017-10-30,Y,Y,Query,,,,https://services.arcgis.com/3TIUdMHOqnLBrZEH/arcgis/rest/services/Concord_Twp_MultiZone_V/FeatureServer,https://mvrpc.maps.arcgis.com/home/item.html?id=d2418eed10834ebb965c37dd31d66b1a,"Parcels with multiple zones for Concord Twp, Miami County, 2016"
Concord Twp Zoning_V,MVRPC (regional),tharner@mvrpc.org (msimpson_MVRPC),affordability/tenure,Miami Valley region,jurisdiction/county,"Public — ArcGIS REST API, no auth",live service (verify),"ArcGIS FeatureServer/MapServer; GeoJSON, CSV, Shapefile export",,,2021-04-30,Y,Y,Query,,,,https://services.arcgis.com/3TIUdMHOqnLBrZEH/arcgis/rest/services/Concord_Twp_Zoning_V/FeatureServer,https://mvrpc.maps.arcgis.com/home/item.html?id=d96d4d206d6345868a65c67d1d56bde1,"Zoning for Concord Twp, Miami County, Ohio, 2016"
Congestion,MVRPC (regional),kypolk (msimpson_MVRPC),affordability/tenure,Miami Valley region,,"Public — ArcGIS REST API, no auth",live service (verify),"ArcGIS FeatureServer/MapServer; GeoJSON, CSV, Shapefile export",,,2020-12-04,,Y,Query,,,,https://services.arcgis.com/3TIUdMHOqnLBrZEH/arcgis/rest/services/congestion_WEB/FeatureServer,https://mvrpc.maps.arcgis.com/home/item.html?id=60a6cb738d324d61ba4793ac4f004fd1,Congestion levels in Miami Valley at 5PM North Bound and East Bound
Congestion,MVRPC (regional),kypolk (msimpson_MVRPC),affordability/tenure,Miami Valley region,jurisdiction/county,"Public — ArcGIS REST API, no auth",live service (verify),"ArcGIS FeatureServer/MapServer; GeoJSON, CSV, Shapefile export",,,2020-12-04,,Y,Query,,,,https://services.arcgis.com/3TIUdMHOqnLBrZEH/arcgis/rest/services/congestion_MV/FeatureServer,https://mvrpc.maps.arcgis.com/home/item.html?id=6a2d6c73c5e845e2b450735cb006bf9c,A look at congestion levels in Miami Valley at 5PM North Bound and East Bound
"Contours, Montgomery County Engineer",MVRPC (regional),tharner@mvrpc.org (msimpson_MVRPC),,Miami Valley region,jurisdiction/county,"Public — ArcGIS REST API, no auth",live service (verify),"ArcGIS FeatureServer/MapServer; GeoJSON, CSV, Shapefile export",,,2025-10-28,,N,Service SP/Contours/MapServer not started ,,,,https://engineer.gomvo.org/arcgis/rest/services/SP/Contours/MapServer,https://mvrpc.maps.arcgis.com/home/item.html?id=a72814a0628f4dc89ae1d82f169cf396,Montgomery County
Coronary_Heart_Disease__Clip,MVRPC (regional),msimpson_MVRPC (msimpson_MVRPC),,Miami Valley region,,"Public — ArcGIS REST API, no auth",live service (verify),"ArcGIS FeatureServer/MapServer; GeoJSON, CSV, Shapefile export",,,2025-02-25,,Y,Query,,,,https://services.arcgis.com/3TIUdMHOqnLBrZEH/arcgis/rest/services/Coronary_Heart_Disease__Clip/FeatureServer,https://mvrpc.maps.arcgis.com/home/item.html?id=113871255b3743babb3cbf3a88e1126c,
Coronary_Heart_Disease_ZIP,MVRPC (regional),msimpson_MVRPC (msimpson_MVRPC),,Miami Valley region,,"Public — ArcGIS REST API, no auth",live service (verify),"ArcGIS FeatureServer/MapServer; GeoJSON, CSV, Shapefile export",,,2025-02-13,,Y,Query,,,,https://services.arcgis.com/3TIUdMHOqnLBrZEH/arcgis/rest/services/Coronary_Heart_Disease_ZIP/FeatureServer,https://mvrpc.maps.arcgis.com/home/item.html?id=28ba67657d0e4cc9b9167b936c3027b6,
CorridoorBoundaries,MVRPC (regional),tharner@mvrpc.org (msimpson_MVRPC),geography/reference,Miami Valley region,,"Public — ArcGIS REST API, no auth",live service (verify),"ArcGIS FeatureServer/MapServer; GeoJSON, CSV, Shapefile export",,,2019-10-11,,Y,Query,,,,https://services.arcgis.com/3TIUdMHOqnLBrZEH/arcgis/rest/services/CorridoorBoundaries/FeatureServer,https://mvrpc.maps.arcgis.com/home/item.html?id=819f321c04e44f2e8e4a9ae2eac4bd96,summary
Corridor Labels,MVRPC (regional),kypolk (msimpson_MVRPC),,Miami Valley region,,"Public — ArcGIS REST API, no auth",live service (verify),"ArcGIS FeatureServer/MapServer; GeoJSON, CSV, Shapefile export",,,2019-04-03,,Y,"Create,Delete,Query,Update,Editing,Sync",,,,https://services.arcgis.com/3TIUdMHOqnLBrZEH/arcgis/rest/services/Corridor_Labels/FeatureServer,https://mvrpc.maps.arcgis.com/home/item.html?id=3a8cb1fefabd4ae28d75e82c213065b8,
CorridorsGraphic,MVRPC (regional),kypolk (msimpson_MVRPC),,Miami Valley region,,"Public — ArcGIS REST API, no auth",live service (verify),"ArcGIS FeatureServer/MapServer; GeoJSON, CSV, Shapefile export",,,2018-09-13,,N,"Map,TilesOnly",,,,https://tiles.arcgis.com/tiles/3TIUdMHOqnLBrZEH/arcgis/rest/services/CorridorsGraphic/MapServer,https://mvrpc.maps.arcgis.com/home/item.html?id=ac4a347010c54059aadb6924db30da75,Study area of DRMP showcasing 4 corridors
Cost Burden Snapshot,MVRPC (regional),msimpson_MVRPC (msimpson_MVRPC),affordability/tenure,Miami Valley region,,"Public — ArcGIS REST API, no auth",live service (verify),"ArcGIS FeatureServer/MapServer; GeoJSON, CSV, Shapefile export",,,2021-12-01,,N,"Map,TilesOnly,Tilemap",,,,https://tiles.arcgis.com/tiles/3TIUdMHOqnLBrZEH/arcgis/rest/services/Cost_Burden_Snapshot/MapServer,https://mvrpc.maps.arcgis.com/home/item.html?id=6fcbaabe2787428aa6fb8f923ecc4a2e,Cost Burden Snapshot
Cost Burden Snapshot V2,MVRPC (regional),msimpson_MVRPC (msimpson_MVRPC),affordability/tenure,Miami Valley region,,"Public — ArcGIS REST API, no auth",live service (verify),"ArcGIS FeatureServer/MapServer; GeoJSON, CSV, Shapefile export",,,2022-02-07,,N,"Map,TilesOnly,Tilemap",,,,https://tiles.arcgis.com/tiles/3TIUdMHOqnLBrZEH/arcgis/rest/services/Cost_Burden_Snapshot_V2/MapServer,https://mvrpc.maps.arcgis.com/home/item.html?id=89a84368223d45c8928600b7974552f1,MVRPC
Cost Burden Trend,MVRPC (regional),msimpson_MVRPC (msimpson_MVRPC),affordability/tenure,Miami Valley region,,"Public — ArcGIS REST API, no auth",live service (verify),"ArcGIS FeatureServer/MapServer; GeoJSON, CSV, Shapefile export",,,2021-11-22,,N,"Map,TilesOnly,Tilemap",,,,https://tiles.arcgis.com/tiles/3TIUdMHOqnLBrZEH/arcgis/rest/services/Cost_Burden_Trend/MapServer,https://mvrpc.maps.arcgis.com/home/item.html?id=1abef64ce5804c1ba087eb5e8507912c,Poverty Rate Trend
CostBurdenedByTract_WFL1,MVRPC (regional),kypolk (msimpson_MVRPC),ownership/transfers,Miami Valley region,tract,"Public — ArcGIS REST API, no auth",live service (verify),"ArcGIS FeatureServer/MapServer; GeoJSON, CSV, Shapefile export",,,2026-02-27,Y,Y,Query,,,,https://services.arcgis.com/3TIUdMHOqnLBrZEH/arcgis/rest/services/CostBurdenedByTract_WFL1/FeatureServer,https://mvrpc.maps.arcgis.com/home/item.html?id=62e64ab3573843b4a8dae7821006dd62,"Cost Burdened tracts in Miami Valley Region for renters and homeowners, ACS 2023"
Counties,MVRPC (regional),kypolk (msimpson_MVRPC),vacancy,Miami Valley region,jurisdiction/county,"Public — ArcGIS REST API, no auth",live service (verify),"ArcGIS FeatureServer/MapServer; GeoJSON, CSV, Shapefile export",,,2016-06-15,,Y,Query,,,,https://services.arcgis.com/3TIUdMHOqnLBrZEH/arcgis/rest/services/Counties/FeatureServer,https://mvrpc.maps.arcgis.com/home/item.html?id=2cdfa13f4d10447aab4f16d7d50ef05c,"county vacancy data, 2015"
CountiesAllWarren,MVRPC (regional),msimpson_MVRPC (msimpson_MVRPC),,Miami Valley region,jurisdiction/county,"Public — ArcGIS REST API, no auth",live service (verify),"ArcGIS FeatureServer/MapServer; GeoJSON, CSV, Shapefile export",,,2025-03-20,,Y,Query,,,,https://services.arcgis.com/3TIUdMHOqnLBrZEH/arcgis/rest/services/CountiesAllWarren/FeatureServer,https://mvrpc.maps.arcgis.com/home/item.html?id=7ad4d13c723942368dec8aeea4fd06be,MVRPC counties with all of Warren county
County_Boundaries,MVRPC (regional),msimpson_MVRPC (msimpson_MVRPC),affordability/tenure,Miami Valley region,jurisdiction/county,"Public — ArcGIS REST API, no auth",live service (verify),"ArcGIS FeatureServer/MapServer; GeoJSON, CSV, Shapefile export",,,2022-05-25,Y,Y,Query,,,,https://services.arcgis.com/3TIUdMHOqnLBrZEH/arcgis/rest/services/County_Boundaries_2020_Census_Dashboards/FeatureServer,https://mvrpc.maps.arcgis.com/home/item.html?id=7b48900f8e64460ca35558d0f23f18d3,Miami Valley Regional Planning Commission county boundaries
CountyBoundaries_REVISED,MVRPC (regional),kypolk (msimpson_MVRPC),geography/reference,Miami Valley region,jurisdiction/county,"Public — ArcGIS REST API, no auth",live service (verify),"ArcGIS FeatureServer/MapServer; GeoJSON, CSV, Shapefile export",,,2016-09-09,,Y,Query,,,,https://services.arcgis.com/3TIUdMHOqnLBrZEH/arcgis/rest/services/CountyBoundaries_REVISED/FeatureServer,https://mvrpc.maps.arcgis.com/home/item.html?id=56499e4bd7e142488f78614bb661488b,County Boundaries for MVRPC Region
CountyBoundariesForShelbyMobilityAndAccessibilityAddition,MVRPC (regional),msimpson_MVRPC (msimpson_MVRPC),geography/reference,Miami Valley region,jurisdiction/county,"Public — ArcGIS REST API, no auth",live service (verify),"ArcGIS FeatureServer/MapServer; GeoJSON, CSV, Shapefile export",,,2025-03-06,,Y,Query,,,,https://services.arcgis.com/3TIUdMHOqnLBrZEH/arcgis/rest/services/CountyBoundariesForShelbyMobilityAndAccessibilityAddition/FeatureServer,https://mvrpc.maps.arcgis.com/home/item.html?id=2c2b658e07654168ae0db90644d78133,
Crashes Involving a Bicyclist or Pedestrian (Since 2020) (Properties Saved),MVRPC (regional),msimpson_MVRPC (msimpson_MVRPC),ownership/transfers,Miami Valley region,parcel,"Public — ArcGIS REST API, no auth",live service (verify),"ArcGIS FeatureServer/MapServer; GeoJSON, CSV, Shapefile export",,,2025-07-11,Y,Y,Query,,,,https://services.arcgis.com/3TIUdMHOqnLBrZEH/arcgis/rest/services/MCPH_HEAL_Pedestrian_and_Bicycle_Crashes/FeatureServer,https://mvrpc.maps.arcgis.com/home/item.html?id=fa275a99884c4b67a53325374139bd78,
Crime Index Snapshot,MVRPC (regional),msimpson_MVRPC (msimpson_MVRPC),zoning/land use,Miami Valley region,neighborhood,"Public — ArcGIS REST API, no auth",live service (verify),"ArcGIS FeatureServer/MapServer; GeoJSON, CSV, Shapefile export",,,2021-12-02,,N,"Map,TilesOnly,Tilemap",,,,https://tiles.arcgis.com/tiles/3TIUdMHOqnLBrZEH/arcgis/rest/services/Crime_Index_Snapshot/MapServer,https://mvrpc.maps.arcgis.com/home/item.html?id=819704a201a6440d9fc0ee5e0aa9a599,Crime Index Snapshot
Crosswalk Density (Properties Saved),MVRPC (regional),msimpson_MVRPC (msimpson_MVRPC),ownership/transfers,Miami Valley region,parcel,"Public — ArcGIS REST API, no auth",live service (verify),"ArcGIS FeatureServer/MapServer; GeoJSON, CSV, Shapefile export",,,2025-07-11,Y,Y,Query,,,,https://services.arcgis.com/3TIUdMHOqnLBrZEH/arcgis/rest/services/PiquaCrosswalks/FeatureServer,https://mvrpc.maps.arcgis.com/home/item.html?id=683b2aa04a8046a7abd8691826fcd530,Crosswalk data from the City of Piqua with additions from MVRPC based on 2025 satellite imagery. 
Crowdsource Reporter Test Feature Layer,MVRPC (regional),msimpson_MVRPC (msimpson_MVRPC),investment/projects,Miami Valley region,,"Public — ArcGIS REST API, no auth",live service (verify),"ArcGIS FeatureServer/MapServer; GeoJSON, CSV, Shapefile export",,,2020-06-29,,Y,"Create,Delete,Query,Update,Editing,Sync",,,,https://services.arcgis.com/3TIUdMHOqnLBrZEH/arcgis/rest/services/Crowdsource_Reporter_Test_Feature_Layer/FeatureServer,https://mvrpc.maps.arcgis.com/home/item.html?id=4d52de81af334d1eaa30c45d5f232420,
D-Hive Census and Housing Demographics,MVRPC (regional),tharner@mvrpc.org (msimpson_MVRPC),ownership/transfers,Miami Valley region,parcel,"Public — ArcGIS REST API, no auth",live service (verify),"ArcGIS FeatureServer/MapServer; GeoJSON, CSV, Shapefile export",,,2020-07-16,Y,Y,"Query,Extract",,,,https://services.arcgis.com/3TIUdMHOqnLBrZEH/arcgis/rest/services/DHive_Census/FeatureServer,https://mvrpc.maps.arcgis.com/home/item.html?id=79eb380d105c459593743b8f7838e326,Population and housing data from the 2010 Census and housing age data from CAMA sources. Half-mile hex format.
D-Hive Census Housing and Population Change,MVRPC (regional),tharner@mvrpc.org (msimpson_MVRPC),demographics,Miami Valley region,,"Public — ArcGIS REST API, no auth",live service (verify),"ArcGIS FeatureServer/MapServer; GeoJSON, CSV, Shapefile export",,,2021-08-18,Y,Y,Query,,,,https://services.arcgis.com/3TIUdMHOqnLBrZEH/arcgis/rest/services/DHive_Census_Change/FeatureServer,https://mvrpc.maps.arcgis.com/home/item.html?id=818584ec6ed34ac694d9cc7938ee89dc,Housing and population change from 1990 to 2020. One-mile hex format.
D-Hive Environment layers,MVRPC (regional),tharner@mvrpc.org (msimpson_MVRPC),,Miami Valley region,,"Public — ArcGIS REST API, no auth",live service (verify),"ArcGIS FeatureServer/MapServer; GeoJSON, CSV, Shapefile export",,,2023-02-14,,Y,Query,,,,https://services.arcgis.com/3TIUdMHOqnLBrZEH/arcgis/rest/services/DHive_env_pub2/FeatureServer,https://mvrpc.maps.arcgis.com/home/item.html?id=cfc98ae2f43a4b1f96acdd305ac3ab07,Environmental factors in half-mile hex format.
D-Hive Transportation,MVRPC (regional),tharner@mvrpc.org (msimpson_MVRPC),,Miami Valley region,,"Public — ArcGIS REST API, no auth",live service (verify),"ArcGIS FeatureServer/MapServer; GeoJSON, CSV, Shapefile export",,,2024-06-25,,Y,Query,,,,https://services.arcgis.com/3TIUdMHOqnLBrZEH/arcgis/rest/services/DHive_transp/FeatureServer,https://mvrpc.maps.arcgis.com/home/item.html?id=46286cfc42ce4b678c9ce4c8b16fe7b2,Transportation factors in half-mile hex format.
D-Hive: Land Use Layers,MVRPC (regional),tharner@mvrpc.org (msimpson_MVRPC),zoning/land use,Miami Valley region,,"Public — ArcGIS REST API, no auth",live service (verify),"ArcGIS FeatureServer/MapServer; GeoJSON, CSV, Shapefile export",,,2023-03-03,,Y,Query,,,,https://services.arcgis.com/3TIUdMHOqnLBrZEH/arcgis/rest/services/DHive_LandUse2/FeatureServer,https://mvrpc.maps.arcgis.com/home/item.html?id=01e6969f4c77450daeac296c2472402f,Land use layers in half-mile hex format.
DamagePointLocationsfortraining,MVRPC (regional),tharner@mvrpc.org (msimpson_MVRPC),,Miami Valley region,address/point,"Public — ArcGIS REST API, no auth",live service (verify),"ArcGIS FeatureServer/MapServer; GeoJSON, CSV, Shapefile export",,,2024-11-19,,Y,Query,,,,https://services.arcgis.com/3TIUdMHOqnLBrZEH/arcgis/rest/services/DamagePointLocationsfortraining/FeatureServer,https://mvrpc.maps.arcgis.com/home/item.html?id=371c300c016545738f9f3aec030f4e00,
Darke_Urban_Boundaries,MVRPC (regional),msimpson_MVRPC (msimpson_MVRPC),geography/reference,Miami Valley region,,"Public — ArcGIS REST API, no auth",live service (verify),"ArcGIS FeatureServer/MapServer; GeoJSON, CSV, Shapefile export",,,2022-09-16,,Y,Query,,,,https://services.arcgis.com/3TIUdMHOqnLBrZEH/arcgis/rest/services/Darke_Urban_Boundaries/FeatureServer,https://mvrpc.maps.arcgis.com/home/item.html?id=f9b28e0760e345a58dd7bfb17f0aa40f,
DashboardTableTemplates,MVRPC (regional),msimpson_MVRPC (msimpson_MVRPC),,Miami Valley region,,"Public — ArcGIS REST API, no auth",live service (verify),"ArcGIS FeatureServer/MapServer; GeoJSON, CSV, Shapefile export",,,2020-07-15,,Y,Query,,,,https://services.arcgis.com/3TIUdMHOqnLBrZEH/arcgis/rest/services/DashboardTableTemplates/FeatureServer,https://mvrpc.maps.arcgis.com/home/item.html?id=65778058b5574442932e8034a46905c7,
DashboardTimeChartExamplePercentages,MVRPC (regional),msimpson_MVRPC (msimpson_MVRPC),,Miami Valley region,,"Public — ArcGIS REST API, no auth",live service (verify),"ArcGIS FeatureServer/MapServer; GeoJSON, CSV, Shapefile export",,,2020-07-06,,Y,Query,,,,https://services.arcgis.com/3TIUdMHOqnLBrZEH/arcgis/rest/services/DashboardTimeChartExample/FeatureServer,https://mvrpc.maps.arcgis.com/home/item.html?id=1816bf1d9e174c75bf1d582846d5cb51,
Dayton base map from 1958,MVRPC (regional),tharner@mvrpc.org (msimpson_MVRPC),,Miami Valley region,,"Public — ArcGIS REST API, no auth",live service (verify),"ArcGIS FeatureServer/MapServer; GeoJSON, CSV, Shapefile export",,,2016-08-19,,N,"Map,TilesOnly",,,,https://tiles.arcgis.com/tiles/3TIUdMHOqnLBrZEH/arcgis/rest/services/Day58proj/MapServer,https://mvrpc.maps.arcgis.com/home/item.html?id=8b045b6b58274899870d9b23f97992e5,Dayton 1958
DaytonBoundaries,MVRPC (regional),tharner@mvrpc.org (msimpson_MVRPC),geography/reference,Miami Valley region,,"Public — ArcGIS REST API, no auth",live service (verify),"ArcGIS FeatureServer/MapServer; GeoJSON, CSV, Shapefile export",,,2023-04-27,,Y,Query,,,,https://services.arcgis.com/3TIUdMHOqnLBrZEH/arcgis/rest/services/DaytonBoundaries/FeatureServer,https://mvrpc.maps.arcgis.com/home/item.html?id=63702e474d664e4fb0f2c91c5375fbf5,Dayton boundaries
DaytonNeighborhoods,MVRPC (regional),tharner@mvrpc.org (msimpson_MVRPC),geography/reference,Miami Valley region,neighborhood,"Public — ArcGIS REST API, no auth",live service (verify),"ArcGIS FeatureServer/MapServer; GeoJSON, CSV, Shapefile export",,,2016-10-05,Y,Y,Query,,,,https://services.arcgis.com/3TIUdMHOqnLBrZEH/arcgis/rest/services/DaytonNeighborhoods/FeatureServer,https://mvrpc.maps.arcgis.com/home/item.html?id=08abb590a0c642cf9b1eb0548a3c1772,"Neighborhood boundaries for the City of Dayton, Ohio."
DaytonRiverfrontStudyArea,MVRPC (regional),tharner@mvrpc.org (msimpson_MVRPC),,Miami Valley region,,"Public — ArcGIS REST API, no auth",live service (verify),"ArcGIS FeatureServer/MapServer; GeoJSON, CSV, Shapefile export",,,2017-02-13,,Y,Query,,,,https://services.arcgis.com/3TIUdMHOqnLBrZEH/arcgis/rest/services/DaytonRiverfrontStudyArea/FeatureServer,https://mvrpc.maps.arcgis.com/home/item.html?id=9cfffc2512f04da7a7b5d96287ccb13f,"DRMP study area, final"
Deeds_Point_Information,MVRPC (regional),kypolk (msimpson_MVRPC),ownership/transfers,Miami Valley region,address/point,"Public — ArcGIS REST API, no auth",live service (verify),"ArcGIS FeatureServer/MapServer; GeoJSON, CSV, Shapefile export",,,2019-04-05,Y,Y,Query,,,,https://services.arcgis.com/3TIUdMHOqnLBrZEH/arcgis/rest/services/Deeds_Park_Information/FeatureServer,https://mvrpc.maps.arcgis.com/home/item.html?id=c45d44c238af47208b251f806f2214a0,Information for the new Deeds Point Park
"Density and Diversity, 2020",MVRPC (regional),tharner@mvrpc.org (msimpson_MVRPC),zoning/land use,Miami Valley region,,"Public — ArcGIS REST API, no auth",live service (verify),"ArcGIS FeatureServer/MapServer; GeoJSON, CSV, Shapefile export",,,2022-02-09,,Y,Query,,,,https://services.arcgis.com/3TIUdMHOqnLBrZEH/arcgis/rest/services/Density_Diversity_2020/FeatureServer,https://mvrpc.maps.arcgis.com/home/item.html?id=cdbe2f3d4681403eb4173e8ac2f8ba0f,Density & Diversity mapping for 2020
"Density of Crashes (All Types, Since 2020) (Properties Saved)",MVRPC (regional),msimpson_MVRPC (msimpson_MVRPC),ownership/transfers,Miami Valley region,parcel,"Public — ArcGIS REST API, no auth",live service (verify),"ArcGIS FeatureServer/MapServer; GeoJSON, CSV, Shapefile export",,,2025-07-11,Y,Y,Query,,,,https://services.arcgis.com/3TIUdMHOqnLBrZEH/arcgis/rest/services/MCPH_HEAL_Overall_Crash_Density/FeatureServer,https://mvrpc.maps.arcgis.com/home/item.html?id=6296dab20c4f463dbadbc7f101ffd421,
Dep_PhysInactivity,MVRPC (regional),msimpson_MVRPC (msimpson_MVRPC),demographics,Miami Valley region,tract,"Public — ArcGIS REST API, no auth",live service (verify),"ArcGIS FeatureServer/MapServer; GeoJSON, CSV, Shapefile export",,,2025-03-06,,Y,Query,,,,https://services.arcgis.com/3TIUdMHOqnLBrZEH/arcgis/rest/services/Dep_PhysInactivity/FeatureServer,https://mvrpc.maps.arcgis.com/home/item.html?id=1315539a87124cdbb22c51bf4b00cfd1,2020 Tracts for the MVRPC region.
Depression_ZIP,MVRPC (regional),msimpson_MVRPC (msimpson_MVRPC),,Miami Valley region,,"Public — ArcGIS REST API, no auth",live service (verify),"ArcGIS FeatureServer/MapServer; GeoJSON, CSV, Shapefile export",,,2025-02-13,,Y,Query,,,,https://services.arcgis.com/3TIUdMHOqnLBrZEH/arcgis/rest/services/Depression_ZIP/FeatureServer,https://mvrpc.maps.arcgis.com/home/item.html?id=6392eed3b275429ba482ec9b34a4b118,
Depression_ZIP_Clip,MVRPC (regional),msimpson_MVRPC (msimpson_MVRPC),,Miami Valley region,,"Public — ArcGIS REST API, no auth",live service (verify),"ArcGIS FeatureServer/MapServer; GeoJSON, CSV, Shapefile export",,,2025-02-25,,Y,Query,,,,https://services.arcgis.com/3TIUdMHOqnLBrZEH/arcgis/rest/services/Depression_ZIP_Clip/FeatureServer,https://mvrpc.maps.arcgis.com/home/item.html?id=fad549c4726c4a6cb317befc9c1d5c00,
Depression_ZIP_Clip1,MVRPC (regional),msimpson_MVRPC (msimpson_MVRPC),,Miami Valley region,,"Public — ArcGIS REST API, no auth",live service (verify),"ArcGIS FeatureServer/MapServer; GeoJSON, CSV, Shapefile export",,,2025-02-25,,Y,Query,,,,https://services.arcgis.com/3TIUdMHOqnLBrZEH/arcgis/rest/services/Depression_ZIP_Clip1/FeatureServer,https://mvrpc.maps.arcgis.com/home/item.html?id=2c2bf1a0bf5f40dfb9918a36d6cfaac4,
DepressionTractUpdated,MVRPC (regional),msimpson_MVRPC (msimpson_MVRPC),demographics,Miami Valley region,tract,"Public — ArcGIS REST API, no auth",live service (verify),"ArcGIS FeatureServer/MapServer; GeoJSON, CSV, Shapefile export",,,2025-02-19,,Y,Query,,,,https://services.arcgis.com/3TIUdMHOqnLBrZEH/arcgis/rest/services/DepressionTractUpdated/FeatureServer,https://mvrpc.maps.arcgis.com/home/item.html?id=4fdb66cd57c24ce396e1e31b2a3880c0,2020 Tracts for the MVRPC region.
Depth to Bedrock,MVRPC (regional),tharner@mvrpc.org (msimpson_MVRPC),,Miami Valley region,,"Public — ArcGIS REST API, no auth",live service (verify),"ArcGIS FeatureServer/MapServer; GeoJSON, CSV, Shapefile export",,,2025-05-01,,N,"Map,TilesOnly,Tilemap",,,,https://tiles.arcgis.com/tiles/3TIUdMHOqnLBrZEH/arcgis/rest/services/Depth_to_Bedrock/MapServer,https://mvrpc.maps.arcgis.com/home/item.html?id=1ae3d6c4281f4cf6860117b7005987e8,Summary
Destinations,MVRPC (regional),msimpson_MVRPC (msimpson_MVRPC),condition/quality,Miami Valley region,,"Public — ArcGIS REST API, no auth",live service (verify),"ArcGIS FeatureServer/MapServer; GeoJSON, CSV, Shapefile export",,,2025-06-02,,Y,Query,,,,https://services.arcgis.com/3TIUdMHOqnLBrZEH/arcgis/rest/services/Destinations/FeatureServer,https://mvrpc.maps.arcgis.com/home/item.html?id=38515f4d7a234221978ee8434ca3c909,Selected destinations within the Piqua area for the MCPH HEAL existing conditions.
Developed Areas (Properties Saved),MVRPC (regional),msimpson_MVRPC (msimpson_MVRPC),ownership/transfers,Miami Valley region,parcel,"Public — ArcGIS REST API, no auth",live service (verify),"ArcGIS FeatureServer/MapServer; GeoJSON, CSV, Shapefile export",,,2025-07-11,Y,Y,Query,,,,https://services.arcgis.com/3TIUdMHOqnLBrZEH/arcgis/rest/services/MCPHDevelopedAreas2015and2023/FeatureServer,https://mvrpc.maps.arcgis.com/home/item.html?id=81fb71f17a344da69c6c531fa89e1f73,2015 and 2023 developed areas for MCPH HEAL
DevelopedAreaBoundary,MVRPC (regional),msimpson_MVRPC (msimpson_MVRPC),geography/reference,Miami Valley region,,"Public — ArcGIS REST API, no auth",live service (verify),"ArcGIS FeatureServer/MapServer; GeoJSON, CSV, Shapefile export",,,2023-02-27,,Y,Query,,,,https://services.arcgis.com/3TIUdMHOqnLBrZEH/arcgis/rest/services/DevelopedAreaBoundary/FeatureServer,https://mvrpc.maps.arcgis.com/home/item.html?id=2d551279b31c458a8fdeff665846c2a8,
DevelopedAreaBoundaryWithShelby,MVRPC (regional),msimpson_MVRPC (msimpson_MVRPC),geography/reference,Miami Valley region,,"Public — ArcGIS REST API, no auth",live service (verify),"ArcGIS FeatureServer/MapServer; GeoJSON, CSV, Shapefile export",,,2025-02-28,,Y,Query,,,,https://services.arcgis.com/3TIUdMHOqnLBrZEH/arcgis/rest/services/DevelopedAreaBoundaryWithShelby/FeatureServer,https://mvrpc.maps.arcgis.com/home/item.html?id=92b1d750096f4a44b5886b21f806cf18,
DevelopedLand,MVRPC (regional),msimpson_MVRPC (msimpson_MVRPC),condition/quality,Miami Valley region,,"Public — ArcGIS REST API, no auth",live service (verify),"ArcGIS FeatureServer/MapServer; GeoJSON, CSV, Shapefile export",,,2025-06-05,Y,Y,Query,,,,https://services.arcgis.com/3TIUdMHOqnLBrZEH/arcgis/rest/services/DevelopedLand/FeatureServer,https://mvrpc.maps.arcgis.com/home/item.html?id=83d9de052f654f5ca5219d45f72f2659,Developed and undeveloped land for MCPH HEAL Existing Conditions assessment.
Diabetes_ZIP,MVRPC (regional),msimpson_MVRPC (msimpson_MVRPC),,Miami Valley region,,"Public — ArcGIS REST API, no auth",live service (verify),"ArcGIS FeatureServer/MapServer; GeoJSON, CSV, Shapefile export",,,2025-02-13,,Y,Query,,,,https://services.arcgis.com/3TIUdMHOqnLBrZEH/arcgis/rest/services/Diabetes_ZIP/FeatureServer,https://mvrpc.maps.arcgis.com/home/item.html?id=fa59409004e742e690f46b20380448a9,
Diabetes_ZIP_Clip,MVRPC (regional),msimpson_MVRPC (msimpson_MVRPC),,Miami Valley region,,"Public — ArcGIS REST API, no auth",live service (verify),"ArcGIS FeatureServer/MapServer; GeoJSON, CSV, Shapefile export",,,2025-02-25,,Y,Query,,,,https://services.arcgis.com/3TIUdMHOqnLBrZEH/arcgis/rest/services/Diabetes_ZIP_Clip/FeatureServer,https://mvrpc.maps.arcgis.com/home/item.html?id=bb7107a126c34045b2bac11620be669f,
DiabetesTractUpdated,MVRPC (regional),msimpson_MVRPC (msimpson_MVRPC),demographics,Miami Valley region,tract,"Public — ArcGIS REST API, no auth",live service (verify),"ArcGIS FeatureServer/MapServer; GeoJSON, CSV, Shapefile export",,,2025-02-19,,Y,Query,,,,https://services.arcgis.com/3TIUdMHOqnLBrZEH/arcgis/rest/services/DiabetesTractUpdated/FeatureServer,https://mvrpc.maps.arcgis.com/home/item.html?id=5d6d5ce6e7f34a45a0e452284210e3b9,2020 Tracts for the MVRPC region.
DisabledPop10Percent,MVRPC (regional),msimpson_MVRPC (msimpson_MVRPC),,Miami Valley region,,"Public — ArcGIS REST API, no auth",live service (verify),"ArcGIS FeatureServer/MapServer; GeoJSON, CSV, Shapefile export",,,2022-08-10,,Y,Query,,,,https://services.arcgis.com/3TIUdMHOqnLBrZEH/arcgis/rest/services/ALI_With_Projections_shp/FeatureServer,https://mvrpc.maps.arcgis.com/home/item.html?id=c549aecabf9f4f738a21bfa8bca613e8,
DRMP Actions - Community Corridor,MVRPC (regional),kypolk (msimpson_MVRPC),affordability/tenure,Miami Valley region,,"Public — ArcGIS REST API, no auth",live service (verify),"ArcGIS FeatureServer/MapServer; GeoJSON, CSV, Shapefile export",,,2019-04-05,,Y,"Create,Delete,Query,Update,Editing,Sync",,,,https://services.arcgis.com/3TIUdMHOqnLBrZEH/arcgis/rest/services/DRMP_Actions_Community/FeatureServer,https://mvrpc.maps.arcgis.com/home/item.html?id=755db5c5d01d445eab8833b88cfa49a4,The Community Core Actions as specified in the Dayton Riverfront Plan.
DRMP Actions - Cultural Corridor,MVRPC (regional),kypolk (msimpson_MVRPC),affordability/tenure,Miami Valley region,,"Public — ArcGIS REST API, no auth",live service (verify),"ArcGIS FeatureServer/MapServer; GeoJSON, CSV, Shapefile export",,,2019-04-05,,Y,"Create,Delete,Query,Update,Editing,Sync",,,,https://services.arcgis.com/3TIUdMHOqnLBrZEH/arcgis/rest/services/DRMP_Actions_Cultural/FeatureServer,https://mvrpc.maps.arcgis.com/home/item.html?id=ef1c7757b8514ca082393198c488b930,The Cultural Corridor Actions as specified in the Dayton Riverfront Plan.
DRMP Actions - Downtown,MVRPC (regional),kypolk (msimpson_MVRPC),affordability/tenure,Miami Valley region,,"Public — ArcGIS REST API, no auth",live service (verify),"ArcGIS FeatureServer/MapServer; GeoJSON, CSV, Shapefile export",,,2019-04-05,,Y,"Create,Delete,Query,Update,Editing,Sync",,,,https://services.arcgis.com/3TIUdMHOqnLBrZEH/arcgis/rest/services/DRMP_Actions_Downtown/FeatureServer,https://mvrpc.maps.arcgis.com/home/item.html?id=5ad0a6cfa809442a96a74133fd7970eb,The Downtown Core Actions as specified in the Dayton Riverfront Plan.
DRMP Actions - Education Corridor,MVRPC (regional),kypolk (msimpson_MVRPC),affordability/tenure,Miami Valley region,,"Public — ArcGIS REST API, no auth",live service (verify),"ArcGIS FeatureServer/MapServer; GeoJSON, CSV, Shapefile export",,,2019-04-05,,Y,"Create,Delete,Query,Update,Editing,Sync",,,,https://services.arcgis.com/3TIUdMHOqnLBrZEH/arcgis/rest/services/DRMP_Actions_Education/FeatureServer,https://mvrpc.maps.arcgis.com/home/item.html?id=dc183a15bfff4818afc974b2f9327728,The Education Corridor Actions as specified in the Dayton Riverfront Plan.
DRMP Actions - Technology Corridor,MVRPC (regional),kypolk (msimpson_MVRPC),affordability/tenure,Miami Valley region,,"Public — ArcGIS REST API, no auth",live service (verify),"ArcGIS FeatureServer/MapServer; GeoJSON, CSV, Shapefile export",,,2019-04-05,,Y,Query,,,,https://services.arcgis.com/3TIUdMHOqnLBrZEH/arcgis/rest/services/DRMP_Actions_Technology/FeatureServer,https://mvrpc.maps.arcgis.com/home/item.html?id=0c1c61f699d7490b9a40f9403087fb82,The Technology Corridor Actions as specified in the Dayton Riverfront Plan.
DRMP4Corridors,MVRPC (regional),kypolk (msimpson_MVRPC),zoning/land use,Miami Valley region,,"Public — ArcGIS REST API, no auth",live service (verify),"ArcGIS FeatureServer/MapServer; GeoJSON, CSV, Shapefile export",,,2018-09-13,,N,"Map,TilesOnly",,,,https://tiles.arcgis.com/tiles/3TIUdMHOqnLBrZEH/arcgis/rest/services/DRMP4Corridors/MapServer,https://mvrpc.maps.arcgis.com/home/item.html?id=dc0d12f06c0044a6a9f7138e62ac53ed,Showcasing 4 corridors of Dayton Riverfront Master Plan
DRMP_Boundaries,MVRPC (regional),tharner@mvrpc.org (msimpson_MVRPC),geography/reference,Miami Valley region,,"Public — ArcGIS REST API, no auth",live service (verify),"ArcGIS FeatureServer/MapServer; GeoJSON, CSV, Shapefile export",,,2020-08-14,,N,service unreachable: HTTP Error 500: Internal Server Error,,,,https://gis.mvrpc.org/arcgis/rest/services/DRMP/DRMP_Boundaries/FeatureServer,https://mvrpc.maps.arcgis.com/home/item.html?id=d76c4bc5e4e947ef9cb687a3708c00cd,
DRMP_Boundaries,MVRPC (regional),tharner@mvrpc.org (msimpson_MVRPC),geography/reference,Miami Valley region,,"Public — ArcGIS REST API, no auth",live service (verify),"ArcGIS FeatureServer/MapServer; GeoJSON, CSV, Shapefile export",,,2020-08-14,,N,service unreachable: HTTP Error 500: Internal Server Error,,,,https://gis.mvrpc.org/arcgis/rest/services/DRMP/DRMP_Boundaries/FeatureServer,https://mvrpc.maps.arcgis.com/home/item.html?id=daa4fedf58e042418707b85c9ffdf548,
DRMP_BuildingsFacilities,MVRPC (regional),tharner@mvrpc.org (msimpson_MVRPC),investment/projects,Miami Valley region,,"Public — ArcGIS REST API, no auth",live service (verify),"ArcGIS FeatureServer/MapServer; GeoJSON, CSV, Shapefile export",,,2018-01-03,,N,service unreachable: HTTP Error 500: Internal Server Error,,,,https://gis.mvrpc.org/arcgis/rest/services/DRMP/DRMP_BuildingsFacilities/FeatureServer,https://mvrpc.maps.arcgis.com/home/item.html?id=5314a9e193e14fec9651e59ff87b1e46,Buildings & Facilities for the DRMP project area
DRMP_Current,MVRPC (regional),kypolk (msimpson_MVRPC),affordability/tenure,Miami Valley region,,"Public — ArcGIS REST API, no auth",live service (verify),"ArcGIS FeatureServer/MapServer; GeoJSON, CSV, Shapefile export",,,2019-04-05,,Y,"Query,Sync",,,,https://services.arcgis.com/3TIUdMHOqnLBrZEH/arcgis/rest/services/DRMP_Current/FeatureServer,https://mvrpc.maps.arcgis.com/home/item.html?id=c0d8752bc7c24fe39537e7e84770f76e,The current designated open space outlines that encompass the reimagined parks of the Dayton Riverfront Plan.
DRMP_Focal_Parks_Deeds_Point,MVRPC (regional),kypolk (msimpson_MVRPC),ownership/transfers,Miami Valley region,address/point,"Public — ArcGIS REST API, no auth",live service (verify),"ArcGIS FeatureServer/MapServer; GeoJSON, CSV, Shapefile export",,,2019-04-05,Y,Y,"Query,Sync",,,,https://services.arcgis.com/3TIUdMHOqnLBrZEH/arcgis/rest/services/DRMP_Focal_Parks_Deeds_Point/FeatureServer,https://mvrpc.maps.arcgis.com/home/item.html?id=963e8c15a3dc4e78a23a255c2016efd2,The reimagined Deeds Point Park as described in the Dayton Riverfront Plan.
DRMP_Focal_Parks_Deweese,MVRPC (regional),kypolk (msimpson_MVRPC),zoning/land use,Miami Valley region,,"Public — ArcGIS REST API, no auth",live service (verify),"ArcGIS FeatureServer/MapServer; GeoJSON, CSV, Shapefile export",,,2019-04-05,,Y,"Query,Sync",,,,https://services.arcgis.com/3TIUdMHOqnLBrZEH/arcgis/rest/services/DRMP_Focal_Parks_Deweese/FeatureServer,https://mvrpc.maps.arcgis.com/home/item.html?id=a72e3fec44d343f280f150006ef12108,The reimagined Deweese Park as described in the Dayton Riverfront Plan.
DRMP_Focal_Parks_Island,MVRPC (regional),kypolk (msimpson_MVRPC),affordability/tenure,Miami Valley region,,"Public — ArcGIS REST API, no auth",live service (verify),"ArcGIS FeatureServer/MapServer; GeoJSON, CSV, Shapefile export",,,2019-04-05,,Y,"Query,Sync",,,,https://services.arcgis.com/3TIUdMHOqnLBrZEH/arcgis/rest/services/DRMP_Focal_Parks_Island/FeatureServer,https://mvrpc.maps.arcgis.com/home/item.html?id=178f447e307b4b119438cf6962100a3c,The reimagined Island MetroPark as described in the Dayton Riverfront Plan.
DRMP_Focal_Parks_Kettering,MVRPC (regional),kypolk (msimpson_MVRPC),affordability/tenure,Miami Valley region,,"Public — ArcGIS REST API, no auth",live service (verify),"ArcGIS FeatureServer/MapServer; GeoJSON, CSV, Shapefile export",,,2019-04-05,,Y,"Query,Sync",,,,https://services.arcgis.com/3TIUdMHOqnLBrZEH/arcgis/rest/services/DRMP_Focal_Parks_Kettering/FeatureServer,https://mvrpc.maps.arcgis.com/home/item.html?id=4b45a87a9e6348cfbad2d1cae1694083,The reimagined Kettering Field as described in the Dayton Riverfront Plan.
DRMP_Focal_Parks_Rivers_Edge,MVRPC (regional),kypolk (msimpson_MVRPC),affordability/tenure,Miami Valley region,,"Public — ArcGIS REST API, no auth",live service (verify),"ArcGIS FeatureServer/MapServer; GeoJSON, CSV, Shapefile export",,,2019-04-05,,Y,"Query,Sync",,,,https://services.arcgis.com/3TIUdMHOqnLBrZEH/arcgis/rest/services/DRMP_Focal_Parks_Rivers_Edge/FeatureServer,https://mvrpc.maps.arcgis.com/home/item.html?id=38d47e13c9ee47e8b3b3ae4e582aaf90,The reimagined River's Edge Park as described in the Dayton Riverfront Plan.
DRMP_Focal_Parks_Riverscape,MVRPC (regional),kypolk (msimpson_MVRPC),affordability/tenure,Miami Valley region,,"Public — ArcGIS REST API, no auth",live service (verify),"ArcGIS FeatureServer/MapServer; GeoJSON, CSV, Shapefile export",,,2019-04-05,,Y,"Query,Sync",,,,https://services.arcgis.com/3TIUdMHOqnLBrZEH/arcgis/rest/services/DRMP_Focal_Parks_Riverscape/FeatureServer,https://mvrpc.maps.arcgis.com/home/item.html?id=1ff8eb4cc7e24ace89bc457697281312,The reimagined Riverscape MetroPark as described in the Dayton Riverfront Plan.
DRMP_Focal_Parks_Sunrise_Sunset,MVRPC (regional),kypolk (msimpson_MVRPC),affordability/tenure,Miami Valley region,,"Public — ArcGIS REST API, no auth",live service (verify),"ArcGIS FeatureServer/MapServer; GeoJSON, CSV, Shapefile export",,,2019-04-05,,Y,"Query,Sync",,,,https://services.arcgis.com/3TIUdMHOqnLBrZEH/arcgis/rest/services/DRMP_Focal_Parks_Sunrise_Sunset/FeatureServer,https://mvrpc.maps.arcgis.com/home/item.html?id=d6cbf8abe40d44d1af36ce497c82f4cd,The reimagined Sunset and Sunrise Parks as described in the Dayton Riverfront Plan.
DRMP_Focal_Parks_Triangle,MVRPC (regional),kypolk (msimpson_MVRPC),affordability/tenure,Miami Valley region,,"Public — ArcGIS REST API, no auth",live service (verify),"ArcGIS FeatureServer/MapServer; GeoJSON, CSV, Shapefile export",,,2019-04-05,,Y,"Query,Sync",,,,https://services.arcgis.com/3TIUdMHOqnLBrZEH/arcgis/rest/services/DRMP_Focal_Parks_Triangle/FeatureServer,https://mvrpc.maps.arcgis.com/home/item.html?id=37f237cdcb9e4677be065f88d6cb019d,The reimagined Triangle Park as described in the Dayton Riverfront Plan.
DRMP_Focal_Parks_Wesleyan,MVRPC (regional),kypolk (msimpson_MVRPC),zoning/land use,Miami Valley region,,"Public — ArcGIS REST API, no auth",live service (verify),"ArcGIS FeatureServer/MapServer; GeoJSON, CSV, Shapefile export",,,2019-04-05,,Y,"Query,Sync",,,,https://services.arcgis.com/3TIUdMHOqnLBrZEH/arcgis/rest/services/DRMP_Focal_Parks_Wesleyan/FeatureServer,https://mvrpc.maps.arcgis.com/home/item.html?id=10fc3bec4ae24adbb9d7e32c9530e94f,The reimagined Wesleyan MetroPark as described in the Dayton Riverfront Plan.
DRMP_Infrastructure,MVRPC (regional),tharner@mvrpc.org (msimpson_MVRPC),investment/projects,Miami Valley region,,"Public — ArcGIS REST API, no auth",live service (verify),"ArcGIS FeatureServer/MapServer; GeoJSON, CSV, Shapefile export",,,2017-06-29,,N,service unreachable: HTTP Error 500: Internal Server Error,,,,https://gis.mvrpc.org/arcgis/rest/services/DRMP/DRMP_Infrastructure/FeatureServer,https://mvrpc.maps.arcgis.com/home/item.html?id=2947f4cf971347d08ad753409be558a1,Asset layers for DRMP project area
DRMP_Mask,MVRPC (regional),tharner@mvrpc.org (msimpson_MVRPC),,Miami Valley region,,"Public — ArcGIS REST API, no auth",live service (verify),"ArcGIS FeatureServer/MapServer; GeoJSON, CSV, Shapefile export",,,2017-02-13,,Y,Query,,,,https://services.arcgis.com/3TIUdMHOqnLBrZEH/arcgis/rest/services/DRMP_Mask/FeatureServer,https://mvrpc.maps.arcgis.com/home/item.html?id=f3fc933a49314930a66174a94b6c00dc,"DRMP study area, final, mask"
DRMP_OpenSpace,MVRPC (regional),tharner@mvrpc.org (msimpson_MVRPC),,Miami Valley region,,"Public — ArcGIS REST API, no auth",live service (verify),"ArcGIS FeatureServer/MapServer; GeoJSON, CSV, Shapefile export",,,2020-09-03,,N,service unreachable: HTTP Error 500: Internal Server Error,,,,https://gis.mvrpc.org/arcgis/rest/services/DRMP/DRMP_OpenSpace/FeatureServer,https://mvrpc.maps.arcgis.com/home/item.html?id=1622f175151a46b3b4709489a723fa05,
DRMP_Opportunities,MVRPC (regional),kypolk (msimpson_MVRPC),affordability/tenure,Miami Valley region,,"Public — ArcGIS REST API, no auth",live service (verify),"ArcGIS FeatureServer/MapServer; GeoJSON, CSV, Shapefile export",,,2019-04-03,,Y,"Create,Delete,Query,Update,Editing,Sync",,,,https://services.arcgis.com/3TIUdMHOqnLBrZEH/arcgis/rest/services/DRMP_Opportunities/FeatureServer,https://mvrpc.maps.arcgis.com/home/item.html?id=128df8ab7d6a4a36aac3763fc370f4a0,The Development and Open Space Opportunities as specified in the Dayton Riverfront Plan.
DRMP_Opportunities_Basemap,MVRPC (regional),kypolk (msimpson_MVRPC),affordability/tenure,Miami Valley region,,"Public — ArcGIS REST API, no auth",live service (verify),"ArcGIS FeatureServer/MapServer; GeoJSON, CSV, Shapefile export",,,2019-04-05,,Y,"Create,Delete,Query,Update,Editing,Sync",,,,https://services.arcgis.com/3TIUdMHOqnLBrZEH/arcgis/rest/services/DRMP_Opportunities_Basemap/FeatureServer,https://mvrpc.maps.arcgis.com/home/item.html?id=2a3def81b0084ddf8544751d58f8cb7f,The basemap for the Development and Open Space Opportunities as specified in the Dayton Riverfront Plan.
DRMP_RegulationsPolicies,MVRPC (regional),tharner@mvrpc.org (msimpson_MVRPC),,Miami Valley region,,"Public — ArcGIS REST API, no auth",live service (verify),"ArcGIS FeatureServer/MapServer; GeoJSON, CSV, Shapefile export",,,2018-01-03,,N,service unreachable: HTTP Error 500: Internal Server Error,,,,https://gis.mvrpc.org/arcgis/rest/services/DRMP/DRMP_RegulationsPolicies/FeatureServer,https://mvrpc.maps.arcgis.com/home/item.html?id=11d040e35d7549038c200e1a780b6fa2,
DRMP_Reimagined_Parks,MVRPC (regional),kypolk (msimpson_MVRPC),zoning/land use,Miami Valley region,,"Public — ArcGIS REST API, no auth",live service (verify),"ArcGIS FeatureServer/MapServer; GeoJSON, CSV, Shapefile export",,,2019-04-05,,Y,"Query,Sync",,,,https://services.arcgis.com/3TIUdMHOqnLBrZEH/arcgis/rest/services/DRMP_Reimagined_Parks/FeatureServer,https://mvrpc.maps.arcgis.com/home/item.html?id=fe77d498b7e8428fa489d81674c1c683,The estimated shape of the focal parks as reimagined by the Dayton Riverfront Plan.
DRMPStudyAreaBoundary_Revised,MVRPC (regional),kypolk (msimpson_MVRPC),zoning/land use,Miami Valley region,,"Public — ArcGIS REST API, no auth",live service (verify),"ArcGIS FeatureServer/MapServer; GeoJSON, CSV, Shapefile export",,,2017-07-05,,Y,Query,,,,https://services.arcgis.com/3TIUdMHOqnLBrZEH/arcgis/rest/services/DRMPStudyAreaBoundary_Revised/FeatureServer,https://mvrpc.maps.arcgis.com/home/item.html?id=65acd5b109dc447e98726a9d1472c23d,Proposed Revised study area boundary for Dayton Riverfront Master Plan
DRP Project Points 2024_WFL1,MVRPC (regional),kypolk (msimpson_MVRPC),investment/projects,Miami Valley region,address/point,"Public — ArcGIS REST API, no auth",live service (verify),"ArcGIS FeatureServer/MapServer; GeoJSON, CSV, Shapefile export",,,2024-05-29,,Y,Query,,,,https://services.arcgis.com/3TIUdMHOqnLBrZEH/arcgis/rest/services/DRP_Project_Points_2024_WFL1/FeatureServer,https://mvrpc.maps.arcgis.com/home/item.html?id=7bc8aca41acb413bb83185f7fae87b17,"updated project points for Dayton Riverfront Master Plan, classified by Completion Timeline"
DRP Public Points 2024_WFL1,MVRPC (regional),kypolk (msimpson_MVRPC),,Miami Valley region,address/point,"Public — ArcGIS REST API, no auth",live service (verify),"ArcGIS FeatureServer/MapServer; GeoJSON, CSV, Shapefile export",,,2024-05-21,,Y,Query,,,,https://services.arcgis.com/3TIUdMHOqnLBrZEH/arcgis/rest/services/DRP_Public_Points_2024_WFL1/FeatureServer,https://mvrpc.maps.arcgis.com/home/item.html?id=2b98612b8b1e4af199ecbb2b4ee3f98d,
DRPPointsMay82026,MVRPC (regional),kypolk (msimpson_MVRPC),investment/projects,Miami Valley region,address/point,"Public — ArcGIS REST API, no auth",live service (verify),"ArcGIS FeatureServer/MapServer; GeoJSON, CSV, Shapefile export",,,2026-06-11,,Y,Query,,,,https://services.arcgis.com/3TIUdMHOqnLBrZEH/arcgis/rest/services/DRPPointsMay82026/FeatureServer,https://mvrpc.maps.arcgis.com/home/item.html?id=80c1856013954e849330fa468df32fc3,"Dayton Riverfront Plan project list as of May 8, 2026"
DummyLayer,MVRPC (regional),msimpson_MVRPC (msimpson_MVRPC),,Miami Valley region,jurisdiction/county,"Public — ArcGIS REST API, no auth",live service (verify),"ArcGIS FeatureServer/MapServer; GeoJSON, CSV, Shapefile export",,,2024-07-12,,Y,Query,,,,https://services.arcgis.com/3TIUdMHOqnLBrZEH/arcgis/rest/services/tl_2010_39_county10/FeatureServer,https://mvrpc.maps.arcgis.com/home/item.html?id=b0abfc3bb0a04a34b103b55a93779be2,5 extremely small polygons at the intersection of Greene and Montgomery county at Dayton Springfield Pike. This layer is to create a decoy legend when AGOL limits legend functionality on other layers.
EasternTwps,MVRPC (regional),tharner@mvrpc.org (msimpson_MVRPC),affordability/tenure,Miami Valley region,jurisdiction/county,"Public — ArcGIS REST API, no auth",live service (verify),"ArcGIS FeatureServer/MapServer; GeoJSON, CSV, Shapefile export",,,2016-04-15,,Y,Query,,,,https://services.arcgis.com/3TIUdMHOqnLBrZEH/arcgis/rest/services/EasternTwps/FeatureServer,https://mvrpc.maps.arcgis.com/home/item.html?id=4680da279f76451a8d8e64c0cada1580,Brown/Lost Creek/Elizabeth/Bethel Townships
EasternTwps_V,MVRPC (regional),tharner@mvrpc.org (msimpson_MVRPC),affordability/tenure,Miami Valley region,jurisdiction/county,"Public — ArcGIS REST API, no auth",live service (verify),"ArcGIS FeatureServer/MapServer; GeoJSON, CSV, Shapefile export",,,2017-10-30,,Y,Query,,,,https://services.arcgis.com/3TIUdMHOqnLBrZEH/arcgis/rest/services/EasternTwps_V/FeatureServer,https://mvrpc.maps.arcgis.com/home/item.html?id=1fa10e68aa2841e1b55eda49b730635a,Brown/Lost Creek/Elizabeth/Bethel Townships
EastNeighborhoodBoundaries,MVRPC (regional),kypolk (msimpson_MVRPC),geography/reference,Miami Valley region,neighborhood,"Public — ArcGIS REST API, no auth",live service (verify),"ArcGIS FeatureServer/MapServer; GeoJSON, CSV, Shapefile export",,,2024-11-11,Y,Y,Query,,,,https://services.arcgis.com/3TIUdMHOqnLBrZEH/arcgis/rest/services/EastNeighborhoodBoundaries/FeatureServer,https://mvrpc.maps.arcgis.com/home/item.html?id=cb32178ef0bb40998525ffdf5f65422a,Layer used in Nov 2024 GIS Training depicting several East Dayton neighborhoods
Economic Stability Domain,MVRPC (regional),msimpson_MVRPC (msimpson_MVRPC),zoning/land use,Miami Valley region,,"Public — ArcGIS REST API, no auth",live service (verify),"ArcGIS FeatureServer/MapServer; GeoJSON, CSV, Shapefile export",,,2021-12-02,,N,"Map,TilesOnly,Tilemap",,,,https://tiles.arcgis.com/tiles/3TIUdMHOqnLBrZEH/arcgis/rest/services/Economic_Stability_Domain/MapServer,https://mvrpc.maps.arcgis.com/home/item.html?id=2a18ad0d9f444b35afb85f492425860c,Economic Stability Domain
Education Domain,MVRPC (regional),msimpson_MVRPC (msimpson_MVRPC),zoning/land use,Miami Valley region,,"Public — ArcGIS REST API, no auth",live service (verify),"ArcGIS FeatureServer/MapServer; GeoJSON, CSV, Shapefile export",,,2021-12-02,,N,"Map,TilesOnly,Tilemap",,,,https://tiles.arcgis.com/tiles/3TIUdMHOqnLBrZEH/arcgis/rest/services/Education_Domain/MapServer,https://mvrpc.maps.arcgis.com/home/item.html?id=6698d1896bdc452cb52307746e4fe9ea,Education Domain
Education Domain V2,MVRPC (regional),msimpson_MVRPC (msimpson_MVRPC),,Miami Valley region,,"Public — ArcGIS REST API, no auth",live service (verify),"ArcGIS FeatureServer/MapServer; GeoJSON, CSV, Shapefile export",,,2022-02-08,,N,"Map,TilesOnly,Tilemap",,,,https://tiles.arcgis.com/tiles/3TIUdMHOqnLBrZEH/arcgis/rest/services/Education_Domain_V2/MapServer,https://mvrpc.maps.arcgis.com/home/item.html?id=9ac65e68672c451c940e7411d7d53500,MVRPC
Educational Amenities and Access,MVRPC (regional),tharner@mvrpc.org (msimpson_MVRPC),affordability/tenure,Miami Valley region,jurisdiction/county,"Public — ArcGIS REST API, no auth",live service (verify),"ArcGIS FeatureServer/MapServer; GeoJSON, CSV, Shapefile export",,,2014-07-28,,N,"Map,TilesOnly",,,,https://tiles.arcgis.com/tiles/3TIUdMHOqnLBrZEH/arcgis/rest/services/Education/MapServer,https://mvrpc.maps.arcgis.com/home/item.html?id=affdc7519034492785fd02519bc24fe0,Educational Amenities and Access for the 3+ county Miami Valley region
EducationDashboard2_0_WFL1,MVRPC (regional),tharner@mvrpc.org (msimpson_MVRPC),,Miami Valley region,jurisdiction/county,"Public — ArcGIS REST API, no auth",live service (verify),"ArcGIS FeatureServer/MapServer; GeoJSON, CSV, Shapefile export",,,2022-10-20,,Y,Query,,,,https://services.arcgis.com/3TIUdMHOqnLBrZEH/arcgis/rest/services/EducationDashboard2_0_WFL1/FeatureServer,https://mvrpc.maps.arcgis.com/home/item.html?id=e078605176b945e9a3a38b13080dbf65,Education
Employers,MVRPC (regional),tharner@mvrpc.org (msimpson_MVRPC),,Miami Valley region,,"Public — ArcGIS REST API, no auth",live service (verify),"ArcGIS FeatureServer/MapServer; GeoJSON, CSV, Shapefile export",,,2024-06-11,,Y,Query,,,,https://services.arcgis.com/3TIUdMHOqnLBrZEH/arcgis/rest/services/Employers/FeatureServer,https://mvrpc.maps.arcgis.com/home/item.html?id=b36a11cf371f49a38b3b7669a57d760b,X
Enriched MissingBlockGroups,MVRPC (regional),tharner@mvrpc.org (msimpson_MVRPC),demographics,Miami Valley region,block group,"Public — ArcGIS REST API, no auth",live service (verify),"ArcGIS FeatureServer/MapServer; GeoJSON, CSV, Shapefile export",,,2019-10-11,,N,service unreachable: URL can't contain control characters. ',,,,https://services.arcgis.com/3TIUdMHOqnLBrZEH/arcgis/rest/services/Enriched MissingBlockGroups/FeatureServer,https://mvrpc.maps.arcgis.com/home/item.html?id=d5e5e943a391484c8de7012fada3d2b1,Feature layer generated from Enrich layer
Enriched PovertyFINAL - Poverty(Final),MVRPC (regional),tharner@mvrpc.org (msimpson_MVRPC),,Miami Valley region,,"Public — ArcGIS REST API, no auth",live service (verify),"ArcGIS FeatureServer/MapServer; GeoJSON, CSV, Shapefile export",,,2019-10-11,,N,service unreachable: URL can't contain control characters. ',,,,https://services.arcgis.com/3TIUdMHOqnLBrZEH/arcgis/rest/services/Enriched PovertyFINAL - Poverty(Final)/FeatureServer,https://mvrpc.maps.arcgis.com/home/item.html?id=2ac043fc78ae4ffa836e72f2fed320bf,Feature layer generated from Enrich layer
EnrichedDataFINAL,MVRPC (regional),tharner@mvrpc.org (msimpson_MVRPC),,Miami Valley region,,"Public — ArcGIS REST API, no auth",live service (verify),"ArcGIS FeatureServer/MapServer; GeoJSON, CSV, Shapefile export",,,2019-10-11,,Y,Query,,,,https://services.arcgis.com/3TIUdMHOqnLBrZEH/arcgis/rest/services/EnrichedDataFINAL/FeatureServer,https://mvrpc.maps.arcgis.com/home/item.html?id=4cfc5dabfa31408bb963aef42749a726,Emriched Data
Enrollment Rate 3 to 4 Year Olds Snapshot,MVRPC (regional),msimpson_MVRPC (msimpson_MVRPC),zoning/land use,Miami Valley region,,"Public — ArcGIS REST API, no auth",live service (verify),"ArcGIS FeatureServer/MapServer; GeoJSON, CSV, Shapefile export",,,2021-12-02,,N,"Map,TilesOnly,Tilemap",,,,https://tiles.arcgis.com/tiles/3TIUdMHOqnLBrZEH/arcgis/rest/services/Enrollment_Rate_3_to_4_Year_Olds_Snapshot/MapServer,https://mvrpc.maps.arcgis.com/home/item.html?id=cde6cdc9836b4c2fa20661182c1b228e,Enrollment 3 to 4 Year Olds Snapshot
Enrollment Rate 3 to 4 Year Olds Trend,MVRPC (regional),msimpson_MVRPC (msimpson_MVRPC),zoning/land use,Miami Valley region,,"Public — ArcGIS REST API, no auth",live service (verify),"ArcGIS FeatureServer/MapServer; GeoJSON, CSV, Shapefile export",,,2021-11-22,,N,"Map,TilesOnly,Tilemap",,,,https://tiles.arcgis.com/tiles/3TIUdMHOqnLBrZEH/arcgis/rest/services/Enrollment_Rate_3_to_4_Year_Olds_Trend/MapServer,https://mvrpc.maps.arcgis.com/home/item.html?id=7b2c874ea49a45f4b425f24dbcdbda54,Enrollment Rate 3 to 4 Year Olds Trend
Equity and SDOH Boundary,MVRPC (regional),msimpson_MVRPC (msimpson_MVRPC),zoning/land use,Miami Valley region,,"Public — ArcGIS REST API, no auth",live service (verify),"ArcGIS FeatureServer/MapServer; GeoJSON, CSV, Shapefile export",,,2022-03-23,,Y,Query,,,,https://services.arcgis.com/3TIUdMHOqnLBrZEH/arcgis/rest/services/Equity_and_SDOH_Boundary/FeatureServer,https://mvrpc.maps.arcgis.com/home/item.html?id=ed4fa2bb625d47a4a3839f7b6f3b0bfd,
Equity_2014_byCat,MVRPC (regional),tharner@mvrpc.org (msimpson_MVRPC),,Miami Valley region,,"Public — ArcGIS REST API, no auth",live service (verify),"ArcGIS FeatureServer/MapServer; GeoJSON, CSV, Shapefile export",,,2016-12-19,,Y,Query,,,,https://services.arcgis.com/3TIUdMHOqnLBrZEH/arcgis/rest/services/Equity_2014_byCat/FeatureServer,https://mvrpc.maps.arcgis.com/home/item.html?id=0f490e91175e45d9b8593a48d172ee7c,"Equity info for 2014, dissolved by category"
EquityLocatiions,MVRPC (regional),kypolk (msimpson_MVRPC),,Miami Valley region,,"Public — ArcGIS REST API, no auth",live service (verify),"ArcGIS FeatureServer/MapServer; GeoJSON, CSV, Shapefile export",,,2019-04-22,,Y,Query,,,,https://services.arcgis.com/3TIUdMHOqnLBrZEH/arcgis/rest/services/EquityLocatiions/FeatureServer,https://mvrpc.maps.arcgis.com/home/item.html?id=d1663f063a36416a8f042400ad70d061,
Existing Bikeways,MVRPC (regional),Reggie_Steward (msimpson_MVRPC),,Miami Valley region,,"Public — ArcGIS REST API, no auth",live service (verify),"ArcGIS FeatureServer/MapServer; GeoJSON, CSV, Shapefile export",,,2026-07-30,,Y,Query,,,,https://services.arcgis.com/3TIUdMHOqnLBrZEH/arcgis/rest/services/Existing_Bikeways/FeatureServer,https://mvrpc.maps.arcgis.com/home/item.html?id=1432fc8a8183430b9396f2fee0091b4b,
Existing Land Use,MVRPC (regional),msimpson_MVRPC (msimpson_MVRPC),zoning/land use,Miami Valley region,,"Public — ArcGIS REST API, no auth",live service (verify),"ArcGIS FeatureServer/MapServer; GeoJSON, CSV, Shapefile export",,,2025-05-08,,Y,Query,,,,https://services.arcgis.com/3TIUdMHOqnLBrZEH/arcgis/rest/services/Existing_Land_Use/FeatureServer,https://mvrpc.maps.arcgis.com/home/item.html?id=c7d48cf4d85342d0bc62db4d1733976d,
"Existing Land Use Pattern/Density & Diversity Index, 2007",MVRPC (regional),tharner@mvrpc.org (msimpson_MVRPC),affordability/tenure,Miami Valley region,jurisdiction/county,"Public — ArcGIS REST API, no auth",live service (verify),"ArcGIS FeatureServer/MapServer; GeoJSON, CSV, Shapefile export",,,2024-07-02,,Y,"Query,Extract",,,,https://services.arcgis.com/3TIUdMHOqnLBrZEH/arcgis/rest/services/DandD_2007_pub/FeatureServer,https://mvrpc.maps.arcgis.com/home/item.html?id=d21a90d01491491f9a7c1a170228b404,"Existing land use pattern by regional Density/Diversity Index for Montgomery, Miami, Greene, and Warren Counties; from 2007."
"Existing Land Use, 2018",MVRPC (regional),tharner@mvrpc.org (msimpson_MVRPC),zoning/land use,Miami Valley region,,"Public — ArcGIS REST API, no auth",live service (verify),"ArcGIS FeatureServer/MapServer; GeoJSON, CSV, Shapefile export",,,2025-03-10,,Y,"Query,Extract",,,,https://services.arcgis.com/3TIUdMHOqnLBrZEH/arcgis/rest/services/ExistingLandUse2018/FeatureServer,https://mvrpc.maps.arcgis.com/home/item.html?id=0c806c12c5e84d0793a81d290d14e765,Existing land use compiled in 2018
"Existing Land Use/Land Cover, 2000",MVRPC (regional),tharner@mvrpc.org (msimpson_MVRPC),zoning/land use,Miami Valley region,,"Public — ArcGIS REST API, no auth",live service (verify),"ArcGIS FeatureServer/MapServer; GeoJSON, CSV, Shapefile export",,,2020-10-23,,Y,"Query,Extract",,,,https://services.arcgis.com/3TIUdMHOqnLBrZEH/arcgis/rest/services/EX00/FeatureServer,https://mvrpc.maps.arcgis.com/home/item.html?id=ad8df53e48e2456cb97b81fd0caa72f2,"Existing land use/land cover, 2000"
ExtraTract_Merge,MVRPC (regional),msimpson_MVRPC (msimpson_MVRPC),demographics,Miami Valley region,tract,"Public — ArcGIS REST API, no auth",live service (verify),"ArcGIS FeatureServer/MapServer; GeoJSON, CSV, Shapefile export",,,2025-03-06,,Y,Query,,,,https://services.arcgis.com/3TIUdMHOqnLBrZEH/arcgis/rest/services/ExtraTract_Merge/FeatureServer,https://mvrpc.maps.arcgis.com/home/item.html?id=89f9bbd42b7d4767b321c1853908c3d9,2020 Tracts for the MVRPC region.
Facility Planning Areas ,MVRPC (regional),tharner@mvrpc.org (msimpson_MVRPC),affordability/tenure,Miami Valley region,jurisdiction/county,"Public — ArcGIS REST API, no auth",live service (verify),"ArcGIS FeatureServer/MapServer; GeoJSON, CSV, Shapefile export",,,2026-01-20,,Y,Query,,,,https://services.arcgis.com/3TIUdMHOqnLBrZEH/arcgis/rest/services/FPA2/FeatureServer,https://mvrpc.maps.arcgis.com/home/item.html?id=67965eab90954cf2ab7209bf3fb04e07,"Facility Planning Areas (FPA's) for Montgomery, Miami, Greene, Clark, Darke, and Preble Counties. Updated 12/25."
FINALfinalFINAL,MVRPC (regional),tharner@mvrpc.org (msimpson_MVRPC),,Miami Valley region,,"Public — ArcGIS REST API, no auth",live service (verify),"ArcGIS FeatureServer/MapServer; GeoJSON, CSV, Shapefile export",,,2019-10-11,,Y,Query,,,,https://services.arcgis.com/3TIUdMHOqnLBrZEH/arcgis/rest/services/FINALfinalFINAL/FeatureServer,https://mvrpc.maps.arcgis.com/home/item.html?id=d3ad0623de1440a0afaffb0d115db1af, summary
Fire Protection Service & Fire Stations,MVRPC (regional),tharner@mvrpc.org (msimpson_MVRPC),affordability/tenure,Miami Valley region,jurisdiction/county,"Public — ArcGIS REST API, no auth",live service (verify),"ArcGIS FeatureServer/MapServer; GeoJSON, CSV, Shapefile export",,,2014-07-28,,N,"Map,TilesOnly",,,,https://tiles.arcgis.com/tiles/3TIUdMHOqnLBrZEH/arcgis/rest/services/Fire/MapServer,https://mvrpc.maps.arcgis.com/home/item.html?id=3729d70d983f4d11914957f711624c5e,Fire Protection Service & Fire Stations for the 3+ county Miami Valley region
First Suburb Members,MVRPC (regional),tharner@mvrpc.org (msimpson_MVRPC),,Miami Valley region,,"Public — ArcGIS REST API, no auth",live service (verify),"ArcGIS FeatureServer/MapServer; GeoJSON, CSV, Shapefile export",,,2014-09-08,,Y,Query,,,,https://services.arcgis.com/3TIUdMHOqnLBrZEH/arcgis/rest/services/FirstSuburbMembers/FeatureServer,https://mvrpc.maps.arcgis.com/home/item.html?id=c8d3be104f6a4376960a42d2ba9dd45d,Members of the First Suburbs consortium
Flood Hazard,MVRPC (regional),tharner@mvrpc.org (msimpson_MVRPC),ownership/transfers,Miami Valley region,parcel,"Public — ArcGIS REST API, no auth",live service (verify),"ArcGIS FeatureServer/MapServer; GeoJSON, CSV, Shapefile export",,,2025-01-07,Y,Y,"Query,Extract",,,,https://services.arcgis.com/3TIUdMHOqnLBrZEH/arcgis/rest/services/Flood_Hazard/FeatureServer,https://mvrpc.maps.arcgis.com/home/item.html?id=8ef03b90c86d4ffd8934991a461490ee,"The FIRM is the basis for floodplain management, mitigation, and insurance activities for the National Flood Insurance Program (NFIP).  Insurance applications include enforcement of the mandatory purc"
Floodplain,MVRPC (regional),tharner@mvrpc.org (msimpson_MVRPC),,Miami Valley region,,"Public — ArcGIS REST API, no auth",live service (verify),"ArcGIS FeatureServer/MapServer; GeoJSON, CSV, Shapefile export",,,2025-05-01,,N,"Map,TilesOnly,Tilemap",,,,https://tiles.arcgis.com/tiles/3TIUdMHOqnLBrZEH/arcgis/rest/services/Floodplain/MapServer,https://mvrpc.maps.arcgis.com/home/item.html?id=30e5b5408314448d9cbff496aa18a7f9,Summary
Focal_Parks,MVRPC (regional),kypolk (msimpson_MVRPC),,Miami Valley region,,"Public — ArcGIS REST API, no auth",live service (verify),"ArcGIS FeatureServer/MapServer; GeoJSON, CSV, Shapefile export",,,2019-04-05,,Y,Query,,,,https://services.arcgis.com/3TIUdMHOqnLBrZEH/arcgis/rest/services/Focal_Parks/FeatureServer,https://mvrpc.maps.arcgis.com/home/item.html?id=e94c7e15b0c349f2bfd74f5279f7c51a,
Food_Insecurity_ZIP,MVRPC (regional),msimpson_MVRPC (msimpson_MVRPC),,Miami Valley region,,"Public — ArcGIS REST API, no auth",live service (verify),"ArcGIS FeatureServer/MapServer; GeoJSON, CSV, Shapefile export",,,2025-02-13,,Y,Query,,,,https://services.arcgis.com/3TIUdMHOqnLBrZEH/arcgis/rest/services/Food_Insecurity_ZIP/FeatureServer,https://mvrpc.maps.arcgis.com/home/item.html?id=6db8475592e344c3b1f8e16cc0d7e5d3,
Food_Insecurity_ZIP_Clip,MVRPC (regional),msimpson_MVRPC (msimpson_MVRPC),,Miami Valley region,,"Public — ArcGIS REST API, no auth",live service (verify),"ArcGIS FeatureServer/MapServer; GeoJSON, CSV, Shapefile export",,,2025-02-26,,Y,Query,,,,https://services.arcgis.com/3TIUdMHOqnLBrZEH/arcgis/rest/services/Food_Insecurity_ZIP_Clip/FeatureServer,https://mvrpc.maps.arcgis.com/home/item.html?id=5820d74891114c9ca7bb02134115b5e5,
FoodInsecurityTractUpdated,MVRPC (regional),msimpson_MVRPC (msimpson_MVRPC),demographics,Miami Valley region,tract,"Public — ArcGIS REST API, no auth",live service (verify),"ArcGIS FeatureServer/MapServer; GeoJSON, CSV, Shapefile export",,,2025-02-19,,Y,Query,,,,https://services.arcgis.com/3TIUdMHOqnLBrZEH/arcgis/rest/services/FoodInsecurityTractUpdated/FeatureServer,https://mvrpc.maps.arcgis.com/home/item.html?id=fbff7b3fcbe14eee8f6f03e69a9b2c8c,2020 Tracts for the MVRPC region.
FoodSysInfo_WFL1,MVRPC (regional),kypolk (msimpson_MVRPC),,Miami Valley region,,"Public — ArcGIS REST API, no auth",live service (verify),"ArcGIS FeatureServer/MapServer; GeoJSON, CSV, Shapefile export",,,2025-03-26,,Y,Query,,,,https://services.arcgis.com/3TIUdMHOqnLBrZEH/arcgis/rest/services/FoodSysInfo_WFL1/FeatureServer,https://mvrpc.maps.arcgis.com/home/item.html?id=6652bd69e22e4c4d896c6099baf1fb8a,
FoodSystems_WFL1,MVRPC (regional),kypolk (msimpson_MVRPC),affordability/tenure,Miami Valley region,jurisdiction/county,"Public — ArcGIS REST API, no auth",live service (verify),"ArcGIS FeatureServer/MapServer; GeoJSON, CSV, Shapefile export",,,2025-03-14,,Y,Query,,,,https://services.arcgis.com/3TIUdMHOqnLBrZEH/arcgis/rest/services/FoodSystems_WFL1/FeatureServer,https://mvrpc.maps.arcgis.com/home/item.html?id=9e437d5c275645318f9c5acdc845b852,Food Systems data for 7 county region in Miami Valley to examine food systems and food insecurity 
FoodSystemsLILAInfo_WFL1,MVRPC (regional),kypolk (msimpson_MVRPC),,Miami Valley region,,"Public — ArcGIS REST API, no auth",live service (verify),"ArcGIS FeatureServer/MapServer; GeoJSON, CSV, Shapefile export",,,2025-03-19,,Y,Query,,,,https://services.arcgis.com/3TIUdMHOqnLBrZEH/arcgis/rest/services/FoodSystemsLILAInfo_WFL1/FeatureServer,https://mvrpc.maps.arcgis.com/home/item.html?id=879594de8c2f464d9774d36bc01dc8a0,map with layer file depicting food atlas LILA info
Forested Areas,MVRPC (regional),tharner@mvrpc.org (msimpson_MVRPC),affordability/tenure,Miami Valley region,jurisdiction/county,"Public — ArcGIS REST API, no auth",live service (verify),"ArcGIS FeatureServer/MapServer; GeoJSON, CSV, Shapefile export",,,2019-08-22,,N,"Map,TilesOnly",,,,https://tiles.arcgis.com/tiles/3TIUdMHOqnLBrZEH/arcgis/rest/services/ForestedAreas/MapServer,https://mvrpc.maps.arcgis.com/home/item.html?id=c89c114daa4543659200b6bcd1e574b6,Forested Areas for the 8-county Miami Valley region
FPA Boundaries and Prescriptions,MVRPC (regional),mlindsay_MVRPC (msimpson_MVRPC),zoning/land use,Miami Valley region,,"Public — ArcGIS REST API, no auth",live service (verify),"ArcGIS FeatureServer/MapServer; GeoJSON, CSV, Shapefile export",,,2022-05-12,,Y,Query,,,,https://services.arcgis.com/3TIUdMHOqnLBrZEH/arcgis/rest/services/FPAgdb/FeatureServer,https://mvrpc.maps.arcgis.com/home/item.html?id=1e1c49e6632c4a2dabf48df7aaee6bbb,Areawide 208/201 Facilities Planning Area (FPA) information
Freight Centers,MVRPC (regional),kypolk (msimpson_MVRPC),affordability/tenure,Miami Valley region,jurisdiction/county,"Public — ArcGIS REST API, no auth",live service (verify),"ArcGIS FeatureServer/MapServer; GeoJSON, CSV, Shapefile export",,,2020-12-03,,Y,Query,,,,https://services.arcgis.com/3TIUdMHOqnLBrZEH/arcgis/rest/services/Freight_WEB/FeatureServer,https://mvrpc.maps.arcgis.com/home/item.html?id=d718da27efaf48ebb4dd62a9e3de4cf2,Airports and railways important to freight network in the Miami Valley
FreqPhysDistressTractUpdated,MVRPC (regional),msimpson_MVRPC (msimpson_MVRPC),demographics,Miami Valley region,tract,"Public — ArcGIS REST API, no auth",live service (verify),"ArcGIS FeatureServer/MapServer; GeoJSON, CSV, Shapefile export",,,2025-02-19,,Y,Query,,,,https://services.arcgis.com/3TIUdMHOqnLBrZEH/arcgis/rest/services/FreqPhysDistressTractUpdated/FeatureServer,https://mvrpc.maps.arcgis.com/home/item.html?id=34db1e4cfe3b4d14b86a41f2a6cc3dfa,2020 Tracts for the MVRPC region.
FrequentMentalDistressTractUpdated,MVRPC (regional),msimpson_MVRPC (msimpson_MVRPC),demographics,Miami Valley region,tract,"Public — ArcGIS REST API, no auth",live service (verify),"ArcGIS FeatureServer/MapServer; GeoJSON, CSV, Shapefile export",,,2025-02-19,,Y,Query,,,,https://services.arcgis.com/3TIUdMHOqnLBrZEH/arcgis/rest/services/FrequentMentalDistressTractUpdated/FeatureServer,https://mvrpc.maps.arcgis.com/home/item.html?id=a5417cc05e0c40079e0fee1f5ee4abf5,2020 Tracts for the MVRPC region.
FromPiquaSidewalks (Properties Saved),MVRPC (regional),msimpson_MVRPC (msimpson_MVRPC),ownership/transfers,Miami Valley region,parcel,"Public — ArcGIS REST API, no auth",live service (verify),"ArcGIS FeatureServer/MapServer; GeoJSON, CSV, Shapefile export",,,2025-07-11,Y,Y,Query,,,,https://services.arcgis.com/3TIUdMHOqnLBrZEH/arcgis/rest/services/SidewalksPiquaAndInventory/FeatureServer,https://mvrpc.maps.arcgis.com/home/item.html?id=0651e7280f3446198d3d8cac1942e761,Sidewalk coverage for the study area provided by MCRPC Sidewalk inventory and City of Piqua's most recent dataset
Functionally Classified Roads,MVRPC (regional),tharner@mvrpc.org (msimpson_MVRPC),,Miami Valley region,jurisdiction/county,"Public — ArcGIS REST API, no auth",live service (verify),"ArcGIS FeatureServer/MapServer; GeoJSON, CSV, Shapefile export",,,2026-04-02,,Y,Query,,,,https://services.arcgis.com/3TIUdMHOqnLBrZEH/arcgis/rest/services/FuncClassRoads/FeatureServer,https://mvrpc.maps.arcgis.com/home/item.html?id=617bdb7942294d719c21a081e5382c5b,Functionally classified roads for the MVRPC region.
Functionally Classified Streets for MCPH HEAL,MVRPC (regional),msimpson_MVRPC (msimpson_MVRPC),geography/reference,Miami Valley region,,"Public — ArcGIS REST API, no auth",live service (verify),"ArcGIS FeatureServer/MapServer; GeoJSON, CSV, Shapefile export",,,2025-06-30,,Y,Query,,,,https://services.arcgis.com/3TIUdMHOqnLBrZEH/arcgis/rest/services/Functionally_Classified_Streets_for_MCPH_HEAL/FeatureServer,https://mvrpc.maps.arcgis.com/home/item.html?id=84b7f49b8bff4f5b9919fe72b2ef0f2e,Piqua Area Functionally Classified Streets
"Future Land Use Pattern, 2040 Concentrated Development Vision",MVRPC (regional),tharner@mvrpc.org (msimpson_MVRPC),affordability/tenure,Miami Valley region,jurisdiction/county,"Public — ArcGIS REST API, no auth",live service (verify),"ArcGIS FeatureServer/MapServer; GeoJSON, CSV, Shapefile export",,,2024-07-02,,Y,"Query,Extract",,,,https://services.arcgis.com/3TIUdMHOqnLBrZEH/arcgis/rest/services/cdv/FeatureServer,https://mvrpc.maps.arcgis.com/home/item.html?id=591be0c20cc34e388a7c093f577ec155,"Future land use pattern by regional Density/Diversity Index for Montgomery, Miami, Greene and Warren Counties; 2040 projection from the Going Places Concentrated Development Vision."
"Future Land Use Pattern, 2040 Concentrated Development Vision - protected areas",MVRPC (regional),tharner@mvrpc.org (msimpson_MVRPC),affordability/tenure,Miami Valley region,jurisdiction/county,"Public — ArcGIS REST API, no auth",live service (verify),"ArcGIS FeatureServer/MapServer; GeoJSON, CSV, Shapefile export",,,2024-07-02,,Y,"Query,Extract",,,,https://services.arcgis.com/3TIUdMHOqnLBrZEH/arcgis/rest/services/cdv_protected/FeatureServer,https://mvrpc.maps.arcgis.com/home/item.html?id=dde38e8f66214518855b78f7ba38f440,"Protected areas for the future land use pattern by regional Density/Diversity Index for Montgomery, Miami, Greene and Warren Counties; 2040 projection from the Going Places Concentrated Development Vi"
Future_Plan_Inventory,MVRPC (regional),msimpson_MVRPC (msimpson_MVRPC),zoning/land use,Miami Valley region,,"Public — ArcGIS REST API, no auth",live service (verify),"ArcGIS FeatureServer/MapServer; GeoJSON, CSV, Shapefile export",,,2023-07-24,,Y,Query,,,,https://services.arcgis.com/3TIUdMHOqnLBrZEH/arcgis/rest/services/Future_Plan_Inventory/FeatureServer,https://mvrpc.maps.arcgis.com/home/item.html?id=533432a3742441bcbcba8d6569601093,
Future_Plan_Inventory_Darke,MVRPC (regional),msimpson_MVRPC (msimpson_MVRPC),zoning/land use,Miami Valley region,,"Public — ArcGIS REST API, no auth",live service (verify),"ArcGIS FeatureServer/MapServer; GeoJSON, CSV, Shapefile export",,,2023-07-10,,Y,Query,,,,https://services.arcgis.com/3TIUdMHOqnLBrZEH/arcgis/rest/services/Future_Plan_Inventory_Darke/FeatureServer,https://mvrpc.maps.arcgis.com/home/item.html?id=b389dd8a72c2490cb4be8e3951d9ef87,
Future_Plan_Inventory_DarkeCounty,MVRPC (regional),msimpson_MVRPC (msimpson_MVRPC),zoning/land use,Miami Valley region,jurisdiction/county,"Public — ArcGIS REST API, no auth",live service (verify),"ArcGIS FeatureServer/MapServer; GeoJSON, CSV, Shapefile export",,,2023-07-13,,Y,Query,,,,https://services.arcgis.com/3TIUdMHOqnLBrZEH/arcgis/rest/services/Future_Plan_Inventory_DarkeCounty/FeatureServer,https://mvrpc.maps.arcgis.com/home/item.html?id=effae84fd6564da9a1a8f1f41e8d0310,
Future_Plan_Inventory_GreeneCounty,MVRPC (regional),msimpson_MVRPC (msimpson_MVRPC),zoning/land use,Miami Valley region,jurisdiction/county,"Public — ArcGIS REST API, no auth",live service (verify),"ArcGIS FeatureServer/MapServer; GeoJSON, CSV, Shapefile export",,,2023-07-13,,Y,Query,,,,https://services.arcgis.com/3TIUdMHOqnLBrZEH/arcgis/rest/services/Future_Plan_Inventory_GreeneCounty/FeatureServer,https://mvrpc.maps.arcgis.com/home/item.html?id=85cf0824d0144bf9b2dddc2912c20ed2,
Future_Plan_Inventory_MiamiCounty,MVRPC (regional),msimpson_MVRPC (msimpson_MVRPC),affordability/tenure,Miami Valley region,jurisdiction/county,"Public — ArcGIS REST API, no auth",live service (verify),"ArcGIS FeatureServer/MapServer; GeoJSON, CSV, Shapefile export",,,2023-07-13,,Y,Query,,,,https://services.arcgis.com/3TIUdMHOqnLBrZEH/arcgis/rest/services/Future_Plan_Inventory_MiamiCounty/FeatureServer,https://mvrpc.maps.arcgis.com/home/item.html?id=a9f7dd4313704d5ba40a7706bb256e4e,
Future_Plan_Inventory_MontgomeryCounty,MVRPC (regional),msimpson_MVRPC (msimpson_MVRPC),zoning/land use,Miami Valley region,jurisdiction/county,"Public — ArcGIS REST API, no auth",live service (verify),"ArcGIS FeatureServer/MapServer; GeoJSON, CSV, Shapefile export",,,2023-07-13,,Y,Query,,,,https://services.arcgis.com/3TIUdMHOqnLBrZEH/arcgis/rest/services/Future_Plan_Inventory_MontgomeryCounty/FeatureServer,https://mvrpc.maps.arcgis.com/home/item.html?id=dc2e1b2791f94ba4b0d0fe7f05a5f32d,
Future_Plan_Inventory_PrebleCounty,MVRPC (regional),msimpson_MVRPC (msimpson_MVRPC),zoning/land use,Miami Valley region,jurisdiction/county,"Public — ArcGIS REST API, no auth",live service (verify),"ArcGIS FeatureServer/MapServer; GeoJSON, CSV, Shapefile export",,,2023-07-13,,Y,Query,,,,https://services.arcgis.com/3TIUdMHOqnLBrZEH/arcgis/rest/services/Future_Plan_Inventory_PrebleCounty/FeatureServer,https://mvrpc.maps.arcgis.com/home/item.html?id=670e5d9cf7374356b0d73356d66d6a5c,
Future_Plan_Inventory_ShelbyCounty,MVRPC (regional),msimpson_MVRPC (msimpson_MVRPC),zoning/land use,Miami Valley region,jurisdiction/county,"Public — ArcGIS REST API, no auth",live service (verify),"ArcGIS FeatureServer/MapServer; GeoJSON, CSV, Shapefile export",,,2023-07-13,,Y,Query,,,,https://services.arcgis.com/3TIUdMHOqnLBrZEH/arcgis/rest/services/Future_Plan_Inventory_ShelbyCounty/FeatureServer,https://mvrpc.maps.arcgis.com/home/item.html?id=3d68f57e2fe0443b8421a3367a62719b,
Future_Plan_Inventory_WarrenCounty,MVRPC (regional),msimpson_MVRPC (msimpson_MVRPC),zoning/land use,Miami Valley region,jurisdiction/county,"Public — ArcGIS REST API, no auth",live service (verify),"ArcGIS FeatureServer/MapServer; GeoJSON, CSV, Shapefile export",,,2023-07-13,,Y,Query,,,,https://services.arcgis.com/3TIUdMHOqnLBrZEH/arcgis/rest/services/Future_Plan_Inventory_WarrenCounty/FeatureServer,https://mvrpc.maps.arcgis.com/home/item.html?id=24f0ccab4cbd4a9b8a8fc5e0552dbcf4,
GCPH Greene County Food Locations_WFL1,MVRPC (regional),msimpson_MVRPC (msimpson_MVRPC),,Miami Valley region,jurisdiction/county,"Public — ArcGIS REST API, no auth",live service (verify),"ArcGIS FeatureServer/MapServer; GeoJSON, CSV, Shapefile export",,,2025-04-11,,Y,Query,,,,https://services.arcgis.com/3TIUdMHOqnLBrZEH/arcgis/rest/services/GCPH_Greene_County_Food_Locations_WFL1/FeatureServer,https://mvrpc.maps.arcgis.com/home/item.html?id=7ad8aae7553c45768fd855f384f72984,A map of food locations within Greene County.
GCPH_Countywide_food_for_HC,MVRPC (regional),msimpson_MVRPC (msimpson_MVRPC),,Miami Valley region,jurisdiction/county,"Public — ArcGIS REST API, no auth",live service (verify),"ArcGIS FeatureServer/MapServer; GeoJSON, CSV, Shapefile export",,,2026-07-06,,Y,Query,,,,https://services.arcgis.com/3TIUdMHOqnLBrZEH/arcgis/rest/services/GCPH_Countywide_food_for_HC/FeatureServer,https://mvrpc.maps.arcgis.com/home/item.html?id=250008854d544385b8277df95f2dcb14,
GCPHFairborn_food,MVRPC (regional),tharner@mvrpc.org (msimpson_MVRPC),,Miami Valley region,,"Public — ArcGIS REST API, no auth",live service (verify),"ArcGIS FeatureServer/MapServer; GeoJSON, CSV, Shapefile export",,,2024-04-11,,Y,Query,,,,https://services.arcgis.com/3TIUdMHOqnLBrZEH/arcgis/rest/services/GCPHFairborn_food/FeatureServer,https://mvrpc.maps.arcgis.com/home/item.html?id=3f86f46da5564c789f7971b2b06d377f,Food locations
General_Health_ZIP,MVRPC (regional),msimpson_MVRPC (msimpson_MVRPC),,Miami Valley region,,"Public — ArcGIS REST API, no auth",live service (verify),"ArcGIS FeatureServer/MapServer; GeoJSON, CSV, Shapefile export",,,2025-02-13,,Y,Query,,,,https://services.arcgis.com/3TIUdMHOqnLBrZEH/arcgis/rest/services/General_Health_ZIP/FeatureServer,https://mvrpc.maps.arcgis.com/home/item.html?id=0c9bf6a23f9e4640b022463d05da0519,
General_Health_ZIP_Clip,MVRPC (regional),msimpson_MVRPC (msimpson_MVRPC),,Miami Valley region,,"Public — ArcGIS REST API, no auth",live service (verify),"ArcGIS FeatureServer/MapServer; GeoJSON, CSV, Shapefile export",,,2025-02-25,,Y,Query,,,,https://services.arcgis.com/3TIUdMHOqnLBrZEH/arcgis/rest/services/General_Health_ZIP_Clip/FeatureServer,https://mvrpc.maps.arcgis.com/home/item.html?id=e7cf1e607da144edad8d8fd963073952,
GeneralHealthTractUpdated,MVRPC (regional),msimpson_MVRPC (msimpson_MVRPC),demographics,Miami Valley region,tract,"Public — ArcGIS REST API, no auth",live service (verify),"ArcGIS FeatureServer/MapServer; GeoJSON, CSV, Shapefile export",,,2025-02-19,,Y,Query,,,,https://services.arcgis.com/3TIUdMHOqnLBrZEH/arcgis/rest/services/GeneralHealthTractUpdated/FeatureServer,https://mvrpc.maps.arcgis.com/home/item.html?id=31f4ae906c114a3ea89f349ee69e2071,2020 Tracts for the MVRPC region.
Generalized Land Use (Properties Saved),MVRPC (regional),msimpson_MVRPC (msimpson_MVRPC),ownership/transfers,Miami Valley region,parcel,"Public — ArcGIS REST API, no auth",live service (verify),"ArcGIS FeatureServer/MapServer; GeoJSON, CSV, Shapefile export",,,2025-07-11,Y,Y,Query,,,,https://services.arcgis.com/3TIUdMHOqnLBrZEH/arcgis/rest/services/Existing_Land_Use/FeatureServer,https://mvrpc.maps.arcgis.com/home/item.html?id=ea620a49496942989b9abf3e88a5030a,
Georeferenced_Deeds,MVRPC (regional),kypolk (msimpson_MVRPC),ownership/transfers,Miami Valley region,address/point,"Public — ArcGIS REST API, no auth",live service (verify),"ArcGIS FeatureServer/MapServer; GeoJSON, CSV, Shapefile export",,,2019-04-05,,N,"Map,TilesOnly",,,,https://tiles.arcgis.com/tiles/3TIUdMHOqnLBrZEH/arcgis/rest/services/Georeferenced_Deeds/MapServer,https://mvrpc.maps.arcgis.com/home/item.html?id=7549f037f3df46f8995e8bf7919c60b0,A georeferenced PNG of Deeds Point.
Georeferenced_DeWeese,MVRPC (regional),kypolk (msimpson_MVRPC),,Miami Valley region,,"Public — ArcGIS REST API, no auth",live service (verify),"ArcGIS FeatureServer/MapServer; GeoJSON, CSV, Shapefile export",,,2019-04-05,,N,"Map,TilesOnly",,,,https://tiles.arcgis.com/tiles/3TIUdMHOqnLBrZEH/arcgis/rest/services/Georeferenced_DeWeese/MapServer,https://mvrpc.maps.arcgis.com/home/item.html?id=e263b76671fb4aa8904b21aa10eac92d,A georeferenced png of DeWeese MetroPark
Georeferenced_Island_MetroPark,MVRPC (regional),kypolk (msimpson_MVRPC),,Miami Valley region,,"Public — ArcGIS REST API, no auth",live service (verify),"ArcGIS FeatureServer/MapServer; GeoJSON, CSV, Shapefile export",,,2019-04-05,,N,"Map,TilesOnly",,,,https://tiles.arcgis.com/tiles/3TIUdMHOqnLBrZEH/arcgis/rest/services/Georeferenced_Island_MetroPark/MapServer,https://mvrpc.maps.arcgis.com/home/item.html?id=0213f8111ffe4d30bb6c63300b2470c1,A georeferenced PNG of Island MetroPark.
Georeferenced_Kettering,MVRPC (regional),kypolk (msimpson_MVRPC),,Miami Valley region,,"Public — ArcGIS REST API, no auth",live service (verify),"ArcGIS FeatureServer/MapServer; GeoJSON, CSV, Shapefile export",,,2019-04-05,,N,"Map,TilesOnly",,,,https://tiles.arcgis.com/tiles/3TIUdMHOqnLBrZEH/arcgis/rest/services/Georeferenced_Kettering/MapServer,https://mvrpc.maps.arcgis.com/home/item.html?id=59d923da428f43b094c923d376454aa7,A georeferenced PNG of Kettering Field.
Georeferenced_Riverscape,MVRPC (regional),kypolk (msimpson_MVRPC),,Miami Valley region,,"Public — ArcGIS REST API, no auth",live service (verify),"ArcGIS FeatureServer/MapServer; GeoJSON, CSV, Shapefile export",,,2019-04-05,,N,"Map,TilesOnly",,,,https://tiles.arcgis.com/tiles/3TIUdMHOqnLBrZEH/arcgis/rest/services/Georeferenced_Riverscape/MapServer,https://mvrpc.maps.arcgis.com/home/item.html?id=2b50edb896df4445885ab5b68951cc1c,A georeferenced PNG of Riverscape MetroPark
Georeferenced_Riversedge,MVRPC (regional),kypolk (msimpson_MVRPC),,Miami Valley region,,"Public — ArcGIS REST API, no auth",live service (verify),"ArcGIS FeatureServer/MapServer; GeoJSON, CSV, Shapefile export",,,2019-04-05,,N,"Map,TilesOnly",,,,https://tiles.arcgis.com/tiles/3TIUdMHOqnLBrZEH/arcgis/rest/services/Georeferenced_Riversedge/MapServer,https://mvrpc.maps.arcgis.com/home/item.html?id=1a8fdd29e8c54b1184548b94c4e5f6a2,A georeferenced PNG of Rivers Edge Park.
Georeferenced_Sunrise_Sunset,MVRPC (regional),kypolk (msimpson_MVRPC),,Miami Valley region,,"Public — ArcGIS REST API, no auth",live service (verify),"ArcGIS FeatureServer/MapServer; GeoJSON, CSV, Shapefile export",,,2019-04-05,,N,"Map,TilesOnly",,,,https://tiles.arcgis.com/tiles/3TIUdMHOqnLBrZEH/arcgis/rest/services/Georeferenced_Sunrise_Sunset/MapServer,https://mvrpc.maps.arcgis.com/home/item.html?id=4d8f055f761a4cce9763bbb598981d22,This is a georeferenced PNG of Sunrise and Sunset Parks.
Georeferenced_Triangle,MVRPC (regional),kypolk (msimpson_MVRPC),,Miami Valley region,,"Public — ArcGIS REST API, no auth",live service (verify),"ArcGIS FeatureServer/MapServer; GeoJSON, CSV, Shapefile export",,,2019-04-05,,N,"Map,TilesOnly",,,,https://tiles.arcgis.com/tiles/3TIUdMHOqnLBrZEH/arcgis/rest/services/Georeferenced_Triangle/MapServer,https://mvrpc.maps.arcgis.com/home/item.html?id=44da3bba160b4ec281f8ee110b40ce09,A georeferenced PNG of Triangle Park.
Georeferenced_Wesleyan,MVRPC (regional),kypolk (msimpson_MVRPC),,Miami Valley region,,"Public — ArcGIS REST API, no auth",live service (verify),"ArcGIS FeatureServer/MapServer; GeoJSON, CSV, Shapefile export",,,2019-04-05,,N,"Map,TilesOnly",,,,https://tiles.arcgis.com/tiles/3TIUdMHOqnLBrZEH/arcgis/rest/services/Georeferenced_Wesleyan/MapServer,https://mvrpc.maps.arcgis.com/home/item.html?id=76cbd62c2ed3419c91af2f9517ed7a3a,A georeferenced PNG of Wesleyan MetroPark.
GIS_Activities_layer,MVRPC (regional),tharner@mvrpc.org (msimpson_MVRPC),,Miami Valley region,,"Public — ArcGIS REST API, no auth",live service (verify),"ArcGIS FeatureServer/MapServer; GeoJSON, CSV, Shapefile export",,,2017-02-02,,Y,"Create,Delete,Query,Update,Editing",,,,https://services.arcgis.com/3TIUdMHOqnLBrZEH/arcgis/rest/services/GIS_Activities_layer/FeatureServer,https://mvrpc.maps.arcgis.com/home/item.html?id=9a62487b4e7443f6bd51d078253e4f9c,MVRPC GIS activities
GMR ADA Boat Ramps,MVRPC (regional),kypolk (msimpson_MVRPC),affordability/tenure,Miami Valley region,,"Public — ArcGIS REST API, no auth",live service (verify),"ArcGIS FeatureServer/MapServer; GeoJSON, CSV, Shapefile export",,,2020-02-14,,Y,Query,,,,https://services.arcgis.com/3TIUdMHOqnLBrZEH/arcgis/rest/services/GMR_ADABoatRamps/FeatureServer,https://mvrpc.maps.arcgis.com/home/item.html?id=f7700a5b6fb04f23b4acac52a87edb3f,ADA compliant boat ramps  within one mile along the 99 mile of the Great Miami Riverway
GMR Bike Access,MVRPC (regional),kypolk (msimpson_MVRPC),affordability/tenure,Miami Valley region,address/point,"Public — ArcGIS REST API, no auth",live service (verify),"ArcGIS FeatureServer/MapServer; GeoJSON, CSV, Shapefile export",,,2020-02-12,,Y,Query,,,,https://services.arcgis.com/3TIUdMHOqnLBrZEH/arcgis/rest/services/BikeAccess/FeatureServer,https://mvrpc.maps.arcgis.com/home/item.html?id=cbeab8c9d290439183abc820b80d2cc6,Bike Access points within 1 mile along the 99 mile Great Miami Riverway
GMR Bike Racks,MVRPC (regional),kypolk (msimpson_MVRPC),affordability/tenure,Miami Valley region,,"Public — ArcGIS REST API, no auth",live service (verify),"ArcGIS FeatureServer/MapServer; GeoJSON, CSV, Shapefile export",,,2020-02-12,,Y,Query,,,,https://services.arcgis.com/3TIUdMHOqnLBrZEH/arcgis/rest/services/GMRBikeRacks/FeatureServer,https://mvrpc.maps.arcgis.com/home/item.html?id=c2aafa50700543788ef636c21b5a1f47,Bike racks within one mile along the 99 mile of the Great Miami Riverway
GMR Bike Rental,MVRPC (regional),kypolk (msimpson_MVRPC),affordability/tenure,Miami Valley region,,"Public — ArcGIS REST API, no auth",live service (verify),"ArcGIS FeatureServer/MapServer; GeoJSON, CSV, Shapefile export",,,2020-02-12,Y,Y,Query,,,,https://services.arcgis.com/3TIUdMHOqnLBrZEH/arcgis/rest/services/GMRBikeRental/FeatureServer,https://mvrpc.maps.arcgis.com/home/item.html?id=6280d908ccc64a7b89f97cbc8f50ee1e,Bike parking within one mile along the 99 mile of the Great Miami Riverway
GMR Bus Stops,MVRPC (regional),kypolk (msimpson_MVRPC),affordability/tenure,Miami Valley region,address/point,"Public — ArcGIS REST API, no auth",live service (verify),"ArcGIS FeatureServer/MapServer; GeoJSON, CSV, Shapefile export",,,2020-02-18,,Y,Query,,,,https://services.arcgis.com/3TIUdMHOqnLBrZEH/arcgis/rest/services/GMRBusStops/FeatureServer,https://mvrpc.maps.arcgis.com/home/item.html?id=f60bb50e19b943dbb92399daeb110578,Bus stops within one mile along the 99 mile of the Great Miami Riverway
GMR Fix-It Stations,MVRPC (regional),kypolk (msimpson_MVRPC),affordability/tenure,Miami Valley region,,"Public — ArcGIS REST API, no auth",live service (verify),"ArcGIS FeatureServer/MapServer; GeoJSON, CSV, Shapefile export",,,2020-02-12,,Y,Query,,,,https://services.arcgis.com/3TIUdMHOqnLBrZEH/arcgis/rest/services/GMRFixItStations/FeatureServer,https://mvrpc.maps.arcgis.com/home/item.html?id=88a3d323b97b46aabb1385de91d3775c,Fix It Stations within one mile along the 99 mile of the Great Miami Riverway
GMR Hand Carried Boat Ramps,MVRPC (regional),kypolk (msimpson_MVRPC),affordability/tenure,Miami Valley region,,"Public — ArcGIS REST API, no auth",live service (verify),"ArcGIS FeatureServer/MapServer; GeoJSON, CSV, Shapefile export",,,2020-02-14,,Y,Query,,,,https://services.arcgis.com/3TIUdMHOqnLBrZEH/arcgis/rest/services/GMRHandCarriedBoatRamps/FeatureServer,https://mvrpc.maps.arcgis.com/home/item.html?id=5a627642d78547e180affd20092dc9ee,Hand carried boat ramps positions within one mile along the 99 mile of the Great Miami Riverway
GMR Local Bikeways,MVRPC (regional),kypolk (msimpson_MVRPC),affordability/tenure,Miami Valley region,,"Public — ArcGIS REST API, no auth",live service (verify),"ArcGIS FeatureServer/MapServer; GeoJSON, CSV, Shapefile export",,,2020-02-12,,Y,Query,,,,https://services.arcgis.com/3TIUdMHOqnLBrZEH/arcgis/rest/services/GMRLocalBikeways/FeatureServer,https://mvrpc.maps.arcgis.com/home/item.html?id=9ace4c8a88504ce8855160401adcaa19,Local Bikeways within one mile along the 99 mile of the Great Miami Riverway
GMR Parking,MVRPC (regional),kypolk (msimpson_MVRPC),affordability/tenure,Miami Valley region,,"Public — ArcGIS REST API, no auth",live service (verify),"ArcGIS FeatureServer/MapServer; GeoJSON, CSV, Shapefile export",,,2020-02-20,,Y,Query,,,,https://services.arcgis.com/3TIUdMHOqnLBrZEH/arcgis/rest/services/GMRBikeParking/FeatureServer,https://mvrpc.maps.arcgis.com/home/item.html?id=45689e62aec542228984de9302100924,Parking within one mile along the 99 mile of the Great Miami Riverway
GMR Restrooms,MVRPC (regional),kypolk (msimpson_MVRPC),affordability/tenure,Miami Valley region,,"Public — ArcGIS REST API, no auth",live service (verify),"ArcGIS FeatureServer/MapServer; GeoJSON, CSV, Shapefile export",,,2020-02-12,,Y,Query,,,,https://services.arcgis.com/3TIUdMHOqnLBrZEH/arcgis/rest/services/GMRRestrooms/FeatureServer,https://mvrpc.maps.arcgis.com/home/item.html?id=e4127743d9b64f79bce2e5e4982df8ce,Restrooms within one mile along the 99 mile of the Great Miami Riverway
GMR River Access,MVRPC (regional),kypolk (msimpson_MVRPC),affordability/tenure,Miami Valley region,,"Public — ArcGIS REST API, no auth",live service (verify),"ArcGIS FeatureServer/MapServer; GeoJSON, CSV, Shapefile export",,,2020-02-14,,Y,Query,,,,https://services.arcgis.com/3TIUdMHOqnLBrZEH/arcgis/rest/services/GMRRiverAccess/FeatureServer,https://mvrpc.maps.arcgis.com/home/item.html?id=2a1f3befe35746a58516d7e6b7f50cd6,River access within one mile along the 99 mile of the Great Miami Riverway
GMR Seating,MVRPC (regional),kypolk (msimpson_MVRPC),affordability/tenure,Miami Valley region,,"Public — ArcGIS REST API, no auth",live service (verify),"ArcGIS FeatureServer/MapServer; GeoJSON, CSV, Shapefile export",,,2020-02-12,,Y,Query,,,,https://services.arcgis.com/3TIUdMHOqnLBrZEH/arcgis/rest/services/GMRSeating/FeatureServer,https://mvrpc.maps.arcgis.com/home/item.html?id=b8b4d5702be14f24829618ef6b574928,Seating within one mile along the 99 mile of the Great Miami Riverway
GMR Shelter,MVRPC (regional),kypolk (msimpson_MVRPC),affordability/tenure,Miami Valley region,,"Public — ArcGIS REST API, no auth",live service (verify),"ArcGIS FeatureServer/MapServer; GeoJSON, CSV, Shapefile export",,,2020-02-12,,Y,Query,,,,https://services.arcgis.com/3TIUdMHOqnLBrZEH/arcgis/rest/services/GMRShelter/FeatureServer,https://mvrpc.maps.arcgis.com/home/item.html?id=8a6c09b446c14cc1903a678c6c7ff56c,Shelters within one mile along the 99 mile of the Great Miami Riverway
GMR Signage,MVRPC (regional),kypolk (msimpson_MVRPC),affordability/tenure,Miami Valley region,,"Public — ArcGIS REST API, no auth",live service (verify),"ArcGIS FeatureServer/MapServer; GeoJSON, CSV, Shapefile export",,,2020-02-12,,Y,Query,,,,https://services.arcgis.com/3TIUdMHOqnLBrZEH/arcgis/rest/services/GMRSignage/FeatureServer,https://mvrpc.maps.arcgis.com/home/item.html?id=8c10fac607af4af4bf7a4425f1746e9f,Signage and wayfinding within one mile along the 99 mile of the Great Miami Riverway
GMR Tourism Information,MVRPC (regional),kypolk (msimpson_MVRPC),affordability/tenure,Miami Valley region,,"Public — ArcGIS REST API, no auth",live service (verify),"ArcGIS FeatureServer/MapServer; GeoJSON, CSV, Shapefile export",,,2020-02-19,,Y,Query,,,,https://services.arcgis.com/3TIUdMHOqnLBrZEH/arcgis/rest/services/GMRTourismInformation/FeatureServer,https://mvrpc.maps.arcgis.com/home/item.html?id=0fb1371b3ec147ef9d0132d042e938a2,Tourism information kiosk within one mile along the 99 mile of the Great Miami Riverway
GMR Tourism Wayfinding Signs,MVRPC (regional),kypolk (msimpson_MVRPC),affordability/tenure,Miami Valley region,,"Public — ArcGIS REST API, no auth",live service (verify),"ArcGIS FeatureServer/MapServer; GeoJSON, CSV, Shapefile export",,,2020-02-19,,Y,Query,,,,https://services.arcgis.com/3TIUdMHOqnLBrZEH/arcgis/rest/services/GMRTourismWayfindingSigns/FeatureServer,https://mvrpc.maps.arcgis.com/home/item.html?id=9321d7df871c4db78f8ebd1bf3faa6e8,Tourism wayfinding signs within one mile along the 99 mile of the Great Miami Riverway
GMR Water Fountains,MVRPC (regional),kypolk (msimpson_MVRPC),affordability/tenure,Miami Valley region,,"Public — ArcGIS REST API, no auth",live service (verify),"ArcGIS FeatureServer/MapServer; GeoJSON, CSV, Shapefile export",,,2020-02-12,,Y,Query,,,,https://services.arcgis.com/3TIUdMHOqnLBrZEH/arcgis/rest/services/GMRWaterFountains/FeatureServer,https://mvrpc.maps.arcgis.com/home/item.html?id=8f40fe7e37a54f40af33f8763365a828,Water Fountains within one mile along the 99 mile of the Great Miami Riverway
GMR Water Parking,MVRPC (regional),kypolk (msimpson_MVRPC),affordability/tenure,Miami Valley region,,"Public — ArcGIS REST API, no auth",live service (verify),"ArcGIS FeatureServer/MapServer; GeoJSON, CSV, Shapefile export",,,2020-02-14,,Y,Query,,,,https://services.arcgis.com/3TIUdMHOqnLBrZEH/arcgis/rest/services/GMRWaterParking/FeatureServer,https://mvrpc.maps.arcgis.com/home/item.html?id=c42acb5d8c7146f4a7dc8c2624542f0f,Parking available for water recreation within one mile along the 99 mile of the Great Miami Riverway
GMR Water Wayfinding,MVRPC (regional),kypolk (msimpson_MVRPC),affordability/tenure,Miami Valley region,,"Public — ArcGIS REST API, no auth",live service (verify),"ArcGIS FeatureServer/MapServer; GeoJSON, CSV, Shapefile export",,,2020-02-14,,Y,Query,,,,https://services.arcgis.com/3TIUdMHOqnLBrZEH/arcgis/rest/services/GMRWaterWayfinding/FeatureServer,https://mvrpc.maps.arcgis.com/home/item.html?id=22a14c7f1d974a389df2f37e5618366d,Water signage and wayfinding within one mile along the 99 mile of the Great Miami Riverway
GoodProdPoints,MVRPC (regional),kypolk (msimpson_MVRPC),affordability/tenure,Miami Valley region,address/point,"Public — ArcGIS REST API, no auth",live service (verify),"ArcGIS FeatureServer/MapServer; GeoJSON, CSV, Shapefile export",,,2022-04-22,,Y,Query,,,,https://services.arcgis.com/3TIUdMHOqnLBrZEH/arcgis/rest/services/GoodProdPoints/FeatureServer,https://mvrpc.maps.arcgis.com/home/item.html?id=b0bf3a86f4db4cef9e61526608fc4fbb,Point file of LEHD data from 2011 to 2019 in Miami Valley Region
Goods and Production Group Layer,MVRPC (regional),kypolk (msimpson_MVRPC),affordability/tenure,Miami Valley region,jurisdiction/county,"Public — ArcGIS REST API, no auth",live service (verify),"ArcGIS FeatureServer/MapServer; GeoJSON, CSV, Shapefile export",,,2022-10-19,,Y,"Query,Extract",,,,https://services.arcgis.com/3TIUdMHOqnLBrZEH/arcgis/rest/services/GoodsProduct6pluscounties/FeatureServer,https://mvrpc.maps.arcgis.com/home/item.html?id=9956f5fc289c4a99b3ba80eecd21efde,"LEHD data featuring count and demographic information for the Goods and Production job sectors from 2011 to 2019 for the Miami Valley Region including Darke, Greene, Miami, Montgomery, Preble, Shelby "
GoodsProductionClip,MVRPC (regional),kypolk (msimpson_MVRPC),affordability/tenure,Miami Valley region,jurisdiction/county,"Public — ArcGIS REST API, no auth",live service (verify),"ArcGIS FeatureServer/MapServer; GeoJSON, CSV, Shapefile export",,,2022-04-22,,Y,Query,,,,https://services.arcgis.com/3TIUdMHOqnLBrZEH/arcgis/rest/services/GoodsProductionClip/FeatureServer,https://mvrpc.maps.arcgis.com/home/item.html?id=41439082388e46b4801eafa85589c920,LEHD data from 2011 to 2019 for the Goods and Production Sectors in the Miami Valley Region
Great_Miami_Riverway_DEMO,MVRPC (regional),tharner@mvrpc.org (msimpson_MVRPC),vacancy,Miami Valley region,,"Public — ArcGIS REST API, no auth",live service (verify),"ArcGIS FeatureServer/MapServer; GeoJSON, CSV, Shapefile export",,,2019-10-11,,Y,Query,,,,https://services.arcgis.com/3TIUdMHOqnLBrZEH/arcgis/rest/services/Great_Miami_Riverway_DEMO/FeatureServer,https://mvrpc.maps.arcgis.com/home/item.html?id=e8a29d9abf6d406497012bf5ae2a2ddf,
GreatMiamiRiverwayLAYER,MVRPC (regional),tharner@mvrpc.org (msimpson_MVRPC),affordability/tenure,Miami Valley region,block group,"Public — ArcGIS REST API, no auth",live service (verify),"ArcGIS FeatureServer/MapServer; GeoJSON, CSV, Shapefile export",,,2019-10-11,,Y,Query,,,,https://services.arcgis.com/3TIUdMHOqnLBrZEH/arcgis/rest/services/GreatMiamiRiverwayLAYER/FeatureServer,https://mvrpc.maps.arcgis.com/home/item.html?id=f39d02ae9c614852ab8f5295d294dbe2,Shows block groups touching a 1 mile buffer of the Great Miami River corridor from Hamilton to Sidney.
GRECO_Bridges,MVRPC (regional),tharner@mvrpc.org (msimpson_MVRPC),infrastructure,Miami Valley region,jurisdiction/county,"Public — ArcGIS REST API, no auth",live service (verify),"ArcGIS FeatureServer/MapServer; GeoJSON, CSV, Shapefile export",,,2024-10-30,,Y,Query,,,,https://services.arcgis.com/3TIUdMHOqnLBrZEH/arcgis/rest/services/GRECO_Bridges/FeatureServer,https://mvrpc.maps.arcgis.com/home/item.html?id=4a91eba9b8b942529b253df32d3813e8,"Inventory of bridges for Greene County, OH 10/24"
Greene County Poly,MVRPC (regional),msimpson_MVRPC (msimpson_MVRPC),,Miami Valley region,jurisdiction/county,"Public — ArcGIS REST API, no auth",live service (verify),"ArcGIS FeatureServer/MapServer; GeoJSON, CSV, Shapefile export",,,2020-06-26,,Y,"Create,Delete,Query,Update,Editing,Sync",,,,https://services.arcgis.com/3TIUdMHOqnLBrZEH/arcgis/rest/services/Greene_County_Poly/FeatureServer,https://mvrpc.maps.arcgis.com/home/item.html?id=03553562e7cc4fbbba91f5949c79a116,
Greene County View Layer,MVRPC (regional),msimpson_MVRPC (msimpson_MVRPC),,Miami Valley region,jurisdiction/county,"Public — ArcGIS REST API, no auth",live service (verify),"ArcGIS FeatureServer/MapServer; GeoJSON, CSV, Shapefile export",,,2020-08-07,,Y,"Create,Delete,Query,Update,Editing,Sync",,,,https://services.arcgis.com/3TIUdMHOqnLBrZEH/arcgis/rest/services/Greene_County_View_Layer/FeatureServer,https://mvrpc.maps.arcgis.com/home/item.html?id=1cdaed0b54774da89a0486796f52adf0,
Greene_Urban_Boundaries,MVRPC (regional),msimpson_MVRPC (msimpson_MVRPC),geography/reference,Miami Valley region,,"Public — ArcGIS REST API, no auth",live service (verify),"ArcGIS FeatureServer/MapServer; GeoJSON, CSV, Shapefile export",,,2022-09-19,,Y,Query,,,,https://services.arcgis.com/3TIUdMHOqnLBrZEH/arcgis/rest/services/Greene_Urban_Boundaries/FeatureServer,https://mvrpc.maps.arcgis.com/home/item.html?id=7401d01fe2ff45fd823806195857bd2b,
GreeneCoMask,MVRPC (regional),tharner@mvrpc.org (msimpson_MVRPC),,Miami Valley region,jurisdiction/county,"Public — ArcGIS REST API, no auth",live service (verify),"ArcGIS FeatureServer/MapServer; GeoJSON, CSV, Shapefile export",,,2020-03-16,,Y,Query,,,,https://services.arcgis.com/3TIUdMHOqnLBrZEH/arcgis/rest/services/GreeneCoMask/FeatureServer,https://mvrpc.maps.arcgis.com/home/item.html?id=621e7257475a4db3b3b15975a6a5bdb7,"Mask for Greene County, Ohio"
GreeneTableProperty,MVRPC (regional),msimpson_MVRPC (msimpson_MVRPC),ownership/transfers,Miami Valley region,parcel,"Public — ArcGIS REST API, no auth",live service (verify),"ArcGIS FeatureServer/MapServer; GeoJSON, CSV, Shapefile export",,,2023-02-17,Y,Y,Query,,,,https://services.arcgis.com/3TIUdMHOqnLBrZEH/arcgis/rest/services/GreeneTableProperty/FeatureServer,https://mvrpc.maps.arcgis.com/home/item.html?id=a505a0bbdaf3418daf189ffe32f72a16,
GRMI Meeting Locations,MVRPC (regional),msimpson_MVRPC (msimpson_MVRPC),,Miami Valley region,,"Public — ArcGIS REST API, no auth",live service (verify),"ArcGIS FeatureServer/MapServer; GeoJSON, CSV, Shapefile export",,,2020-01-22,,Y,"Create,Delete,Query,Update,Editing,Sync",,,,https://services.arcgis.com/3TIUdMHOqnLBrZEH/arcgis/rest/services/GRMI_Meeting_Locations/FeatureServer,https://mvrpc.maps.arcgis.com/home/item.html?id=395d73ee18864c12952a3de456cd8d08,
GroceryFacilities,MVRPC (regional),tharner@mvrpc.org (msimpson_MVRPC),,Miami Valley region,,"Public — ArcGIS REST API, no auth",live service (verify),"ArcGIS FeatureServer/MapServer; GeoJSON, CSV, Shapefile export",,,2025-01-21,,Y,Query,,,,https://services.arcgis.com/3TIUdMHOqnLBrZEH/arcgis/rest/services/GroceryFacilities/FeatureServer,https://mvrpc.maps.arcgis.com/home/item.html?id=bbb81b62a2884683bb4b721290a852ca,Grocery sotres for accessibility study
Groundwater Pollution Potential,MVRPC (regional),tharner@mvrpc.org (msimpson_MVRPC),infrastructure,Miami Valley region,,"Public — ArcGIS REST API, no auth",live service (verify),"ArcGIS FeatureServer/MapServer; GeoJSON, CSV, Shapefile export",,,2019-08-22,,N,"Map,TilesOnly",,,,https://tiles.arcgis.com/tiles/3TIUdMHOqnLBrZEH/arcgis/rest/services/GroundwaterPollutionPotential/MapServer,https://mvrpc.maps.arcgis.com/home/item.html?id=9b08e2166d22421eb8617427c60887dd,Groundwater Pollution Potential
Groundwater Yield,MVRPC (regional),tharner@mvrpc.org (msimpson_MVRPC),affordability/tenure,Miami Valley region,jurisdiction/county,"Public — ArcGIS REST API, no auth",live service (verify),"ArcGIS FeatureServer/MapServer; GeoJSON, CSV, Shapefile export",,,2019-08-22,,N,"Map,TilesOnly",,,,https://tiles.arcgis.com/tiles/3TIUdMHOqnLBrZEH/arcgis/rest/services/GroundwaterYield/MapServer,https://mvrpc.maps.arcgis.com/home/item.html?id=559837b69c1744ca915a765481bc87b6,Groundwater yield for the 8-county Miami Valley region
harnfam_gdb,MVRPC (regional),tharner@mvrpc.org (msimpson_MVRPC),,Miami Valley region,,"Public — ArcGIS REST API, no auth",live service (verify),"ArcGIS FeatureServer/MapServer; GeoJSON, CSV, Shapefile export",,,2020-12-29,,Y,Query,,,,https://services.arcgis.com/3TIUdMHOqnLBrZEH/arcgis/rest/services/harnfam_gdb/FeatureServer,https://mvrpc.maps.arcgis.com/home/item.html?id=5f00e6a607914a06b5d01665cc42ef14,
HarrisonTwpBoundary,MVRPC (regional),tharner@mvrpc.org (msimpson_MVRPC),geography/reference,Miami Valley region,jurisdiction/county,"Public — ArcGIS REST API, no auth",live service (verify),"ArcGIS FeatureServer/MapServer; GeoJSON, CSV, Shapefile export",,,2021-02-18,,Y,Query,,,,https://services.arcgis.com/3TIUdMHOqnLBrZEH/arcgis/rest/services/HarrisonTwpBoundary/FeatureServer,https://mvrpc.maps.arcgis.com/home/item.html?id=9c5436dcd99848bf8ba2ae85f945aa0b,"Boundary for Harrison Township, Montgomery County, Ohio."
HarrisonTwpRoads,MVRPC (regional),tharner@mvrpc.org (msimpson_MVRPC),,Miami Valley region,jurisdiction/county,"Public — ArcGIS REST API, no auth",live service (verify),"ArcGIS FeatureServer/MapServer; GeoJSON, CSV, Shapefile export",,,2021-02-19,,Y,Query,,,,https://services.arcgis.com/3TIUdMHOqnLBrZEH/arcgis/rest/services/HarrisonTwpRoads/FeatureServer,https://mvrpc.maps.arcgis.com/home/item.html?id=b4bfadfd5a55407cbf3a8d2661b9d83b,"Roads for Harrison Township, Montgomery County, Ohio."
HarrisonTwpZoning,MVRPC (regional),tharner@mvrpc.org (msimpson_MVRPC),zoning/land use,Miami Valley region,jurisdiction/county,"Public — ArcGIS REST API, no auth",live service (verify),"ArcGIS FeatureServer/MapServer; GeoJSON, CSV, Shapefile export",,,2021-02-19,Y,Y,Query,,,,https://services.arcgis.com/3TIUdMHOqnLBrZEH/arcgis/rest/services/HarrisonTwpZoning/FeatureServer,https://mvrpc.maps.arcgis.com/home/item.html?id=dedc1ce91ceb4cfeb0eb59ad32693fd4,"Zoning for Harrison Township, Montgomery County, Ohio."
HBPTractUpdated,MVRPC (regional),msimpson_MVRPC (msimpson_MVRPC),demographics,Miami Valley region,tract,"Public — ArcGIS REST API, no auth",live service (verify),"ArcGIS FeatureServer/MapServer; GeoJSON, CSV, Shapefile export",,,2025-02-19,,Y,Query,,,,https://services.arcgis.com/3TIUdMHOqnLBrZEH/arcgis/rest/services/HBPTractUpdated/FeatureServer,https://mvrpc.maps.arcgis.com/home/item.html?id=882ba84703404152a0e61593c22054fb,2020 Tracts for the MVRPC region.
Healthcare Domain,MVRPC (regional),msimpson_MVRPC (msimpson_MVRPC),zoning/land use,Miami Valley region,,"Public — ArcGIS REST API, no auth",live service (verify),"ArcGIS FeatureServer/MapServer; GeoJSON, CSV, Shapefile export",,,2021-12-02,,N,"Map,TilesOnly,Tilemap",,,,https://tiles.arcgis.com/tiles/3TIUdMHOqnLBrZEH/arcgis/rest/services/Healthcare_Domain/MapServer,https://mvrpc.maps.arcgis.com/home/item.html?id=9ee996c3ea384b4fb511f7b27f5c3a1f,Healthcare Domain
"Healthcare Jobs, 2011",MVRPC (regional),tharner@mvrpc.org (msimpson_MVRPC),affordability/tenure,Miami Valley region,jurisdiction/county,"Public — ArcGIS REST API, no auth",live service (verify),"ArcGIS FeatureServer/MapServer; GeoJSON, CSV, Shapefile export",,,2019-07-18,,N,service unreachable: HTTP Error 500: Internal Server Error,,,,https://gis.mvrpc.org/arcgis/rest/services/LEHD/LEHD_Healthcare_2011_blcirc/MapServer,https://mvrpc.maps.arcgis.com/home/item.html?id=7c73c75c9d2d4896a8ce2decdb4acdc6,"Concentration of healthcare jobs of workers in the Miami Valley region, 2011."
"Healthcare Jobs, 2014",MVRPC (regional),tharner@mvrpc.org (msimpson_MVRPC),affordability/tenure,Miami Valley region,jurisdiction/county,"Public — ArcGIS REST API, no auth",live service (verify),"ArcGIS FeatureServer/MapServer; GeoJSON, CSV, Shapefile export",,,2019-07-18,,N,service unreachable: HTTP Error 500: Internal Server Error,,,,https://gis.mvrpc.org/arcgis/rest/services/LEHD/LEHD_Healthcare_2014_blkcirc/MapServer,https://mvrpc.maps.arcgis.com/home/item.html?id=0a8209bcac1c4fed8d149701401257c3,"Concentration of healthcare jobs of workers in the Miami Valley region, 2014."
Hex_Overall,MVRPC (regional),msimpson_MVRPC (msimpson_MVRPC),,Miami Valley region,,"Public — ArcGIS REST API, no auth",live service (verify),"ArcGIS FeatureServer/MapServer; GeoJSON, CSV, Shapefile export",,,2022-08-19,,Y,Query,,,,https://services.arcgis.com/3TIUdMHOqnLBrZEH/arcgis/rest/services/Hex_Overall/FeatureServer,https://mvrpc.maps.arcgis.com/home/item.html?id=70bf5923754447e0bc4c23fce72568d1,
Hexagonal_LandBank,MVRPC (regional),kypolk (msimpson_MVRPC),,Miami Valley region,,"Public — ArcGIS REST API, no auth",live service (verify),"ArcGIS FeatureServer/MapServer; GeoJSON, CSV, Shapefile export",,,2018-03-16,Y,Y,Query,,,,https://services.arcgis.com/3TIUdMHOqnLBrZEH/arcgis/rest/services/Hexagonal_LandBank/FeatureServer,https://mvrpc.maps.arcgis.com/home/item.html?id=4851b742418841d6aab983d896ce5503,Hexagonal structure of Indicator Data
Hexes_Unaggregated,MVRPC (regional),msimpson_MVRPC (msimpson_MVRPC),,Miami Valley region,,"Public — ArcGIS REST API, no auth",live service (verify),"ArcGIS FeatureServer/MapServer; GeoJSON, CSV, Shapefile export",,,2022-08-15,,Y,Query,,,,https://services.arcgis.com/3TIUdMHOqnLBrZEH/arcgis/rest/services/Hexes_Unaggregated/FeatureServer,https://mvrpc.maps.arcgis.com/home/item.html?id=d9fac9286a064bc681422829e736c3fe,
HI,MVRPC (regional),tharner@mvrpc.org (msimpson_MVRPC),,Miami Valley region,,"Public — ArcGIS REST API, no auth",live service (verify),"ArcGIS FeatureServer/MapServer; GeoJSON, CSV, Shapefile export",,,2019-10-11,,Y,Query,,,,https://services.arcgis.com/3TIUdMHOqnLBrZEH/arcgis/rest/services/HI/FeatureServer,https://mvrpc.maps.arcgis.com/home/item.html?id=ecb85e2aef124c0fb025d662de785ce9,
High_Blood_Pressure_ZIP,MVRPC (regional),msimpson_MVRPC (msimpson_MVRPC),,Miami Valley region,,"Public — ArcGIS REST API, no auth",live service (verify),"ArcGIS FeatureServer/MapServer; GeoJSON, CSV, Shapefile export",,,2025-02-13,,Y,Query,,,,https://services.arcgis.com/3TIUdMHOqnLBrZEH/arcgis/rest/services/High_Blood_Pressure_ZIP/FeatureServer,https://mvrpc.maps.arcgis.com/home/item.html?id=620458ca27e245519dbc02f6114d30eb,
High_Blood_Pressure_ZIP_Clip,MVRPC (regional),msimpson_MVRPC (msimpson_MVRPC),,Miami Valley region,,"Public — ArcGIS REST API, no auth",live service (verify),"ArcGIS FeatureServer/MapServer; GeoJSON, CSV, Shapefile export",,,2025-02-25,,Y,Query,,,,https://services.arcgis.com/3TIUdMHOqnLBrZEH/arcgis/rest/services/High_Blood_Pressure_ZIP_Clip/FeatureServer,https://mvrpc.maps.arcgis.com/home/item.html?id=113846d6a8b341d09e255958562077c8,
High_Cholesterol_ZIP,MVRPC (regional),msimpson_MVRPC (msimpson_MVRPC),,Miami Valley region,,"Public — ArcGIS REST API, no auth",live service (verify),"ArcGIS FeatureServer/MapServer; GeoJSON, CSV, Shapefile export",,,2025-02-13,,Y,Query,,,,https://services.arcgis.com/3TIUdMHOqnLBrZEH/arcgis/rest/services/High_Cholesterol_ZIP/FeatureServer,https://mvrpc.maps.arcgis.com/home/item.html?id=f6492518ec0648aba4be9c0a8a2946ea,
High_Cholesterol_ZIP_Clip,MVRPC (regional),msimpson_MVRPC (msimpson_MVRPC),,Miami Valley region,,"Public — ArcGIS REST API, no auth",live service (verify),"ArcGIS FeatureServer/MapServer; GeoJSON, CSV, Shapefile export",,,2025-02-25,,Y,Query,,,,https://services.arcgis.com/3TIUdMHOqnLBrZEH/arcgis/rest/services/High_Cholesterol_ZIP_Clip/FeatureServer,https://mvrpc.maps.arcgis.com/home/item.html?id=27f2734844654ef4992a9ef29b92758d,
HighCHOLTractsUpdated,MVRPC (regional),msimpson_MVRPC (msimpson_MVRPC),demographics,Miami Valley region,tract,"Public — ArcGIS REST API, no auth",live service (verify),"ArcGIS FeatureServer/MapServer; GeoJSON, CSV, Shapefile export",,,2025-02-19,,Y,Query,,,,https://services.arcgis.com/3TIUdMHOqnLBrZEH/arcgis/rest/services/HighCHOLTractsUpdated/FeatureServer,https://mvrpc.maps.arcgis.com/home/item.html?id=7ae007ea965c41fcbe9bb3bdea876679,2020 Tracts for the MVRPC region.
Higher Education Attainment Snapshot,MVRPC (regional),msimpson_MVRPC (msimpson_MVRPC),zoning/land use,Miami Valley region,,"Public — ArcGIS REST API, no auth",live service (verify),"ArcGIS FeatureServer/MapServer; GeoJSON, CSV, Shapefile export",,,2021-12-02,,N,"Map,TilesOnly,Tilemap",,,,https://tiles.arcgis.com/tiles/3TIUdMHOqnLBrZEH/arcgis/rest/services/Higher_Education_Attainment_Snapshot/MapServer,https://mvrpc.maps.arcgis.com/home/item.html?id=dc39330295ec41a4bdeaae90de696bda,Higher Education Attainment Snapshot
Higher Education Attainment Snapshot V2,MVRPC (regional),msimpson_MVRPC (msimpson_MVRPC),,Miami Valley region,,"Public — ArcGIS REST API, no auth",live service (verify),"ArcGIS FeatureServer/MapServer; GeoJSON, CSV, Shapefile export",,,2022-02-08,,N,"Map,TilesOnly,Tilemap",,,,https://tiles.arcgis.com/tiles/3TIUdMHOqnLBrZEH/arcgis/rest/services/Higher_Education_Attainment_Snapshot_V2/MapServer,https://mvrpc.maps.arcgis.com/home/item.html?id=d6766757f8e84b689bdc9c01e81827f6,MVRPC
Higher Education Attainment Trend,MVRPC (regional),msimpson_MVRPC (msimpson_MVRPC),zoning/land use,Miami Valley region,,"Public — ArcGIS REST API, no auth",live service (verify),"ArcGIS FeatureServer/MapServer; GeoJSON, CSV, Shapefile export",,,2021-11-24,,N,"Map,TilesOnly,Tilemap",,,,https://tiles.arcgis.com/tiles/3TIUdMHOqnLBrZEH/arcgis/rest/services/Higher_Education_Attainment_Trend/MapServer,https://mvrpc.maps.arcgis.com/home/item.html?id=0c2ccde17a24440ca2fa108deb675535,Higher Education Attainment Trend
hin_export,MVRPC (regional),tharner@mvrpc.org (msimpson_MVRPC),,Miami Valley region,,"Public — ArcGIS REST API, no auth",live service (verify),"ArcGIS FeatureServer/MapServer; GeoJSON, CSV, Shapefile export",,,2026-01-12,,Y,Query,,,,https://services.arcgis.com/3TIUdMHOqnLBrZEH/arcgis/rest/services/hin_export/FeatureServer,https://mvrpc.maps.arcgis.com/home/item.html?id=4d3191b71db64d34a1f9a955c7889675,
HistoricDistrics,MVRPC (regional),kypolk (msimpson_MVRPC),zoning/land use,Miami Valley region,neighborhood,"Public — ArcGIS REST API, no auth",live service (verify),"ArcGIS FeatureServer/MapServer; GeoJSON, CSV, Shapefile export",,,2017-05-26,,Y,Query,,,,https://services.arcgis.com/3TIUdMHOqnLBrZEH/arcgis/rest/services/HistoricDistrics/FeatureServer,https://mvrpc.maps.arcgis.com/home/item.html?id=5e58e4aa41574aa58797d2762be74db2,historic districts in Dayton
HouseholdIncome,MVRPC (regional),tharner@mvrpc.org (msimpson_MVRPC),affordability/tenure,Miami Valley region,,"Public — ArcGIS REST API, no auth",live service (verify),"ArcGIS FeatureServer/MapServer; GeoJSON, CSV, Shapefile export",,,2019-10-11,Y,Y,Query,,,,https://services.arcgis.com/3TIUdMHOqnLBrZEH/arcgis/rest/services/HouseholdIncome/FeatureServer,https://mvrpc.maps.arcgis.com/home/item.html?id=0ac665a618cb498db040dafff8bb3be8,Household Income
HouseholdIncomeFINAL,MVRPC (regional),tharner@mvrpc.org (msimpson_MVRPC),affordability/tenure,Miami Valley region,,"Public — ArcGIS REST API, no auth",live service (verify),"ArcGIS FeatureServer/MapServer; GeoJSON, CSV, Shapefile export",,,2019-10-11,Y,Y,Query,,,,https://services.arcgis.com/3TIUdMHOqnLBrZEH/arcgis/rest/services/HouseholdIncomeFINAL/FeatureServer,https://mvrpc.maps.arcgis.com/home/item.html?id=8dcbfd3d7dc6477abbcb043892de40c4,Household Income
Housing - Block Group,MVRPC (regional),msimpson_MVRPC (msimpson_MVRPC),demographics,Miami Valley region,block group,"Public — ArcGIS REST API, no auth",live service (verify),"ArcGIS FeatureServer/MapServer; GeoJSON, CSV, Shapefile export",,,2022-05-23,Y,Y,Query,,,,https://services.arcgis.com/3TIUdMHOqnLBrZEH/arcgis/rest/services/Housing_Unit_Density_by_Block_Groups/FeatureServer,https://mvrpc.maps.arcgis.com/home/item.html?id=3e96120a771e4499b244d5985f22e895,
Housing - Census Tract,MVRPC (regional),msimpson_MVRPC (msimpson_MVRPC),demographics,Miami Valley region,tract,"Public — ArcGIS REST API, no auth",live service (verify),"ArcGIS FeatureServer/MapServer; GeoJSON, CSV, Shapefile export",,,2022-05-23,Y,Y,Query,,,,https://services.arcgis.com/3TIUdMHOqnLBrZEH/arcgis/rest/services/Housing_Unit_Density_by_Census_Tracts/FeatureServer,https://mvrpc.maps.arcgis.com/home/item.html?id=bec0b2d931e04680a4435570c7d05c1d,
Housing - Jurisdiction,MVRPC (regional),msimpson_MVRPC (msimpson_MVRPC),,Miami Valley region,jurisdiction/county,"Public — ArcGIS REST API, no auth",live service (verify),"ArcGIS FeatureServer/MapServer; GeoJSON, CSV, Shapefile export",,,2022-05-23,Y,Y,Query,,,,https://services.arcgis.com/3TIUdMHOqnLBrZEH/arcgis/rest/services/Housing_Unit_Density_by_Jurisdictions/FeatureServer,https://mvrpc.maps.arcgis.com/home/item.html?id=1a128615e0a545988cd4bd501345ce93,
Housing Data 2010 - Hexagon,MVRPC (regional),tharner@mvrpc.org (msimpson_MVRPC),demographics,Miami Valley region,jurisdiction/county,"Public — ArcGIS REST API, no auth",live service (verify),"ArcGIS FeatureServer/MapServer; GeoJSON, CSV, Shapefile export",,,2020-02-12,,N,service unreachable: HTTP Error 500: Internal Server Error,,,,https://gis.mvrpc.org/arcgis/rest/services/Profiles/HousingDataHex2010/FeatureServer,https://mvrpc.maps.arcgis.com/home/item.html?id=fc5645d468b9415e8a8f7917c50f8816,Housing Profile data integrated into hex format.
"Housing Data, ACS 2015 ",MVRPC (regional),tharner@mvrpc.org (msimpson_MVRPC),demographics,Miami Valley region,,"Public — ArcGIS REST API, no auth",live service (verify),"ArcGIS FeatureServer/MapServer; GeoJSON, CSV, Shapefile export",,,2019-07-09,Y,Y,"Query,Extract",,,,https://services.arcgis.com/3TIUdMHOqnLBrZEH/arcgis/rest/services/ACS2015Housing/FeatureServer,https://mvrpc.maps.arcgis.com/home/item.html?id=a3768c34a1844b6d845a6351b29244bb,2015 ACS data used for MVRPC's Housing Profile
Housing Unit Density 2010,MVRPC (regional),tharner@mvrpc.org (msimpson_MVRPC),,Miami Valley region,,"Public — ArcGIS REST API, no auth",live service (verify),"ArcGIS FeatureServer/MapServer; GeoJSON, CSV, Shapefile export",,,2019-07-09,,N,"Map,TilesOnly",,,,https://tiles.arcgis.com/tiles/3TIUdMHOqnLBrZEH/arcgis/rest/services/Housing_Unit_Density_2010/MapServer,https://mvrpc.maps.arcgis.com/home/item.html?id=fd2a299270834d6aa9774431eae66121,"Housing Unit Density, 2010"
Housing Unit Vacancy Snapshot,MVRPC (regional),msimpson_MVRPC (msimpson_MVRPC),vacancy,Miami Valley region,neighborhood,"Public — ArcGIS REST API, no auth",live service (verify),"ArcGIS FeatureServer/MapServer; GeoJSON, CSV, Shapefile export",,,2021-12-02,,N,"Map,TilesOnly,Tilemap",,,,https://tiles.arcgis.com/tiles/3TIUdMHOqnLBrZEH/arcgis/rest/services/Housing_Unit_Vacancy_Snapshot/MapServer,https://mvrpc.maps.arcgis.com/home/item.html?id=f3fc4250f37248a9a70cbd0926f95322,Housing Unit Vacancy Snapshot
Housing Unit Vacancy Trend,MVRPC (regional),msimpson_MVRPC (msimpson_MVRPC),vacancy,Miami Valley region,neighborhood,"Public — ArcGIS REST API, no auth",live service (verify),"ArcGIS FeatureServer/MapServer; GeoJSON, CSV, Shapefile export",,,2021-11-29,,N,"Map,TilesOnly,Tilemap",,,,https://tiles.arcgis.com/tiles/3TIUdMHOqnLBrZEH/arcgis/rest/services/Housing_Unit_Vacancy_Trend/MapServer,https://mvrpc.maps.arcgis.com/home/item.html?id=74f2aae3122b464da4215ca13514b408,Housing Vacancy Trend
Housing_Insecurity_ZIP,MVRPC (regional),msimpson_MVRPC (msimpson_MVRPC),,Miami Valley region,,"Public — ArcGIS REST API, no auth",live service (verify),"ArcGIS FeatureServer/MapServer; GeoJSON, CSV, Shapefile export",,,2025-02-13,Y,Y,Query,,,,https://services.arcgis.com/3TIUdMHOqnLBrZEH/arcgis/rest/services/Housing_Insecurity_ZIP/FeatureServer,https://mvrpc.maps.arcgis.com/home/item.html?id=91b6356294dd49a08b4d6628fdefe926,
Housing_Insecurity_ZIP_Clip,MVRPC (regional),msimpson_MVRPC (msimpson_MVRPC),,Miami Valley region,,"Public — ArcGIS REST API, no auth",live service (verify),"ArcGIS FeatureServer/MapServer; GeoJSON, CSV, Shapefile export",,,2025-02-26,Y,Y,Query,,,,https://services.arcgis.com/3TIUdMHOqnLBrZEH/arcgis/rest/services/Housing_Insecurity_ZIP_Clip/FeatureServer,https://mvrpc.maps.arcgis.com/home/item.html?id=47417af9eb8b4e16b530db228ac36305,
HousingInsecurityTractUpdated,MVRPC (regional),msimpson_MVRPC (msimpson_MVRPC),demographics,Miami Valley region,tract,"Public — ArcGIS REST API, no auth",live service (verify),"ArcGIS FeatureServer/MapServer; GeoJSON, CSV, Shapefile export",,,2025-02-19,Y,Y,Query,,,,https://services.arcgis.com/3TIUdMHOqnLBrZEH/arcgis/rest/services/HousingInsecurityTractUpdated/FeatureServer,https://mvrpc.maps.arcgis.com/home/item.html?id=53c245045fb74bc38b1e019db2bbcb6a,2020 Tracts for the MVRPC region.
hrn_export,MVRPC (regional),tharner@mvrpc.org (msimpson_MVRPC),,Miami Valley region,,"Public — ArcGIS REST API, no auth",live service (verify),"ArcGIS FeatureServer/MapServer; GeoJSON, CSV, Shapefile export",,,2026-01-15,,Y,Query,,,,https://services.arcgis.com/3TIUdMHOqnLBrZEH/arcgis/rest/services/hrn_export/FeatureServer,https://mvrpc.maps.arcgis.com/home/item.html?id=22b3fcbf82294bb48bb0cc2e1ed157f1,
HS_BlockGroups,MVRPC (regional),msimpson_MVRPC (msimpson_MVRPC),affordability/tenure,Miami Valley region,block group,"Public — ArcGIS REST API, no auth",live service (verify),"ArcGIS FeatureServer/MapServer; GeoJSON, CSV, Shapefile export",,,2026-02-25,Y,Y,Query,,,,https://services.arcgis.com/3TIUdMHOqnLBrZEH/arcgis/rest/services/HS_BlockGroups/FeatureServer,https://mvrpc.maps.arcgis.com/home/item.html?id=ab540998a480465faf10b885af1bb976,Census Block Group boundaries used in the 2025 Miami Valley Housing Study.
HS_BlockGroups_WithMedHHrAge,MVRPC (regional),msimpson_MVRPC (msimpson_MVRPC),demographics,Miami Valley region,block group,"Public — ArcGIS REST API, no auth",live service (verify),"ArcGIS FeatureServer/MapServer; GeoJSON, CSV, Shapefile export",,,2025-12-08,,Y,Query,,,,https://services.arcgis.com/3TIUdMHOqnLBrZEH/arcgis/rest/services/HS_BlockGroups_WithMedHHrAge/FeatureServer,https://mvrpc.maps.arcgis.com/home/item.html?id=b7fe86e4fb1342cebb8b521b86340fdd,
HS_CensusTracts,MVRPC (regional),msimpson_MVRPC (msimpson_MVRPC),demographics,Miami Valley region,tract,"Public — ArcGIS REST API, no auth",live service (verify),"ArcGIS FeatureServer/MapServer; GeoJSON, CSV, Shapefile export",,,2025-11-25,Y,Y,Query,,,,https://services.arcgis.com/3TIUdMHOqnLBrZEH/arcgis/rest/services/HS_CensusTracts/FeatureServer,https://mvrpc.maps.arcgis.com/home/item.html?id=ff39a361414a466ab1ed460ddc7b79b1,
HS_CensusTracts_WithHMDA,MVRPC (regional),msimpson_MVRPC (msimpson_MVRPC),demographics,Miami Valley region,tract,"Public — ArcGIS REST API, no auth",live service (verify),"ArcGIS FeatureServer/MapServer; GeoJSON, CSV, Shapefile export",,,2025-12-19,,Y,Query,,,,https://services.arcgis.com/3TIUdMHOqnLBrZEH/arcgis/rest/services/HS_CensusTracts_WithHMDA/FeatureServer,https://mvrpc.maps.arcgis.com/home/item.html?id=3dd38e28645942449d43b868408cc405,
HS_Place_Remainder,MVRPC (regional),msimpson_MVRPC (msimpson_MVRPC),,Miami Valley region,,"Public — ArcGIS REST API, no auth",live service (verify),"ArcGIS FeatureServer/MapServer; GeoJSON, CSV, Shapefile export",,,2025-08-29,Y,Y,Query,,,,https://services.arcgis.com/3TIUdMHOqnLBrZEH/arcgis/rest/services/HS_Place_Remainder/FeatureServer,https://mvrpc.maps.arcgis.com/home/item.html?id=7cdadd8d37ec475bb72b6149c3356860,
Hydro,MVRPC (regional),tharner@mvrpc.org (msimpson_MVRPC),,Miami Valley region,jurisdiction/county,"Public — ArcGIS REST API, no auth",live service (verify),"ArcGIS FeatureServer/MapServer; GeoJSON, CSV, Shapefile export",,,2025-01-07,,Y,"Query,Extract",,,,https://services.arcgis.com/3TIUdMHOqnLBrZEH/arcgis/rest/services/Hydro/FeatureServer,https://mvrpc.maps.arcgis.com/home/item.html?id=7406752196a8420a8343ebc2b70a5456,Hydro lines and polygons for the MVRPC region.
images,MVRPC (regional),tharner@mvrpc.org (msimpson_MVRPC),,Miami Valley region,,"Public — ArcGIS REST API, no auth",live service (verify),"ArcGIS FeatureServer/MapServer; GeoJSON, CSV, Shapefile export",,,2019-10-11,,Y,Query,,,,https://services.arcgis.com/3TIUdMHOqnLBrZEH/arcgis/rest/services/images/FeatureServer,https://mvrpc.maps.arcgis.com/home/item.html?id=e22ba98627784f38b45c2f30aa3aa8ed,
ImpAppBudget,MVRPC (regional),kypolk (msimpson_MVRPC),zoning/land use,Miami Valley region,jurisdiction/county,"Public — ArcGIS REST API, no auth",live service (verify),"ArcGIS FeatureServer/MapServer; GeoJSON, CSV, Shapefile export",,,2020-05-20,,Y,Query,,,,https://services.arcgis.com/3TIUdMHOqnLBrZEH/arcgis/rest/services/ImpAppBudget/FeatureServer,https://mvrpc.maps.arcgis.com/home/item.html?id=67844e1925264c94b86e2e5023924556,City of Dayton Implementation and Budget Ideas in regards to Dayton Riverfront Plan
Income Inequality Snapshot,MVRPC (regional),msimpson_MVRPC (msimpson_MVRPC),affordability/tenure,Miami Valley region,,"Public — ArcGIS REST API, no auth",live service (verify),"ArcGIS FeatureServer/MapServer; GeoJSON, CSV, Shapefile export",,,2021-12-02,,N,"Map,TilesOnly,Tilemap",,,,https://tiles.arcgis.com/tiles/3TIUdMHOqnLBrZEH/arcgis/rest/services/Income_Inequality_Snapshot/MapServer,https://mvrpc.maps.arcgis.com/home/item.html?id=c502e63f44aa4a5fa451c7964d547364,Income Inequality Snapshot
Income Inequality Trend,MVRPC (regional),msimpson_MVRPC (msimpson_MVRPC),affordability/tenure,Miami Valley region,,"Public — ArcGIS REST API, no auth",live service (verify),"ArcGIS FeatureServer/MapServer; GeoJSON, CSV, Shapefile export",,,2021-11-24,,N,"Map,TilesOnly,Tilemap",,,,https://tiles.arcgis.com/tiles/3TIUdMHOqnLBrZEH/arcgis/rest/services/Income_Inequality_Trend/MapServer,https://mvrpc.maps.arcgis.com/home/item.html?id=cbc7595983e14498b4a7fce69111038a,Income Inequality Trend
Industrial Clusters,MVRPC (regional),tharner@mvrpc.org (msimpson_MVRPC),affordability/tenure,Miami Valley region,jurisdiction/county,"Public — ArcGIS REST API, no auth",live service (verify),"ArcGIS FeatureServer/MapServer; GeoJSON, CSV, Shapefile export",,,2014-07-24,,N,"Map,TilesOnly",,,,https://tiles.arcgis.com/tiles/3TIUdMHOqnLBrZEH/arcgis/rest/services/IndustrialClusters/MapServer,https://mvrpc.maps.arcgis.com/home/item.html?id=05c60c2c719f4577981ae3ad29b9d614,Industrial clusters for the 3+ county Miami Valley region
Infra_Corridor_Bikeway,MVRPC (regional),kypolk (msimpson_MVRPC),,Miami Valley region,,"Public — ArcGIS REST API, no auth",live service (verify),"ArcGIS FeatureServer/MapServer; GeoJSON, CSV, Shapefile export",,,2017-03-28,,Y,Query,,,,https://services.arcgis.com/3TIUdMHOqnLBrZEH/arcgis/rest/services/Infra_Corridor_Bikeway/FeatureServer,https://mvrpc.maps.arcgis.com/home/item.html?id=5a000b0c707149bd9805e74552910c2c,infrastructure corridor elements for drmp study area
Interstates,MVRPC (regional),tharner@mvrpc.org (msimpson_MVRPC),,Miami Valley region,,"Public — ArcGIS REST API, no auth",live service (verify),"ArcGIS FeatureServer/MapServer; GeoJSON, CSV, Shapefile export",,,2020-05-07,,Y,Query,,,,https://services.arcgis.com/3TIUdMHOqnLBrZEH/arcgis/rest/services/Just_Interstates/FeatureServer,https://mvrpc.maps.arcgis.com/home/item.html?id=2faa3f75bb93465bb8b067ad37c655a5,Only Interstates for the MVRPC area
IntPoints_Crash_PES25,MVRPC (regional),tharner@mvrpc.org (msimpson_MVRPC),,Miami Valley region,address/point,"Public — ArcGIS REST API, no auth",live service (verify),"ArcGIS FeatureServer/MapServer; GeoJSON, CSV, Shapefile export",,,2025-07-10,,Y,Query,,,,https://services.arcgis.com/3TIUdMHOqnLBrZEH/arcgis/rest/services/IntPoints_Crash_PES25/FeatureServer,https://mvrpc.maps.arcgis.com/home/item.html?id=451bc6056430415aaa224eb991902b5a,
Inundation Areas,MVRPC (regional),tharner@mvrpc.org (msimpson_MVRPC),,Miami Valley region,,"Public — ArcGIS REST API, no auth",live service (verify),"ArcGIS FeatureServer/MapServer; GeoJSON, CSV, Shapefile export",,,2025-05-01,,N,"Map,TilesOnly,Tilemap",,,,https://tiles.arcgis.com/tiles/3TIUdMHOqnLBrZEH/arcgis/rest/services/Inundation_Areas/MapServer,https://mvrpc.maps.arcgis.com/home/item.html?id=e3bc0e8c71d24c12b1a36702bd7ed181,Summary
Isolation_ZIP,MVRPC (regional),msimpson_MVRPC (msimpson_MVRPC),,Miami Valley region,,"Public — ArcGIS REST API, no auth",live service (verify),"ArcGIS FeatureServer/MapServer; GeoJSON, CSV, Shapefile export",,,2025-02-13,,Y,Query,,,,https://services.arcgis.com/3TIUdMHOqnLBrZEH/arcgis/rest/services/Isolation_ZIP/FeatureServer,https://mvrpc.maps.arcgis.com/home/item.html?id=d2788baea9674b0eb241c530bf17eed0,
Isolation_ZIP_Clip,MVRPC (regional),msimpson_MVRPC (msimpson_MVRPC),,Miami Valley region,,"Public — ArcGIS REST API, no auth",live service (verify),"ArcGIS FeatureServer/MapServer; GeoJSON, CSV, Shapefile export",,,2025-02-26,,Y,Query,,,,https://services.arcgis.com/3TIUdMHOqnLBrZEH/arcgis/rest/services/Isolation_ZIP_Clip/FeatureServer,https://mvrpc.maps.arcgis.com/home/item.html?id=59b407fabf224a0dbc48a40c6a85705a,
Job Clusters,MVRPC (regional),tharner@mvrpc.org (msimpson_MVRPC),affordability/tenure,Miami Valley region,jurisdiction/county,"Public — ArcGIS REST API, no auth",live service (verify),"ArcGIS FeatureServer/MapServer; GeoJSON, CSV, Shapefile export",,,2014-07-24,,N,"Map,TilesOnly",,,,https://tiles.arcgis.com/tiles/3TIUdMHOqnLBrZEH/arcgis/rest/services/JobClusters/MapServer,https://mvrpc.maps.arcgis.com/home/item.html?id=d469f4852e964205979138a4c3d5e253,Job Clusters for the 3+ county Miami Velley region
Jurisdiction Boundaries (Properties Saved),MVRPC (regional),msimpson_MVRPC (msimpson_MVRPC),ownership/transfers,Miami Valley region,parcel,"Public — ArcGIS REST API, no auth",live service (verify),"ArcGIS FeatureServer/MapServer; GeoJSON, CSV, Shapefile export",,,2025-07-11,Y,Y,Query,,,,https://services.arcgis.com/3TIUdMHOqnLBrZEH/arcgis/rest/services/Jurisdiction_Boundaries/FeatureServer,https://mvrpc.maps.arcgis.com/home/item.html?id=0513c08db15949dfa6cadd5397ef049e,Jurisdictions within the Miami Valley Regional Planning Commission planning area. Visualization purpose only.
Jurisdiction Boundaries-lines,MVRPC (regional),tharner@mvrpc.org (msimpson_MVRPC),geography/reference,Miami Valley region,jurisdiction/county,"Public — ArcGIS REST API, no auth",live service (verify),"ArcGIS FeatureServer/MapServer; GeoJSON, CSV, Shapefile export",,,2025-04-24,,Y,"Query,Extract",,,,https://services.arcgis.com/3TIUdMHOqnLBrZEH/arcgis/rest/services/JurisdictionBoundaries_lines/FeatureServer,https://mvrpc.maps.arcgis.com/home/item.html?id=1b40cf5996d94fad82025edf84300f4a,"Jurisdictions boundaries for the MVRPC region, updated 4/25"
Jurisdiction Boundaries-lines_Housing,MVRPC (regional),tharner@mvrpc.org (msimpson_MVRPC),geography/reference,Miami Valley region,jurisdiction/county,"Public — ArcGIS REST API, no auth",live service (verify),"ArcGIS FeatureServer/MapServer; GeoJSON, CSV, Shapefile export",,,2026-03-11,Y,Y,"Query,Extract",,,,https://services.arcgis.com/3TIUdMHOqnLBrZEH/arcgis/rest/services/JurisdictionBoundaries_lines/FeatureServer,https://mvrpc.maps.arcgis.com/home/item.html?id=1a080e2d90fc4e0daf9111dc57cab159,"Jurisdictions boundaries for the MVRPC region, updated 4/25"
Jurisdiction Boundaries-polygons,MVRPC (regional),tharner@mvrpc.org (msimpson_MVRPC),geography/reference,Miami Valley region,jurisdiction/county,"Public — ArcGIS REST API, no auth",live service (verify),"ArcGIS FeatureServer/MapServer; GeoJSON, CSV, Shapefile export",,,2025-01-10,,Y,"Query,Extract",,,,https://services.arcgis.com/3TIUdMHOqnLBrZEH/arcgis/rest/services/Jurisdiction_polygons/FeatureServer,https://mvrpc.maps.arcgis.com/home/item.html?id=ed28b0d4eca049e4833704a6e6058dac,"Jurisdictions boundaries as polygons, updated 9/24."
Jurisdictional Boundaries,MVRPC (regional),msimpson_MVRPC (msimpson_MVRPC),geography/reference,Miami Valley region,jurisdiction/county,"Public — ArcGIS REST API, no auth",live service (verify),"ArcGIS FeatureServer/MapServer; GeoJSON, CSV, Shapefile export",,,2022-05-23,,Y,Query,,,,https://services.arcgis.com/3TIUdMHOqnLBrZEH/arcgis/rest/services/Jurisdictional_Boundaries/FeatureServer,https://mvrpc.maps.arcgis.com/home/item.html?id=92766fa6b8fd4be4abe6307b1b88a148,
JurisdictionBoundariesWithShelby,MVRPC (regional),msimpson_MVRPC (msimpson_MVRPC),geography/reference,Miami Valley region,jurisdiction/county,"Public — ArcGIS REST API, no auth",live service (verify),"ArcGIS FeatureServer/MapServer; GeoJSON, CSV, Shapefile export",,,2022-06-22,,Y,Query,,,,https://services.arcgis.com/3TIUdMHOqnLBrZEH/arcgis/rest/services/JurisdictionBoundariesWithShelby/FeatureServer,https://mvrpc.maps.arcgis.com/home/item.html?id=7f05f4a6c6204a5ea071cbbc261adfb3,
Jurisdictions_Places,MVRPC (regional),msimpson_MVRPC (msimpson_MVRPC),,Miami Valley region,jurisdiction/county,"Public — ArcGIS REST API, no auth",live service (verify),"ArcGIS FeatureServer/MapServer; GeoJSON, CSV, Shapefile export",,,2024-07-02,,Y,Query,,,,https://services.arcgis.com/3TIUdMHOqnLBrZEH/arcgis/rest/services/Jurisdictions_Places/FeatureServer,https://mvrpc.maps.arcgis.com/home/item.html?id=7caf44c7507240c68290cd5ea54ddaf0,
Jurisdictions_Subdivisions,MVRPC (regional),msimpson_MVRPC (msimpson_MVRPC),demographics,Miami Valley region,jurisdiction/county,"Public — ArcGIS REST API, no auth",live service (verify),"ArcGIS FeatureServer/MapServer; GeoJSON, CSV, Shapefile export",,,2024-07-02,,Y,Query,,,,https://services.arcgis.com/3TIUdMHOqnLBrZEH/arcgis/rest/services/Jurisdictions_Subdivisions/FeatureServer,https://mvrpc.maps.arcgis.com/home/item.html?id=3323256ca102435588d3e2e9bf147a53,Subdivision Jurisdictions Layer for 2020 ACS Dashboards
JurisdictionsAllWarrenReference,MVRPC (regional),msimpson_MVRPC (msimpson_MVRPC),,Miami Valley region,jurisdiction/county,"Public — ArcGIS REST API, no auth",live service (verify),"ArcGIS FeatureServer/MapServer; GeoJSON, CSV, Shapefile export",,,2024-09-16,,Y,Query,,,,https://services.arcgis.com/3TIUdMHOqnLBrZEH/arcgis/rest/services/JurisdictionsAllWarrenReference/FeatureServer,https://mvrpc.maps.arcgis.com/home/item.html?id=0d41e23a80e840e7a9d44a2cae8f963b,
JurisdictionsWithShelby,MVRPC (regional),msimpson_MVRPC (msimpson_MVRPC),,Miami Valley region,jurisdiction/county,"Public — ArcGIS REST API, no auth",live service (verify),"ArcGIS FeatureServer/MapServer; GeoJSON, CSV, Shapefile export",,,2023-06-12,,Y,Query,,,,https://services.arcgis.com/3TIUdMHOqnLBrZEH/arcgis/rest/services/JurisdictionsWithShelby/FeatureServer,https://mvrpc.maps.arcgis.com/home/item.html?id=f53e683ad04b47ffb1c08bb461d6d8ee,
Just_Rivers,MVRPC (regional),tharner@mvrpc.org (msimpson_MVRPC),,Miami Valley region,,"Public — ArcGIS REST API, no auth",live service (verify),"ArcGIS FeatureServer/MapServer; GeoJSON, CSV, Shapefile export",,,2020-04-01,,Y,Query,,,,https://services.arcgis.com/3TIUdMHOqnLBrZEH/arcgis/rest/services/Just_Rivers/FeatureServer,https://mvrpc.maps.arcgis.com/home/item.html?id=aa7e36b1a39f47c88b0ab52c1eaf04c3,Only Rivers for the MVRPC area
Kernel Density of Youth Group Homes in Ohio,MVRPC (regional),kypolk (msimpson_MVRPC),,Miami Valley region,,"Public — ArcGIS REST API, no auth",live service (verify),"ArcGIS FeatureServer/MapServer; GeoJSON, CSV, Shapefile export",,,2025-06-18,,N,"Map,TilesOnly,Tilemap",,,,https://tiles.arcgis.com/tiles/3TIUdMHOqnLBrZEH/arcgis/rest/services/Kernel_Density_of_Youth_Group_Homes_in_Ohio/MapServer,https://mvrpc.maps.arcgis.com/home/item.html?id=f2ddcfa5516945c783f0905f40872676,
Kernel Density Polygon,MVRPC (regional),kypolk (msimpson_MVRPC),,Miami Valley region,,"Public — ArcGIS REST API, no auth",live service (verify),"ArcGIS FeatureServer/MapServer; GeoJSON, CSV, Shapefile export",,,2026-05-21,,Y,Query,,,,https://services.arcgis.com/3TIUdMHOqnLBrZEH/arcgis/rest/services/Kernel_Density_Polygon/FeatureServer,https://mvrpc.maps.arcgis.com/home/item.html?id=38cacb03a8cd47609151a6bbdd31262c,
Kettering Active Living Workshop_form,MVRPC (regional),ewhitaker_MVRPC (msimpson_MVRPC),,Miami Valley region,,"Public — ArcGIS REST API, no auth",live service (verify),"ArcGIS FeatureServer/MapServer; GeoJSON, CSV, Shapefile export",,,2026-03-24,,N,"Create,Editing",,,,https://services.arcgis.com/3TIUdMHOqnLBrZEH/arcgis/rest/services/survey123_c4bd62005363422a84ccf0ff1bbc2c56_form/FeatureServer,https://mvrpc.maps.arcgis.com/home/item.html?id=54b138db3752464892e82f7531d0cc0a,
Kettering Focus Area Outline,MVRPC (regional),msimpson_MVRPC (msimpson_MVRPC),,Miami Valley region,,"Public — ArcGIS REST API, no auth",live service (verify),"ArcGIS FeatureServer/MapServer; GeoJSON, CSV, Shapefile export",,,2026-04-23,,Y,Query,,,,https://services.arcgis.com/3TIUdMHOqnLBrZEH/arcgis/rest/services/Kettering_Focus_Area_Outline/FeatureServer,https://mvrpc.maps.arcgis.com/home/item.html?id=dc407aefd773455a8624f775d0478b1f,
Land Developability Condition Measure,MVRPC (regional),tharner@mvrpc.org (msimpson_MVRPC),condition/quality,Miami Valley region,jurisdiction/county,"Public — ArcGIS REST API, no auth",live service (verify),"ArcGIS FeatureServer/MapServer; GeoJSON, CSV, Shapefile export",,,2014-08-12,,N,"Map,TilesOnly",,,,https://tiles.arcgis.com/tiles/3TIUdMHOqnLBrZEH/arcgis/rest/services/LandDevelopabilityConditionMeasure/MapServer,https://mvrpc.maps.arcgis.com/home/item.html?id=ebc1f3609d1446be8037c3b99ed7b44b,"Land Development Condition Measure, for the 3+ county Miami Valley region"
Land Developability Measure,MVRPC (regional),tharner@mvrpc.org (msimpson_MVRPC),,Miami Valley region,,"Public — ArcGIS REST API, no auth",live service (verify),"ArcGIS FeatureServer/MapServer; GeoJSON, CSV, Shapefile export",,,2025-04-30,,N,"Map,TilesOnly,Tilemap",,,,https://tiles.arcgis.com/tiles/3TIUdMHOqnLBrZEH/arcgis/rest/services/Land_Developability_Measure/MapServer,https://mvrpc.maps.arcgis.com/home/item.html?id=528ff52252e44e04bfae7d9abafcc9d0,Summary
Land Development Intensity,MVRPC (regional),tharner@mvrpc.org (msimpson_MVRPC),affordability/tenure,Miami Valley region,jurisdiction/county,"Public — ArcGIS REST API, no auth",live service (verify),"ArcGIS FeatureServer/MapServer; GeoJSON, CSV, Shapefile export",,,2014-08-12,,N,"Map,TilesOnly",,,,https://tiles.arcgis.com/tiles/3TIUdMHOqnLBrZEH/arcgis/rest/services/LandDevIntensity/MapServer,https://mvrpc.maps.arcgis.com/home/item.html?id=018e1f5960b64501861a4abb276407e7,"Land Development Intensity, for the 3+ county Miami Vallet region"
Land Suitability Measure2,MVRPC (regional),tharner@mvrpc.org (msimpson_MVRPC),,Miami Valley region,,"Public — ArcGIS REST API, no auth",live service (verify),"ArcGIS FeatureServer/MapServer; GeoJSON, CSV, Shapefile export",,,2025-04-30,,N,"Map,TilesOnly,Tilemap",,,,https://tiles.arcgis.com/tiles/3TIUdMHOqnLBrZEH/arcgis/rest/services/Land_Suitability_Measure2/MapServer,https://mvrpc.maps.arcgis.com/home/item.html?id=bff399dd1f66433c8d3a922d6e442a23,Summary
"Land Use - Land Cover, 2000",MVRPC (regional),tharner@mvrpc.org (msimpson_MVRPC),zoning/land use,Miami Valley region,,"Public — ArcGIS REST API, no auth",live service (verify),"ArcGIS FeatureServer/MapServer; GeoJSON, CSV, Shapefile export",,,2019-08-22,,N,"Map,TilesOnly",,,,https://tiles.arcgis.com/tiles/3TIUdMHOqnLBrZEH/arcgis/rest/services/Land_Use_2000/MapServer,https://mvrpc.maps.arcgis.com/home/item.html?id=5c7d2ca1b6f6441bb4be1261d5631bdf,2000 Land Use/Land Cover
"Land Use, 2007",MVRPC (regional),tharner@mvrpc.org (msimpson_MVRPC),affordability/tenure,Miami Valley region,jurisdiction/county,"Public — ArcGIS REST API, no auth",live service (verify),"ArcGIS FeatureServer/MapServer; GeoJSON, CSV, Shapefile export",,,2014-08-06,,N,"Map,TilesOnly",,,,https://tiles.arcgis.com/tiles/3TIUdMHOqnLBrZEH/arcgis/rest/services/ExistingLandUseLandcover2007/MapServer,https://mvrpc.maps.arcgis.com/home/item.html?id=7bfbad7e27e04a18b74bcfb306e7c6f9,"Existing Land Use/Land Cover for Montgomery, Miami, Greene, Warren, Clark, Darke, and Preble Counties, from 2007."
"Land Use-Land Cover, 1975",MVRPC (regional),tharner@mvrpc.org (msimpson_MVRPC),zoning/land use,Miami Valley region,,"Public — ArcGIS REST API, no auth",live service (verify),"ArcGIS FeatureServer/MapServer; GeoJSON, CSV, Shapefile export",,,2019-08-22,,N,"Map,TilesOnly",,,,https://tiles.arcgis.com/tiles/3TIUdMHOqnLBrZEH/arcgis/rest/services/Land_Use_1975/MapServer,https://mvrpc.maps.arcgis.com/home/item.html?id=ff29f7e53518471393cd1f68c70d3ca6,1975 Land Use/Land Cover
"Land Use/Land Cover, 2007",MVRPC (regional),tharner@mvrpc.org (msimpson_MVRPC),affordability/tenure,Miami Valley region,jurisdiction/county,"Public — ArcGIS REST API, no auth",live service (verify),"ArcGIS FeatureServer/MapServer; GeoJSON, CSV, Shapefile export",,,2020-10-23,,Y,"Query,Extract",,,,https://services.arcgis.com/3TIUdMHOqnLBrZEH/arcgis/rest/services/EXLU07/FeatureServer,https://mvrpc.maps.arcgis.com/home/item.html?id=95d192f633ae437f877603e05637d4c2,"Existing Land Use/Land Cover for Montgomery, Miami, Greene, Warren, Clark, Darke, and Preble Counties, from 2007."
LandBankRevised_BlockGroup,MVRPC (regional),kypolk (msimpson_MVRPC),demographics,Miami Valley region,block group,"Public — ArcGIS REST API, no auth",live service (verify),"ArcGIS FeatureServer/MapServer; GeoJSON, CSV, Shapefile export",,,2018-01-25,Y,Y,Query,,,,https://services.arcgis.com/3TIUdMHOqnLBrZEH/arcgis/rest/services/LandBankRevised_BlockGroup/FeatureServer,https://mvrpc.maps.arcgis.com/home/item.html?id=0d31ceadb4b2482a9161eee497a588f6,"Montgomery County Land Bank Neighborhood Assessment by 6 indicators and single composite score, including data from previous version (Scenario 0)"
Landscapesynthesis,MVRPC (regional),kypolk (msimpson_MVRPC),zoning/land use,Miami Valley region,,"Public — ArcGIS REST API, no auth",live service (verify),"ArcGIS FeatureServer/MapServer; GeoJSON, CSV, Shapefile export",,,2018-10-25,,N,"Map,TilesOnly",,,,https://tiles.arcgis.com/tiles/3TIUdMHOqnLBrZEH/arcgis/rest/services/Landscapesynthesis/MapServer,https://mvrpc.maps.arcgis.com/home/item.html?id=6b27faeafa47472894ab4d9982895613,Summary of all corridore core actions created by Sasaki for Dayton Riverfront Master Plan
Lead Paint Snapshot,MVRPC (regional),msimpson_MVRPC (msimpson_MVRPC),zoning/land use,Miami Valley region,neighborhood,"Public — ArcGIS REST API, no auth",live service (verify),"ArcGIS FeatureServer/MapServer; GeoJSON, CSV, Shapefile export",,,2021-12-02,,N,"Map,TilesOnly,Tilemap",,,,https://tiles.arcgis.com/tiles/3TIUdMHOqnLBrZEH/arcgis/rest/services/Lead_Paint_Snapshot/MapServer,https://mvrpc.maps.arcgis.com/home/item.html?id=7bcd165b8b974580b8b7e82b89224060,Lead Paint Snapshot
"LEHD 2014, Education",MVRPC (regional),tharner@mvrpc.org (msimpson_MVRPC),,Miami Valley region,,"Public — ArcGIS REST API, no auth",live service (verify),"ArcGIS FeatureServer/MapServer; GeoJSON, CSV, Shapefile export",,,2018-01-03,,N,service unreachable: HTTP Error 500: Internal Server Error,,,,https://gis.mvrpc.org/arcgis/rest/services/LEHD/LEHD_Education2014/MapServer,https://mvrpc.maps.arcgis.com/home/item.html?id=8cdfde6d1a3d4db0aae16e4e7c4fe7dc,"LEHD 2014, Education"
"LEHD 2014, Every Job",MVRPC (regional),tharner@mvrpc.org (msimpson_MVRPC),,Miami Valley region,,"Public — ArcGIS REST API, no auth",live service (verify),"ArcGIS FeatureServer/MapServer; GeoJSON, CSV, Shapefile export",,,2018-05-04,,N,service unreachable: HTTP Error 500: Internal Server Error,,,,https://gis.mvrpc.org/arcgis/rest/services/LEHD/LEHD_2014EveryJob_MultiScale/MapServer,https://mvrpc.maps.arcgis.com/home/item.html?id=d57b0068690d48419b66bac36630af26,"LEHD 2014, every job"
"LEHD 2014, Healthcare",MVRPC (regional),tharner@mvrpc.org (msimpson_MVRPC),,Miami Valley region,,"Public — ArcGIS REST API, no auth",live service (verify),"ArcGIS FeatureServer/MapServer; GeoJSON, CSV, Shapefile export",,,2018-01-03,,N,service unreachable: HTTP Error 500: Internal Server Error,,,,https://gis.mvrpc.org/arcgis/rest/services/LEHD/LEHD_Healthcare_2014_blkcirc/MapServer,https://mvrpc.maps.arcgis.com/home/item.html?id=e56d2d8307f74af587836b766293ec58,"LEHD 2014, Healthcare"
"LEHD 2014, Manufacturing",MVRPC (regional),tharner@mvrpc.org (msimpson_MVRPC),,Miami Valley region,,"Public — ArcGIS REST API, no auth",live service (verify),"ArcGIS FeatureServer/MapServer; GeoJSON, CSV, Shapefile export",,,2017-07-14,,N,service unreachable: HTTP Error 500: Internal Server Error,,,,https://gis.mvrpc.org/arcgis/rest/services/LEHD/LEHD_Manufacturing2014/MapServer,https://mvrpc.maps.arcgis.com/home/item.html?id=d7cb6d2d2ba346f1b591dd5ea1385a35,"LEHD 2014, Manufacturing"
"LEHD 2014, Retail",MVRPC (regional),tharner@mvrpc.org (msimpson_MVRPC),,Miami Valley region,,"Public — ArcGIS REST API, no auth",live service (verify),"ArcGIS FeatureServer/MapServer; GeoJSON, CSV, Shapefile export",,,2018-01-03,,N,service unreachable: HTTP Error 500: Internal Server Error,,,,https://gis.mvrpc.org/arcgis/rest/services/LEHD/LEHD_Retail_2014_blkcirc/MapServer,https://mvrpc.maps.arcgis.com/home/item.html?id=9996930ffffb47a592163bf3ea7668dd,"LEHD 2014, Retail"
"LEHD 2015, Home:  Earning over 40k",MVRPC (regional),tharner@mvrpc.org (msimpson_MVRPC),,Miami Valley region,,"Public — ArcGIS REST API, no auth",live service (verify),"ArcGIS FeatureServer/MapServer; GeoJSON, CSV, Shapefile export",,,2019-07-16,,N,service unreachable: HTTP Error 500: Internal Server Error,,,,https://gis.mvrpc.org/arcgis/rest/services/LEHD2015/Home2015_Earn_Over40k/MapServer,https://mvrpc.maps.arcgis.com/home/item.html?id=388b0a6ff0474c719f507c4a3a105042,
"LEHD 2015, Home: All Jobs",MVRPC (regional),tharner@mvrpc.org (msimpson_MVRPC),,Miami Valley region,,"Public — ArcGIS REST API, no auth",live service (verify),"ArcGIS FeatureServer/MapServer; GeoJSON, CSV, Shapefile export",,,2019-07-16,,N,service unreachable: HTTP Error 500: Internal Server Error,,,,https://gis.mvrpc.org/arcgis/rest/services/LEHD2015/Home2015_alljobs/MapServer,https://mvrpc.maps.arcgis.com/home/item.html?id=122db9d9f9ce4b6d8640e62ff22ace93,
"LEHD 2015, Home: Earning 15k to 40k",MVRPC (regional),tharner@mvrpc.org (msimpson_MVRPC),,Miami Valley region,,"Public — ArcGIS REST API, no auth",live service (verify),"ArcGIS FeatureServer/MapServer; GeoJSON, CSV, Shapefile export",,,2019-07-16,,N,service unreachable: HTTP Error 500: Internal Server Error,,,,https://gis.mvrpc.org/arcgis/rest/services/LEHD2015/Home2015_Earn_15kto40k/MapServer,https://mvrpc.maps.arcgis.com/home/item.html?id=192d3d821e9c412cb38105f7f6e81d32,
"LEHD 2015, Home: Education Bachelors or Above",MVRPC (regional),tharner@mvrpc.org (msimpson_MVRPC),,Miami Valley region,,"Public — ArcGIS REST API, no auth",live service (verify),"ArcGIS FeatureServer/MapServer; GeoJSON, CSV, Shapefile export",,,2019-07-16,,N,service unreachable: HTTP Error 500: Internal Server Error,,,,https://gis.mvrpc.org/arcgis/rest/services/LEHD2015/Home2015_Education_Bachelors/MapServer,https://mvrpc.maps.arcgis.com/home/item.html?id=53e56cdd451942ee8a826149bd565a22,"LEHD 2015, Home: Education Bachelors or Above"
"LEHD 2015, Home: Education High School",MVRPC (regional),tharner@mvrpc.org (msimpson_MVRPC),,Miami Valley region,,"Public — ArcGIS REST API, no auth",live service (verify),"ArcGIS FeatureServer/MapServer; GeoJSON, CSV, Shapefile export",,,2019-07-16,,N,service unreachable: HTTP Error 500: Internal Server Error,,,,https://gis.mvrpc.org/arcgis/rest/services/LEHD2015/Home2015_Education_HS/MapServer,https://mvrpc.maps.arcgis.com/home/item.html?id=d5af037428864356b6504042ce85c95e,
"LEHD 2015, Home: Education No High School",MVRPC (regional),tharner@mvrpc.org (msimpson_MVRPC),,Miami Valley region,,"Public — ArcGIS REST API, no auth",live service (verify),"ArcGIS FeatureServer/MapServer; GeoJSON, CSV, Shapefile export",,,2019-07-16,,N,service unreachable: HTTP Error 500: Internal Server Error,,,,https://gis.mvrpc.org/arcgis/rest/services/LEHD2015/Home2015_educationNoHS/MapServer,https://mvrpc.maps.arcgis.com/home/item.html?id=1dbb0da6aae64a2e8d2d2930f537bd32,
"LEHD 2015, Home: Education Some College",MVRPC (regional),tharner@mvrpc.org (msimpson_MVRPC),,Miami Valley region,,"Public — ArcGIS REST API, no auth",live service (verify),"ArcGIS FeatureServer/MapServer; GeoJSON, CSV, Shapefile export",,,2019-07-16,,N,service unreachable: HTTP Error 500: Internal Server Error,,,,https://gis.mvrpc.org/arcgis/rest/services/LEHD2015/Home2015_Education_Some_College/MapServer,https://mvrpc.maps.arcgis.com/home/item.html?id=db4d9bc03fe54d9c873d93ce82fdfbec,
"LEHD 2015, Home: Gender Men",MVRPC (regional),tharner@mvrpc.org (msimpson_MVRPC),,Miami Valley region,,"Public — ArcGIS REST API, no auth",live service (verify),"ArcGIS FeatureServer/MapServer; GeoJSON, CSV, Shapefile export",,,2019-07-16,,N,service unreachable: HTTP Error 500: Internal Server Error,,,,https://gis.mvrpc.org/arcgis/rest/services/LEHD2015/Home2015_gendermen/MapServer,https://mvrpc.maps.arcgis.com/home/item.html?id=39013a59914b4478a7f1428e06f39ba5,
"LEHD 2015, Home: Gender Women",MVRPC (regional),tharner@mvrpc.org (msimpson_MVRPC),,Miami Valley region,,"Public — ArcGIS REST API, no auth",live service (verify),"ArcGIS FeatureServer/MapServer; GeoJSON, CSV, Shapefile export",,,2019-07-16,,N,service unreachable: HTTP Error 500: Internal Server Error,,,,https://gis.mvrpc.org/arcgis/rest/services/LEHD2015/Home2015_genderwomen/MapServer,https://mvrpc.maps.arcgis.com/home/item.html?id=1c29cc13d3bc4b78a1166b1ffb52bf60,
"LEHD 2015, Work:  Education Bachelors or Higher",MVRPC (regional),tharner@mvrpc.org (msimpson_MVRPC),,Miami Valley region,,"Public — ArcGIS REST API, no auth",live service (verify),"ArcGIS FeatureServer/MapServer; GeoJSON, CSV, Shapefile export",,,2019-07-16,,N,service unreachable: HTTP Error 500: Internal Server Error,,,,https://gis.mvrpc.org/arcgis/rest/services/LEHD2015/Work2015_Education_Bachelors/MapServer,https://mvrpc.maps.arcgis.com/home/item.html?id=980d566562a64e3bafb88a3ef0d72d36,"LEHD 2015, work all jobs"
"LEHD 2015, Work: Age 30 to 54",MVRPC (regional),tharner@mvrpc.org (msimpson_MVRPC),,Miami Valley region,,"Public — ArcGIS REST API, no auth",live service (verify),"ArcGIS FeatureServer/MapServer; GeoJSON, CSV, Shapefile export",,,2019-07-16,,N,service unreachable: HTTP Error 500: Internal Server Error,,,,https://gis.mvrpc.org/arcgis/rest/services/LEHD2015/Work2015_Age_30to54/MapServer,https://mvrpc.maps.arcgis.com/home/item.html?id=0186d54973134deb9d83edae645ad4d7,"LEHD 2015, work all jobs"
"LEHD 2015, Work: Age 55 and over",MVRPC (regional),tharner@mvrpc.org (msimpson_MVRPC),,Miami Valley region,,"Public — ArcGIS REST API, no auth",live service (verify),"ArcGIS FeatureServer/MapServer; GeoJSON, CSV, Shapefile export",,,2019-07-16,,N,service unreachable: HTTP Error 500: Internal Server Error,,,,https://gis.mvrpc.org/arcgis/rest/services/LEHD2015/Work2015_Age_55andover/MapServer,https://mvrpc.maps.arcgis.com/home/item.html?id=a8be79d6ffa84f87a8eb005d9fdb2961,"LEHD 2015, work all jobs"
"LEHD 2015, Work: Age Under 30",MVRPC (regional),tharner@mvrpc.org (msimpson_MVRPC),,Miami Valley region,,"Public — ArcGIS REST API, no auth",live service (verify),"ArcGIS FeatureServer/MapServer; GeoJSON, CSV, Shapefile export",,,2019-07-16,,N,service unreachable: HTTP Error 500: Internal Server Error,,,,https://gis.mvrpc.org/arcgis/rest/services/LEHD2015/Work2015_Age_Under30/MapServer,https://mvrpc.maps.arcgis.com/home/item.html?id=123f5f11c16942dc95f96f266f93e0ac,"LEHD 2015, work all jobs"
"LEHD 2015, Work: All Jobs",MVRPC (regional),tharner@mvrpc.org (msimpson_MVRPC),,Miami Valley region,,"Public — ArcGIS REST API, no auth",live service (verify),"ArcGIS FeatureServer/MapServer; GeoJSON, CSV, Shapefile export",,,2019-07-16,,N,service unreachable: HTTP Error 500: Internal Server Error,,,,https://gis.mvrpc.org/arcgis/rest/services/LEHD2015/Work2015_AllJobs/MapServer,https://mvrpc.maps.arcgis.com/home/item.html?id=626aa35d51534323b27c4006809ef2d9,
"LEHD 2015, Work: Earning 15k or less",MVRPC (regional),tharner@mvrpc.org (msimpson_MVRPC),,Miami Valley region,,"Public — ArcGIS REST API, no auth",live service (verify),"ArcGIS FeatureServer/MapServer; GeoJSON, CSV, Shapefile export",,,2019-07-16,,N,service unreachable: HTTP Error 500: Internal Server Error,,,,https://gis.mvrpc.org/arcgis/rest/services/LEHD2015/Work2015_Earn_15korless/MapServer,https://mvrpc.maps.arcgis.com/home/item.html?id=0e5b704668ff48839810a76162195b34,"LEHD 2015, work all jobs"
"LEHD 2015, Work: Earning 15k to 40k",MVRPC (regional),tharner@mvrpc.org (msimpson_MVRPC),,Miami Valley region,,"Public — ArcGIS REST API, no auth",live service (verify),"ArcGIS FeatureServer/MapServer; GeoJSON, CSV, Shapefile export",,,2019-07-16,,N,service unreachable: HTTP Error 500: Internal Server Error,,,,https://gis.mvrpc.org/arcgis/rest/services/LEHD2015/Work2015_Earn_15kto40k/MapServer,https://mvrpc.maps.arcgis.com/home/item.html?id=37bb4cebfe044ad9b3a62c52ccd7f712,"LEHD 2015, work all jobs"
"LEHD 2015, Work: Earning over 40k",MVRPC (regional),tharner@mvrpc.org (msimpson_MVRPC),,Miami Valley region,,"Public — ArcGIS REST API, no auth",live service (verify),"ArcGIS FeatureServer/MapServer; GeoJSON, CSV, Shapefile export",,,2019-07-16,,N,service unreachable: HTTP Error 500: Internal Server Error,,,,https://gis.mvrpc.org/arcgis/rest/services/LEHD2015/Work2015_Earn_over40k/MapServer,https://mvrpc.maps.arcgis.com/home/item.html?id=7eab5fe57de64aca9da3a09dfb28a81d,"LEHD 2015, work all jobs"
"LEHD 2015, Work: Education High School",MVRPC (regional),tharner@mvrpc.org (msimpson_MVRPC),,Miami Valley region,,"Public — ArcGIS REST API, no auth",live service (verify),"ArcGIS FeatureServer/MapServer; GeoJSON, CSV, Shapefile export",,,2019-07-16,,N,service unreachable: HTTP Error 500: Internal Server Error,,,,https://gis.mvrpc.org/arcgis/rest/services/LEHD2015/Work2015_Education_HS/MapServer,https://mvrpc.maps.arcgis.com/home/item.html?id=d4f4548a529840da8a53a176a7980a22,"LEHD 2015, work all jobs"
"LEHD 2015, Work: Education no High School",MVRPC (regional),tharner@mvrpc.org (msimpson_MVRPC),,Miami Valley region,,"Public — ArcGIS REST API, no auth",live service (verify),"ArcGIS FeatureServer/MapServer; GeoJSON, CSV, Shapefile export",,,2019-07-16,,N,service unreachable: HTTP Error 500: Internal Server Error,,,,https://gis.mvrpc.org/arcgis/rest/services/LEHD2015/Work2015_Education_NoHS/MapServer,https://mvrpc.maps.arcgis.com/home/item.html?id=0eaacd8522254bc3a565577175255e0c,"LEHD 2015, work, education: no high school"
"LEHD 2015, Work: Education Some College",MVRPC (regional),tharner@mvrpc.org (msimpson_MVRPC),,Miami Valley region,,"Public — ArcGIS REST API, no auth",live service (verify),"ArcGIS FeatureServer/MapServer; GeoJSON, CSV, Shapefile export",,,2019-07-16,,N,service unreachable: HTTP Error 500: Internal Server Error,,,,https://gis.mvrpc.org/arcgis/rest/services/LEHD2015/Work2015_Education_SomeCollege/MapServer,https://mvrpc.maps.arcgis.com/home/item.html?id=23f8a8046ff448099fdc78cc1fe9d7ea," LEHD 2015, Work: Education Some College "
"LEHD 2015, Work: Gender Men",MVRPC (regional),tharner@mvrpc.org (msimpson_MVRPC),,Miami Valley region,,"Public — ArcGIS REST API, no auth",live service (verify),"ArcGIS FeatureServer/MapServer; GeoJSON, CSV, Shapefile export",,,2019-07-16,,N,service unreachable: HTTP Error 500: Internal Server Error,,,,https://gis.mvrpc.org/arcgis/rest/services/LEHD2015/Work2015_gendermen/MapServer,https://mvrpc.maps.arcgis.com/home/item.html?id=7f9d139352f544f79e7fe87071bdf1b8,"LEHD 2015, work all jobs"
"LEHD 2015, Work: Gender Women",MVRPC (regional),tharner@mvrpc.org (msimpson_MVRPC),,Miami Valley region,,"Public — ArcGIS REST API, no auth",live service (verify),"ArcGIS FeatureServer/MapServer; GeoJSON, CSV, Shapefile export",,,2019-07-16,,N,service unreachable: HTTP Error 500: Internal Server Error,,,,https://gis.mvrpc.org/arcgis/rest/services/LEHD2015/Work2015_GenderWomen/MapServer,https://mvrpc.maps.arcgis.com/home/item.html?id=ab2495d719a64fab80afa00d7520a3c6,"LEHD 2015, work all jobs"
LEHD All Jobs Layer,MVRPC (regional),kypolk (msimpson_MVRPC),affordability/tenure,Miami Valley region,jurisdiction/county,"Public — ArcGIS REST API, no auth",live service (verify),"ArcGIS FeatureServer/MapServer; GeoJSON, CSV, Shapefile export",,,2022-10-19,,Y,"Query,Extract",,,,https://services.arcgis.com/3TIUdMHOqnLBrZEH/arcgis/rest/services/LEHDAllJobs6Counties/FeatureServer,https://mvrpc.maps.arcgis.com/home/item.html?id=4529c51d6dd840e08134f3c6f82e2d2d,"LEHD data featuring count and demographic information about employment from 2011 to 2019 for the Miami Valley Region including Darke, Greene, Miami, Montgomery, Preble, Shelby and portions of Warren C"
"LEHD County Attributes, 2015",MVRPC (regional),tharner@mvrpc.org (msimpson_MVRPC),,Miami Valley region,jurisdiction/county,"Public — ArcGIS REST API, no auth",live service (verify),"ArcGIS FeatureServer/MapServer; GeoJSON, CSV, Shapefile export",,,2019-07-18,,Y,Query,,,,https://services.arcgis.com/3TIUdMHOqnLBrZEH/arcgis/rest/services/2015_LEHD_county_attributes/FeatureServer,https://mvrpc.maps.arcgis.com/home/item.html?id=96697240cfa1446cb4663850e0872a8c,2015 LEHD county attributes for the Workforce Profile
LEHD2013tiles,MVRPC (regional),tharner@mvrpc.org (msimpson_MVRPC),demographics,Miami Valley region,,"Public — ArcGIS REST API, no auth",live service (verify),"ArcGIS FeatureServer/MapServer; GeoJSON, CSV, Shapefile export",,,2018-01-02,,N,"Map,TilesOnly",,,,https://tiles.arcgis.com/tiles/3TIUdMHOqnLBrZEH/arcgis/rest/services/LEHD2013tiling/MapServer,https://mvrpc.maps.arcgis.com/home/item.html?id=c9c8113ff1bb47c1b85ba99945bb39d2,LEHD2013
LEHD_AllJobsDD2014_RPC,MVRPC (regional),tharner@mvrpc.org (msimpson_MVRPC),,Miami Valley region,,"Public — ArcGIS REST API, no auth",live service (verify),"ArcGIS FeatureServer/MapServer; GeoJSON, CSV, Shapefile export",,,2018-01-03,,N,service unreachable: HTTP Error 500: Internal Server Error,,,,https://gis.mvrpc.org/arcgis/rest/services/LEHD/LEHD_AllJobsDD2014_RPC/MapServer,https://mvrpc.maps.arcgis.com/home/item.html?id=5c9446651c6144649426599b68f6189e,testing share map package
LEHDAll_WFL1,MVRPC (regional),kypolk (msimpson_MVRPC),affordability/tenure,Miami Valley region,block group,"Public — ArcGIS REST API, no auth",live service (verify),"ArcGIS FeatureServer/MapServer; GeoJSON, CSV, Shapefile export",,,2022-04-20,,Y,Query,,,,https://services.arcgis.com/3TIUdMHOqnLBrZEH/arcgis/rest/services/LEHDAll_WFL1/FeatureServer,https://mvrpc.maps.arcgis.com/home/item.html?id=d995bbf0de9640fbba50363d71efb0f4,LEHD 2011 to 2019 by block group in Miami Valley region
LEHDAllSectorsClip,MVRPC (regional),kypolk (msimpson_MVRPC),affordability/tenure,Miami Valley region,jurisdiction/county,"Public — ArcGIS REST API, no auth",live service (verify),"ArcGIS FeatureServer/MapServer; GeoJSON, CSV, Shapefile export",,,2022-04-21,,Y,Query,,,,https://services.arcgis.com/3TIUdMHOqnLBrZEH/arcgis/rest/services/LEHDAllSectorsClip/FeatureServer,https://mvrpc.maps.arcgis.com/home/item.html?id=f9ad602b6abd4e2e953c3322012bdd80,LEHD data for Miami Valley Region from 2011 and 2019
LEHDAllSectorsPoints,MVRPC (regional),kypolk (msimpson_MVRPC),,Miami Valley region,address/point,"Public — ArcGIS REST API, no auth",live service (verify),"ArcGIS FeatureServer/MapServer; GeoJSON, CSV, Shapefile export",,,2022-04-21,,Y,Query,,,,https://services.arcgis.com/3TIUdMHOqnLBrZEH/arcgis/rest/services/LEHDAllSectorsPoints/FeatureServer,https://mvrpc.maps.arcgis.com/home/item.html?id=6302611f06e7417282bac3e6ce5778a2,Centroid points fo the All Secotrs LEHD shapefile
LEP Households Snapshot,MVRPC (regional),msimpson_MVRPC (msimpson_MVRPC),zoning/land use,Miami Valley region,,"Public — ArcGIS REST API, no auth",live service (verify),"ArcGIS FeatureServer/MapServer; GeoJSON, CSV, Shapefile export",,,2021-12-02,,N,"Map,TilesOnly,Tilemap",,,,https://tiles.arcgis.com/tiles/3TIUdMHOqnLBrZEH/arcgis/rest/services/LEP_Households_Snapshot/MapServer,https://mvrpc.maps.arcgis.com/home/item.html?id=a42a479dffdf4d97b252ca49f3a6309f,LEP Households Snapshot
LEP Households Snapshot V2,MVRPC (regional),msimpson_MVRPC (msimpson_MVRPC),,Miami Valley region,,"Public — ArcGIS REST API, no auth",live service (verify),"ArcGIS FeatureServer/MapServer; GeoJSON, CSV, Shapefile export",,,2022-02-07,,N,"Map,TilesOnly,Tilemap",,,,https://tiles.arcgis.com/tiles/3TIUdMHOqnLBrZEH/arcgis/rest/services/LEP_Households_Snapshot_V2/MapServer,https://mvrpc.maps.arcgis.com/home/item.html?id=686717256e644e0ab0488c5e7f1a60e9,MVRPC
LEP Households Trend,MVRPC (regional),msimpson_MVRPC (msimpson_MVRPC),zoning/land use,Miami Valley region,,"Public — ArcGIS REST API, no auth",live service (verify),"ArcGIS FeatureServer/MapServer; GeoJSON, CSV, Shapefile export",,,2021-11-24,,N,"Map,TilesOnly,Tilemap",,,,https://tiles.arcgis.com/tiles/3TIUdMHOqnLBrZEH/arcgis/rest/services/LEP_Households_Trend/MapServer,https://mvrpc.maps.arcgis.com/home/item.html?id=62da2757acba4680aca801a027717744,LEP Households Trend
Level of Traffic Stress (Properties Saved),MVRPC (regional),msimpson_MVRPC (msimpson_MVRPC),ownership/transfers,Miami Valley region,parcel,"Public — ArcGIS REST API, no auth",live service (verify),"ArcGIS FeatureServer/MapServer; GeoJSON, CSV, Shapefile export",,,2025-07-11,Y,Y,Query,,,,https://services.arcgis.com/3TIUdMHOqnLBrZEH/arcgis/rest/services/LTSandSpeedLimits_MCPH/FeatureServer,https://mvrpc.maps.arcgis.com/home/item.html?id=4fe62fdebe4e4dd7bb0f4350533fc47f,
Library Locations,MVRPC (regional),tharner@mvrpc.org (msimpson_MVRPC),,Miami Valley region,,"Public — ArcGIS REST API, no auth",live service (verify),"ArcGIS FeatureServer/MapServer; GeoJSON, CSV, Shapefile export",,,2019-02-11,,Y,Query,,,,https://services.arcgis.com/3TIUdMHOqnLBrZEH/arcgis/rest/services/Library_Locations/FeatureServer,https://mvrpc.maps.arcgis.com/home/item.html?id=352bd673d1354753a73c0e8b360b2e4d,Dayton Metro Library locations
Library Service Areas,MVRPC (regional),tharner@mvrpc.org (msimpson_MVRPC),,Miami Valley region,,"Public — ArcGIS REST API, no auth",live service (verify),"ArcGIS FeatureServer/MapServer; GeoJSON, CSV, Shapefile export",,,2019-02-11,,Y,Query,,,,https://services.arcgis.com/3TIUdMHOqnLBrZEH/arcgis/rest/services/Library_Service_Areas/FeatureServer,https://mvrpc.maps.arcgis.com/home/item.html?id=f2dfe012f50b4eda9fa39d7f91d4b7ce,"Library Service Areas for the Dayton Metro Library, 2015"
Library_Service_Areas,MVRPC (regional),tharner@mvrpc.org (msimpson_MVRPC),,Miami Valley region,,"Public — ArcGIS REST API, no auth",live service (verify),"ArcGIS FeatureServer/MapServer; GeoJSON, CSV, Shapefile export",,,2016-01-14,,N,"Map,TilesOnly",,,,https://tiles.arcgis.com/tiles/3TIUdMHOqnLBrZEH/arcgis/rest/services/Library_Service_Areas/MapServer,https://mvrpc.maps.arcgis.com/home/item.html?id=2db9508575164d77966a55fb1c15f599,"Library Service Areas for the Dayton Metro Library, 2015"
LibraryYS,MVRPC (regional),kypolk (msimpson_MVRPC),,Miami Valley region,,"Public — ArcGIS REST API, no auth",live service (verify),"ArcGIS FeatureServer/MapServer; GeoJSON, CSV, Shapefile export",,,2020-04-16,,Y,Query,,,,https://services.arcgis.com/3TIUdMHOqnLBrZEH/arcgis/rest/services/LibraryYS/FeatureServer,https://mvrpc.maps.arcgis.com/home/item.html?id=354cf902c008436280ae426c2db43760,Library in Yellow Springs
Life Expectancy Snapshot,MVRPC (regional),msimpson_MVRPC (msimpson_MVRPC),zoning/land use,Miami Valley region,,"Public — ArcGIS REST API, no auth",live service (verify),"ArcGIS FeatureServer/MapServer; GeoJSON, CSV, Shapefile export",,,2021-12-02,,N,"Map,TilesOnly,Tilemap",,,,https://tiles.arcgis.com/tiles/3TIUdMHOqnLBrZEH/arcgis/rest/services/Life_Expectancy_Snapshot/MapServer,https://mvrpc.maps.arcgis.com/home/item.html?id=2121caeaad384d4794d8c14cad410e7a,Life Expectancy Snapshot
LILADataupdated322_WFL1,MVRPC (regional),kypolk (msimpson_MVRPC),,Miami Valley region,,"Public — ArcGIS REST API, no auth",live service (verify),"ArcGIS FeatureServer/MapServer; GeoJSON, CSV, Shapefile export",,,2025-06-02,,Y,Query,,,,https://services.arcgis.com/3TIUdMHOqnLBrZEH/arcgis/rest/services/LILADataupdated322_WFL1/FeatureServer,https://mvrpc.maps.arcgis.com/home/item.html?id=6f113dd3aee246688e602b2961cad216,
LILALVAbyRaceforDashboard,MVRPC (regional),kypolk (msimpson_MVRPC),,Miami Valley region,,"Public — ArcGIS REST API, no auth",live service (verify),"ArcGIS FeatureServer/MapServer; GeoJSON, CSV, Shapefile export",,,2025-03-24,,Y,Query,,,,https://services.arcgis.com/3TIUdMHOqnLBrZEH/arcgis/rest/services/LILALVAbyRaceforDashboard/FeatureServer,https://mvrpc.maps.arcgis.com/home/item.html?id=382fd6d10d4c44b79385ddbd4bc1d358,
LILATracts1and10Mile,MVRPC (regional),msimpson_MVRPC (msimpson_MVRPC),demographics,Miami Valley region,tract,"Public — ArcGIS REST API, no auth",live service (verify),"ArcGIS FeatureServer/MapServer; GeoJSON, CSV, Shapefile export",,,2024-07-15,,N,"Map,TilesOnly,Tilemap",,,,https://tiles.arcgis.com/tiles/3TIUdMHOqnLBrZEH/arcgis/rest/services/LILATracts1and10Mile/MapServer,https://mvrpc.maps.arcgis.com/home/item.html?id=68986afc8e114f7fb5234a2e456bb354,LILATracts1and10Mile
LILAUsingVehicleAccess,MVRPC (regional),msimpson_MVRPC (msimpson_MVRPC),,Miami Valley region,,"Public — ArcGIS REST API, no auth",live service (verify),"ArcGIS FeatureServer/MapServer; GeoJSON, CSV, Shapefile export",,,2024-07-15,,N,"Map,TilesOnly,Tilemap",,,,https://tiles.arcgis.com/tiles/3TIUdMHOqnLBrZEH/arcgis/rest/services/LILAUsingVehicleAccess/MapServer,https://mvrpc.maps.arcgis.com/home/item.html?id=739be6004e0c4f53b63d911037875e73,LILA using vehicle Access
LineProjectsPilot,MVRPC (regional),kypolk (msimpson_MVRPC),investment/projects,Miami Valley region,,"Public — ArcGIS REST API, no auth",live service (verify),"ArcGIS FeatureServer/MapServer; GeoJSON, CSV, Shapefile export",,,2026-05-14,,Y,Query,,,,https://services.arcgis.com/3TIUdMHOqnLBrZEH/arcgis/rest/services/LineProjectsPilot/FeatureServer,https://mvrpc.maps.arcgis.com/home/item.html?id=8e11be52adb24240a32f2275e2e40a3a,Pilot version of potential line shaped projects featured in Dayton Riverfront Plan. Not the official version.
lines,MVRPC (regional),tharner@mvrpc.org (msimpson_MVRPC),,Miami Valley region,,"Public — ArcGIS REST API, no auth",live service (verify),"ArcGIS FeatureServer/MapServer; GeoJSON, CSV, Shapefile export",,,2018-08-20,,Y,Query,,,,https://services.arcgis.com/3TIUdMHOqnLBrZEH/arcgis/rest/services/lines/FeatureServer,https://mvrpc.maps.arcgis.com/home/item.html?id=0e2ec24b25034c7d82723e618f163207,
LINK stations,MVRPC (regional),tharner@mvrpc.org (msimpson_MVRPC),,Miami Valley region,,"Public — ArcGIS REST API, no auth",live service (verify),"ArcGIS FeatureServer/MapServer; GeoJSON, CSV, Shapefile export",,,2020-08-18,,N,Query,,,,https://services.arcgis.com/3TIUdMHOqnLBrZEH/arcgis/rest/services/Bikeway_WEB/FeatureServer/1,https://mvrpc.maps.arcgis.com/home/item.html?id=6439edbd44cc4c2b809e0e42f0cce545,"Location of LINK bike share stations, Dayton OH - 2019"
LINKstations,MVRPC (regional),tharner@mvrpc.org (msimpson_MVRPC),,Miami Valley region,,"Public — ArcGIS REST API, no auth",live service (verify),"ArcGIS FeatureServer/MapServer; GeoJSON, CSV, Shapefile export",,,2018-07-23,,Y,Query,,,,https://services.arcgis.com/3TIUdMHOqnLBrZEH/arcgis/rest/services/LINKstations/FeatureServer,https://mvrpc.maps.arcgis.com/home/item.html?id=0cee7ed2d6684f6ca6dd95365247f462,"LINK bike share stations, 2017"
Load Bearing Strength,MVRPC (regional),tharner@mvrpc.org (msimpson_MVRPC),,Miami Valley region,,"Public — ArcGIS REST API, no auth",live service (verify),"ArcGIS FeatureServer/MapServer; GeoJSON, CSV, Shapefile export",,,2025-05-01,,N,"Map,TilesOnly,Tilemap",,,,https://tiles.arcgis.com/tiles/3TIUdMHOqnLBrZEH/arcgis/rest/services/Load_Bearing_Strength/MapServer,https://mvrpc.maps.arcgis.com/home/item.html?id=274d8d01e5e84b1a9ffd6e64c82dd2b1,Summary
Local 2040 Plans _ New Jobs,MVRPC (regional),tharner@mvrpc.org (msimpson_MVRPC),zoning/land use,Miami Valley region,,"Public — ArcGIS REST API, no auth",live service (verify),"ArcGIS FeatureServer/MapServer; GeoJSON, CSV, Shapefile export",,,2025-04-30,,N,"Map,TilesOnly,Tilemap",,,,https://tiles.arcgis.com/tiles/3TIUdMHOqnLBrZEH/arcgis/rest/services/Local_2040_Plans___New_Jobs/MapServer,https://mvrpc.maps.arcgis.com/home/item.html?id=e308ea8b228f4a279414be1dab4b89c0,Summary
Local 2040 Plans _ New Population,MVRPC (regional),tharner@mvrpc.org (msimpson_MVRPC),zoning/land use,Miami Valley region,,"Public — ArcGIS REST API, no auth",live service (verify),"ArcGIS FeatureServer/MapServer; GeoJSON, CSV, Shapefile export",,,2025-04-30,,N,"Map,TilesOnly,Tilemap",,,,https://tiles.arcgis.com/tiles/3TIUdMHOqnLBrZEH/arcgis/rest/services/Local_2040_Plans___New_Population/MapServer,https://mvrpc.maps.arcgis.com/home/item.html?id=42dafe9898c14d539e814847b345870e,Summary
Low Access to Healthy Food Snapshot,MVRPC (regional),msimpson_MVRPC (msimpson_MVRPC),zoning/land use,Miami Valley region,neighborhood,"Public — ArcGIS REST API, no auth",live service (verify),"ArcGIS FeatureServer/MapServer; GeoJSON, CSV, Shapefile export",,,2021-12-02,,N,"Map,TilesOnly,Tilemap",,,,https://tiles.arcgis.com/tiles/3TIUdMHOqnLBrZEH/arcgis/rest/services/Low_Access_to_Healthy_Food_Snapshot/MapServer,https://mvrpc.maps.arcgis.com/home/item.html?id=7ffa9d15441e4bb99e595927bdc4e8a2,Low Access to Healthy Food Snapshot
Low Income Low Access,MVRPC (regional),Reggie_Steward (msimpson_MVRPC),affordability/tenure,Miami Valley region,,"Public — ArcGIS REST API, no auth",live service (verify),"ArcGIS FeatureServer/MapServer; GeoJSON, CSV, Shapefile export",,,2026-06-15,Y,Y,Query,,,,https://services.arcgis.com/3TIUdMHOqnLBrZEH/arcgis/rest/services/Low_Income_Low_Access/FeatureServer,https://mvrpc.maps.arcgis.com/home/item.html?id=a92c090f3d624c999095239b0ca78932,
LowAccess1and10Miles,MVRPC (regional),msimpson_MVRPC (msimpson_MVRPC),,Miami Valley region,,"Public — ArcGIS REST API, no auth",live service (verify),"ArcGIS FeatureServer/MapServer; GeoJSON, CSV, Shapefile export",,,2024-07-15,,N,"Map,TilesOnly,Tilemap",,,,https://tiles.arcgis.com/tiles/3TIUdMHOqnLBrZEH/arcgis/rest/services/LowAccess1and10Miles/MapServer,https://mvrpc.maps.arcgis.com/home/item.html?id=317ec816594645069915081c3621fcc9,Low access at 1 and 10 miles
LowIncomeTract,MVRPC (regional),msimpson_MVRPC (msimpson_MVRPC),affordability/tenure,Miami Valley region,tract,"Public — ArcGIS REST API, no auth",live service (verify),"ArcGIS FeatureServer/MapServer; GeoJSON, CSV, Shapefile export",,,2024-09-16,,N,"Map,TilesOnly,Tilemap",,,,https://tiles.arcgis.com/tiles/3TIUdMHOqnLBrZEH/arcgis/rest/services/LowIncomeTract/MapServer,https://mvrpc.maps.arcgis.com/home/item.html?id=7d2846789b824f7184cd06fee2121287,MVRPC
LowVehicleAccess,MVRPC (regional),msimpson_MVRPC (msimpson_MVRPC),,Miami Valley region,,"Public — ArcGIS REST API, no auth",live service (verify),"ArcGIS FeatureServer/MapServer; GeoJSON, CSV, Shapefile export",,,2024-07-15,,N,"Map,TilesOnly,Tilemap",,,,https://tiles.arcgis.com/tiles/3TIUdMHOqnLBrZEH/arcgis/rest/services/LowVehicleAccess/MapServer,https://mvrpc.maps.arcgis.com/home/item.html?id=e5eeeaf70dbf4e73b376fe857cfdb215,Low vehicle access
LRP2026_AllProjs_ForDashboard,MVRPC (regional),hwilson_MVRPC (msimpson_MVRPC),,Miami Valley region,,"Public — ArcGIS REST API, no auth",live service (verify),"ArcGIS FeatureServer/MapServer; GeoJSON, CSV, Shapefile export",,,2026-03-06,,Y,Query,,,,https://services.arcgis.com/3TIUdMHOqnLBrZEH/arcgis/rest/services/LRP2026_AllProjs_ForDashboard/FeatureServer,https://mvrpc.maps.arcgis.com/home/item.html?id=f11b4cd2224140df941b400c8bb460e2,
LRP2026_LineProjs_Oct30,MVRPC (regional),hwilson_MVRPC (msimpson_MVRPC),investment/projects,Miami Valley region,,"Public — ArcGIS REST API, no auth",live service (verify),"ArcGIS FeatureServer/MapServer; GeoJSON, CSV, Shapefile export",,,2025-10-15,,Y,Query,,,,https://services.arcgis.com/3TIUdMHOqnLBrZEH/arcgis/rest/services/LRP2026_LineProjs_Oct30/FeatureServer,https://mvrpc.maps.arcgis.com/home/item.html?id=31aab69924ac480095ecdef20454e0dc,"MVRPC LRTP SFY2026 Line Projects as of October 6, 2025."
LRP2026_PtProjs_Oct30,MVRPC (regional),hwilson_MVRPC (msimpson_MVRPC),investment/projects,Miami Valley region,,"Public — ArcGIS REST API, no auth",live service (verify),"ArcGIS FeatureServer/MapServer; GeoJSON, CSV, Shapefile export",,,2025-10-15,,Y,Query,,,,https://services.arcgis.com/3TIUdMHOqnLBrZEH/arcgis/rest/services/LRP2026_PtProjs_Oct30/FeatureServer,https://mvrpc.maps.arcgis.com/home/item.html?id=0a753c03270a41eb8f38c704cb0a648b,"MVRPC MPO LRTP Projects as of October 6, 2025"
lrtp2020proposedPoint,MVRPC (regional),tharner@mvrpc.org (msimpson_MVRPC),,Miami Valley region,address/point,"Public — ArcGIS REST API, no auth",live service (verify),"ArcGIS FeatureServer/MapServer; GeoJSON, CSV, Shapefile export",,,2020-10-07,,Y,Query,,,,https://services.arcgis.com/3TIUdMHOqnLBrZEH/arcgis/rest/services/lrtp2020proposedPoint/FeatureServer,https://mvrpc.maps.arcgis.com/home/item.html?id=aeb34ab23dde4b12b9a92b4154bc2c16,Feature layer generated from Join Features
lrtp2021proposedLine,MVRPC (regional),tharner@mvrpc.org (msimpson_MVRPC),,Miami Valley region,,"Public — ArcGIS REST API, no auth",live service (verify),"ArcGIS FeatureServer/MapServer; GeoJSON, CSV, Shapefile export",,,2020-10-07,,Y,Query,,,,https://services.arcgis.com/3TIUdMHOqnLBrZEH/arcgis/rest/services/lrtp2021proposedLine/FeatureServer,https://mvrpc.maps.arcgis.com/home/item.html?id=9d45946a044b4fc09e50736e8f17349d,Feature layer generated from Join Features
LRTP_MPO_Mask_2017,MVRPC (regional),hwilson_MVRPC (msimpson_MVRPC),,Miami Valley region,jurisdiction/county,"Public — ArcGIS REST API, no auth",live service (verify),"ArcGIS FeatureServer/MapServer; GeoJSON, CSV, Shapefile export",,,2021-05-06,,Y,Query,,,,https://services.arcgis.com/3TIUdMHOqnLBrZEH/arcgis/rest/services/LRTP_MPO_Mask_2017/FeatureServer,https://mvrpc.maps.arcgis.com/home/item.html?id=9452cd47e24343448981a3cc866e3cd0,REQUIRED: A summary of the intentions with which the data set was developed.
lrtpApr2021LineNew,MVRPC (regional),tharner@mvrpc.org (msimpson_MVRPC),,Miami Valley region,,"Public — ArcGIS REST API, no auth",live service (verify),"ArcGIS FeatureServer/MapServer; GeoJSON, CSV, Shapefile export",,,2021-03-19,,Y,Query,,,,https://services.arcgis.com/3TIUdMHOqnLBrZEH/arcgis/rest/services/lrtpApr2021LineNew/FeatureServer,https://mvrpc.maps.arcgis.com/home/item.html?id=bbbd4225a8df4763a6a9af817b7ad9b5,Feature layer generated from Join Features
lrtpApr2021PointNew,MVRPC (regional),tharner@mvrpc.org (msimpson_MVRPC),,Miami Valley region,address/point,"Public — ArcGIS REST API, no auth",live service (verify),"ArcGIS FeatureServer/MapServer; GeoJSON, CSV, Shapefile export",,,2021-03-19,,Y,Query,,,,https://services.arcgis.com/3TIUdMHOqnLBrZEH/arcgis/rest/services/lrtpApr2021PointNew/FeatureServer,https://mvrpc.maps.arcgis.com/home/item.html?id=e89f0e9867674b1c9151dc133b60772f,Feature layer generated from Join Features
LTSandSpeedLimits_MCPH,MVRPC (regional),msimpson_MVRPC (msimpson_MVRPC),,Miami Valley region,,"Public — ArcGIS REST API, no auth",live service (verify),"ArcGIS FeatureServer/MapServer; GeoJSON, CSV, Shapefile export",,,2025-07-01,,Y,Query,,,,https://services.arcgis.com/3TIUdMHOqnLBrZEH/arcgis/rest/services/LTSandSpeedLimits_MCPH/FeatureServer,https://mvrpc.maps.arcgis.com/home/item.html?id=afe1c009cb3c498d9ad38278281bb17f,
Major Thoroughfare Access,MVRPC (regional),tharner@mvrpc.org (msimpson_MVRPC),affordability/tenure,Miami Valley region,jurisdiction/county,"Public — ArcGIS REST API, no auth",live service (verify),"ArcGIS FeatureServer/MapServer; GeoJSON, CSV, Shapefile export",,,2014-07-28,,N,"Map,TilesOnly",,,,https://tiles.arcgis.com/tiles/3TIUdMHOqnLBrZEH/arcgis/rest/services/Highways/MapServer,https://mvrpc.maps.arcgis.com/home/item.html?id=e4d8ac9641d2422e9f7855590283cdb6,Major Thoroughfare Access for the 3+ county Miami Valley region
"Manufacturing, 2011",MVRPC (regional),tharner@mvrpc.org (msimpson_MVRPC),affordability/tenure,Miami Valley region,jurisdiction/county,"Public — ArcGIS REST API, no auth",live service (verify),"ArcGIS FeatureServer/MapServer; GeoJSON, CSV, Shapefile export",,,2019-07-12,,N,service unreachable: HTTP Error 500: Internal Server Error,,,,https://gis.mvrpc.org/arcgis/rest/services/LEHD/LEHD_Manufacturing_2011_blcirc/MapServer,https://mvrpc.maps.arcgis.com/home/item.html?id=d0e13b730cd74185a119e62e52868ca4,"Concentration of manufacturing jobs of workers by income in the Miami Valley region, 2011."
"Manufacturing, 2014",MVRPC (regional),tharner@mvrpc.org (msimpson_MVRPC),affordability/tenure,Miami Valley region,jurisdiction/county,"Public — ArcGIS REST API, no auth",live service (verify),"ArcGIS FeatureServer/MapServer; GeoJSON, CSV, Shapefile export",,,2019-07-12,,N,service unreachable: HTTP Error 500: Internal Server Error,,,,https://gis.mvrpc.org/arcgis/rest/services/LEHD/LEHD_Manuf_2014_blkcirc/MapServer,https://mvrpc.maps.arcgis.com/home/item.html?id=42977bf0f52747a0bec15b32014e4b7d,"Concentration of manufacturing jobs of workers by income in the Miami Valley region, 2014."
Mask for Study Area (Properties Saved),MVRPC (regional),msimpson_MVRPC (msimpson_MVRPC),ownership/transfers,Miami Valley region,parcel,"Public — ArcGIS REST API, no auth",live service (verify),"ArcGIS FeatureServer/MapServer; GeoJSON, CSV, Shapefile export",,,2025-07-11,Y,Y,Query,,,,https://services.arcgis.com/3TIUdMHOqnLBrZEH/arcgis/rest/services/StudyArea100MileBuffer/FeatureServer,https://mvrpc.maps.arcgis.com/home/item.html?id=70edc01bb9774eaeb87c8841878ff29f,100 Mile buffer for MCPH HEAL
MaskingRPC,MVRPC (regional),tharner@mvrpc.org (msimpson_MVRPC),,Miami Valley region,,"Public — ArcGIS REST API, no auth",live service (verify),"ArcGIS FeatureServer/MapServer; GeoJSON, CSV, Shapefile export",,,2018-01-02,,N,"Map,TilesOnly",,,,https://tiles.arcgis.com/tiles/3TIUdMHOqnLBrZEH/arcgis/rest/services/Masking/MapServer,https://mvrpc.maps.arcgis.com/home/item.html?id=357f13ca2c1f4047a8480b543339f874,Masking
Matrix of Equity and SDOH Index Scores,MVRPC (regional),msimpson_MVRPC (msimpson_MVRPC),zoning/land use,Miami Valley region,,"Public — ArcGIS REST API, no auth",live service (verify),"ArcGIS FeatureServer/MapServer; GeoJSON, CSV, Shapefile export",,,2022-03-23,,N,"Map,TilesOnly,Tilemap",,,,https://tiles.arcgis.com/tiles/3TIUdMHOqnLBrZEH/arcgis/rest/services/Matrix_of_Equity_and_SDOH_Index_Scores/MapServer,https://mvrpc.maps.arcgis.com/home/item.html?id=d9e3bff731b34a0b9223fdf1e0a8dea5,MVRPC
Matrix of Equity and SDOH Index Scores With Equity Color Scheme,MVRPC (regional),msimpson_MVRPC (msimpson_MVRPC),zoning/land use,Miami Valley region,,"Public — ArcGIS REST API, no auth",live service (verify),"ArcGIS FeatureServer/MapServer; GeoJSON, CSV, Shapefile export",,,2022-03-23,,N,"Map,TilesOnly,Tilemap",,,,https://tiles.arcgis.com/tiles/3TIUdMHOqnLBrZEH/arcgis/rest/services/Matrix_of_Equity_and_SDOH_Index_Scores_With_Equity_Color_Scheme/MapServer,https://mvrpc.maps.arcgis.com/home/item.html?id=a576aa1f7e864ea1adf070c429dd338b,MVRPC
MC Food Transp,MVRPC (regional),Reggie_Steward (msimpson_MVRPC),,Miami Valley region,,"Public — ArcGIS REST API, no auth",live service (verify),"ArcGIS FeatureServer/MapServer; GeoJSON, CSV, Shapefile export",,,2026-07-30,,Y,Query,,,,https://services.arcgis.com/3TIUdMHOqnLBrZEH/arcgis/rest/services/MC_Food_Transp/FeatureServer,https://mvrpc.maps.arcgis.com/home/item.html?id=a4cd3e71a6564121b4e893a485db71fc,
MC_JurisdictionBoundaries,MVRPC (regional),Reggie_Steward (msimpson_MVRPC),geography/reference,Miami Valley region,jurisdiction/county,"Public — ArcGIS REST API, no auth",live service (verify),"ArcGIS FeatureServer/MapServer; GeoJSON, CSV, Shapefile export",,,2026-07-30,,Y,Query,,,,https://services.arcgis.com/3TIUdMHOqnLBrZEH/arcgis/rest/services/MC_JurisdictionBoundaries/FeatureServer,https://mvrpc.maps.arcgis.com/home/item.html?id=59352b30de5f48519f855dd6adaecc78,
MC_Pantries,MVRPC (regional),Reggie_Steward (msimpson_MVRPC),,Miami Valley region,,"Public — ArcGIS REST API, no auth",live service (verify),"ArcGIS FeatureServer/MapServer; GeoJSON, CSV, Shapefile export",,,2026-07-31,,Y,Query,,,,https://services.arcgis.com/3TIUdMHOqnLBrZEH/arcgis/rest/services/MC_Pantries/FeatureServer,https://mvrpc.maps.arcgis.com/home/item.html?id=bdb27a9f3f7f482681bb1e00c0a05ace,
MCD_Easements_Property,MVRPC (regional),kypolk (msimpson_MVRPC),ownership/transfers,Miami Valley region,parcel,"Public — ArcGIS REST API, no auth",live service (verify),"ArcGIS FeatureServer/MapServer; GeoJSON, CSV, Shapefile export",,,2017-05-16,Y,Y,Query,,,,https://services.arcgis.com/3TIUdMHOqnLBrZEH/arcgis/rest/services/MCD_Easements_Property/FeatureServer,https://mvrpc.maps.arcgis.com/home/item.html?id=9bb36de57d5b4ba889e5e4022dfa8799,Miami Conservancy District Property and Easement locations
MCDMerge,MVRPC (regional),kypolk (msimpson_MVRPC),ownership/transfers,Miami Valley region,parcel,"Public — ArcGIS REST API, no auth",live service (verify),"ArcGIS FeatureServer/MapServer; GeoJSON, CSV, Shapefile export",,,2017-05-23,Y,Y,Query,,,,https://services.arcgis.com/3TIUdMHOqnLBrZEH/arcgis/rest/services/MCDMerge/FeatureServer,https://mvrpc.maps.arcgis.com/home/item.html?id=213ba79f1d4c425091a50b01382e6d38,MCD Property and Easements merged
McDs,MVRPC (regional),kypolk (msimpson_MVRPC),,Miami Valley region,,"Public — ArcGIS REST API, no auth",live service (verify),"ArcGIS FeatureServer/MapServer; GeoJSON, CSV, Shapefile export",,,2018-04-10,,Y,Query,,,,https://services.arcgis.com/3TIUdMHOqnLBrZEH/arcgis/rest/services/McDs/FeatureServer,https://mvrpc.maps.arcgis.com/home/item.html?id=90ee5b2e402a4859b8cfdec8e8bb6b88,
MCPH HEAL AI Index,MVRPC (regional),msimpson_MVRPC (msimpson_MVRPC),,Miami Valley region,,"Public — ArcGIS REST API, no auth",live service (verify),"ArcGIS FeatureServer/MapServer; GeoJSON, CSV, Shapefile export",,,2025-06-06,,Y,Query,,,,https://services.arcgis.com/3TIUdMHOqnLBrZEH/arcgis/rest/services/MCPH_HEAL_AI_Index/FeatureServer,https://mvrpc.maps.arcgis.com/home/item.html?id=abde30b7a84644d0a1c7d5a23ac58686,
MCPH HEAL Bikeways,MVRPC (regional),msimpson_MVRPC (msimpson_MVRPC),,Miami Valley region,,"Public — ArcGIS REST API, no auth",live service (verify),"ArcGIS FeatureServer/MapServer; GeoJSON, CSV, Shapefile export",,,2025-06-06,,Y,Query,,,,https://services.arcgis.com/3TIUdMHOqnLBrZEH/arcgis/rest/services/MCPH_HEAL_Bikeways/FeatureServer,https://mvrpc.maps.arcgis.com/home/item.html?id=7b2022080b2148e9849ba4a68f42469c,
MCPH HEAL Buffer 5 Mile Buffer,MVRPC (regional),msimpson_MVRPC (msimpson_MVRPC),,Miami Valley region,,"Public — ArcGIS REST API, no auth",live service (verify),"ArcGIS FeatureServer/MapServer; GeoJSON, CSV, Shapefile export",,,2025-06-06,,Y,Query,,,,https://services.arcgis.com/3TIUdMHOqnLBrZEH/arcgis/rest/services/MCPH_HEAL_Buffer_5_Mile_Buffer/FeatureServer,https://mvrpc.maps.arcgis.com/home/item.html?id=a463430ab90a4d45992eed37077d2594,
MCPH HEAL Overall Crash Density,MVRPC (regional),msimpson_MVRPC (msimpson_MVRPC),,Miami Valley region,,"Public — ArcGIS REST API, no auth",live service (verify),"ArcGIS FeatureServer/MapServer; GeoJSON, CSV, Shapefile export",,,2025-06-06,,Y,Query,,,,https://services.arcgis.com/3TIUdMHOqnLBrZEH/arcgis/rest/services/MCPH_HEAL_Overall_Crash_Density/FeatureServer,https://mvrpc.maps.arcgis.com/home/item.html?id=07a18927c0384a9bbd41755da2b44d3d,
MCPH HEAL Pedestrian and Bicycle Crashes,MVRPC (regional),msimpson_MVRPC (msimpson_MVRPC),,Miami Valley region,,"Public — ArcGIS REST API, no auth",live service (verify),"ArcGIS FeatureServer/MapServer; GeoJSON, CSV, Shapefile export",,,2025-06-06,,Y,Query,,,,https://services.arcgis.com/3TIUdMHOqnLBrZEH/arcgis/rest/services/MCPH_HEAL_Pedestrian_and_Bicycle_Crashes/FeatureServer,https://mvrpc.maps.arcgis.com/home/item.html?id=3b10142f44914672912f0f0c5049d4af,
MCPHDevelopedAreas2015and2023,MVRPC (regional),msimpson_MVRPC (msimpson_MVRPC),,Miami Valley region,,"Public — ArcGIS REST API, no auth",live service (verify),"ArcGIS FeatureServer/MapServer; GeoJSON, CSV, Shapefile export",,,2025-06-23,,Y,Query,,,,https://services.arcgis.com/3TIUdMHOqnLBrZEH/arcgis/rest/services/MCPHDevelopedAreas2015and2023/FeatureServer,https://mvrpc.maps.arcgis.com/home/item.html?id=9124b3f724ce4ed1942a6229b5032a2d,2015 and 2023 developed areas for MCPH HEAL
Median Income Snapshot,MVRPC (regional),msimpson_MVRPC (msimpson_MVRPC),affordability/tenure,Miami Valley region,,"Public — ArcGIS REST API, no auth",live service (verify),"ArcGIS FeatureServer/MapServer; GeoJSON, CSV, Shapefile export",,,2021-12-01,,N,"Map,TilesOnly,Tilemap",,,,https://tiles.arcgis.com/tiles/3TIUdMHOqnLBrZEH/arcgis/rest/services/Median_Income_Snapshot/MapServer,https://mvrpc.maps.arcgis.com/home/item.html?id=f2a28f7263424a2c81476a8449edf84e,Median Income Snapshot
Median Income Snapshot V2,MVRPC (regional),msimpson_MVRPC (msimpson_MVRPC),affordability/tenure,Miami Valley region,,"Public — ArcGIS REST API, no auth",live service (verify),"ArcGIS FeatureServer/MapServer; GeoJSON, CSV, Shapefile export",,,2022-02-07,,N,"Map,TilesOnly,Tilemap",,,,https://tiles.arcgis.com/tiles/3TIUdMHOqnLBrZEH/arcgis/rest/services/Median_Income_Snapshot_V2/MapServer,https://mvrpc.maps.arcgis.com/home/item.html?id=d1a8e4ab380b4b5daa23911e9b57eec6,MVRPC
Median Income Trend,MVRPC (regional),msimpson_MVRPC (msimpson_MVRPC),affordability/tenure,Miami Valley region,,"Public — ArcGIS REST API, no auth",live service (verify),"ArcGIS FeatureServer/MapServer; GeoJSON, CSV, Shapefile export",,,2021-11-19,,N,"Map,TilesOnly,Tilemap",,,,https://tiles.arcgis.com/tiles/3TIUdMHOqnLBrZEH/arcgis/rest/services/Median_Income_Trend/MapServer,https://mvrpc.maps.arcgis.com/home/item.html?id=298ce710953c43f193ac9360b5acb4c1,Median Income Trend
MedicalFacilities,MVRPC (regional),tharner@mvrpc.org (msimpson_MVRPC),,Miami Valley region,,"Public — ArcGIS REST API, no auth",live service (verify),"ArcGIS FeatureServer/MapServer; GeoJSON, CSV, Shapefile export",,,2025-01-21,,Y,Query,,,,https://services.arcgis.com/3TIUdMHOqnLBrZEH/arcgis/rest/services/MedicalFacilities/FeatureServer,https://mvrpc.maps.arcgis.com/home/item.html?id=b5922574d0b548a7929b295bf9bc1143,Medical centers for accessibility study
Mental_Health_Distress__Clip,MVRPC (regional),msimpson_MVRPC (msimpson_MVRPC),,Miami Valley region,,"Public — ArcGIS REST API, no auth",live service (verify),"ArcGIS FeatureServer/MapServer; GeoJSON, CSV, Shapefile export",,,2025-02-26,,Y,Query,,,,https://services.arcgis.com/3TIUdMHOqnLBrZEH/arcgis/rest/services/Mental_Health_Distress__Clip/FeatureServer,https://mvrpc.maps.arcgis.com/home/item.html?id=dba184fc5a8f4f1a90b1e129156eadf1,
Mental_Health_Distress_ZIPCode,MVRPC (regional),msimpson_MVRPC (msimpson_MVRPC),,Miami Valley region,,"Public — ArcGIS REST API, no auth",live service (verify),"ArcGIS FeatureServer/MapServer; GeoJSON, CSV, Shapefile export",,,2025-02-13,,Y,Query,,,,https://services.arcgis.com/3TIUdMHOqnLBrZEH/arcgis/rest/services/Mental_Health_Distress_ZIPCode/FeatureServer,https://mvrpc.maps.arcgis.com/home/item.html?id=036145c8dffd45a28716e836baab19b4,
Miami County Floodplain,MVRPC (regional),tharner@mvrpc.org (msimpson_MVRPC),affordability/tenure,Miami Valley region,jurisdiction/county,"Public — ArcGIS REST API, no auth",live service (verify),"ArcGIS FeatureServer/MapServer; GeoJSON, CSV, Shapefile export",,,2017-10-30,,Y,Query,,,,https://services.arcgis.com/3TIUdMHOqnLBrZEH/arcgis/rest/services/MiamiCountyFloodplain/FeatureServer,https://mvrpc.maps.arcgis.com/home/item.html?id=869fb5fc02054a2096a168a25dbf59df,Original flood plain data for Miami County
Miami County Floodplain_V,MVRPC (regional),tharner@mvrpc.org (msimpson_MVRPC),affordability/tenure,Miami Valley region,jurisdiction/county,"Public — ArcGIS REST API, no auth",live service (verify),"ArcGIS FeatureServer/MapServer; GeoJSON, CSV, Shapefile export",,,2017-10-30,,Y,Query,,,,https://services.arcgis.com/3TIUdMHOqnLBrZEH/arcgis/rest/services/Miami_County_Floodplain_V/FeatureServer,https://mvrpc.maps.arcgis.com/home/item.html?id=2ef4b0a915ac421997f218e3c84aeef5,Original flood plain data for Miami County
Miami County Public Health Active Living Workshop_form,MVRPC (regional),ewhitaker_MVRPC (msimpson_MVRPC),affordability/tenure,Miami Valley region,jurisdiction/county,"Public — ArcGIS REST API, no auth",live service (verify),"ArcGIS FeatureServer/MapServer; GeoJSON, CSV, Shapefile export",,,2025-05-28,,N,"Create,Editing",,,,https://services.arcgis.com/3TIUdMHOqnLBrZEH/arcgis/rest/services/survey123_c58095b2f3ce48448a7ae0fe05304c07_form/FeatureServer,https://mvrpc.maps.arcgis.com/home/item.html?id=d8a85993a548472b8a81836513894266,
Miami County Public Health HEAL Grant Vision & Goals_form,MVRPC (regional),msimpson_MVRPC (msimpson_MVRPC),affordability/tenure,Miami Valley region,jurisdiction/county,"Public — ArcGIS REST API, no auth",live service (verify),"ArcGIS FeatureServer/MapServer; GeoJSON, CSV, Shapefile export",,,2025-09-02,,N,"Create,Editing",,,,https://services.arcgis.com/3TIUdMHOqnLBrZEH/arcgis/rest/services/survey123_7bd75c0425fa45dab74681f7850c9650_form/FeatureServer,https://mvrpc.maps.arcgis.com/home/item.html?id=aca09db049ed4523a5ec7cd739ede182,
Miami Valley Wetlands Inventory,MVRPC (regional),tharner@mvrpc.org (msimpson_MVRPC),affordability/tenure,Miami Valley region,,"Public — ArcGIS REST API, no auth",live service (verify),"ArcGIS FeatureServer/MapServer; GeoJSON, CSV, Shapefile export",,,2016-08-19,,Y,"Query,Extract",,,,https://services.arcgis.com/3TIUdMHOqnLBrZEH/arcgis/rest/services/MVWI2/FeatureServer,https://mvrpc.maps.arcgis.com/home/item.html?id=d232bf2309274f6c88d0f5826a4e8ecc,"Miami Valley Wetlands Inventory, 1997"
miami_county_block_groups_StudyArea,MVRPC (regional),msimpson_MVRPC (msimpson_MVRPC),affordability/tenure,Miami Valley region,block group,"Public — ArcGIS REST API, no auth",live service (verify),"ArcGIS FeatureServer/MapServer; GeoJSON, CSV, Shapefile export",,,2025-07-03,,Y,Query,,,,https://services.arcgis.com/3TIUdMHOqnLBrZEH/arcgis/rest/services/miami_county_block_groups_StudyArea/FeatureServer,https://mvrpc.maps.arcgis.com/home/item.html?id=b39a4447be8044d295590bb24cc1e4b8,
miami_county_blocks_StudyArea,MVRPC (regional),msimpson_MVRPC (msimpson_MVRPC),affordability/tenure,Miami Valley region,jurisdiction/county,"Public — ArcGIS REST API, no auth",live service (verify),"ArcGIS FeatureServer/MapServer; GeoJSON, CSV, Shapefile export",,,2025-07-02,,Y,Query,,,,https://services.arcgis.com/3TIUdMHOqnLBrZEH/arcgis/rest/services/miami_county_blocks_StudyArea/FeatureServer,https://mvrpc.maps.arcgis.com/home/item.html?id=466b3d30014f48fea5165655c60cfb11,
miami_county_tracts_StudyArea,MVRPC (regional),msimpson_MVRPC (msimpson_MVRPC),affordability/tenure,Miami Valley region,tract,"Public — ArcGIS REST API, no auth",live service (verify),"ArcGIS FeatureServer/MapServer; GeoJSON, CSV, Shapefile export",,,2025-07-02,,Y,Query,,,,https://services.arcgis.com/3TIUdMHOqnLBrZEH/arcgis/rest/services/miami_county_tracts_StudyArea/FeatureServer,https://mvrpc.maps.arcgis.com/home/item.html?id=619326ad40c645c9aebecc1a3936e534,
miami_township_ALWorkshop_focus_area,MVRPC (regional),msimpson_MVRPC (msimpson_MVRPC),affordability/tenure,Miami Valley region,,"Public — ArcGIS REST API, no auth",live service (verify),"ArcGIS FeatureServer/MapServer; GeoJSON, CSV, Shapefile export",,,2025-08-18,,Y,Query,,,,https://services.arcgis.com/3TIUdMHOqnLBrZEH/arcgis/rest/services/miami_township_ALWorkshop_focus_area/FeatureServer,https://mvrpc.maps.arcgis.com/home/item.html?id=e5afaee9a0de40299263fb34f25b42ce,
Miami_Urban_Boundaries,MVRPC (regional),msimpson_MVRPC (msimpson_MVRPC),affordability/tenure,Miami Valley region,,"Public — ArcGIS REST API, no auth",live service (verify),"ArcGIS FeatureServer/MapServer; GeoJSON, CSV, Shapefile export",,,2022-09-19,,Y,Query,,,,https://services.arcgis.com/3TIUdMHOqnLBrZEH/arcgis/rest/services/Miami_Urban_Boundaries/FeatureServer,https://mvrpc.maps.arcgis.com/home/item.html?id=469fb3ef6b9c4434b47f7ac690f9e2c2,
MiamiCountyCorp,MVRPC (regional),tharner@mvrpc.org (msimpson_MVRPC),affordability/tenure,Miami Valley region,jurisdiction/county,"Public — ArcGIS REST API, no auth",live service (verify),"ArcGIS FeatureServer/MapServer; GeoJSON, CSV, Shapefile export",,,2016-03-23,,Y,Query,,,,https://services.arcgis.com/3TIUdMHOqnLBrZEH/arcgis/rest/services/MiamiCountyCorp/FeatureServer,https://mvrpc.maps.arcgis.com/home/item.html?id=940d67e952464b38adb6fab28a05b0bb,Miami County Incorporated area
MiamiCountyCorp_V,MVRPC (regional),tharner@mvrpc.org (msimpson_MVRPC),affordability/tenure,Miami Valley region,jurisdiction/county,"Public — ArcGIS REST API, no auth",live service (verify),"ArcGIS FeatureServer/MapServer; GeoJSON, CSV, Shapefile export",,,2017-10-30,,Y,Query,,,,https://services.arcgis.com/3TIUdMHOqnLBrZEH/arcgis/rest/services/MiamiCountyCorp_V/FeatureServer,https://mvrpc.maps.arcgis.com/home/item.html?id=4913c77ed98a4c90804c90ba927a9f89,Miami County Incorporated area
MiamiTableProperty,MVRPC (regional),msimpson_MVRPC (msimpson_MVRPC),ownership/transfers,Miami Valley region,parcel,"Public — ArcGIS REST API, no auth",live service (verify),"ArcGIS FeatureServer/MapServer; GeoJSON, CSV, Shapefile export",,,2022-03-04,Y,Y,Query,,,,https://services.arcgis.com/3TIUdMHOqnLBrZEH/arcgis/rest/services/MiamiTableProperty/FeatureServer,https://mvrpc.maps.arcgis.com/home/item.html?id=eccfefe9e11b45cda0a15692a6c179c2,
Mineral Resources,MVRPC (regional),tharner@mvrpc.org (msimpson_MVRPC),,Miami Valley region,,"Public — ArcGIS REST API, no auth",live service (verify),"ArcGIS FeatureServer/MapServer; GeoJSON, CSV, Shapefile export",,,2025-05-01,,N,"Map,TilesOnly,Tilemap",,,,https://tiles.arcgis.com/tiles/3TIUdMHOqnLBrZEH/arcgis/rest/services/Mineral_Resources/MapServer,https://mvrpc.maps.arcgis.com/home/item.html?id=edb569bfc2684f05812b24999780edd7,Summary
MiniGrantApp,MVRPC (regional),ewhitaker_MVRPC (msimpson_MVRPC),demographics,Miami Valley region,,"Public — ArcGIS REST API, no auth",live service (verify),"ArcGIS FeatureServer/MapServer; GeoJSON, CSV, Shapefile export",,,2022-03-18,,Y,Query,,,,https://services.arcgis.com/3TIUdMHOqnLBrZEH/arcgis/rest/services/MiniGrantApp/FeatureServer,https://mvrpc.maps.arcgis.com/home/item.html?id=a433155648fa4de78f329931f0a1b430,Dayton Mini Grant Mapping Application
Minority Percentage,MVRPC (regional),tharner@mvrpc.org (msimpson_MVRPC),demographics,Miami Valley region,tract,"Public — ArcGIS REST API, no auth",live service (verify),"ArcGIS FeatureServer/MapServer; GeoJSON, CSV, Shapefile export",,,2020-01-17,,Y,Query,,,,https://services.arcgis.com/3TIUdMHOqnLBrZEH/arcgis/rest/services/ComprehensiveOpportunity_2014/FeatureServer,https://mvrpc.maps.arcgis.com/home/item.html?id=b59d46311df74186833fc726348acc25,"Percentage minority population 2014, census tract"
MissingBlockGroups,MVRPC (regional),tharner@mvrpc.org (msimpson_MVRPC),demographics,Miami Valley region,block group,"Public — ArcGIS REST API, no auth",live service (verify),"ArcGIS FeatureServer/MapServer; GeoJSON, CSV, Shapefile export",,,2019-10-11,,Y,Query,,,,https://services.arcgis.com/3TIUdMHOqnLBrZEH/arcgis/rest/services/MissingBlockGroups/FeatureServer,https://mvrpc.maps.arcgis.com/home/item.html?id=0bee269db5ce4f249ec06ed0d6ae2bad,Poverty
Mobility3500feet,MVRPC (regional),msimpson_MVRPC (msimpson_MVRPC),,Miami Valley region,,"Public — ArcGIS REST API, no auth",live service (verify),"ArcGIS FeatureServer/MapServer; GeoJSON, CSV, Shapefile export",,,2023-01-31,,N,"Map,TilesOnly,Tilemap",,,,https://tiles.arcgis.com/tiles/3TIUdMHOqnLBrZEH/arcgis/rest/services/Mobility3500feet/MapServer,https://mvrpc.maps.arcgis.com/home/item.html?id=3ca94c47c6ac4372bfdb4ddbe7f3b4af,MVRPC
MobilitySurfaceMap,MVRPC (regional),msimpson_MVRPC (msimpson_MVRPC),,Miami Valley region,,"Public — ArcGIS REST API, no auth",live service (verify),"ArcGIS FeatureServer/MapServer; GeoJSON, CSV, Shapefile export",,,2023-01-30,,N,"Map,TilesOnly,Tilemap",,,,https://tiles.arcgis.com/tiles/3TIUdMHOqnLBrZEH/arcgis/rest/services/MobilitySurfaceMap/MapServer,https://mvrpc.maps.arcgis.com/home/item.html?id=4e76bf3af13445b39e8e8f2b0a33d629,MVRPC
MobilitySurfaceMapLighterBlue,MVRPC (regional),msimpson_MVRPC (msimpson_MVRPC),infrastructure,Miami Valley region,,"Public — ArcGIS REST API, no auth",live service (verify),"ArcGIS FeatureServer/MapServer; GeoJSON, CSV, Shapefile export",,,2023-01-30,,N,"Map,TilesOnly,Tilemap",,,,https://tiles.arcgis.com/tiles/3TIUdMHOqnLBrZEH/arcgis/rest/services/MobilitySurfaceMapLighterBlue/MapServer,https://mvrpc.maps.arcgis.com/home/item.html?id=15d2650cdccf4788a7ca8bb802f87c67,MVRPC
MobilitySurfaceMapNoWhite,MVRPC (regional),msimpson_MVRPC (msimpson_MVRPC),,Miami Valley region,,"Public — ArcGIS REST API, no auth",live service (verify),"ArcGIS FeatureServer/MapServer; GeoJSON, CSV, Shapefile export",,,2023-01-30,,N,"Map,TilesOnly,Tilemap",,,,https://tiles.arcgis.com/tiles/3TIUdMHOqnLBrZEH/arcgis/rest/services/MobilitySurfaceMapNoWhite/MapServer,https://mvrpc.maps.arcgis.com/home/item.html?id=bf8e9b0171b1426b8ba2cc9551191a4c,MVRPC
Monroe Twp MultiZone_V,MVRPC (regional),tharner@mvrpc.org (msimpson_MVRPC),ownership/transfers,Miami Valley region,parcel,"Public — ArcGIS REST API, no auth",live service (verify),"ArcGIS FeatureServer/MapServer; GeoJSON, CSV, Shapefile export",,,2017-10-30,Y,Y,Query,,,,https://services.arcgis.com/3TIUdMHOqnLBrZEH/arcgis/rest/services/Monroe_Twp_MultiZone_V/FeatureServer,https://mvrpc.maps.arcgis.com/home/item.html?id=f8ad01490dd14997952ec31fd8483eb1,"Parcels with multiple zones for Monroe Twp, Miami County, 2016"
Monroe Twp Zoning_V,MVRPC (regional),tharner@mvrpc.org (msimpson_MVRPC),affordability/tenure,Miami Valley region,jurisdiction/county,"Public — ArcGIS REST API, no auth",live service (verify),"ArcGIS FeatureServer/MapServer; GeoJSON, CSV, Shapefile export",,,2017-10-30,Y,Y,Query,,,,https://services.arcgis.com/3TIUdMHOqnLBrZEH/arcgis/rest/services/Monroe_Twp_Zoning_V/FeatureServer,https://mvrpc.maps.arcgis.com/home/item.html?id=0f574800161a4973b3e746b415a403f6,"Zoning for Monroe Twp, Miami County, Ohio, 2016"
"Montgomery County Parcels, Auditor",MVRPC (regional),tharner@mvrpc.org (msimpson_MVRPC),ownership/transfers,Miami Valley region,parcel,"Public — ArcGIS REST API, no auth",live service (verify),"ArcGIS FeatureServer/MapServer; GeoJSON, CSV, Shapefile export",,,2020-02-27,,N,service unreachable: HTTP Error 404: Not Found,,,,https://gis.mcohio.org/arcgis/rest/services/AUDGIS_B1/MapServer/5,https://mvrpc.maps.arcgis.com/home/item.html?id=889a59aef8524d6487f44bd3d1644c45,
Montgomery_Urban_Boundaries,MVRPC (regional),msimpson_MVRPC (msimpson_MVRPC),geography/reference,Miami Valley region,,"Public — ArcGIS REST API, no auth",live service (verify),"ArcGIS FeatureServer/MapServer; GeoJSON, CSV, Shapefile export",,,2022-09-19,,Y,Query,,,,https://services.arcgis.com/3TIUdMHOqnLBrZEH/arcgis/rest/services/Montgomery_Urban_Boundaries/FeatureServer,https://mvrpc.maps.arcgis.com/home/item.html?id=40449f11a9b4430eb67db84fa99cecf3,
MontgomeryCountyBnd,MVRPC (regional),tharner@mvrpc.org (msimpson_MVRPC),demographics,Miami Valley region,jurisdiction/county,"Public — ArcGIS REST API, no auth",live service (verify),"ArcGIS FeatureServer/MapServer; GeoJSON, CSV, Shapefile export",,,2016-05-12,,Y,Query,,,,https://services.arcgis.com/3TIUdMHOqnLBrZEH/arcgis/rest/services/MontgomeryCountyBnd/FeatureServer,https://mvrpc.maps.arcgis.com/home/item.html?id=c50c6c7c7e074e99a7f53c686d6200b7,"Montgomery County, basic demographic infomation"
MontgomeryTableProperty,MVRPC (regional),msimpson_MVRPC (msimpson_MVRPC),ownership/transfers,Miami Valley region,parcel,"Public — ArcGIS REST API, no auth",live service (verify),"ArcGIS FeatureServer/MapServer; GeoJSON, CSV, Shapefile export",,,2022-02-09,Y,Y,Query,,,,https://services.arcgis.com/3TIUdMHOqnLBrZEH/arcgis/rest/services/MontgomeryTableProperty/FeatureServer,https://mvrpc.maps.arcgis.com/home/item.html?id=e544d6e9f220477d808159f03f946b2f,
MotCojur_forpub,MVRPC (regional),tharner@mvrpc.org (msimpson_MVRPC),,Miami Valley region,jurisdiction/county,"Public — ArcGIS REST API, no auth",live service (verify),"ArcGIS FeatureServer/MapServer; GeoJSON, CSV, Shapefile export",,,2016-05-11,,Y,Query,,,,https://services.arcgis.com/3TIUdMHOqnLBrZEH/arcgis/rest/services/MotCojur_forpub/FeatureServer,https://mvrpc.maps.arcgis.com/home/item.html?id=e7529d0ecf014acdaa4c2419fff2ce14,Montgomery County Jurisdictions
MotCoLandBank_parcels,MVRPC (regional),tharner@mvrpc.org (msimpson_MVRPC),ownership/transfers,Miami Valley region,parcel,"Public — ArcGIS REST API, no auth",live service (verify),"ArcGIS FeatureServer/MapServer; GeoJSON, CSV, Shapefile export",,,2018-03-16,Y,Y,Query,,,,https://services.arcgis.com/3TIUdMHOqnLBrZEH/arcgis/rest/services/MotCoLandBank_parcels/FeatureServer,https://mvrpc.maps.arcgis.com/home/item.html?id=3d7687967feb4074a83267b46c857674,Parcels for the Montgomery County Land Bank
MOTNAP,MVRPC (regional),kypolk (msimpson_MVRPC),vacancy,Miami Valley region,block group,"Public — ArcGIS REST API, no auth",live service (verify),"ArcGIS FeatureServer/MapServer; GeoJSON, CSV, Shapefile export",,,2017-11-27,Y,Y,Query,,,,https://services.arcgis.com/3TIUdMHOqnLBrZEH/arcgis/rest/services/MOTNAP/FeatureServer,https://mvrpc.maps.arcgis.com/home/item.html?id=d061c5ccfbf848228ab133759e43f284,MOTNAP draft block groups for exploration of vacancy
MOTparcels,MVRPC (regional),kypolk (msimpson_MVRPC),ownership/transfers,Miami Valley region,parcel,"Public — ArcGIS REST API, no auth",live service (verify),"ArcGIS FeatureServer/MapServer; GeoJSON, CSV, Shapefile export",,,2026-05-07,,N,Token Required,,,,https://services.arcgis.com/3TIUdMHOqnLBrZEH/arcgis/rest/services/Motparcels/FeatureServer,https://mvrpc.maps.arcgis.com/home/item.html?id=5a6deb5ec2004ab7a7bb74ca1bb58fd2,parcels selection for training purposes
motparcels2,MVRPC (regional),tharner@mvrpc.org (msimpson_MVRPC),ownership/transfers,Miami Valley region,parcel,"Public — ArcGIS REST API, no auth",live service (verify),"ArcGIS FeatureServer/MapServer; GeoJSON, CSV, Shapefile export",,,2026-05-07,Y,Y,"Query,Extract",,,,https://services.arcgis.com/3TIUdMHOqnLBrZEH/arcgis/rest/services/motparcels2/FeatureServer,https://mvrpc.maps.arcgis.com/home/item.html?id=37a6ae4026bf4b17a7da6134ed0cc35c,
MPO Boundary,MVRPC (regional),tharner@mvrpc.org (msimpson_MVRPC),geography/reference,Miami Valley region,,"Public — ArcGIS REST API, no auth",live service (verify),"ArcGIS FeatureServer/MapServer; GeoJSON, CSV, Shapefile export",,,2026-01-15,,Y,Query,,,,https://services.arcgis.com/3TIUdMHOqnLBrZEH/arcgis/rest/services/MPO_Boundary/FeatureServer,https://mvrpc.maps.arcgis.com/home/item.html?id=e635ac5f02fc47e69ecd55e4aafec9d8,MPO boundary for MVRPC
MPOBoundary,MVRPC (regional),kypolk (msimpson_MVRPC),geography/reference,Miami Valley region,,"Public — ArcGIS REST API, no auth",live service (verify),"ArcGIS FeatureServer/MapServer; GeoJSON, CSV, Shapefile export",,,2020-12-03,,Y,Query,,,,https://services.arcgis.com/3TIUdMHOqnLBrZEH/arcgis/rest/services/MPOBoundary/FeatureServer,https://mvrpc.maps.arcgis.com/home/item.html?id=36a69baaad65476d82744ff922b75161,mpo boundary for MVRPC
Museum and Spending MISSING,MVRPC (regional),tharner@mvrpc.org (msimpson_MVRPC),demographics,Miami Valley region,block group,"Public — ArcGIS REST API, no auth",live service (verify),"ArcGIS FeatureServer/MapServer; GeoJSON, CSV, Shapefile export",,,2019-10-11,,N,service unreachable: URL can't contain control characters. ',,,,https://services.arcgis.com/3TIUdMHOqnLBrZEH/arcgis/rest/services/Museum and Spending MISSING/FeatureServer,https://mvrpc.maps.arcgis.com/home/item.html?id=930fb370dc4d45748139f629de88d22d,Feature layer generated from Enrich layer
MVPandemicApprovedCenters330,MVRPC (regional),tharner@mvrpc.org (msimpson_MVRPC),,Miami Valley region,,"Public — ArcGIS REST API, no auth",live service (verify),"ArcGIS FeatureServer/MapServer; GeoJSON, CSV, Shapefile export",,,2020-07-16,,Y,Query,,,,https://services.arcgis.com/3TIUdMHOqnLBrZEH/arcgis/rest/services/MVPandemicApprovedCenters330/FeatureServer,https://mvrpc.maps.arcgis.com/home/item.html?id=14e7942748d64d2aab5ffa2f1868d3d0,PAndemic approved childcare centers - 4/6/20
MVRPC jurisdictions,MVRPC (regional),tharner@mvrpc.org (msimpson_MVRPC),geography/reference,Miami Valley region,jurisdiction/county,"Public — ArcGIS REST API, no auth",live service (verify),"ArcGIS FeatureServer/MapServer; GeoJSON, CSV, Shapefile export",,,2026-01-14,,Y,"Query,Extract",,,,https://services.arcgis.com/3TIUdMHOqnLBrZEH/arcgis/rest/services/MVRPCjurisdictions/FeatureServer,https://mvrpc.maps.arcgis.com/home/item.html?id=049c91228710466b88b4b6d4b13e43b4,Jurisdiction boundaries
MVRPC Survey123 Training Survey_fieldworker,MVRPC (regional),kypolk (msimpson_MVRPC),,Miami Valley region,,"Public — ArcGIS REST API, no auth",live service (verify),"ArcGIS FeatureServer/MapServer; GeoJSON, CSV, Shapefile export",,,2019-11-06,,Y,"Create,Query,Update,Editing,Sync",,,,https://services.arcgis.com/3TIUdMHOqnLBrZEH/arcgis/rest/services/survey123_a0c1279051e940cd9c16dcae51a174e8_fieldworker/FeatureServer,https://mvrpc.maps.arcgis.com/home/item.html?id=11b6088b7e3949d5bbe82024c609b9d5,
MVRPCMembersOnly,MVRPC (regional),tharner@mvrpc.org (msimpson_MVRPC),,Miami Valley region,jurisdiction/county,"Public — ArcGIS REST API, no auth",live service (verify),"ArcGIS FeatureServer/MapServer; GeoJSON, CSV, Shapefile export",,,2016-11-09,,Y,Query,,,,https://services.arcgis.com/3TIUdMHOqnLBrZEH/arcgis/rest/services/MVRPCMembersOnly/FeatureServer,https://mvrpc.maps.arcgis.com/home/item.html?id=d5bb004b6f51463f9ef2396412bf1ed0,MVRPC member jurisdictions
MVWI_forweb2,MVRPC (regional),tharner@mvrpc.org (msimpson_MVRPC),,Miami Valley region,,"Public — ArcGIS REST API, no auth",live service (verify),"ArcGIS FeatureServer/MapServer; GeoJSON, CSV, Shapefile export",,,2020-05-27,,Y,"Query,Extract",,,,https://services.arcgis.com/3TIUdMHOqnLBrZEH/arcgis/rest/services/MVWI_forweb2/FeatureServer,https://mvrpc.maps.arcgis.com/home/item.html?id=132ecab3ce6b4111bca6168c28bc9416,MVWI data for public access
Natural Environment Suitability Measure Map,MVRPC (regional),tharner@mvrpc.org (msimpson_MVRPC),affordability/tenure,Miami Valley region,jurisdiction/county,"Public — ArcGIS REST API, no auth",live service (verify),"ArcGIS FeatureServer/MapServer; GeoJSON, CSV, Shapefile export",,,2014-07-22,,N,"Map,TilesOnly",,,,https://tiles.arcgis.com/tiles/3TIUdMHOqnLBrZEH/arcgis/rest/services/NatEnvSuitComposite/MapServer,https://mvrpc.maps.arcgis.com/home/item.html?id=5681cac4c3694d7ab6b013fb1a780e09,"Natural Environment Suitability Measure Map, for the 8-county Miami Valley region"
NCLD 2016 7 county_WFL1,MVRPC (regional),kypolk (msimpson_MVRPC),,Miami Valley region,jurisdiction/county,"Public — ArcGIS REST API, no auth",live service (verify),"ArcGIS FeatureServer/MapServer; GeoJSON, CSV, Shapefile export",,,2024-07-03,,Y,Query,,,,https://services.arcgis.com/3TIUdMHOqnLBrZEH/arcgis/rest/services/NCLD_2016_7_county_WFL1/FeatureServer,https://mvrpc.maps.arcgis.com/home/item.html?id=02962f2211ec48d2a5a2f4ebede7162d,
NCLD 2021 for 7 county_WFL1,MVRPC (regional),kypolk (msimpson_MVRPC),,Miami Valley region,jurisdiction/county,"Public — ArcGIS REST API, no auth",live service (verify),"ArcGIS FeatureServer/MapServer; GeoJSON, CSV, Shapefile export",,,2024-10-28,,Y,Query,,,,https://services.arcgis.com/3TIUdMHOqnLBrZEH/arcgis/rest/services/NCLD_2021_for_7_county_WFL1/FeatureServer,https://mvrpc.maps.arcgis.com/home/item.html?id=5b43f44d47f64317a1b3aed327ae3a52,
Neighborhood and Built Environment Domain,MVRPC (regional),msimpson_MVRPC (msimpson_MVRPC),zoning/land use,Miami Valley region,neighborhood,"Public — ArcGIS REST API, no auth",live service (verify),"ArcGIS FeatureServer/MapServer; GeoJSON, CSV, Shapefile export",,,2021-12-02,,N,"Map,TilesOnly,Tilemap",,,,https://tiles.arcgis.com/tiles/3TIUdMHOqnLBrZEH/arcgis/rest/services/Neighborhood_and_Built_Environment_Domain/MapServer,https://mvrpc.maps.arcgis.com/home/item.html?id=9230aaa9a10e45f495aa0a10a8ca27ef,Neighborhood and Built Environment Domain
NetRoads_Crash_PES25,MVRPC (regional),tharner@mvrpc.org (msimpson_MVRPC),,Miami Valley region,,"Public — ArcGIS REST API, no auth",live service (verify),"ArcGIS FeatureServer/MapServer; GeoJSON, CSV, Shapefile export",,,2025-07-10,,Y,Query,,,,https://services.arcgis.com/3TIUdMHOqnLBrZEH/arcgis/rest/services/NetRoads_Crash_PES25/FeatureServer,https://mvrpc.maps.arcgis.com/home/item.html?id=82b5e45d8d92485bb9413cfb66f5bc41,
New_Plan_Points,MVRPC (regional),kypolk (msimpson_MVRPC),zoning/land use,Miami Valley region,address/point,"Public — ArcGIS REST API, no auth",live service (verify),"ArcGIS FeatureServer/MapServer; GeoJSON, CSV, Shapefile export",,,2019-04-03,,Y,Query,,,,https://services.arcgis.com/3TIUdMHOqnLBrZEH/arcgis/rest/services/New_Plan_Points/FeatureServer,https://mvrpc.maps.arcgis.com/home/item.html?id=fb1d5545ec544ac79535d9375dcf9b03,
Newberry Twp MultiZone_V,MVRPC (regional),tharner@mvrpc.org (msimpson_MVRPC),ownership/transfers,Miami Valley region,parcel,"Public — ArcGIS REST API, no auth",live service (verify),"ArcGIS FeatureServer/MapServer; GeoJSON, CSV, Shapefile export",,,2017-10-30,Y,Y,Query,,,,https://services.arcgis.com/3TIUdMHOqnLBrZEH/arcgis/rest/services/Newberry_Twp_MultiZone_V/FeatureServer,https://mvrpc.maps.arcgis.com/home/item.html?id=a00b4cdd90a749f18e91204e82dba9f1,"Parcels with multiple zones for Newberry Twp, Miami County, 2016"
Newberry Twp Zoning_V,MVRPC (regional),tharner@mvrpc.org (msimpson_MVRPC),affordability/tenure,Miami Valley region,jurisdiction/county,"Public — ArcGIS REST API, no auth",live service (verify),"ArcGIS FeatureServer/MapServer; GeoJSON, CSV, Shapefile export",,,2017-10-30,Y,Y,Query,,,,https://services.arcgis.com/3TIUdMHOqnLBrZEH/arcgis/rest/services/Newberry_Twp_Zoning_V/FeatureServer,https://mvrpc.maps.arcgis.com/home/item.html?id=9b359b461e664a8ea493f751cc87e0d2,"Zoning for Newberry Twp, Miami County, Ohio, 2016"
Newton Twp MultiZone_V,MVRPC (regional),tharner@mvrpc.org (msimpson_MVRPC),ownership/transfers,Miami Valley region,parcel,"Public — ArcGIS REST API, no auth",live service (verify),"ArcGIS FeatureServer/MapServer; GeoJSON, CSV, Shapefile export",,,2017-10-30,Y,Y,Query,,,,https://services.arcgis.com/3TIUdMHOqnLBrZEH/arcgis/rest/services/Newton_Twp_MultiZone_V/FeatureServer,https://mvrpc.maps.arcgis.com/home/item.html?id=5eb28cc5c5b74679842656a80454ef46,"Parcels with multiple zones for Newton Twp, Miami County, 2016"
Newton Twp Zoning_V,MVRPC (regional),tharner@mvrpc.org (msimpson_MVRPC),affordability/tenure,Miami Valley region,jurisdiction/county,"Public — ArcGIS REST API, no auth",live service (verify),"ArcGIS FeatureServer/MapServer; GeoJSON, CSV, Shapefile export",,,2017-10-30,Y,Y,Query,,,,https://services.arcgis.com/3TIUdMHOqnLBrZEH/arcgis/rest/services/Newton_Twp_Zoning_V/FeatureServer,https://mvrpc.maps.arcgis.com/home/item.html?id=8b72ea711f1743baad9dbb5bc068666b,"Zoning for Newton Twp, Miami County, Ohio"
NewUAMobilityBrownGreen,MVRPC (regional),msimpson_MVRPC (msimpson_MVRPC),,Miami Valley region,,"Public — ArcGIS REST API, no auth",live service (verify),"ArcGIS FeatureServer/MapServer; GeoJSON, CSV, Shapefile export",,,2023-01-23,,N,"Map,TilesOnly,Tilemap",,,,https://tiles.arcgis.com/tiles/3TIUdMHOqnLBrZEH/arcgis/rest/services/NewUAMobilityBrownGreen/MapServer,https://mvrpc.maps.arcgis.com/home/item.html?id=f37307724c224f72a998dd4a0be56ae9,MVRPC
NewUAMobilityRedGreen,MVRPC (regional),msimpson_MVRPC (msimpson_MVRPC),,Miami Valley region,,"Public — ArcGIS REST API, no auth",live service (verify),"ArcGIS FeatureServer/MapServer; GeoJSON, CSV, Shapefile export",,,2023-01-23,,N,"Map,TilesOnly,Tilemap",,,,https://tiles.arcgis.com/tiles/3TIUdMHOqnLBrZEH/arcgis/rest/services/NewUAMobilityRedGreen/MapServer,https://mvrpc.maps.arcgis.com/home/item.html?id=597294788b5646bebe900e33f1971dd9,MVRPC
NIP_blockgroups,MVRPC (regional),tharner@mvrpc.org (msimpson_MVRPC),demographics,Miami Valley region,block group,"Public — ArcGIS REST API, no auth",live service (verify),"ArcGIS FeatureServer/MapServer; GeoJSON, CSV, Shapefile export",,,2016-05-12,Y,Y,Query,,,,https://services.arcgis.com/3TIUdMHOqnLBrZEH/arcgis/rest/services/NIP_blockgroups/FeatureServer,https://mvrpc.maps.arcgis.com/home/item.html?id=e73dfb14e896498682f84a0f1b38d4e6,"Block groups with demographic and housing data from 2010 census, 08-12 ACS and 10-14 ACS"
No High School Degree Trend,MVRPC (regional),msimpson_MVRPC (msimpson_MVRPC),zoning/land use,Miami Valley region,,"Public — ArcGIS REST API, no auth",live service (verify),"ArcGIS FeatureServer/MapServer; GeoJSON, CSV, Shapefile export",,,2021-11-22,,N,"Map,TilesOnly,Tilemap",,,,https://tiles.arcgis.com/tiles/3TIUdMHOqnLBrZEH/arcgis/rest/services/No_High_School_Degree_Trend/MapServer,https://mvrpc.maps.arcgis.com/home/item.html?id=ab89f0a2b31f4b76bc72ea8bfc8c3ac5,No HS Degree Trend
No HS Degree Snapshot,MVRPC (regional),msimpson_MVRPC (msimpson_MVRPC),zoning/land use,Miami Valley region,,"Public — ArcGIS REST API, no auth",live service (verify),"ArcGIS FeatureServer/MapServer; GeoJSON, CSV, Shapefile export",,,2021-12-01,,N,"Map,TilesOnly,Tilemap",,,,https://tiles.arcgis.com/tiles/3TIUdMHOqnLBrZEH/arcgis/rest/services/No_HS_Degree_Snapshot/MapServer,https://mvrpc.maps.arcgis.com/home/item.html?id=7b94c3e7fc474d69b2fdd8981f68e984,No HS Degree Snapshot
No HS Degree Snapshot V2,MVRPC (regional),msimpson_MVRPC (msimpson_MVRPC),,Miami Valley region,,"Public — ArcGIS REST API, no auth",live service (verify),"ArcGIS FeatureServer/MapServer; GeoJSON, CSV, Shapefile export",,,2022-02-08,,N,"Map,TilesOnly,Tilemap",,,,https://tiles.arcgis.com/tiles/3TIUdMHOqnLBrZEH/arcgis/rest/services/No_HS_Degree_Snapshot_V2/MapServer,https://mvrpc.maps.arcgis.com/home/item.html?id=194a5b88623040c6adb5ae8a772b6dbb,MVRPC
Non Program Counts,MVRPC (regional),alee_MVRPC0 (msimpson_MVRPC),investment/projects,Miami Valley region,,"Public — ArcGIS REST API, no auth",live service (verify),"ArcGIS FeatureServer/MapServer; GeoJSON, CSV, Shapefile export",,,2026-03-05,,Y,Query,,,,https://services.arcgis.com/3TIUdMHOqnLBrZEH/arcgis/rest/services/NonProgramCounts2025/FeatureServer,https://mvrpc.maps.arcgis.com/home/item.html?id=e3efcce6bf3d4f1d80b793984439d87b,
Non-Residential Suitability Measure,MVRPC (regional),tharner@mvrpc.org (msimpson_MVRPC),affordability/tenure,Miami Valley region,jurisdiction/county,"Public — ArcGIS REST API, no auth",live service (verify),"ArcGIS FeatureServer/MapServer; GeoJSON, CSV, Shapefile export",,,2014-07-24,,N,"Map,TilesOnly",,,,https://tiles.arcgis.com/tiles/3TIUdMHOqnLBrZEH/arcgis/rest/services/NonResSuitMap/MapServer,https://mvrpc.maps.arcgis.com/home/item.html?id=d503189b5f22458888c0d60afd9670d3,Non-Residential Suitability Measure for the 3+ county Miami Valley region
northwarren_tracts_boundary3,MVRPC (regional),msimpson_MVRPC (msimpson_MVRPC),demographics,Miami Valley region,tract,"Public — ArcGIS REST API, no auth",live service (verify),"ArcGIS FeatureServer/MapServer; GeoJSON, CSV, Shapefile export",,,2025-04-22,,Y,Query,,,,https://services.arcgis.com/3TIUdMHOqnLBrZEH/arcgis/rest/services/northwarren_tracts_boundary3/FeatureServer,https://mvrpc.maps.arcgis.com/home/item.html?id=afef47e6857545a4865cbdad54f9dcb0,
NWI 2007,MVRPC (regional),tharner@mvrpc.org (msimpson_MVRPC),,Miami Valley region,jurisdiction/county,"Public — ArcGIS REST API, no auth",live service (verify),"ArcGIS FeatureServer/MapServer; GeoJSON, CSV, Shapefile export",,,2025-01-07,,Y,"Query,Extract",,,,https://services.arcgis.com/3TIUdMHOqnLBrZEH/arcgis/rest/services/NWI_2007/FeatureServer,https://mvrpc.maps.arcgis.com/home/item.html?id=3c4eae557ca54d5787001891f003ac14,National Wetland Inventory data for the MVRPC region (2007).
Obesity_ZIP,MVRPC (regional),msimpson_MVRPC (msimpson_MVRPC),,Miami Valley region,,"Public — ArcGIS REST API, no auth",live service (verify),"ArcGIS FeatureServer/MapServer; GeoJSON, CSV, Shapefile export",,,2025-02-13,,Y,Query,,,,https://services.arcgis.com/3TIUdMHOqnLBrZEH/arcgis/rest/services/Obesity_ZIP/FeatureServer,https://mvrpc.maps.arcgis.com/home/item.html?id=2df48e78b619448e83b6f7f928d0b05c,
Obesity_ZIP_Clip,MVRPC (regional),msimpson_MVRPC (msimpson_MVRPC),,Miami Valley region,,"Public — ArcGIS REST API, no auth",live service (verify),"ArcGIS FeatureServer/MapServer; GeoJSON, CSV, Shapefile export",,,2025-02-26,,Y,Query,,,,https://services.arcgis.com/3TIUdMHOqnLBrZEH/arcgis/rest/services/Obesity_ZIP_Clip/FeatureServer,https://mvrpc.maps.arcgis.com/home/item.html?id=1aefd93fae1845ea848f5e8fdabccabf,
ObesityTractUpdated,MVRPC (regional),msimpson_MVRPC (msimpson_MVRPC),demographics,Miami Valley region,tract,"Public — ArcGIS REST API, no auth",live service (verify),"ArcGIS FeatureServer/MapServer; GeoJSON, CSV, Shapefile export",,,2025-02-19,,Y,Query,,,,https://services.arcgis.com/3TIUdMHOqnLBrZEH/arcgis/rest/services/ObesityTractUpdated/FeatureServer,https://mvrpc.maps.arcgis.com/home/item.html?id=d8d14063bbce48a089a7d10ecddee059,2020 Tracts for the MVRPC region.
ohio demographics,MVRPC (regional),kypolk (msimpson_MVRPC),demographics,Miami Valley region,,"Public — ArcGIS REST API, no auth",live service (verify),"ArcGIS FeatureServer/MapServer; GeoJSON, CSV, Shapefile export",,,2025-06-27,,Y,Query,,,,https://services.arcgis.com/3TIUdMHOqnLBrZEH/arcgis/rest/services/ohio_demographics/FeatureServer,https://mvrpc.maps.arcgis.com/home/item.html?id=7b12493517bf41edae29c32581650294,
Ohio Demographics Shapefile,MVRPC (regional),kypolk (msimpson_MVRPC),demographics,Miami Valley region,,"Public — ArcGIS REST API, no auth",live service (verify),"ArcGIS FeatureServer/MapServer; GeoJSON, CSV, Shapefile export",,,2025-06-24,,Y,Query,,,,https://services.arcgis.com/3TIUdMHOqnLBrZEH/arcgis/rest/services/Ohio_Demographics_Shapefile/FeatureServer,https://mvrpc.maps.arcgis.com/home/item.html?id=12c2b5cf931b486e9b14309c2c370865,
Older Adults (65) Population Density (Properties Saved),MVRPC (regional),msimpson_MVRPC (msimpson_MVRPC),ownership/transfers,Miami Valley region,parcel,"Public — ArcGIS REST API, no auth",live service (verify),"ArcGIS FeatureServer/MapServer; GeoJSON, CSV, Shapefile export",,,2025-07-11,Y,Y,Query,,,,https://services.arcgis.com/3TIUdMHOqnLBrZEH/arcgis/rest/services/miami_county_blocks_StudyArea/FeatureServer,https://mvrpc.maps.arcgis.com/home/item.html?id=966063913f934d969893a0640b64a3c5,
OlderAdults10Percent,MVRPC (regional),msimpson_MVRPC (msimpson_MVRPC),,Miami Valley region,,"Public — ArcGIS REST API, no auth",live service (verify),"ArcGIS FeatureServer/MapServer; GeoJSON, CSV, Shapefile export",,,2022-08-10,,Y,Query,,,,https://services.arcgis.com/3TIUdMHOqnLBrZEH/arcgis/rest/services/ALI_With_Projections_shp/FeatureServer,https://mvrpc.maps.arcgis.com/home/item.html?id=e8180b8f8e544f03adf77b115132be61,
OlderAndYounger10Percent,MVRPC (regional),msimpson_MVRPC (msimpson_MVRPC),,Miami Valley region,,"Public — ArcGIS REST API, no auth",live service (verify),"ArcGIS FeatureServer/MapServer; GeoJSON, CSV, Shapefile export",,,2022-08-10,,Y,Query,,,,https://services.arcgis.com/3TIUdMHOqnLBrZEH/arcgis/rest/services/ALI_With_Projections_shp/FeatureServer,https://mvrpc.maps.arcgis.com/home/item.html?id=bc2436af5be4445faa5dc82dc483f9f3,
OlderDisabled10Percent,MVRPC (regional),msimpson_MVRPC (msimpson_MVRPC),,Miami Valley region,,"Public — ArcGIS REST API, no auth",live service (verify),"ArcGIS FeatureServer/MapServer; GeoJSON, CSV, Shapefile export",,,2022-08-10,,Y,Query,,,,https://services.arcgis.com/3TIUdMHOqnLBrZEH/arcgis/rest/services/ALI_With_Projections_shp/FeatureServer,https://mvrpc.maps.arcgis.com/home/item.html?id=a1c38a72b46e4c9589716c58bb7c1ba6,
OneMileHex_other,MVRPC (regional),tharner@mvrpc.org (msimpson_MVRPC),,Miami Valley region,,"Public — ArcGIS REST API, no auth",live service (verify),"ArcGIS FeatureServer/MapServer; GeoJSON, CSV, Shapefile export",,,2023-04-17,,Y,Query,,,,https://services.arcgis.com/3TIUdMHOqnLBrZEH/arcgis/rest/services/OneMileHex_other/FeatureServer,https://mvrpc.maps.arcgis.com/home/item.html?id=89b1def65f514bf7a5129dc675ea3310,One mile hex
OpenSpaceYS,MVRPC (regional),kypolk (msimpson_MVRPC),,Miami Valley region,,"Public — ArcGIS REST API, no auth",live service (verify),"ArcGIS FeatureServer/MapServer; GeoJSON, CSV, Shapefile export",,,2020-04-16,,Y,"Create,Delete,Query,Editing",,,,https://services.arcgis.com/3TIUdMHOqnLBrZEH/arcgis/rest/services/OpenSpaceYS/FeatureServer,https://mvrpc.maps.arcgis.com/home/item.html?id=02e52b79bc474bf6aaa7caf4906242a3,Open Space in Yellow Springs
Opportunity,MVRPC (regional),msimpson_MVRPC (msimpson_MVRPC),,Miami Valley region,,"Public — ArcGIS REST API, no auth",live service (verify),"ArcGIS FeatureServer/MapServer; GeoJSON, CSV, Shapefile export",,,2020-08-19,,Y,"Create,Delete,Query,Update,Editing,Sync,ChangeTracking",,,,https://services.arcgis.com/3TIUdMHOqnLBrZEH/arcgis/rest/services/Opportunity/FeatureServer,https://mvrpc.maps.arcgis.com/home/item.html?id=af865a6dff234e93aea8c4758ffc283a,
"Opportunity Areas, 1980",MVRPC (regional),tharner@mvrpc.org (msimpson_MVRPC),demographics,Miami Valley region,tract,"Public — ArcGIS REST API, no auth",live service (verify),"ArcGIS FeatureServer/MapServer; GeoJSON, CSV, Shapefile export",,,2020-08-18,,N,Query,,,,https://services.arcgis.com/3TIUdMHOqnLBrZEH/arcgis/rest/services/OpportunityAreas_1980/FeatureServer/1,https://mvrpc.maps.arcgis.com/home/item.html?id=da38fd66081c4c4c99e3a59ace5fa079,"Opportunity Areas, 1980, tract"
"Opportunity Areas, 2010",MVRPC (regional),tharner@mvrpc.org (msimpson_MVRPC),,Miami Valley region,,"Public — ArcGIS REST API, no auth",live service (verify),"ArcGIS FeatureServer/MapServer; GeoJSON, CSV, Shapefile export",,,2019-07-15,,Y,Query,,,,https://services.arcgis.com/3TIUdMHOqnLBrZEH/arcgis/rest/services/OpportunityAreas_2010/FeatureServer,https://mvrpc.maps.arcgis.com/home/item.html?id=0e842c61855f4a6f85c99cb65a12c5f9,Opportunity Areas for 2010
"Opportunity Areas, 2010",MVRPC (regional),tharner@mvrpc.org (msimpson_MVRPC),demographics,Miami Valley region,tract,"Public — ArcGIS REST API, no auth",live service (verify),"ArcGIS FeatureServer/MapServer; GeoJSON, CSV, Shapefile export",,,2020-08-18,,N,Query,,,,https://services.arcgis.com/3TIUdMHOqnLBrZEH/arcgis/rest/services/OpportunityAreas_2010/FeatureServer/1,https://mvrpc.maps.arcgis.com/home/item.html?id=24f22cc51c314f699e7e05a1cad7cfda,"Opportunity Areas, 2010, Tract"
Opportunity Place Points in Siebert Riverview,MVRPC (regional),kypolk (msimpson_MVRPC),affordability/tenure,Miami Valley region,address/point,"Public — ArcGIS REST API, no auth",live service (verify),"ArcGIS FeatureServer/MapServer; GeoJSON, CSV, Shapefile export",,,2021-04-12,,Y,"Create,Delete,Query,Update,Editing,Sync",,,,https://services.arcgis.com/3TIUdMHOqnLBrZEH/arcgis/rest/services/Opportunities_in_Siebert_Riverview/FeatureServer,https://mvrpc.maps.arcgis.com/home/item.html?id=ec5b40b522394f82935c922cc4f43d44,
Opportunity_Access_1980_tiles,MVRPC (regional),tharner@mvrpc.org (msimpson_MVRPC),,Miami Valley region,,"Public — ArcGIS REST API, no auth",live service (verify),"ArcGIS FeatureServer/MapServer; GeoJSON, CSV, Shapefile export",,,2020-09-25,,N,"Map,TilesOnly",,,,https://tiles.arcgis.com/tiles/3TIUdMHOqnLBrZEH/arcgis/rest/services/Opportunity_Access_1980_tiles/MapServer,https://mvrpc.maps.arcgis.com/home/item.html?id=4230511900b24c5495f06803d5f4d102,"Opportunity Access, 1980"
Opportunity_Access_2010_tiles,MVRPC (regional),tharner@mvrpc.org (msimpson_MVRPC),,Miami Valley region,,"Public — ArcGIS REST API, no auth",live service (verify),"ArcGIS FeatureServer/MapServer; GeoJSON, CSV, Shapefile export",,,2020-09-25,,N,"Map,TilesOnly",,,,https://tiles.arcgis.com/tiles/3TIUdMHOqnLBrZEH/arcgis/rest/services/Opportunity_Access_2010_tiles/MapServer,https://mvrpc.maps.arcgis.com/home/item.html?id=21f5ddc9e7d840bfaf1f2052c4fe148c,"Opportunity Access, 2010"
Opportunity_Access_2014_tiles,MVRPC (regional),tharner@mvrpc.org (msimpson_MVRPC),,Miami Valley region,,"Public — ArcGIS REST API, no auth",live service (verify),"ArcGIS FeatureServer/MapServer; GeoJSON, CSV, Shapefile export",,,2020-09-25,,N,"Map,TilesOnly",,,,https://tiles.arcgis.com/tiles/3TIUdMHOqnLBrZEH/arcgis/rest/services/Opportunity_Access_2014_tiles/MapServer,https://mvrpc.maps.arcgis.com/home/item.html?id=75441a89b28b4ab1a2d9b832ff7481c9,"Opportunity Access, 2014"
OpportunityAreas_1980,MVRPC (regional),tharner@mvrpc.org (msimpson_MVRPC),,Miami Valley region,,"Public — ArcGIS REST API, no auth",live service (verify),"ArcGIS FeatureServer/MapServer; GeoJSON, CSV, Shapefile export",,,2017-01-09,,Y,Query,,,,https://services.arcgis.com/3TIUdMHOqnLBrZEH/arcgis/rest/services/OpportunityAreas_1980/FeatureServer,https://mvrpc.maps.arcgis.com/home/item.html?id=d550146aedf7498891dfdcbb108fef38,"Opportunity Areas, 1980"
Other Amenities,MVRPC (regional),tharner@mvrpc.org (msimpson_MVRPC),affordability/tenure,Miami Valley region,jurisdiction/county,"Public — ArcGIS REST API, no auth",live service (verify),"ArcGIS FeatureServer/MapServer; GeoJSON, CSV, Shapefile export",,,2014-07-23,,N,"Map,TilesOnly",,,,https://tiles.arcgis.com/tiles/3TIUdMHOqnLBrZEH/arcgis/rest/services/OtherAmenities/MapServer,https://mvrpc.maps.arcgis.com/home/item.html?id=9f0b17df2e4f42ab96577ac9cba8787f,Other Amenities for the 3+ county Miami Valley region
Other Services Group Layer,MVRPC (regional),kypolk (msimpson_MVRPC),affordability/tenure,Miami Valley region,jurisdiction/county,"Public — ArcGIS REST API, no auth",live service (verify),"ArcGIS FeatureServer/MapServer; GeoJSON, CSV, Shapefile export",,,2022-10-19,,Y,"Query,Extract",,,,https://services.arcgis.com/3TIUdMHOqnLBrZEH/arcgis/rest/services/OtherServicesGroup/FeatureServer,https://mvrpc.maps.arcgis.com/home/item.html?id=06c410e572c14b349bdc6084d576648a,"LEHD data featuring count and demographic information for sectors in the Other Services Group from 2011 to 2019 for the Miami Valley Region including Darke, Greene, Miami, Montgomery, Preble, Shelby a"
OtherServices,MVRPC (regional),kypolk (msimpson_MVRPC),affordability/tenure,Miami Valley region,jurisdiction/county,"Public — ArcGIS REST API, no auth",live service (verify),"ArcGIS FeatureServer/MapServer; GeoJSON, CSV, Shapefile export",,,2022-04-20,,Y,Query,,,,https://services.arcgis.com/3TIUdMHOqnLBrZEH/arcgis/rest/services/OtherServices/FeatureServer,https://mvrpc.maps.arcgis.com/home/item.html?id=7e3f0466e34d42c2a7004ba6870e04b1,LEHD Other Services Sectors from 2011 to 2019 in Miami Valley Regiona
OtherServices20112019,MVRPC (regional),kypolk (msimpson_MVRPC),affordability/tenure,Miami Valley region,jurisdiction/county,"Public — ArcGIS REST API, no auth",live service (verify),"ArcGIS FeatureServer/MapServer; GeoJSON, CSV, Shapefile export",,,2022-04-25,,Y,Query,,,,https://services.arcgis.com/3TIUdMHOqnLBrZEH/arcgis/rest/services/OtherServices20112019/FeatureServer,https://mvrpc.maps.arcgis.com/home/item.html?id=55e77d9a4cb847eca5b2c7038328f405,OtherServices LEHD Sectors for Miami Valley Region in 2011 to 2019
OtherServicesCentroid,MVRPC (regional),kypolk (msimpson_MVRPC),affordability/tenure,Miami Valley region,address/point,"Public — ArcGIS REST API, no auth",live service (verify),"ArcGIS FeatureServer/MapServer; GeoJSON, CSV, Shapefile export",,,2022-04-25,,Y,Query,,,,https://services.arcgis.com/3TIUdMHOqnLBrZEH/arcgis/rest/services/OtherServicesCentroid/FeatureServer,https://mvrpc.maps.arcgis.com/home/item.html?id=c42e462365714f92bd7ef15e2d603765,OtherServices LEHD Sectors in centroid points for Miami Valley Region in 2011 to 2019
Overall Crash Density,MVRPC (regional),msimpson_MVRPC (msimpson_MVRPC),,Miami Valley region,,"Public — ArcGIS REST API, no auth",live service (verify),"ArcGIS FeatureServer/MapServer; GeoJSON, CSV, Shapefile export",,,2025-05-08,,Y,Query,,,,https://services.arcgis.com/3TIUdMHOqnLBrZEH/arcgis/rest/services/Overall_Crash_Density/FeatureServer,https://mvrpc.maps.arcgis.com/home/item.html?id=77ccf8640d744151a6477134e1f405e4,
P4H Block Groups Final Version Backup,MVRPC (regional),msimpson_MVRPC (msimpson_MVRPC),affordability/tenure,Miami Valley region,block group,"Public — ArcGIS REST API, no auth",live service (verify),"ArcGIS FeatureServer/MapServer; GeoJSON, CSV, Shapefile export",,,2022-05-17,Y,Y,Query,,,,https://services.arcgis.com/3TIUdMHOqnLBrZEH/arcgis/rest/services/P4H_Block_Groups_Final_Version_Backup/FeatureServer,https://mvrpc.maps.arcgis.com/home/item.html?id=3010e53edce1402aa2850b29b0a2699f,"Miami Valley block group boundaries and associated data utilized in project 1A, the Health Environment Assessment, of PLAN4Health Miami Valley."
P4H_PLACES,MVRPC (regional),msimpson_MVRPC (msimpson_MVRPC),demographics,Miami Valley region,tract,"Public — ArcGIS REST API, no auth",live service (verify),"ArcGIS FeatureServer/MapServer; GeoJSON, CSV, Shapefile export",,,2025-04-28,,Y,Query,,,,https://services.arcgis.com/3TIUdMHOqnLBrZEH/arcgis/rest/services/P4H_PLACES/FeatureServer,https://mvrpc.maps.arcgis.com/home/item.html?id=844089cbf7d94e84b220c7c0b75ded19,2020 Tracts for the MVRPC region.
P4H_PLACES_ACI_Mean,MVRPC (regional),msimpson_MVRPC (msimpson_MVRPC),demographics,Miami Valley region,tract,"Public — ArcGIS REST API, no auth",live service (verify),"ArcGIS FeatureServer/MapServer; GeoJSON, CSV, Shapefile export",,,2025-07-15,,Y,Query,,,,https://services.arcgis.com/3TIUdMHOqnLBrZEH/arcgis/rest/services/P4H_PLACES_ACI_Mean/FeatureServer,https://mvrpc.maps.arcgis.com/home/item.html?id=a05ea9b4b1e1448e82a31df6dff3c3ba,2020 Tracts for the MVRPC region.
P4H_PLACES_ACI_Mean_Montgomery,MVRPC (regional),msimpson_MVRPC (msimpson_MVRPC),demographics,Miami Valley region,tract,"Public — ArcGIS REST API, no auth",live service (verify),"ArcGIS FeatureServer/MapServer; GeoJSON, CSV, Shapefile export",,,2025-04-22,,Y,Query,,,,https://services.arcgis.com/3TIUdMHOqnLBrZEH/arcgis/rest/services/P4H_PLACES_ACI_Mean_Montgomery/FeatureServer,https://mvrpc.maps.arcgis.com/home/item.html?id=8053998ffaa342a280c1e704777124d4,2020 Tracts for the MVRPC region.
P4H_PLACES_ACI_Mean_Preble,MVRPC (regional),msimpson_MVRPC (msimpson_MVRPC),demographics,Miami Valley region,tract,"Public — ArcGIS REST API, no auth",live service (verify),"ArcGIS FeatureServer/MapServer; GeoJSON, CSV, Shapefile export",,,2025-04-22,,Y,Query,,,,https://services.arcgis.com/3TIUdMHOqnLBrZEH/arcgis/rest/services/P4H_PLACES_ACI_Mean_Preble/FeatureServer,https://mvrpc.maps.arcgis.com/home/item.html?id=f7f798fd4dbc40f08caa0ec8a4d7d820,2020 Tracts for the MVRPC region.
P4H_PLACES_ACI_Mean_Warren,MVRPC (regional),msimpson_MVRPC (msimpson_MVRPC),demographics,Miami Valley region,tract,"Public — ArcGIS REST API, no auth",live service (verify),"ArcGIS FeatureServer/MapServer; GeoJSON, CSV, Shapefile export",,,2025-04-22,,Y,Query,,,,https://services.arcgis.com/3TIUdMHOqnLBrZEH/arcgis/rest/services/P4H_PLACES_ACI_Mean_Warren/FeatureServer,https://mvrpc.maps.arcgis.com/home/item.html?id=1d0a01b633d34b4bbedd0a4ffd46a7b2,2020 Tracts for the MVRPC region.
P4H_PLACES_ACIdouble,MVRPC (regional),msimpson_MVRPC (msimpson_MVRPC),demographics,Miami Valley region,tract,"Public — ArcGIS REST API, no auth",live service (verify),"ArcGIS FeatureServer/MapServer; GeoJSON, CSV, Shapefile export",,,2025-03-19,,Y,Query,,,,https://services.arcgis.com/3TIUdMHOqnLBrZEH/arcgis/rest/services/P4H_PLACES_ACIdouble/FeatureServer,https://mvrpc.maps.arcgis.com/home/item.html?id=1b37db5a3d3f431e9cf71ad90f232b16,2020 Tracts for the MVRPC region.
P4H_PLACES_ExportDAR,MVRPC (regional),msimpson_MVRPC (msimpson_MVRPC),demographics,Miami Valley region,tract,"Public — ArcGIS REST API, no auth",live service (verify),"ArcGIS FeatureServer/MapServer; GeoJSON, CSV, Shapefile export",,,2025-03-12,,Y,Query,,,,https://services.arcgis.com/3TIUdMHOqnLBrZEH/arcgis/rest/services/P4H_PLACES_ExportDAR/FeatureServer,https://mvrpc.maps.arcgis.com/home/item.html?id=ed1ed033bf8d4217bbf3e1a25aa001c6,2020 Tracts for the MVRPC region.
P4H_PLACES_ExportDAR_ACI,MVRPC (regional),msimpson_MVRPC (msimpson_MVRPC),demographics,Miami Valley region,tract,"Public — ArcGIS REST API, no auth",live service (verify),"ArcGIS FeatureServer/MapServer; GeoJSON, CSV, Shapefile export",,,2025-03-31,,Y,Query,,,,https://services.arcgis.com/3TIUdMHOqnLBrZEH/arcgis/rest/services/P4H_PLACES_ExportDAR_ACI/FeatureServer,https://mvrpc.maps.arcgis.com/home/item.html?id=f260a9d1655142cebeaa43aa20328f30,2020 Tracts for the MVRPC region.
P4H_PLACES_ExportGRE,MVRPC (regional),msimpson_MVRPC (msimpson_MVRPC),demographics,Miami Valley region,tract,"Public — ArcGIS REST API, no auth",live service (verify),"ArcGIS FeatureServer/MapServer; GeoJSON, CSV, Shapefile export",,,2025-03-12,,Y,Query,,,,https://services.arcgis.com/3TIUdMHOqnLBrZEH/arcgis/rest/services/P4H_PLACES_ExportGRE/FeatureServer,https://mvrpc.maps.arcgis.com/home/item.html?id=26f839aa05474a7caf35b2859d049933,2020 Tracts for the MVRPC region.
P4H_PLACES_ExportGRE_ACI,MVRPC (regional),msimpson_MVRPC (msimpson_MVRPC),demographics,Miami Valley region,tract,"Public — ArcGIS REST API, no auth",live service (verify),"ArcGIS FeatureServer/MapServer; GeoJSON, CSV, Shapefile export",,,2025-04-03,,Y,Query,,,,https://services.arcgis.com/3TIUdMHOqnLBrZEH/arcgis/rest/services/P4H_PLACES_ExportGRE_ACI/FeatureServer,https://mvrpc.maps.arcgis.com/home/item.html?id=33e32bb9fc7b4ec5808ae932ac1041a3,2020 Tracts for the MVRPC region.
P4H_PLACES_ExportMIA,MVRPC (regional),msimpson_MVRPC (msimpson_MVRPC),demographics,Miami Valley region,tract,"Public — ArcGIS REST API, no auth",live service (verify),"ArcGIS FeatureServer/MapServer; GeoJSON, CSV, Shapefile export",,,2025-03-12,,Y,Query,,,,https://services.arcgis.com/3TIUdMHOqnLBrZEH/arcgis/rest/services/P4H_PLACES_ExportMIA/FeatureServer,https://mvrpc.maps.arcgis.com/home/item.html?id=19de868b5638433aba71ef476fa5b4fe,2020 Tracts for the MVRPC region.
P4H_PLACES_ExportMIA_ACI,MVRPC (regional),msimpson_MVRPC (msimpson_MVRPC),demographics,Miami Valley region,tract,"Public — ArcGIS REST API, no auth",live service (verify),"ArcGIS FeatureServer/MapServer; GeoJSON, CSV, Shapefile export",,,2025-04-03,,Y,Query,,,,https://services.arcgis.com/3TIUdMHOqnLBrZEH/arcgis/rest/services/P4H_PLACES_ExportMIA_ACI/FeatureServer,https://mvrpc.maps.arcgis.com/home/item.html?id=22dbdcbbed3646c8a6d43a84f2154348,2020 Tracts for the MVRPC region.
P4H_PLACES_ExportMOT,MVRPC (regional),msimpson_MVRPC (msimpson_MVRPC),demographics,Miami Valley region,tract,"Public — ArcGIS REST API, no auth",live service (verify),"ArcGIS FeatureServer/MapServer; GeoJSON, CSV, Shapefile export",,,2025-03-12,,Y,Query,,,,https://services.arcgis.com/3TIUdMHOqnLBrZEH/arcgis/rest/services/P4H_PLACES_ExportMOT/FeatureServer,https://mvrpc.maps.arcgis.com/home/item.html?id=0e449859d6254ecc889eb79ce8ae9ac6,2020 Tracts for the MVRPC region.
P4H_PLACES_ExportMOT_ACI,MVRPC (regional),msimpson_MVRPC (msimpson_MVRPC),demographics,Miami Valley region,tract,"Public — ArcGIS REST API, no auth",live service (verify),"ArcGIS FeatureServer/MapServer; GeoJSON, CSV, Shapefile export",,,2025-04-03,,Y,Query,,,,https://services.arcgis.com/3TIUdMHOqnLBrZEH/arcgis/rest/services/P4H_PLACES_ExportMOT_ACI/FeatureServer,https://mvrpc.maps.arcgis.com/home/item.html?id=3098416da84c427e8e3a9d2bd4cb33d9,2020 Tracts for the MVRPC region.
P4H_PLACES_ExportPre,MVRPC (regional),msimpson_MVRPC (msimpson_MVRPC),demographics,Miami Valley region,tract,"Public — ArcGIS REST API, no auth",live service (verify),"ArcGIS FeatureServer/MapServer; GeoJSON, CSV, Shapefile export",,,2025-03-12,,Y,Query,,,,https://services.arcgis.com/3TIUdMHOqnLBrZEH/arcgis/rest/services/P4H_PLACES_ExportPre/FeatureServer,https://mvrpc.maps.arcgis.com/home/item.html?id=5b0da46837af4e729b57154c23f34d48,2020 Tracts for the MVRPC region.
P4H_PLACES_ExportPRE_ACI,MVRPC (regional),msimpson_MVRPC (msimpson_MVRPC),demographics,Miami Valley region,tract,"Public — ArcGIS REST API, no auth",live service (verify),"ArcGIS FeatureServer/MapServer; GeoJSON, CSV, Shapefile export",,,2025-04-03,,Y,Query,,,,https://services.arcgis.com/3TIUdMHOqnLBrZEH/arcgis/rest/services/P4H_PLACES_ExportPRE_ACI/FeatureServer,https://mvrpc.maps.arcgis.com/home/item.html?id=bbe043d808214a7ba1c194ee662f6091,2020 Tracts for the MVRPC region.
P4H_PLACES_ExportSHE,MVRPC (regional),msimpson_MVRPC (msimpson_MVRPC),demographics,Miami Valley region,tract,"Public — ArcGIS REST API, no auth",live service (verify),"ArcGIS FeatureServer/MapServer; GeoJSON, CSV, Shapefile export",,,2025-04-09,,Y,Query,,,,https://services.arcgis.com/3TIUdMHOqnLBrZEH/arcgis/rest/services/P4H_PLACES_ExportSHE/FeatureServer,https://mvrpc.maps.arcgis.com/home/item.html?id=d08ef0ee30f34503ad81237e2ac9e3c4,2020 Tracts for the MVRPC region.
P4H_PLACES_ExportWAR_ACI,MVRPC (regional),msimpson_MVRPC (msimpson_MVRPC),demographics,Miami Valley region,tract,"Public — ArcGIS REST API, no auth",live service (verify),"ArcGIS FeatureServer/MapServer; GeoJSON, CSV, Shapefile export",,,2025-03-19,,Y,Query,,,,https://services.arcgis.com/3TIUdMHOqnLBrZEH/arcgis/rest/services/P4H_PLACES_ExportWAR_ACI/FeatureServer,https://mvrpc.maps.arcgis.com/home/item.html?id=b3482769178f49d4a6ebe1750cbc274d,2020 Tracts for the MVRPC region.
P4H_PLACES_ExportWARR,MVRPC (regional),msimpson_MVRPC (msimpson_MVRPC),demographics,Miami Valley region,tract,"Public — ArcGIS REST API, no auth",live service (verify),"ArcGIS FeatureServer/MapServer; GeoJSON, CSV, Shapefile export",,,2025-03-12,,Y,Query,,,,https://services.arcgis.com/3TIUdMHOqnLBrZEH/arcgis/rest/services/P4H_PLACES_ExportWARR/FeatureServer,https://mvrpc.maps.arcgis.com/home/item.html?id=1a8044b8a5a348c2aa509fcaaf6856bf,2020 Tracts for the MVRPC region.
P4H_PLACES_SHELBYExport,MVRPC (regional),msimpson_MVRPC (msimpson_MVRPC),demographics,Miami Valley region,tract,"Public — ArcGIS REST API, no auth",live service (verify),"ArcGIS FeatureServer/MapServer; GeoJSON, CSV, Shapefile export",,,2025-04-10,,Y,Query,,,,https://services.arcgis.com/3TIUdMHOqnLBrZEH/arcgis/rest/services/P4H_PLACES_SHELBYExport/FeatureServer,https://mvrpc.maps.arcgis.com/home/item.html?id=faa9f2737f7d4bd9b6b1f101bdade54a,2020 Tracts for the MVRPC region.
P4H_PLACES_WithHexData,MVRPC (regional),msimpson_MVRPC (msimpson_MVRPC),,Miami Valley region,,"Public — ArcGIS REST API, no auth",live service (verify),"ArcGIS FeatureServer/MapServer; GeoJSON, CSV, Shapefile export",,,2025-09-16,,Y,Query,,,,https://services.arcgis.com/3TIUdMHOqnLBrZEH/arcgis/rest/services/P4H_PLACES_WithHexData/FeatureServer,https://mvrpc.maps.arcgis.com/home/item.html?id=b7c3e106de8145b0adb65252b2718204,P4H and CDC data for health data analysis
P4H_WAR_Tract_boundary,MVRPC (regional),msimpson_MVRPC (msimpson_MVRPC),demographics,Miami Valley region,tract,"Public — ArcGIS REST API, no auth",live service (verify),"ArcGIS FeatureServer/MapServer; GeoJSON, CSV, Shapefile export",,,2025-03-18,,Y,Query,,,,https://services.arcgis.com/3TIUdMHOqnLBrZEH/arcgis/rest/services/P4H_WAR_Tract_boundary/FeatureServer,https://mvrpc.maps.arcgis.com/home/item.html?id=0515000049af4188ac131af2b8cab3f7,2020 Tracts for the MVRPC region.
ParcelsEng,MVRPC (regional),tharner@mvrpc.org (msimpson_MVRPC),ownership/transfers,Miami Valley region,parcel,"Public — ArcGIS REST API, no auth",live service (verify),"ArcGIS FeatureServer/MapServer; GeoJSON, CSV, Shapefile export",,,2020-09-02,,N,"Map,Query,Data",,,,https://engineer.gomvo.org/arcgis/rest/services/SP/Parcels/MapServer,https://mvrpc.maps.arcgis.com/home/item.html?id=3ef45c6a0c1d4c3dbcd5f79c6b967557,
Park_Labels,MVRPC (regional),kypolk (msimpson_MVRPC),,Miami Valley region,,"Public — ArcGIS REST API, no auth",live service (verify),"ArcGIS FeatureServer/MapServer; GeoJSON, CSV, Shapefile export",,,2019-04-03,,Y,Query,,,,https://services.arcgis.com/3TIUdMHOqnLBrZEH/arcgis/rest/services/Park_Labels/FeatureServer,https://mvrpc.maps.arcgis.com/home/item.html?id=4ce13ec36e6b42459006ad4d6cc83ff5,Labels of certain parks.
ParksandCemeteries_DRMP,MVRPC (regional),kypolk (msimpson_MVRPC),,Miami Valley region,,"Public — ArcGIS REST API, no auth",live service (verify),"ArcGIS FeatureServer/MapServer; GeoJSON, CSV, Shapefile export",,,2017-03-24,,Y,Query,,,,https://services.arcgis.com/3TIUdMHOqnLBrZEH/arcgis/rest/services/ParksandCemeteries_DRMP/FeatureServer,https://mvrpc.maps.arcgis.com/home/item.html?id=0a00ed6993464275bb12a9f2a07f8b28,Parks and Cemeteries for DRMP Study Area
PCR_LocalMPO,MVRPC (regional),tharner@mvrpc.org (msimpson_MVRPC),condition/quality,Miami Valley region,,"Public — ArcGIS REST API, no auth",live service (verify),"ArcGIS FeatureServer/MapServer; GeoJSON, CSV, Shapefile export",,,2025-07-24,,Y,"Query,Extract",,,,https://services.arcgis.com/3TIUdMHOqnLBrZEH/arcgis/rest/services/PCR_LocalMPO/FeatureServer,https://mvrpc.maps.arcgis.com/home/item.html?id=d5527626e91b4fd78b9454797122d774,Pavement Condition Ratings (PCR) of ODOT's road inventory
PCR_StateMPO,MVRPC (regional),tharner@mvrpc.org (msimpson_MVRPC),condition/quality,Miami Valley region,,"Public — ArcGIS REST API, no auth",live service (verify),"ArcGIS FeatureServer/MapServer; GeoJSON, CSV, Shapefile export",,,2025-07-24,,Y,"Query,Extract",,,,https://services.arcgis.com/3TIUdMHOqnLBrZEH/arcgis/rest/services/PCR_StateMPO/FeatureServer,https://mvrpc.maps.arcgis.com/home/item.html?id=65b5f9f31911483289a2eacb3475eed1,Pavement Condition Ratings (PCR) of ODOT's road inventory
PctDesertPilot,MVRPC (regional),kypolk (msimpson_MVRPC),affordability/tenure,Miami Valley region,,"Public — ArcGIS REST API, no auth",live service (verify),"ArcGIS FeatureServer/MapServer; GeoJSON, CSV, Shapefile export",,,2019-05-06,,Y,Query,,,,https://services.arcgis.com/3TIUdMHOqnLBrZEH/arcgis/rest/services/PctDesertPilot/FeatureServer,https://mvrpc.maps.arcgis.com/home/item.html?id=464dc6f8a4e044c8be28494052f40239,Beta version of configuring percentage of desert area in GMR. Numbers currently not valid
Pedestrian and Bicycle Crashes,MVRPC (regional),msimpson_MVRPC (msimpson_MVRPC),,Miami Valley region,,"Public — ArcGIS REST API, no auth",live service (verify),"ArcGIS FeatureServer/MapServer; GeoJSON, CSV, Shapefile export",,,2025-05-08,,Y,Query,,,,https://services.arcgis.com/3TIUdMHOqnLBrZEH/arcgis/rest/services/Pedestrian_and_Bicycle_Crashes/FeatureServer,https://mvrpc.maps.arcgis.com/home/item.html?id=75bdebd582b2465b81c9f808b3bd5129,
Percent of Population that Commutes 15 Minutes or less on Average (Properties Saved),MVRPC (regional),msimpson_MVRPC (msimpson_MVRPC),ownership/transfers,Miami Valley region,parcel,"Public — ArcGIS REST API, no auth",live service (verify),"ArcGIS FeatureServer/MapServer; GeoJSON, CSV, Shapefile export",,,2025-07-11,Y,Y,Query,,,,https://services.arcgis.com/3TIUdMHOqnLBrZEH/arcgis/rest/services/miami_county_block_groups_StudyArea/FeatureServer,https://mvrpc.maps.arcgis.com/home/item.html?id=7d87f11f32304b88b85a338d44112de2,
Percent of Population that Drives Alone to Work (Properties Saved),MVRPC (regional),msimpson_MVRPC (msimpson_MVRPC),ownership/transfers,Miami Valley region,parcel,"Public — ArcGIS REST API, no auth",live service (verify),"ArcGIS FeatureServer/MapServer; GeoJSON, CSV, Shapefile export",,,2025-07-11,Y,Y,Query,,,,https://services.arcgis.com/3TIUdMHOqnLBrZEH/arcgis/rest/services/miami_county_block_groups_StudyArea/FeatureServer,https://mvrpc.maps.arcgis.com/home/item.html?id=3892c0b011014bdd97cadb2569284db0,
PercentExampleForDashboard,MVRPC (regional),msimpson_MVRPC (msimpson_MVRPC),,Miami Valley region,,"Public — ArcGIS REST API, no auth",live service (verify),"ArcGIS FeatureServer/MapServer; GeoJSON, CSV, Shapefile export",,,2020-09-08,,Y,Query,,,,https://services.arcgis.com/3TIUdMHOqnLBrZEH/arcgis/rest/services/PercentExampleForDashboard/FeatureServer,https://mvrpc.maps.arcgis.com/home/item.html?id=8ff91b1026c24d91b84266d33cdb444c,
PercentExampleTornado,MVRPC (regional),msimpson_MVRPC (msimpson_MVRPC),,Miami Valley region,,"Public — ArcGIS REST API, no auth",live service (verify),"ArcGIS FeatureServer/MapServer; GeoJSON, CSV, Shapefile export",,,2020-07-13,,Y,Query,,,,https://services.arcgis.com/3TIUdMHOqnLBrZEH/arcgis/rest/services/PercentExampleTornado/FeatureServer,https://mvrpc.maps.arcgis.com/home/item.html?id=c65514c720aa417ea0908b5ebb4f16fd,
Perspectives 2040 - Goals & Priorities Workshop Pre-Meeting Survey_fieldworker,MVRPC (regional),ewhitaker_MVRPC (msimpson_MVRPC),,Miami Valley region,,"Public — ArcGIS REST API, no auth",live service (verify),"ArcGIS FeatureServer/MapServer; GeoJSON, CSV, Shapefile export",,,2020-07-08,,N,"Create,Editing",,,,https://services.arcgis.com/3TIUdMHOqnLBrZEH/arcgis/rest/services/survey123_faa813904a47449baf425569179151b1_fieldworker/FeatureServer,https://mvrpc.maps.arcgis.com/home/item.html?id=df7f7f40b4be4810a2b8c6fecbb2a12a,
Perspectives 2040 Development & Amenity Survey_fieldworker,MVRPC (regional),ewhitaker_MVRPC (msimpson_MVRPC),zoning/land use,Miami Valley region,jurisdiction/county,"Public — ArcGIS REST API, no auth",live service (verify),"ArcGIS FeatureServer/MapServer; GeoJSON, CSV, Shapefile export",,,2021-01-26,,Y,"Create,Query,Update,Editing",,,,https://services.arcgis.com/3TIUdMHOqnLBrZEH/arcgis/rest/services/survey123_9c0987d6277a4c09b0c449e7ee9f8da1_fieldworker/FeatureServer,https://mvrpc.maps.arcgis.com/home/item.html?id=23034a208ed742e18571deb404ef218e,This survey will provide supplemental information for Perspectives 2040 - The Greene County Future Land Use Plan
Perspectives 2040 Goals Survey_stakeholder,MVRPC (regional),ewhitaker_MVRPC (msimpson_MVRPC),,Miami Valley region,,"Public — ArcGIS REST API, no auth",live service (verify),"ArcGIS FeatureServer/MapServer; GeoJSON, CSV, Shapefile export",,,2020-08-18,,Y,"Query,Extract",,,,https://services.arcgis.com/3TIUdMHOqnLBrZEH/arcgis/rest/services/survey123_10213f3612634b5abb1431f2bcb64693_stakeholder/FeatureServer,https://mvrpc.maps.arcgis.com/home/item.html?id=18f2aa0a425040deb09464d116c12301,
Perspectives 2040 Goals_fieldworker,MVRPC (regional),ewhitaker_MVRPC (msimpson_MVRPC),,Miami Valley region,,"Public — ArcGIS REST API, no auth",live service (verify),"ArcGIS FeatureServer/MapServer; GeoJSON, CSV, Shapefile export",,,2020-08-07,,Y,"Create,Query,Update,Editing",,,,https://services.arcgis.com/3TIUdMHOqnLBrZEH/arcgis/rest/services/survey123_10213f3612634b5abb1431f2bcb64693_fieldworker/FeatureServer,https://mvrpc.maps.arcgis.com/home/item.html?id=72e2a861cd3346a8a8545c6f695acff9,
Perspectives 2040 Reporter Polygon Boundary,MVRPC (regional),msimpson_MVRPC (msimpson_MVRPC),geography/reference,Miami Valley region,,"Public — ArcGIS REST API, no auth",live service (verify),"ArcGIS FeatureServer/MapServer; GeoJSON, CSV, Shapefile export",,,2020-08-10,,Y,"Create,Delete,Query,Update,Editing,Sync",,,,https://services.arcgis.com/3TIUdMHOqnLBrZEH/arcgis/rest/services/Perspectives_2040_Reporter_Polygon_Boundary/FeatureServer,https://mvrpc.maps.arcgis.com/home/item.html?id=0eca31261a254c808bb4307ae761a7e1,
Perspectives 2040 Reporter Polygon Boundary View Layer,MVRPC (regional),msimpson_MVRPC (msimpson_MVRPC),geography/reference,Miami Valley region,,"Public — ArcGIS REST API, no auth",live service (verify),"ArcGIS FeatureServer/MapServer; GeoJSON, CSV, Shapefile export",,,2020-08-10,,Y,Query,,,,https://services.arcgis.com/3TIUdMHOqnLBrZEH/arcgis/rest/services/Perspectives_2040_Reporter_Polygon_Boundary_View_Layer/FeatureServer,https://mvrpc.maps.arcgis.com/home/item.html?id=76deff443fb5490e945e333da2685769,
Perspectives 2040 Survey_fieldworker,MVRPC (regional),ewhitaker_MVRPC (msimpson_MVRPC),,Miami Valley region,,"Public — ArcGIS REST API, no auth",live service (verify),"ArcGIS FeatureServer/MapServer; GeoJSON, CSV, Shapefile export",,,2020-11-20,,Y,"Create,Query,Update,Editing",,,,https://services.arcgis.com/3TIUdMHOqnLBrZEH/arcgis/rest/services/survey123_ffa616ea1f6a4eed9961c59ab1a2a19e_fieldworker/FeatureServer,https://mvrpc.maps.arcgis.com/home/item.html?id=67cbe6ba932e4c40972de77fe0e037fc,
Perspectives 2040 – Community Kick-Off Virtual Open House_fieldworker,MVRPC (regional),ewhitaker_MVRPC (msimpson_MVRPC),,Miami Valley region,,"Public — ArcGIS REST API, no auth",live service (verify),"ArcGIS FeatureServer/MapServer; GeoJSON, CSV, Shapefile export",,,2020-03-17,,Y,"Create,Query,Editing,Sync",,,,https://services.arcgis.com/3TIUdMHOqnLBrZEH/arcgis/rest/services/survey123_6ab2677b389848db938a5c4802317797_fieldworker/FeatureServer,https://mvrpc.maps.arcgis.com/home/item.html?id=81346ba53b174b16804096ecfce8598f,
Perspectives 2040 – Contact List_fieldworker,MVRPC (regional),ewhitaker_MVRPC (msimpson_MVRPC),,Miami Valley region,,"Public — ArcGIS REST API, no auth",live service (verify),"ArcGIS FeatureServer/MapServer; GeoJSON, CSV, Shapefile export",,,2020-03-16,,Y,"Create,Query,Editing,Sync",,,,https://services.arcgis.com/3TIUdMHOqnLBrZEH/arcgis/rest/services/survey123_e1bb7bfd59044e60803b834afa62ad63_fieldworker/FeatureServer,https://mvrpc.maps.arcgis.com/home/item.html?id=c1c60246b6d04ca2a21a624799f461bd,
PES_ExistingBikeways25,MVRPC (regional),tharner@mvrpc.org (msimpson_MVRPC),,Miami Valley region,,"Public — ArcGIS REST API, no auth",live service (verify),"ArcGIS FeatureServer/MapServer; GeoJSON, CSV, Shapefile export",,,2025-07-14,,Y,Query,,,,https://services.arcgis.com/3TIUdMHOqnLBrZEH/arcgis/rest/services/PES_ExistingBikeways25/FeatureServer,https://mvrpc.maps.arcgis.com/home/item.html?id=fec4b40661954a9b8f209db4329698fe,Bikeway layer for PES
PES_ProposedBike25,MVRPC (regional),tharner@mvrpc.org (msimpson_MVRPC),,Miami Valley region,,"Public — ArcGIS REST API, no auth",live service (verify),"ArcGIS FeatureServer/MapServer; GeoJSON, CSV, Shapefile export",,,2025-07-14,,Y,Query,,,,https://services.arcgis.com/3TIUdMHOqnLBrZEH/arcgis/rest/services/PES_ProposedBike25/FeatureServer,https://mvrpc.maps.arcgis.com/home/item.html?id=a49fb5259d6c40f5b54f6cc06c28ab98,Proposed bikeways for PES
pes_sub_BikeHubs,MVRPC (regional),tharner@mvrpc.org (msimpson_MVRPC),,Miami Valley region,jurisdiction/county,"Public — ArcGIS REST API, no auth",live service (verify),"ArcGIS FeatureServer/MapServer; GeoJSON, CSV, Shapefile export",,,2025-07-10,,Y,Query,,,,https://services.arcgis.com/3TIUdMHOqnLBrZEH/arcgis/rest/services/pes_sub_BikeHubs/FeatureServer,https://mvrpc.maps.arcgis.com/home/item.html?id=39268d42432743ebbf5df622dbc037d1,Regional bike hubs for PES
pes_sub_BikeShareStations,MVRPC (regional),tharner@mvrpc.org (msimpson_MVRPC),,Miami Valley region,,"Public — ArcGIS REST API, no auth",live service (verify),"ArcGIS FeatureServer/MapServer; GeoJSON, CSV, Shapefile export",,,2025-07-10,,Y,Query,,,,https://services.arcgis.com/3TIUdMHOqnLBrZEH/arcgis/rest/services/pes_sub_BikeShareStations/FeatureServer,https://mvrpc.maps.arcgis.com/home/item.html?id=8dd9ed552b8a4098981e5e9ebfdf8a72,Bike Share stations for PES
pes_sub_ParkNBike,MVRPC (regional),tharner@mvrpc.org (msimpson_MVRPC),,Miami Valley region,,"Public — ArcGIS REST API, no auth",live service (verify),"ArcGIS FeatureServer/MapServer; GeoJSON, CSV, Shapefile export",,,2025-07-10,,Y,Query,,,,https://services.arcgis.com/3TIUdMHOqnLBrZEH/arcgis/rest/services/pes_sub_ParkNBike/FeatureServer,https://mvrpc.maps.arcgis.com/home/item.html?id=6ae8538962234d009d0dd9d993c245c0,Park-N-Bike locations for PES
pes_sub_ParkNRide,MVRPC (regional),tharner@mvrpc.org (msimpson_MVRPC),,Miami Valley region,,"Public — ArcGIS REST API, no auth",live service (verify),"ArcGIS FeatureServer/MapServer; GeoJSON, CSV, Shapefile export",,,2025-07-10,,Y,Query,,,,https://services.arcgis.com/3TIUdMHOqnLBrZEH/arcgis/rest/services/pes_sub_ParkNRide/FeatureServer,https://mvrpc.maps.arcgis.com/home/item.html?id=21ff3445f3e5437ea8339e51fe3a4dff,Park N Ride for PES
pes_sub_RegionalFacilities,MVRPC (regional),tharner@mvrpc.org (msimpson_MVRPC),,Miami Valley region,jurisdiction/county,"Public — ArcGIS REST API, no auth",live service (verify),"ArcGIS FeatureServer/MapServer; GeoJSON, CSV, Shapefile export",,,2025-07-10,,Y,Query,,,,https://services.arcgis.com/3TIUdMHOqnLBrZEH/arcgis/rest/services/pes_sub_RegionalFacilities/FeatureServer,https://mvrpc.maps.arcgis.com/home/item.html?id=05e4cbb535e94b0f91f172daf62c9335,Regional Facilities for PES
pesBikePedBridges,MVRPC (regional),tharner@mvrpc.org (msimpson_MVRPC),infrastructure,Miami Valley region,,"Public — ArcGIS REST API, no auth",live service (verify),"ArcGIS FeatureServer/MapServer; GeoJSON, CSV, Shapefile export",,,2025-07-10,,Y,Query,,,,https://services.arcgis.com/3TIUdMHOqnLBrZEH/arcgis/rest/services/pesBikePedBridges/FeatureServer,https://mvrpc.maps.arcgis.com/home/item.html?id=84f2814605944207a8ec29c5accc7f0d,Bike & ped bridges for PES
pesBikewaysSplit,MVRPC (regional),tharner@mvrpc.org (msimpson_MVRPC),,Miami Valley region,,"Public — ArcGIS REST API, no auth",live service (verify),"ArcGIS FeatureServer/MapServer; GeoJSON, CSV, Shapefile export",,,2025-07-10,,Y,Query,,,,https://services.arcgis.com/3TIUdMHOqnLBrZEH/arcgis/rest/services/pesBikewaysSplit/FeatureServer,https://mvrpc.maps.arcgis.com/home/item.html?id=d1b720dd70bb4245928397cd4ca93ba8,Bikeways for PES
pesMedianIncome2,MVRPC (regional),tharner@mvrpc.org (msimpson_MVRPC),affordability/tenure,Miami Valley region,,"Public — ArcGIS REST API, no auth",live service (verify),"ArcGIS FeatureServer/MapServer; GeoJSON, CSV, Shapefile export",,,2025-07-10,Y,Y,Query,,,,https://services.arcgis.com/3TIUdMHOqnLBrZEH/arcgis/rest/services/pesMedianIncome2/FeatureServer,https://mvrpc.maps.arcgis.com/home/item.html?id=c1b7dbec8fa14b83942ce1c16c0fe253,Median Income for PES
pesMinority2,MVRPC (regional),tharner@mvrpc.org (msimpson_MVRPC),,Miami Valley region,,"Public — ArcGIS REST API, no auth",live service (verify),"ArcGIS FeatureServer/MapServer; GeoJSON, CSV, Shapefile export",,,2025-07-10,,Y,Query,,,,https://services.arcgis.com/3TIUdMHOqnLBrZEH/arcgis/rest/services/pesMinority2/FeatureServer,https://mvrpc.maps.arcgis.com/home/item.html?id=b6438dc3122a4202962e49e714c4e82f,TAZ level minority for PES
pesPoverty2,MVRPC (regional),tharner@mvrpc.org (msimpson_MVRPC),,Miami Valley region,,"Public — ArcGIS REST API, no auth",live service (verify),"ArcGIS FeatureServer/MapServer; GeoJSON, CSV, Shapefile export",,,2025-08-28,,Y,"Query,Extract",,,,https://services.arcgis.com/3TIUdMHOqnLBrZEH/arcgis/rest/services/pesPoverty2/FeatureServer,https://mvrpc.maps.arcgis.com/home/item.html?id=b8b478b4699747ec89dbbd5e9f5ff817,"TAZ level poverty, 2020 for PES"
pesRoadBridges2,MVRPC (regional),tharner@mvrpc.org (msimpson_MVRPC),infrastructure,Miami Valley region,,"Public — ArcGIS REST API, no auth",live service (verify),"ArcGIS FeatureServer/MapServer; GeoJSON, CSV, Shapefile export",,,2024-08-23,,Y,Query,,,,https://services.arcgis.com/3TIUdMHOqnLBrZEH/arcgis/rest/services/pesRoadBridges2/FeatureServer,https://mvrpc.maps.arcgis.com/home/item.html?id=b904a2b0eea04a75a421b9126f5a6522,Road bridges for PES
pesRoadFunctional,MVRPC (regional),tharner@mvrpc.org (msimpson_MVRPC),,Miami Valley region,,"Public — ArcGIS REST API, no auth",live service (verify),"ArcGIS FeatureServer/MapServer; GeoJSON, CSV, Shapefile export",,,2022-07-28,,Y,Query,,,,https://services.arcgis.com/3TIUdMHOqnLBrZEH/arcgis/rest/services/pesRoadFunctional/FeatureServer,https://mvrpc.maps.arcgis.com/home/item.html?id=c69f78fc78bb4f1e992eb8ac620c39b2,Functional class roads for PES
pesRoadLos2,MVRPC (regional),tharner@mvrpc.org (msimpson_MVRPC),,Miami Valley region,,"Public — ArcGIS REST API, no auth",live service (verify),"ArcGIS FeatureServer/MapServer; GeoJSON, CSV, Shapefile export",,,2022-07-14,,Y,Query,,,,https://services.arcgis.com/3TIUdMHOqnLBrZEH/arcgis/rest/services/pesRoadLos2/FeatureServer,https://mvrpc.maps.arcgis.com/home/item.html?id=bbe21b1a1fda4b62af2e0680f52aab17,Level of Service for PES
pesRoadMultiModalFreight2_pipelines,MVRPC (regional),tharner@mvrpc.org (msimpson_MVRPC),,Miami Valley region,,"Public — ArcGIS REST API, no auth",live service (verify),"ArcGIS FeatureServer/MapServer; GeoJSON, CSV, Shapefile export",,,2025-07-10,,Y,Query,,,,https://services.arcgis.com/3TIUdMHOqnLBrZEH/arcgis/rest/services/pesRoadMultiModalFreight2_pipelines/FeatureServer,https://mvrpc.maps.arcgis.com/home/item.html?id=97a6f047c83849d1a744c787ea704d60,Cross-country pipelines for PES
pesRoadMultiModalFreight2_truckroute,MVRPC (regional),tharner@mvrpc.org (msimpson_MVRPC),,Miami Valley region,,"Public — ArcGIS REST API, no auth",live service (verify),"ArcGIS FeatureServer/MapServer; GeoJSON, CSV, Shapefile export",,,2025-07-10,,Y,Query,,,,https://services.arcgis.com/3TIUdMHOqnLBrZEH/arcgis/rest/services/pesRoadMultiModalFreight2_truckroute/FeatureServer,https://mvrpc.maps.arcgis.com/home/item.html?id=73c51ebc12f74833b62f76e8f78bbc1d,Truck routes for PES
pesRoadMultiModalFreight2_TruckTerminals,MVRPC (regional),tharner@mvrpc.org (msimpson_MVRPC),,Miami Valley region,,"Public — ArcGIS REST API, no auth",live service (verify),"ArcGIS FeatureServer/MapServer; GeoJSON, CSV, Shapefile export",,,2025-07-10,,Y,Query,,,,https://services.arcgis.com/3TIUdMHOqnLBrZEH/arcgis/rest/services/pesRoadMultiModalFreight2_TruckTerminals/FeatureServer,https://mvrpc.maps.arcgis.com/home/item.html?id=432340d1e7464f0898726eeede53b2c0,Truck terminals for PES
pesRoadPcr2,MVRPC (regional),tharner@mvrpc.org (msimpson_MVRPC),,Miami Valley region,,"Public — ArcGIS REST API, no auth",live service (verify),"ArcGIS FeatureServer/MapServer; GeoJSON, CSV, Shapefile export",,,2024-08-23,,Y,Query,,,,https://services.arcgis.com/3TIUdMHOqnLBrZEH/arcgis/rest/services/pesRoadPcr2/FeatureServer,https://mvrpc.maps.arcgis.com/home/item.html?id=329167a7d4d5439e8430455743f70da1,PCR for PES
pesRoadSafety2,MVRPC (regional),tharner@mvrpc.org (msimpson_MVRPC),,Miami Valley region,,"Public — ArcGIS REST API, no auth",live service (verify),"ArcGIS FeatureServer/MapServer; GeoJSON, CSV, Shapefile export",,,2024-12-10,,Y,Query,,,,https://services.arcgis.com/3TIUdMHOqnLBrZEH/arcgis/rest/services/pesRoadSafety2/FeatureServer,https://mvrpc.maps.arcgis.com/home/item.html?id=9345508a2a314b7f91a89d2dc748454b,Crash/Safety data for PES
pesRoadSecurity2,MVRPC (regional),tharner@mvrpc.org (msimpson_MVRPC),,Miami Valley region,jurisdiction/county,"Public — ArcGIS REST API, no auth",live service (verify),"ArcGIS FeatureServer/MapServer; GeoJSON, CSV, Shapefile export",,,2025-07-10,,Y,Query,,,,https://services.arcgis.com/3TIUdMHOqnLBrZEH/arcgis/rest/services/pesRoadSecurity2/FeatureServer,https://mvrpc.maps.arcgis.com/home/item.html?id=ff6e352807c34e9a82ab0a2bc17d7389,Regional evacuation routes for PES
pesTransitAgencies2,MVRPC (regional),tharner@mvrpc.org (msimpson_MVRPC),,Miami Valley region,,"Public — ArcGIS REST API, no auth",live service (verify),"ArcGIS FeatureServer/MapServer; GeoJSON, CSV, Shapefile export",,,2025-07-10,,Y,Query,,,,https://services.arcgis.com/3TIUdMHOqnLBrZEH/arcgis/rest/services/pesTransitAgencies2/FeatureServer,https://mvrpc.maps.arcgis.com/home/item.html?id=d099c50a44584b6187eaa20d23e6b01e,Transit  agencies
pesTranspUA10,MVRPC (regional),tharner@mvrpc.org (msimpson_MVRPC),,Miami Valley region,,"Public — ArcGIS REST API, no auth",live service (verify),"ArcGIS FeatureServer/MapServer; GeoJSON, CSV, Shapefile export",,,2022-07-13,,Y,Query,,,,https://services.arcgis.com/3TIUdMHOqnLBrZEH/arcgis/rest/services/pesTranspUA10/FeatureServer,https://mvrpc.maps.arcgis.com/home/item.html?id=2f47c3f8436942c5844722be8148b356,2010 transportation urbanized area
pesTruckTraffic,MVRPC (regional),tharner@mvrpc.org (msimpson_MVRPC),infrastructure,Miami Valley region,,"Public — ArcGIS REST API, no auth",live service (verify),"ArcGIS FeatureServer/MapServer; GeoJSON, CSV, Shapefile export",,,2025-07-10,,Y,Query,,,,https://services.arcgis.com/3TIUdMHOqnLBrZEH/arcgis/rest/services/pesTruckTraffic/FeatureServer,https://mvrpc.maps.arcgis.com/home/item.html?id=cebfc2f5fa194b3abf38f53c6011ba85,Truck Traffic
Physical_Health_Distres_Clip,MVRPC (regional),msimpson_MVRPC (msimpson_MVRPC),,Miami Valley region,,"Public — ArcGIS REST API, no auth",live service (verify),"ArcGIS FeatureServer/MapServer; GeoJSON, CSV, Shapefile export",,,2025-02-26,,Y,Query,,,,https://services.arcgis.com/3TIUdMHOqnLBrZEH/arcgis/rest/services/Physical_Health_Distres_Clip/FeatureServer,https://mvrpc.maps.arcgis.com/home/item.html?id=a10243abd1cf4fc1949bc58048dea0f1,
Physical_Health_Distress_ZIP,MVRPC (regional),msimpson_MVRPC (msimpson_MVRPC),,Miami Valley region,,"Public — ArcGIS REST API, no auth",live service (verify),"ArcGIS FeatureServer/MapServer; GeoJSON, CSV, Shapefile export",,,2025-02-13,,Y,Query,,,,https://services.arcgis.com/3TIUdMHOqnLBrZEH/arcgis/rest/services/Physical_Health_Distress_ZIP/FeatureServer,https://mvrpc.maps.arcgis.com/home/item.html?id=b505c1fcfcef49fd95936e8c690bc0f6,
Physical_Inactivity_Clip,MVRPC (regional),msimpson_MVRPC (msimpson_MVRPC),,Miami Valley region,,"Public — ArcGIS REST API, no auth",live service (verify),"ArcGIS FeatureServer/MapServer; GeoJSON, CSV, Shapefile export",,,2025-02-25,,Y,Query,,,,https://services.arcgis.com/3TIUdMHOqnLBrZEH/arcgis/rest/services/Physical_Inactivity_Clip/FeatureServer,https://mvrpc.maps.arcgis.com/home/item.html?id=201188247e7b453a87156590aec58b72,
Physical_Inactivity_ZIP,MVRPC (regional),msimpson_MVRPC (msimpson_MVRPC),,Miami Valley region,,"Public — ArcGIS REST API, no auth",live service (verify),"ArcGIS FeatureServer/MapServer; GeoJSON, CSV, Shapefile export",,,2025-02-13,,Y,Query,,,,https://services.arcgis.com/3TIUdMHOqnLBrZEH/arcgis/rest/services/Physical_Inactivity_ZIP/FeatureServer,https://mvrpc.maps.arcgis.com/home/item.html?id=daf48298932c4eb38db1d238f68642cf,
PhysicalInactivityTractUpdated,MVRPC (regional),msimpson_MVRPC (msimpson_MVRPC),demographics,Miami Valley region,tract,"Public — ArcGIS REST API, no auth",live service (verify),"ArcGIS FeatureServer/MapServer; GeoJSON, CSV, Shapefile export",,,2025-02-19,,Y,Query,,,,https://services.arcgis.com/3TIUdMHOqnLBrZEH/arcgis/rest/services/PhysicalInactivityTractUpdated/FeatureServer,https://mvrpc.maps.arcgis.com/home/item.html?id=5a2a7546af43494291a66acc9d8b1afc,2020 Tracts for the MVRPC region.
Pilot3Variables,MVRPC (regional),kypolk (msimpson_MVRPC),,Miami Valley region,,"Public — ArcGIS REST API, no auth",live service (verify),"ArcGIS FeatureServer/MapServer; GeoJSON, CSV, Shapefile export",,,2019-04-30,,Y,Query,,,,https://services.arcgis.com/3TIUdMHOqnLBrZEH/arcgis/rest/services/Pilot3Variables/FeatureServer,https://mvrpc.maps.arcgis.com/home/item.html?id=d08e8537adb940fab4910d10d17b3a8d,3 variables merged for pilot application for GMR
PilotComposite,MVRPC (regional),kypolk (msimpson_MVRPC),affordability/tenure,Miami Valley region,,"Public — ArcGIS REST API, no auth",live service (verify),"ArcGIS FeatureServer/MapServer; GeoJSON, CSV, Shapefile export",,,2019-05-07,,Y,Query,,,,https://services.arcgis.com/3TIUdMHOqnLBrZEH/arcgis/rest/services/PilotComposite/FeatureServer,https://mvrpc.maps.arcgis.com/home/item.html?id=2c61a49b31c84a1aab327f1539821009,3 variable pilot composite kernel density of 99 mile Great Miami Riverway
PilotHeatMap3V,MVRPC (regional),kypolk (msimpson_MVRPC),,Miami Valley region,address/point,"Public — ArcGIS REST API, no auth",live service (verify),"ArcGIS FeatureServer/MapServer; GeoJSON, CSV, Shapefile export",,,2019-04-30,,Y,Query,,,,https://services.arcgis.com/3TIUdMHOqnLBrZEH/arcgis/rest/services/PilotHeatMap3V/FeatureServer,https://mvrpc.maps.arcgis.com/home/item.html?id=4006b491da134fdaac00a3e158750b0a,Composite point density heat map of 3 pilot variables for GMR desert mapping application
Piqua Sidewalks (Properties Saved),MVRPC (regional),msimpson_MVRPC (msimpson_MVRPC),ownership/transfers,Miami Valley region,parcel,"Public — ArcGIS REST API, no auth",live service (verify),"ArcGIS FeatureServer/MapServer; GeoJSON, CSV, Shapefile export",,,2025-07-11,Y,Y,Query,,,,https://services.arcgis.com/3TIUdMHOqnLBrZEH/arcgis/rest/services/SidewalksPiquaAndInventory/FeatureServer,https://mvrpc.maps.arcgis.com/home/item.html?id=0e67438467154dbcb9c39d77e828e720,Sidewalk coverage for the study area provided by MCRPC Sidewalk inventory and City of Piqua's most recent dataset
PiquaCrosswalks,MVRPC (regional),msimpson_MVRPC (msimpson_MVRPC),,Miami Valley region,jurisdiction/county,"Public — ArcGIS REST API, no auth",live service (verify),"ArcGIS FeatureServer/MapServer; GeoJSON, CSV, Shapefile export",,,2025-06-27,,Y,Query,,,,https://services.arcgis.com/3TIUdMHOqnLBrZEH/arcgis/rest/services/PiquaCrosswalks/FeatureServer,https://mvrpc.maps.arcgis.com/home/item.html?id=7509b493e3de42f5b5ce0706d07aa103,Crosswalk data from the City of Piqua with additions from MVRPC based on 2025 satellite imagery. 
PLAN4Health Built Environment Assessment Block Groups,MVRPC (regional),msimpson_MVRPC (msimpson_MVRPC),affordability/tenure,Miami Valley region,block group,"Public — ArcGIS REST API, no auth",live service (verify),"ArcGIS FeatureServer/MapServer; GeoJSON, CSV, Shapefile export",,,2022-11-01,Y,Y,Query,,,,https://services.arcgis.com/3TIUdMHOqnLBrZEH/arcgis/rest/services/PLAN4Health_Built_Environment_Assessment_Block_Groups/FeatureServer,https://mvrpc.maps.arcgis.com/home/item.html?id=efe2240609cf4767ad1536e775e11ef6,"Miami Valley Block Group polygons and associated data utilized in project 2A, the Built Environment Assessment, of PLAN4Health - Miami Valley."
PLAN4Health Built Environment Assessment Census Tracts,MVRPC (regional),msimpson_MVRPC (msimpson_MVRPC),affordability/tenure,Miami Valley region,tract,"Public — ArcGIS REST API, no auth",live service (verify),"ArcGIS FeatureServer/MapServer; GeoJSON, CSV, Shapefile export",,,2022-11-01,Y,Y,Query,,,,https://services.arcgis.com/3TIUdMHOqnLBrZEH/arcgis/rest/services/PLAN4Health_Built_Environment_Assessment_Census_Tracts/FeatureServer,https://mvrpc.maps.arcgis.com/home/item.html?id=0f0aad3ba838416d9ba3cfcded0deb87,"Miami Valley Census Tract polygons and associated data utilized in project 2A, the Built Environment Assessment, of PLAN4Health - Miami Valley."
PLAN4Health Built Environment Assessment Hexagons,MVRPC (regional),msimpson_MVRPC (msimpson_MVRPC),affordability/tenure,Miami Valley region,,"Public — ArcGIS REST API, no auth",live service (verify),"ArcGIS FeatureServer/MapServer; GeoJSON, CSV, Shapefile export",,,2022-11-01,Y,Y,"Query,Extract",,,,https://services.arcgis.com/3TIUdMHOqnLBrZEH/arcgis/rest/services/PLAN4Health_Built_Environment_Assessment_Hexagons/FeatureServer,https://mvrpc.maps.arcgis.com/home/item.html?id=7f01b73275684447ab0ce6cbca16d322,"Miami Valley hexagonal polygons and associated data utilized in project 2A, the Built Environment Assessment, of PLAN4Health - Miami Valley."
PLAN4Health Census Tracts,MVRPC (regional),msimpson_MVRPC (msimpson_MVRPC),affordability/tenure,Miami Valley region,tract,"Public — ArcGIS REST API, no auth",live service (verify),"ArcGIS FeatureServer/MapServer; GeoJSON, CSV, Shapefile export",,,2022-02-16,Y,Y,Query,,,,https://services.arcgis.com/3TIUdMHOqnLBrZEH/arcgis/rest/services/Census_Tracts/FeatureServer,https://mvrpc.maps.arcgis.com/home/item.html?id=676fd7a0b01849598a853b79ef9cd40a,Census Tract boundaries for PLAN4Health Miami Valley
PLAN4Health County Boundaries,MVRPC (regional),msimpson_MVRPC (msimpson_MVRPC),affordability/tenure,Miami Valley region,jurisdiction/county,"Public — ArcGIS REST API, no auth",live service (verify),"ArcGIS FeatureServer/MapServer; GeoJSON, CSV, Shapefile export",,,2022-09-02,Y,Y,Query,,,,https://services.arcgis.com/3TIUdMHOqnLBrZEH/arcgis/rest/services/County_Boundaries/FeatureServer,https://mvrpc.maps.arcgis.com/home/item.html?id=96f1256d5b0c4e1aa1348980e460e82d,Miami Valley Regional Planning Commission county boundaries for PLAN4Health visualizations.
PLAN4Health Health Environment Assessment Block Groups,MVRPC (regional),msimpson_MVRPC (msimpson_MVRPC),affordability/tenure,Miami Valley region,block group,"Public — ArcGIS REST API, no auth",live service (verify),"ArcGIS FeatureServer/MapServer; GeoJSON, CSV, Shapefile export",,,2022-10-07,Y,Y,Query,,,,https://services.arcgis.com/3TIUdMHOqnLBrZEH/arcgis/rest/services/Block_Groups/FeatureServer,https://mvrpc.maps.arcgis.com/home/item.html?id=9f3d202545d84c79ab099b6a52a8e337,"Miami Valley block group boundaries and associated data utilized in project 1A, the Health Environment Assessment, of PLAN4Health - Miami Valley."
PLAN4Health Highway Shields,MVRPC (regional),msimpson_MVRPC (msimpson_MVRPC),affordability/tenure,Miami Valley region,address/point,"Public — ArcGIS REST API, no auth",live service (verify),"ArcGIS FeatureServer/MapServer; GeoJSON, CSV, Shapefile export",,,2022-02-16,Y,Y,"Query,Sync,ChangeTracking",,,,https://services.arcgis.com/3TIUdMHOqnLBrZEH/arcgis/rest/services/Highway_Shields_for_Plan4Health/FeatureServer,https://mvrpc.maps.arcgis.com/home/item.html?id=0a0c75863b21447d96009df3037a5df4,Highway shield point layer used in PLAN4Health Miami Valley
PLAN4Health Miami Valley Jurisdiction Boundaries,MVRPC (regional),msimpson_MVRPC (msimpson_MVRPC),affordability/tenure,Miami Valley region,jurisdiction/county,"Public — ArcGIS REST API, no auth",live service (verify),"ArcGIS FeatureServer/MapServer; GeoJSON, CSV, Shapefile export",,,2022-09-02,Y,Y,Query,,,,https://services.arcgis.com/3TIUdMHOqnLBrZEH/arcgis/rest/services/Jurisdiction_Boundaries/FeatureServer,https://mvrpc.maps.arcgis.com/home/item.html?id=3a201f8f42aa4b22ac7232147976b1e3,Jurisdictions within the Miami Valley Regional Planning Commission planning area. Visualization purpose only.
PLAN4Health Precincts,MVRPC (regional),msimpson_MVRPC (msimpson_MVRPC),affordability/tenure,Miami Valley region,neighborhood,"Public — ArcGIS REST API, no auth",live service (verify),"ArcGIS FeatureServer/MapServer; GeoJSON, CSV, Shapefile export",,,2022-02-18,Y,Y,Query,,,,https://services.arcgis.com/3TIUdMHOqnLBrZEH/arcgis/rest/services/PLAN4Health_Precincts/FeatureServer,https://mvrpc.maps.arcgis.com/home/item.html?id=e55e5fc8899248559e83c1e8f7af99b9,Precinct level geography containing voter turnout percentages for the 2020 election. For use in PLAN4Health Miami Valley
PLAN4Health Wright-Patterson Air Force Base,MVRPC (regional),msimpson_MVRPC (msimpson_MVRPC),zoning/land use,Miami Valley region,,"Public — ArcGIS REST API, no auth",live service (verify),"ArcGIS FeatureServer/MapServer; GeoJSON, CSV, Shapefile export",,,2022-09-02,Y,Y,Query,,,,https://services.arcgis.com/3TIUdMHOqnLBrZEH/arcgis/rest/services/WPAFB/FeatureServer,https://mvrpc.maps.arcgis.com/home/item.html?id=1f88437a18f7433886aa46b58584741d,"Shapefile of Wright-Patterson Air Force Base for PLAN4Health. Visualization only, no data attached."
PLAN4HEALTH_Tracts,MVRPC (regional),msimpson_MVRPC (msimpson_MVRPC),zoning/land use,Miami Valley region,tract,"Public — ArcGIS REST API, no auth",live service (verify),"ArcGIS FeatureServer/MapServer; GeoJSON, CSV, Shapefile export",,,2025-02-12,,Y,Query,,,,https://services.arcgis.com/3TIUdMHOqnLBrZEH/arcgis/rest/services/Transportation_Barriers_Tracts/FeatureServer,https://mvrpc.maps.arcgis.com/home/item.html?id=7852392c2a7740c9b6b1763168b7816c,
Planning for Healthy Communities: Community Needs Assessment_form,MVRPC (regional),msimpson_MVRPC (msimpson_MVRPC),zoning/land use,Miami Valley region,,"Public — ArcGIS REST API, no auth",live service (verify),"ArcGIS FeatureServer/MapServer; GeoJSON, CSV, Shapefile export",,,2024-04-03,,N,"Create,Editing",,,,https://services.arcgis.com/3TIUdMHOqnLBrZEH/arcgis/rest/services/survey123_ce47e423903d4a0f9d3159559b85932a_form/FeatureServer,https://mvrpc.maps.arcgis.com/home/item.html?id=c0db7a526a17476fb623d747984d86d5,
PoliceYS,MVRPC (regional),kypolk (msimpson_MVRPC),public safety,Miami Valley region,,"Public — ArcGIS REST API, no auth",live service (verify),"ArcGIS FeatureServer/MapServer; GeoJSON, CSV, Shapefile export",,,2020-04-16,,Y,Query,,,,https://services.arcgis.com/3TIUdMHOqnLBrZEH/arcgis/rest/services/PoliceYS/FeatureServer,https://mvrpc.maps.arcgis.com/home/item.html?id=33001d9ec68745eea99c9a1e617d56a1,Police Station in Yellow Springs
Polling_gdb,MVRPC (regional),msimpson_MVRPC (msimpson_MVRPC),,Miami Valley region,,"Public — ArcGIS REST API, no auth",live service (verify),"ArcGIS FeatureServer/MapServer; GeoJSON, CSV, Shapefile export",,,2020-07-21,,Y,"Create,Query,Update,Editing,ChangeTracking",,,,https://services.arcgis.com/3TIUdMHOqnLBrZEH/arcgis/rest/services/Polling_gdb/FeatureServer,https://mvrpc.maps.arcgis.com/home/item.html?id=8dcf9e76af0145e889d3f6997f23cf13,
Polling_gdbVIEWLAYER,MVRPC (regional),msimpson_MVRPC (msimpson_MVRPC),,Miami Valley region,,"Public — ArcGIS REST API, no auth",live service (verify),"ArcGIS FeatureServer/MapServer; GeoJSON, CSV, Shapefile export",,,2020-07-20,,Y,"Create,Query,Update,Editing",,,,https://services.arcgis.com/3TIUdMHOqnLBrZEH/arcgis/rest/services/Polling_gdbVIEWLAYER/FeatureServer,https://mvrpc.maps.arcgis.com/home/item.html?id=908ea291988842d297cb22f15861696d,
Polygons for Threat Analysis,MVRPC (regional),tharner@mvrpc.org (msimpson_MVRPC),,Miami Valley region,,"Public — ArcGIS REST API, no auth",live service (verify),"ArcGIS FeatureServer/MapServer; GeoJSON, CSV, Shapefile export",,,2021-10-26,,Y,"Create,Delete,Query,Update,Editing,Extract,Sync",,,,https://services.arcgis.com/3TIUdMHOqnLBrZEH/arcgis/rest/services/Polygons_for_Threat_Analysis/FeatureServer,https://mvrpc.maps.arcgis.com/home/item.html?id=37d97cbf2e6f47fdb85dc6b90dda0ab5,
Population - Block Group,MVRPC (regional),msimpson_MVRPC (msimpson_MVRPC),demographics,Miami Valley region,block group,"Public — ArcGIS REST API, no auth",live service (verify),"ArcGIS FeatureServer/MapServer; GeoJSON, CSV, Shapefile export",,,2023-10-23,,Y,"Query,Extract",,,,https://services.arcgis.com/3TIUdMHOqnLBrZEH/arcgis/rest/services/Population_by_Block_Group/FeatureServer,https://mvrpc.maps.arcgis.com/home/item.html?id=2d43ba3767864fcba2e254405686a870,
Population - Census Tract,MVRPC (regional),msimpson_MVRPC (msimpson_MVRPC),demographics,Miami Valley region,tract,"Public — ArcGIS REST API, no auth",live service (verify),"ArcGIS FeatureServer/MapServer; GeoJSON, CSV, Shapefile export",,,2022-05-23,,Y,Query,,,,https://services.arcgis.com/3TIUdMHOqnLBrZEH/arcgis/rest/services/Population_by_Census_Tract/FeatureServer,https://mvrpc.maps.arcgis.com/home/item.html?id=5386061ee30a4a02815c162a8e756aba,
Population - Jurisdiction,MVRPC (regional),msimpson_MVRPC (msimpson_MVRPC),demographics,Miami Valley region,jurisdiction/county,"Public — ArcGIS REST API, no auth",live service (verify),"ArcGIS FeatureServer/MapServer; GeoJSON, CSV, Shapefile export",,,2022-05-20,,Y,Query,,,,https://services.arcgis.com/3TIUdMHOqnLBrZEH/arcgis/rest/services/Population_by_Jurisdiction/FeatureServer,https://mvrpc.maps.arcgis.com/home/item.html?id=ad506757d686479aa3632b7e24f2d5f4,
"Population Change, 1990 - 2010",MVRPC (regional),tharner@mvrpc.org (msimpson_MVRPC),demographics,Miami Valley region,,"Public — ArcGIS REST API, no auth",live service (verify),"ArcGIS FeatureServer/MapServer; GeoJSON, CSV, Shapefile export",,,2019-07-09,,N,service unreachable: HTTP Error 500: Internal Server Error,,,,https://gis.mvrpc.org/arcgis/rest/services/Profiles/HousingDataHex_Change90_10/FeatureServer,https://mvrpc.maps.arcgis.com/home/item.html?id=68ecae5ed1364bb99df736676103fa2b,"Population Change from 1990 to 2010, in hex format."
"Population Change, 1990-2010",MVRPC (regional),tharner@mvrpc.org (msimpson_MVRPC),demographics,Miami Valley region,,"Public — ArcGIS REST API, no auth",live service (verify),"ArcGIS FeatureServer/MapServer; GeoJSON, CSV, Shapefile export",,,2019-07-18,,N,service unreachable: HTTP Error 500: Internal Server Error,,,,https://gis.mvrpc.org/arcgis/rest/services/Profiles/HousingDataHex_Change90_10/FeatureServer/0,https://mvrpc.maps.arcgis.com/home/item.html?id=645ec88c8ed843758b88909946897288,"Population Change from 1990 to 2010, in hex format."
Population Density,MVRPC (regional),msimpson_MVRPC (msimpson_MVRPC),demographics,Miami Valley region,,"Public — ArcGIS REST API, no auth",live service (verify),"ArcGIS FeatureServer/MapServer; GeoJSON, CSV, Shapefile export",,,2025-05-08,,Y,Query,,,,https://services.arcgis.com/3TIUdMHOqnLBrZEH/arcgis/rest/services/Population_Density/FeatureServer,https://mvrpc.maps.arcgis.com/home/item.html?id=dc23c89598c64cb4aaddaff0f83a31ac,
Population Density (Properties Saved),MVRPC (regional),msimpson_MVRPC (msimpson_MVRPC),ownership/transfers,Miami Valley region,parcel,"Public — ArcGIS REST API, no auth",live service (verify),"ArcGIS FeatureServer/MapServer; GeoJSON, CSV, Shapefile export",,,2025-07-11,Y,Y,Query,,,,https://services.arcgis.com/3TIUdMHOqnLBrZEH/arcgis/rest/services/Population_Density/FeatureServer,https://mvrpc.maps.arcgis.com/home/item.html?id=fa9050804728484fb5013a82829b7941,
PopulationDensity,MVRPC (regional),tharner@mvrpc.org (msimpson_MVRPC),demographics,Miami Valley region,,"Public — ArcGIS REST API, no auth",live service (verify),"ArcGIS FeatureServer/MapServer; GeoJSON, CSV, Shapefile export",,,2019-10-11,,Y,Query,,,,https://services.arcgis.com/3TIUdMHOqnLBrZEH/arcgis/rest/services/PopulationDensity/FeatureServer,https://mvrpc.maps.arcgis.com/home/item.html?id=194715343c0b4dacbcdd68877a8b5f5c,Population Density of the river corridor.
PopulationDensityNEW,MVRPC (regional),tharner@mvrpc.org (msimpson_MVRPC),demographics,Miami Valley region,,"Public — ArcGIS REST API, no auth",live service (verify),"ArcGIS FeatureServer/MapServer; GeoJSON, CSV, Shapefile export",,,2019-10-11,,Y,Query,,,,https://services.arcgis.com/3TIUdMHOqnLBrZEH/arcgis/rest/services/PopulationDensityNEW/FeatureServer,https://mvrpc.maps.arcgis.com/home/item.html?id=5c1dae9ae44e436bad4d05568e8ced5c,
Potential Environmental Hazards,MVRPC (regional),tharner@mvrpc.org (msimpson_MVRPC),affordability/tenure,Miami Valley region,jurisdiction/county,"Public — ArcGIS REST API, no auth",live service (verify),"ArcGIS FeatureServer/MapServer; GeoJSON, CSV, Shapefile export",,,2014-07-24,,N,"Map,TilesOnly",,,,https://tiles.arcgis.com/tiles/3TIUdMHOqnLBrZEH/arcgis/rest/services/Hazard/MapServer,https://mvrpc.maps.arcgis.com/home/item.html?id=aef5a51007ac462292234627bc6867a4,Potential Environmental Hazards for the 3+ county Miami Valley region
Poverty,MVRPC (regional),tharner@mvrpc.org (msimpson_MVRPC),,Miami Valley region,,"Public — ArcGIS REST API, no auth",live service (verify),"ArcGIS FeatureServer/MapServer; GeoJSON, CSV, Shapefile export",,,2019-10-11,,Y,Query,,,,https://services.arcgis.com/3TIUdMHOqnLBrZEH/arcgis/rest/services/Poverty/FeatureServer,https://mvrpc.maps.arcgis.com/home/item.html?id=31d70bb62a3e46729e0270a7b81c5783,Poverty
Poverty Percentage,MVRPC (regional),tharner@mvrpc.org (msimpson_MVRPC),demographics,Miami Valley region,tract,"Public — ArcGIS REST API, no auth",live service (verify),"ArcGIS FeatureServer/MapServer; GeoJSON, CSV, Shapefile export",,,2020-01-17,,Y,Query,,,,https://services.arcgis.com/3TIUdMHOqnLBrZEH/arcgis/rest/services/ComprehensiveOpportunity_2014/FeatureServer,https://mvrpc.maps.arcgis.com/home/item.html?id=2901beaab16543088eb928ad6e008cb6,"Percentage of population in poverty, 2014, tract"
Poverty Rate (Properties Saved),MVRPC (regional),msimpson_MVRPC (msimpson_MVRPC),ownership/transfers,Miami Valley region,parcel,"Public — ArcGIS REST API, no auth",live service (verify),"ArcGIS FeatureServer/MapServer; GeoJSON, CSV, Shapefile export",,,2025-07-11,Y,Y,Query,,,,https://services.arcgis.com/3TIUdMHOqnLBrZEH/arcgis/rest/services/miami_county_block_groups_StudyArea/FeatureServer,https://mvrpc.maps.arcgis.com/home/item.html?id=b85b2be791d1436da223eb5236b4e141,
Poverty Rate Trend,MVRPC (regional),msimpson_MVRPC (msimpson_MVRPC),zoning/land use,Miami Valley region,,"Public — ArcGIS REST API, no auth",live service (verify),"ArcGIS FeatureServer/MapServer; GeoJSON, CSV, Shapefile export",,,2021-11-22,,N,"Map,TilesOnly,Tilemap",,,,https://tiles.arcgis.com/tiles/3TIUdMHOqnLBrZEH/arcgis/rest/services/Poverty_Rate_Trend/MapServer,https://mvrpc.maps.arcgis.com/home/item.html?id=2ae370b461d8487d94c3d636abcedbcd,Poverty Rate Trend
Poverty Snapshot,MVRPC (regional),msimpson_MVRPC (msimpson_MVRPC),zoning/land use,Miami Valley region,,"Public — ArcGIS REST API, no auth",live service (verify),"ArcGIS FeatureServer/MapServer; GeoJSON, CSV, Shapefile export",,,2021-12-01,,N,"Map,TilesOnly,Tilemap",,,,https://tiles.arcgis.com/tiles/3TIUdMHOqnLBrZEH/arcgis/rest/services/Poverty_Snapshot/MapServer,https://mvrpc.maps.arcgis.com/home/item.html?id=dd07efe6293b40549bd6463e1ac16912,Poverty Snapshot
Poverty Snapshot V2,MVRPC (regional),msimpson_MVRPC (msimpson_MVRPC),,Miami Valley region,,"Public — ArcGIS REST API, no auth",live service (verify),"ArcGIS FeatureServer/MapServer; GeoJSON, CSV, Shapefile export",,,2022-02-07,,N,"Map,TilesOnly,Tilemap",,,,https://tiles.arcgis.com/tiles/3TIUdMHOqnLBrZEH/arcgis/rest/services/Poverty_Snapshot_V2/MapServer,https://mvrpc.maps.arcgis.com/home/item.html?id=7cab6b3bca3647ae94cd81480b20bbe7,MVRPC
PovertyRate Placeholder,MVRPC (regional),msimpson_MVRPC (msimpson_MVRPC),,Miami Valley region,,"Public — ArcGIS REST API, no auth",live service (verify),"ArcGIS FeatureServer/MapServer; GeoJSON, CSV, Shapefile export",,,2021-11-10,,N,"Map,TilesOnly",,,,https://tiles.arcgis.com/tiles/3TIUdMHOqnLBrZEH/arcgis/rest/services/PovertyRateSM/MapServer,https://mvrpc.maps.arcgis.com/home/item.html?id=2ab1517272e14991afa6cbf58104cd06,Poverty Rate Placeholder Layer
Preble_Urban_Boundaries,MVRPC (regional),msimpson_MVRPC (msimpson_MVRPC),geography/reference,Miami Valley region,,"Public — ArcGIS REST API, no auth",live service (verify),"ArcGIS FeatureServer/MapServer; GeoJSON, CSV, Shapefile export",,,2022-09-19,,Y,Query,,,,https://services.arcgis.com/3TIUdMHOqnLBrZEH/arcgis/rest/services/Preble_Urban_Boundaries/FeatureServer,https://mvrpc.maps.arcgis.com/home/item.html?id=983580e8171d4f20b5de26efc82329db,
Prime Farmland,MVRPC (regional),tharner@mvrpc.org (msimpson_MVRPC),affordability/tenure,Miami Valley region,jurisdiction/county,"Public — ArcGIS REST API, no auth",live service (verify),"ArcGIS FeatureServer/MapServer; GeoJSON, CSV, Shapefile export",,,2019-08-22,,N,"Map,TilesOnly",,,,https://tiles.arcgis.com/tiles/3TIUdMHOqnLBrZEH/arcgis/rest/services/PrimeFarm/MapServer,https://mvrpc.maps.arcgis.com/home/item.html?id=9de333f9486a4f6e979c80afc639d64d,Prime Farmland for the 8-county Miami Valley region
PrimeFarmland6countyNoShelby,MVRPC (regional),kypolk (msimpson_MVRPC),affordability/tenure,Miami Valley region,jurisdiction/county,"Public — ArcGIS REST API, no auth",live service (verify),"ArcGIS FeatureServer/MapServer; GeoJSON, CSV, Shapefile export",,,2024-06-03,,Y,Query,,,,https://services.arcgis.com/3TIUdMHOqnLBrZEH/arcgis/rest/services/PrimeFarmland6countyNoShelby/FeatureServer,https://mvrpc.maps.arcgis.com/home/item.html?id=37289b7bb6444d03a69a208323ca4fd0,"Prime Farmland in the Miami Valley Region for Dark, Preble, Miami, Montgomery, Warren and Greene"
PrioritizationDRMPJul22,MVRPC (regional),kypolk (msimpson_MVRPC),investment/projects,Miami Valley region,address/point,"Public — ArcGIS REST API, no auth",live service (verify),"ArcGIS FeatureServer/MapServer; GeoJSON, CSV, Shapefile export",,,2023-05-12,,Y,Query,,,,https://services.arcgis.com/3TIUdMHOqnLBrZEH/arcgis/rest/services/PrioritizationDRMPJul22/FeatureServer,https://mvrpc.maps.arcgis.com/home/item.html?id=492bd6efea2147fd80aa1fd94b2e2631,Updated shapefile of project points and proposed implementation strategies and costs for Dayton Riverfront Master Plan
Priority Crash Locations,MVRPC (regional),kypolk (msimpson_MVRPC),affordability/tenure,Miami Valley region,,"Public — ArcGIS REST API, no auth",live service (verify),"ArcGIS FeatureServer/MapServer; GeoJSON, CSV, Shapefile export",,,2020-12-04,,Y,Query,,,,https://services.arcgis.com/3TIUdMHOqnLBrZEH/arcgis/rest/services/Priority_Locations_Map_WEB/FeatureServer,https://mvrpc.maps.arcgis.com/home/item.html?id=1cd243eefd554b5bad1fc20fd03893b9,Crash locations in Miami Valley in 2015
Priority Crash Locations in SFY2025,MVRPC (regional),hwilson_MVRPC (msimpson_MVRPC),,Miami Valley region,,"Public — ArcGIS REST API, no auth",live service (verify),"ArcGIS FeatureServer/MapServer; GeoJSON, CSV, Shapefile export",,,2025-04-15,,Y,"Query,ChangeTracking",,,,https://services.arcgis.com/3TIUdMHOqnLBrZEH/arcgis/rest/services/Priority_Crash_Locations_in_SFY2025/FeatureServer,https://mvrpc.maps.arcgis.com/home/item.html?id=4bf424c3e2f04f6f9ad277bf2eaae0f4,Priority Safety Intersection and Road Segment Locations calculated by MVRPC in SFY 2025.
Priority Crash Locations in SFY2025 April 15_WFL1,MVRPC (regional),hwilson_MVRPC (msimpson_MVRPC),,Miami Valley region,,"Public — ArcGIS REST API, no auth",live service (verify),"ArcGIS FeatureServer/MapServer; GeoJSON, CSV, Shapefile export",,,2025-04-16,,Y,Query,,,,https://services.arcgis.com/3TIUdMHOqnLBrZEH/arcgis/rest/services/Priority_Crash_Locations_in_SFY2025_April_15_WFL1/FeatureServer,https://mvrpc.maps.arcgis.com/home/item.html?id=7bb1b67659554a4496fe8de9de4cc4ad,
Priority_Locations_Map_SFY21,MVRPC (regional),hwilson_MVRPC (msimpson_MVRPC),,Miami Valley region,,"Public — ArcGIS REST API, no auth",live service (verify),"ArcGIS FeatureServer/MapServer; GeoJSON, CSV, Shapefile export",,,2024-08-22,,Y,Query,,,,https://services.arcgis.com/3TIUdMHOqnLBrZEH/arcgis/rest/services/Priority_Locations_Map_SFY21/FeatureServer,https://mvrpc.maps.arcgis.com/home/item.html?id=82f330095e254461b16af8c88a05406b,Safety data 2021
Priority_Pictures,MVRPC (regional),kypolk (msimpson_MVRPC),,Miami Valley region,,"Public — ArcGIS REST API, no auth",live service (verify),"ArcGIS FeatureServer/MapServer; GeoJSON, CSV, Shapefile export",,,2019-02-20,,Y,Query,,,,https://services.arcgis.com/3TIUdMHOqnLBrZEH/arcgis/rest/services/Priority_Pictures/FeatureServer,https://mvrpc.maps.arcgis.com/home/item.html?id=a1fe8e7f82d94332adc18e9bd1d4d38d,
Priority_Pictures Implementation Plan,MVRPC (regional),kypolk (msimpson_MVRPC),zoning/land use,Miami Valley region,,"Public — ArcGIS REST API, no auth",live service (verify),"ArcGIS FeatureServer/MapServer; GeoJSON, CSV, Shapefile export",,,2019-04-03,,Y,Query,,,,https://services.arcgis.com/3TIUdMHOqnLBrZEH/arcgis/rest/services/Priority_Pictures/FeatureServer,https://mvrpc.maps.arcgis.com/home/item.html?id=ae9bae3d40c146ed92fed4e1bb4d6699,
PriorityCrashLocations,MVRPC (regional),kypolk (msimpson_MVRPC),,Miami Valley region,jurisdiction/county,"Public — ArcGIS REST API, no auth",live service (verify),"ArcGIS FeatureServer/MapServer; GeoJSON, CSV, Shapefile export",,,2020-10-27,,N,service unreachable: HTTP Error 500: Internal Server Error,,,,https://gis.mvrpc.org/arcgis/rest/services/safety/PriorityCrashLocations/MapServer,https://mvrpc.maps.arcgis.com/home/item.html?id=1a44374d8ee84af2aba7263be52f5ebc,
Program Counts,MVRPC (regional),alee_MVRPC0 (msimpson_MVRPC),investment/projects,Miami Valley region,,"Public — ArcGIS REST API, no auth",live service (verify),"ArcGIS FeatureServer/MapServer; GeoJSON, CSV, Shapefile export",,,2026-03-05,,Y,Query,,,,https://services.arcgis.com/3TIUdMHOqnLBrZEH/arcgis/rest/services/ProgramCounts201524/FeatureServer,https://mvrpc.maps.arcgis.com/home/item.html?id=b6189f6b6b0f4d5b89feffc4808e0896,
ProjectsTab,MVRPC (regional),kypolk (msimpson_MVRPC),investment/projects,Miami Valley region,,"Public — ArcGIS REST API, no auth",live service (verify),"ArcGIS FeatureServer/MapServer; GeoJSON, CSV, Shapefile export",,,2017-04-18,,Y,Query,,,,https://services.arcgis.com/3TIUdMHOqnLBrZEH/arcgis/rest/services/ProjectsTab/FeatureServer,https://mvrpc.maps.arcgis.com/home/item.html?id=614f7aae89454a5abca2e682fcb58b4c,
ProjectStatusTimeline,MVRPC (regional),kypolk (msimpson_MVRPC),investment/projects,Miami Valley region,,"Public — ArcGIS REST API, no auth",live service (verify),"ArcGIS FeatureServer/MapServer; GeoJSON, CSV, Shapefile export",,,2024-04-11,,Y,Query,,,,https://services.arcgis.com/3TIUdMHOqnLBrZEH/arcgis/rest/services/ProjectStatusTimeline/FeatureServer,https://mvrpc.maps.arcgis.com/home/item.html?id=44735cf0f9a743478b035f033ffc0e33,
PropertyRecoveredTimeSeries,MVRPC (regional),msimpson_MVRPC (msimpson_MVRPC),ownership/transfers,Miami Valley region,parcel,"Public — ArcGIS REST API, no auth",live service (verify),"ArcGIS FeatureServer/MapServer; GeoJSON, CSV, Shapefile export",,,2022-05-04,Y,Y,Query,,,,https://services.arcgis.com/3TIUdMHOqnLBrZEH/arcgis/rest/services/PropertyRecoveredTimeSeries/FeatureServer,https://mvrpc.maps.arcgis.com/home/item.html?id=9dba9406e4bb45248b0beeea13520c93,
PropertyRecoveredTimeSeriesFixedMay22,MVRPC (regional),msimpson_MVRPC (msimpson_MVRPC),ownership/transfers,Miami Valley region,parcel,"Public — ArcGIS REST API, no auth",live service (verify),"ArcGIS FeatureServer/MapServer; GeoJSON, CSV, Shapefile export",,,2024-05-14,Y,Y,Query,,,,https://services.arcgis.com/3TIUdMHOqnLBrZEH/arcgis/rest/services/PropertyRecoveredTimeSeriesFixedMay22/FeatureServer,https://mvrpc.maps.arcgis.com/home/item.html?id=684c7f6840a1419eb440e70d2be87b2e,
Proposed Bike Station Survey_fieldworker,MVRPC (regional),kypolk (msimpson_MVRPC),,Miami Valley region,,"Public — ArcGIS REST API, no auth",live service (verify),"ArcGIS FeatureServer/MapServer; GeoJSON, CSV, Shapefile export",,,2022-10-21,,N,"Create,Editing",,,,https://services.arcgis.com/3TIUdMHOqnLBrZEH/arcgis/rest/services/survey123_3734dd63affe4c8ab63cc59912434867_fieldworker/FeatureServer,https://mvrpc.maps.arcgis.com/home/item.html?id=fa6b9cbde5024de583b7e54c67e29494,
Proposed Huffman Bike Station Survey_fieldworker,MVRPC (regional),kypolk (msimpson_MVRPC),,Miami Valley region,,"Public — ArcGIS REST API, no auth",live service (verify),"ArcGIS FeatureServer/MapServer; GeoJSON, CSV, Shapefile export",,,2020-10-23,,Y,"Create,Query,Update,Editing",,,,https://services.arcgis.com/3TIUdMHOqnLBrZEH/arcgis/rest/services/survey123_47eb6de7631c43c9a449b41c626e89da_fieldworker/FeatureServer,https://mvrpc.maps.arcgis.com/home/item.html?id=a27abbea934d4ce1b08a3d0299ce929c,
Public Health and Planning Survey_form,MVRPC (regional),msimpson_MVRPC (msimpson_MVRPC),zoning/land use,Miami Valley region,,"Public — ArcGIS REST API, no auth",live service (verify),"ArcGIS FeatureServer/MapServer; GeoJSON, CSV, Shapefile export",,,2026-01-06,,N,"Create,Editing",,,,https://services.arcgis.com/3TIUdMHOqnLBrZEH/arcgis/rest/services/survey123_cbff7d7287a34d85956b358cdc7fa231_form/FeatureServer,https://mvrpc.maps.arcgis.com/home/item.html?id=83ba28096e324b038d2c7e2a7fafb996,
Public Transportation Services,MVRPC (regional),tharner@mvrpc.org (msimpson_MVRPC),affordability/tenure,Miami Valley region,jurisdiction/county,"Public — ArcGIS REST API, no auth",live service (verify),"ArcGIS FeatureServer/MapServer; GeoJSON, CSV, Shapefile export",,,2014-07-23,,N,"Map,TilesOnly",,,,https://tiles.arcgis.com/tiles/3TIUdMHOqnLBrZEH/arcgis/rest/services/Transit/MapServer,https://mvrpc.maps.arcgis.com/home/item.html?id=102864fd0ca046e6afb646219b3ea207,Public Transportation Services for the 3+ county Miami Valley region
Public Wastewater Services,MVRPC (regional),tharner@mvrpc.org (msimpson_MVRPC),affordability/tenure,Miami Valley region,jurisdiction/county,"Public — ArcGIS REST API, no auth",live service (verify),"ArcGIS FeatureServer/MapServer; GeoJSON, CSV, Shapefile export",,,2019-07-09,,N,"Map,TilesOnly",,,,https://tiles.arcgis.com/tiles/3TIUdMHOqnLBrZEH/arcgis/rest/services/Wastewater/MapServer,https://mvrpc.maps.arcgis.com/home/item.html?id=40035734cf0a46f6947ac470357943c1,Public Wastewater Services for the 3+ county Miami Valley region
Public Water Services,MVRPC (regional),tharner@mvrpc.org (msimpson_MVRPC),affordability/tenure,Miami Valley region,jurisdiction/county,"Public — ArcGIS REST API, no auth",live service (verify),"ArcGIS FeatureServer/MapServer; GeoJSON, CSV, Shapefile export",,,2019-08-22,,N,"Map,TilesOnly",,,,https://tiles.arcgis.com/tiles/3TIUdMHOqnLBrZEH/arcgis/rest/services/Water/MapServer,https://mvrpc.maps.arcgis.com/home/item.html?id=368858b1b00e45da9d46a7b76cf3b9c7,Public Water Services for the 3+ county Miami Valley region
Quantile Pov,MVRPC (regional),Reggie_Steward (msimpson_MVRPC),,Miami Valley region,,"Public — ArcGIS REST API, no auth",live service (verify),"ArcGIS FeatureServer/MapServer; GeoJSON, CSV, Shapefile export",,,2026-07-30,,Y,Query,,,,https://services.arcgis.com/3TIUdMHOqnLBrZEH/arcgis/rest/services/Quantile_Pov/FeatureServer,https://mvrpc.maps.arcgis.com/home/item.html?id=9ef94c28d5174c478d23bc44edf63682,
Quantile SNAP,MVRPC (regional),Reggie_Steward (msimpson_MVRPC),,Miami Valley region,,"Public — ArcGIS REST API, no auth",live service (verify),"ArcGIS FeatureServer/MapServer; GeoJSON, CSV, Shapefile export",,,2026-07-30,,Y,Query,,,,https://services.arcgis.com/3TIUdMHOqnLBrZEH/arcgis/rest/services/Quantile_SNAP/FeatureServer,https://mvrpc.maps.arcgis.com/home/item.html?id=28f44b5ece7b46239ffc69837f8f0025,
Quantile Vehicle,MVRPC (regional),Reggie_Steward (msimpson_MVRPC),,Miami Valley region,,"Public — ArcGIS REST API, no auth",live service (verify),"ArcGIS FeatureServer/MapServer; GeoJSON, CSV, Shapefile export",,,2026-07-30,,Y,Query,,,,https://services.arcgis.com/3TIUdMHOqnLBrZEH/arcgis/rest/services/Quantile_Vehicle/FeatureServer,https://mvrpc.maps.arcgis.com/home/item.html?id=772d92b51e9546e4a509ca30331dd6a3,
Race,MVRPC (regional),tharner@mvrpc.org (msimpson_MVRPC),,Miami Valley region,,"Public — ArcGIS REST API, no auth",live service (verify),"ArcGIS FeatureServer/MapServer; GeoJSON, CSV, Shapefile export",,,2019-10-11,,Y,Query,,,,https://services.arcgis.com/3TIUdMHOqnLBrZEH/arcgis/rest/services/Race/FeatureServer,https://mvrpc.maps.arcgis.com/home/item.html?id=cbf48302080444cbb38957e1300c071c,Race
Race2,MVRPC (regional),tharner@mvrpc.org (msimpson_MVRPC),,Miami Valley region,,"Public — ArcGIS REST API, no auth",live service (verify),"ArcGIS FeatureServer/MapServer; GeoJSON, CSV, Shapefile export",,,2019-10-11,,Y,Query,,,,https://services.arcgis.com/3TIUdMHOqnLBrZEH/arcgis/rest/services/Race2/FeatureServer,https://mvrpc.maps.arcgis.com/home/item.html?id=40f4c0b81ceb400696b6a6c0b94f8584,Race
RaceFINAL,MVRPC (regional),tharner@mvrpc.org (msimpson_MVRPC),,Miami Valley region,,"Public — ArcGIS REST API, no auth",live service (verify),"ArcGIS FeatureServer/MapServer; GeoJSON, CSV, Shapefile export",,,2019-10-11,,Y,Query,,,,https://services.arcgis.com/3TIUdMHOqnLBrZEH/arcgis/rest/services/RaceFINAL/FeatureServer,https://mvrpc.maps.arcgis.com/home/item.html?id=629b1d7c7cdf4f069a8ba51609699347,Race
Rail Crossings,MVRPC (regional),tharner@mvrpc.org (msimpson_MVRPC),,Miami Valley region,jurisdiction/county,"Public — ArcGIS REST API, no auth",live service (verify),"ArcGIS FeatureServer/MapServer; GeoJSON, CSV, Shapefile export",,,2025-01-16,,Y,"Query,Extract",,,,https://services.arcgis.com/3TIUdMHOqnLBrZEH/arcgis/rest/services/Rail_Crossings/FeatureServer,https://mvrpc.maps.arcgis.com/home/item.html?id=48ab613f44654b93bb8c6f60e405c60a,Rail Crossings for the MVRPC region.
Railways,MVRPC (regional),tharner@mvrpc.org (msimpson_MVRPC),affordability/tenure,Miami Valley region,jurisdiction/county,"Public — ArcGIS REST API, no auth",live service (verify),"ArcGIS FeatureServer/MapServer; GeoJSON, CSV, Shapefile export",,,2025-01-16,,N,Query,,,,https://services.arcgis.com/3TIUdMHOqnLBrZEH/arcgis/rest/services/Freight_WEB/FeatureServer/1,https://mvrpc.maps.arcgis.com/home/item.html?id=9a7572ec694443c7bddf40a01df781f4,"Railways for the Miami Valley region, published in 2018."
RailwayYS,MVRPC (regional),kypolk (msimpson_MVRPC),,Miami Valley region,,"Public — ArcGIS REST API, no auth",live service (verify),"ArcGIS FeatureServer/MapServer; GeoJSON, CSV, Shapefile export",,,2020-04-16,,Y,"Create,Delete,Query,Editing",,,,https://services.arcgis.com/3TIUdMHOqnLBrZEH/arcgis/rest/services/RailwayYS/FeatureServer,https://mvrpc.maps.arcgis.com/home/item.html?id=e11cb603f6be4046bcd280f2351ad7a7,Railways in Yellow Springs
Recreation and Spending MISSING,MVRPC (regional),tharner@mvrpc.org (msimpson_MVRPC),,Miami Valley region,,"Public — ArcGIS REST API, no auth",live service (verify),"ArcGIS FeatureServer/MapServer; GeoJSON, CSV, Shapefile export",,,2019-10-11,,N,service unreachable: URL can't contain control characters. ',,,,https://services.arcgis.com/3TIUdMHOqnLBrZEH/arcgis/rest/services/Recreation and Spending MISSING/FeatureServer,https://mvrpc.maps.arcgis.com/home/item.html?id=59f6ff96e0f246f3a8b75cab885fb2cd,Feature layer generated from Merge Layers
Recreational Amenities and Access,MVRPC (regional),tharner@mvrpc.org (msimpson_MVRPC),affordability/tenure,Miami Valley region,jurisdiction/county,"Public — ArcGIS REST API, no auth",live service (verify),"ArcGIS FeatureServer/MapServer; GeoJSON, CSV, Shapefile export",,,2014-07-23,,N,"Map,TilesOnly",,,,https://tiles.arcgis.com/tiles/3TIUdMHOqnLBrZEH/arcgis/rest/services/Parks/MapServer,https://mvrpc.maps.arcgis.com/home/item.html?id=3cfc725cc52c4d10a871b06c09e34600,Recreational Amenities and Access for the 3+ county Miami Valley region
Recreational Assets,MVRPC (regional),kypolk (msimpson_MVRPC),affordability/tenure,Miami Valley region,address/point,"Public — ArcGIS REST API, no auth",live service (verify),"ArcGIS FeatureServer/MapServer; GeoJSON, CSV, Shapefile export",,,2024-01-22,,Y,"Query,Extract",,,,https://services.arcgis.com/3TIUdMHOqnLBrZEH/arcgis/rest/services/RecAssets_for_pub/FeatureServer,https://mvrpc.maps.arcgis.com/home/item.html?id=d5d9dff49feb4bc2a3b836ffdbf52920,"Recreational assets within the 8 county region of the Miami Valley as of June 2016, with River Access points created in July 2019"
Recreational Assets,MVRPC (regional),tharner@mvrpc.org (msimpson_MVRPC),,Miami Valley region,address/point,"Public — ArcGIS REST API, no auth",live service (verify),"ArcGIS FeatureServer/MapServer; GeoJSON, CSV, Shapefile export",,,2016-04-28,,Y,Query,,,,https://services.arcgis.com/3TIUdMHOqnLBrZEH/arcgis/rest/services/RecAssets_pt/FeatureServer,https://mvrpc.maps.arcgis.com/home/item.html?id=c2f9dfa335a74672a83f121d5ce623f7,"Recreational assets, points"
ReferenceJurisdictionsAllWarren,MVRPC (regional),msimpson_MVRPC (msimpson_MVRPC),,Miami Valley region,jurisdiction/county,"Public — ArcGIS REST API, no auth",live service (verify),"ArcGIS FeatureServer/MapServer; GeoJSON, CSV, Shapefile export",,,2024-07-15,,Y,Query,,,,https://services.arcgis.com/3TIUdMHOqnLBrZEH/arcgis/rest/services/ReferenceJurisdictionsAllWarren/FeatureServer,https://mvrpc.maps.arcgis.com/home/item.html?id=e2bf94db475d47e394c002dd3d2e22db,All jurisdictions with all of Warren
RefMapYS,MVRPC (regional),kypolk (msimpson_MVRPC),investment/projects,Miami Valley region,,"Public — ArcGIS REST API, no auth",live service (verify),"ArcGIS FeatureServer/MapServer; GeoJSON, CSV, Shapefile export",,,2020-04-14,,Y,"Create,Delete,Query,Editing",,,,https://services.arcgis.com/3TIUdMHOqnLBrZEH/arcgis/rest/services/RefMapYS/FeatureServer,https://mvrpc.maps.arcgis.com/home/item.html?id=ccc931a3b206460eb059b581039ba855,area places of interest of Yellow Springs for reference project
Region Jurisdictions,MVRPC (regional),msimpson_MVRPC (msimpson_MVRPC),,Miami Valley region,jurisdiction/county,"Public — ArcGIS REST API, no auth",live service (verify),"ArcGIS FeatureServer/MapServer; GeoJSON, CSV, Shapefile export",,,2023-05-25,,Y,Query,,,,https://services.arcgis.com/3TIUdMHOqnLBrZEH/arcgis/rest/services/Region_Jurisdictions/FeatureServer,https://mvrpc.maps.arcgis.com/home/item.html?id=003a7728b5de4271b89342dfc203ccf8,
Regional Bikeway Hubs,MVRPC (regional),tharner@mvrpc.org (msimpson_MVRPC),affordability/tenure,Miami Valley region,jurisdiction/county,"Public — ArcGIS REST API, no auth",live service (verify),"ArcGIS FeatureServer/MapServer; GeoJSON, CSV, Shapefile export",,,2019-07-09,,N,Query,,,,https://services.arcgis.com/3TIUdMHOqnLBrZEH/arcgis/rest/services/Bikeway_WEB/FeatureServer/0,https://mvrpc.maps.arcgis.com/home/item.html?id=f92499d6f5d94929af04b37f38d4b5f1,"Hubs for regional bikeway network, Miami Valley region, 2019"
Regional Bikeway in Miami Valley,MVRPC (regional),kypolk (msimpson_MVRPC),affordability/tenure,Miami Valley region,jurisdiction/county,"Public — ArcGIS REST API, no auth",live service (verify),"ArcGIS FeatureServer/MapServer; GeoJSON, CSV, Shapefile export",,,2020-12-03,Y,Y,Query,,,,https://services.arcgis.com/3TIUdMHOqnLBrZEH/arcgis/rest/services/Bikeway_WEB/FeatureServer,https://mvrpc.maps.arcgis.com/home/item.html?id=016e12d3afe645edb6265756330e1c02,"Bikeway routes, hub stations and short term bike rental locations in the Miami Valley"
Regional Bikeways,MVRPC (regional),tharner@mvrpc.org (msimpson_MVRPC),affordability/tenure,Miami Valley region,jurisdiction/county,"Public — ArcGIS REST API, no auth",live service (verify),"ArcGIS FeatureServer/MapServer; GeoJSON, CSV, Shapefile export",,,2026-06-15,,Y,Query,,,,https://services.arcgis.com/3TIUdMHOqnLBrZEH/arcgis/rest/services/RegionalBikeways2/FeatureServer,https://mvrpc.maps.arcgis.com/home/item.html?id=0b38807419ee403e96ee9112f68c017d,"Regional Bikeways, both existing and proposed, for Montgomery, Miami, Greene and part of Warren Counties. Last update 10/25"
Regional Bikeways,MVRPC (regional),alee_MVRPC0 (msimpson_MVRPC),,Miami Valley region,jurisdiction/county,"Public — ArcGIS REST API, no auth",live service (verify),"ArcGIS FeatureServer/MapServer; GeoJSON, CSV, Shapefile export",,,2026-03-05,,Y,Query,,,,https://services.arcgis.com/3TIUdMHOqnLBrZEH/arcgis/rest/services/Regional_Bikeways_2025/FeatureServer,https://mvrpc.maps.arcgis.com/home/item.html?id=11c9221298e44711878471923ef00cf6,Bike paths and routes includes information for both Regional and Local bikeways.
"Regional Open Space, 2005",MVRPC (regional),tharner@mvrpc.org (msimpson_MVRPC),affordability/tenure,Miami Valley region,jurisdiction/county,"Public — ArcGIS REST API, no auth",live service (verify),"ArcGIS FeatureServer/MapServer; GeoJSON, CSV, Shapefile export",,,2019-07-24,,N,service unreachable: HTTP Error 500: Internal Server Error,,,,https://gis.mvrpc.org/arcgis/rest/services/Fabric/OpenSpace2005_1031/MapServer/1,https://mvrpc.maps.arcgis.com/home/item.html?id=8842c625f4464b11aa456ae701faadf5,"Regional Open Space inventory of the Miami Valley region, 2005"
Regional Open Space: 2015,MVRPC (regional),tharner@mvrpc.org (msimpson_MVRPC),,Miami Valley region,jurisdiction/county,"Public — ArcGIS REST API, no auth",live service (verify),"ArcGIS FeatureServer/MapServer; GeoJSON, CSV, Shapefile export",,,2025-03-10,,Y,"Query,Extract",,,,https://services.arcgis.com/3TIUdMHOqnLBrZEH/arcgis/rest/services/OpenSpace2015/FeatureServer,https://mvrpc.maps.arcgis.com/home/item.html?id=9b6da03a9d80438896a3f365d2a05c5f,"Regional Open Space inventory of the MVRPC region, originally compiled in 2015."
Regional Sidewalk Inventory,MVRPC (regional),tharner@mvrpc.org (msimpson_MVRPC),,Miami Valley region,jurisdiction/county,"Public — ArcGIS REST API, no auth",live service (verify),"ArcGIS FeatureServer/MapServer; GeoJSON, CSV, Shapefile export",,,2025-01-16,,Y,"Query,Extract",,,,https://services.arcgis.com/3TIUdMHOqnLBrZEH/arcgis/rest/services/Sidewalks_regional/FeatureServer,https://mvrpc.maps.arcgis.com/home/item.html?id=9d1f788269ed404fb1a32497a1f80f8d,"Regional sidewalk inventory for the MVRPC region, compiled in 2016."
Regional Zoning 2008,MVRPC (regional),tharner@mvrpc.org (msimpson_MVRPC),affordability/tenure,Miami Valley region,jurisdiction/county,"Public — ArcGIS REST API, no auth",live service (verify),"ArcGIS FeatureServer/MapServer; GeoJSON, CSV, Shapefile export",,,2020-10-23,Y,Y,"Query,Extract",,,,https://services.arcgis.com/3TIUdMHOqnLBrZEH/arcgis/rest/services/Z08/FeatureServer,https://mvrpc.maps.arcgis.com/home/item.html?id=583aaeccb93843919a3a93c7b218d9e0,"Generalized Zoning for Montgomery, Miami, Greene, Warren, Clark, Darke, and Preble Counties; from 2008."
"Regional Zoning, 2008",MVRPC (regional),tharner@mvrpc.org (msimpson_MVRPC),affordability/tenure,Miami Valley region,jurisdiction/county,"Public — ArcGIS REST API, no auth",live service (verify),"ArcGIS FeatureServer/MapServer; GeoJSON, CSV, Shapefile export",,,2014-08-07,,N,"Map,TilesOnly",,,,https://tiles.arcgis.com/tiles/3TIUdMHOqnLBrZEH/arcgis/rest/services/RegionalZoning2008/MapServer,https://mvrpc.maps.arcgis.com/home/item.html?id=8d0eb3a7526c438b8053637945372803,"Generalized Zoning for Montgomery, Miami, Greene, Warren, Clark, Darke, and Preble Counties; from 2008."
"Regional Zoning, 2015",MVRPC (regional),tharner@mvrpc.org (msimpson_MVRPC),zoning/land use,Miami Valley region,jurisdiction/county,"Public — ArcGIS REST API, no auth",live service (verify),"ArcGIS FeatureServer/MapServer; GeoJSON, CSV, Shapefile export",,,2025-03-10,Y,Y,"Query,Extract",,,,https://services.arcgis.com/3TIUdMHOqnLBrZEH/arcgis/rest/services/Z15/FeatureServer,https://mvrpc.maps.arcgis.com/home/item.html?id=b3bc522c47a74935ac3cf1b3ac7b5d6a,"Generalized zoning layer for the MVRPC region, last updated in 2015."
"Regional Zoning, 2025",MVRPC (regional),tharner@mvrpc.org (msimpson_MVRPC),affordability/tenure,Miami Valley region,jurisdiction/county,"Public — ArcGIS REST API, no auth",live service (verify),"ArcGIS FeatureServer/MapServer; GeoJSON, CSV, Shapefile export",,,2025-09-03,Y,Y,Query,,,,https://services.arcgis.com/3TIUdMHOqnLBrZEH/arcgis/rest/services/Zoning_2025/FeatureServer,https://mvrpc.maps.arcgis.com/home/item.html?id=a7ed2bff77dd4ab0a24fb4b4753e0eb9,"Generalized zoning polygons for Montgomery, Miami, Greene, Warren, Clark, Darke, Preble and Shelby Counties, compiled in 2025."
RegionWithMobilityData,MVRPC (regional),msimpson_MVRPC (msimpson_MVRPC),,Miami Valley region,jurisdiction/county,"Public — ArcGIS REST API, no auth",live service (verify),"ArcGIS FeatureServer/MapServer; GeoJSON, CSV, Shapefile export",,,2023-01-12,,Y,Query,,,,https://services.arcgis.com/3TIUdMHOqnLBrZEH/arcgis/rest/services/RegionWithMobilityData/FeatureServer,https://mvrpc.maps.arcgis.com/home/item.html?id=3fd0d3efd7e0446e9974b26bd7a17e41,
Rental Housing Population Snapshot,MVRPC (regional),msimpson_MVRPC (msimpson_MVRPC),affordability/tenure,Miami Valley region,,"Public — ArcGIS REST API, no auth",live service (verify),"ArcGIS FeatureServer/MapServer; GeoJSON, CSV, Shapefile export",,,2021-12-01,,N,"Map,TilesOnly,Tilemap",,,,https://tiles.arcgis.com/tiles/3TIUdMHOqnLBrZEH/arcgis/rest/services/Rental_Housing_Population_Snapshot/MapServer,https://mvrpc.maps.arcgis.com/home/item.html?id=b0f6bd993feb4024bda748ced74e8705,Rental Housing Population
Rental Housing Population Snapshot V2,MVRPC (regional),msimpson_MVRPC (msimpson_MVRPC),affordability/tenure,Miami Valley region,,"Public — ArcGIS REST API, no auth",live service (verify),"ArcGIS FeatureServer/MapServer; GeoJSON, CSV, Shapefile export",,,2022-02-07,,N,"Map,TilesOnly,Tilemap",,,,https://tiles.arcgis.com/tiles/3TIUdMHOqnLBrZEH/arcgis/rest/services/Rental_Housing_Population_Snapshot_V2/MapServer,https://mvrpc.maps.arcgis.com/home/item.html?id=20287ef19be7474ab2abc94e89a46b94,MVRPC
Rental Housing Population Trend,MVRPC (regional),msimpson_MVRPC (msimpson_MVRPC),affordability/tenure,Miami Valley region,,"Public — ArcGIS REST API, no auth",live service (verify),"ArcGIS FeatureServer/MapServer; GeoJSON, CSV, Shapefile export",,,2021-11-22,,N,"Map,TilesOnly,Tilemap",,,,https://tiles.arcgis.com/tiles/3TIUdMHOqnLBrZEH/arcgis/rest/services/Rental_Housing_Population_Trend/MapServer,https://mvrpc.maps.arcgis.com/home/item.html?id=147594650adb48c8993441660b917d4c,Rental Housing Trend
Residential Suitability Measure,MVRPC (regional),tharner@mvrpc.org (msimpson_MVRPC),affordability/tenure,Miami Valley region,jurisdiction/county,"Public — ArcGIS REST API, no auth",live service (verify),"ArcGIS FeatureServer/MapServer; GeoJSON, CSV, Shapefile export",,,2014-07-25,,N,"Map,TilesOnly",,,,https://tiles.arcgis.com/tiles/3TIUdMHOqnLBrZEH/arcgis/rest/services/ResSuitMap/MapServer,https://mvrpc.maps.arcgis.com/home/item.html?id=fa2be988a47c434ba433c4d68e1c9529,Residential Suitability Measure for the 3+ county Miami Valley region
Restricted Development Lands,MVRPC (regional),tharner@mvrpc.org (msimpson_MVRPC),affordability/tenure,Miami Valley region,jurisdiction/county,"Public — ArcGIS REST API, no auth",live service (verify),"ArcGIS FeatureServer/MapServer; GeoJSON, CSV, Shapefile export",,,2014-07-24,,N,"Map,TilesOnly",,,,https://tiles.arcgis.com/tiles/3TIUdMHOqnLBrZEH/arcgis/rest/services/RestrictedDev/MapServer,https://mvrpc.maps.arcgis.com/home/item.html?id=c6bc7ae01c064c11ad65516014f7ca75,Restricted Development Lands for the 3+ county Miami Valley region
Retail Clusters and Access,MVRPC (regional),tharner@mvrpc.org (msimpson_MVRPC),affordability/tenure,Miami Valley region,jurisdiction/county,"Public — ArcGIS REST API, no auth",live service (verify),"ArcGIS FeatureServer/MapServer; GeoJSON, CSV, Shapefile export",,,2014-07-23,,N,"Map,TilesOnly",,,,https://tiles.arcgis.com/tiles/3TIUdMHOqnLBrZEH/arcgis/rest/services/Retail/MapServer,https://mvrpc.maps.arcgis.com/home/item.html?id=412e6ff8e25140029b354ae82d9b4b27,Retail Clusters and Access for the 3+ county Miami Valley region
"Retail, 2011",MVRPC (regional),tharner@mvrpc.org (msimpson_MVRPC),affordability/tenure,Miami Valley region,jurisdiction/county,"Public — ArcGIS REST API, no auth",live service (verify),"ArcGIS FeatureServer/MapServer; GeoJSON, CSV, Shapefile export",,,2019-07-12,,N,service unreachable: HTTP Error 500: Internal Server Error,,,,https://gis.mvrpc.org/arcgis/rest/services/LEHD/LEHD_Retail_2011_blcirc/MapServer,https://mvrpc.maps.arcgis.com/home/item.html?id=9ac803820af64e11bf5bfd7a8867adc1,"Concentration of retail jobs of workers by income in the Miami Valley region, 2011."
"Retail, 2014",MVRPC (regional),tharner@mvrpc.org (msimpson_MVRPC),affordability/tenure,Miami Valley region,jurisdiction/county,"Public — ArcGIS REST API, no auth",live service (verify),"ArcGIS FeatureServer/MapServer; GeoJSON, CSV, Shapefile export",,,2019-07-12,,N,service unreachable: HTTP Error 500: Internal Server Error,,,,https://gis.mvrpc.org/arcgis/rest/services/LEHD/LEHD_Retail_2014_blkcirc/MapServer,https://mvrpc.maps.arcgis.com/home/item.html?id=4ea22fddc8c74f8ea01131c5b70fb7f1,"Concentration of retail jobs of workers in the Miami Valley region, 2014."
Rideshare_gdb,MVRPC (regional),tharner@mvrpc.org (msimpson_MVRPC),,Miami Valley region,,"Public — ArcGIS REST API, no auth",live service (verify),"ArcGIS FeatureServer/MapServer; GeoJSON, CSV, Shapefile export",,,2021-06-28,,Y,Query,,,,https://services.arcgis.com/3TIUdMHOqnLBrZEH/arcgis/rest/services/Rideshare_gdb/FeatureServer,https://mvrpc.maps.arcgis.com/home/item.html?id=c4c5ae3c856f4b11abceb068830374f1,
Riverscape,MVRPC (regional),kypolk (msimpson_MVRPC),zoning/land use,Miami Valley region,,"Public — ArcGIS REST API, no auth",live service (verify),"ArcGIS FeatureServer/MapServer; GeoJSON, CSV, Shapefile export",,,2018-11-20,,N,"Map,TilesOnly",,,,https://tiles.arcgis.com/tiles/3TIUdMHOqnLBrZEH/arcgis/rest/services/Riverscape/MapServer,https://mvrpc.maps.arcgis.com/home/item.html?id=b29e47494c604fcebbb4b6ae5d9ae45d,Riverscape proposal for Dayton Riverfront Master Plan
RiversEdge,MVRPC (regional),kypolk (msimpson_MVRPC),zoning/land use,Miami Valley region,,"Public — ArcGIS REST API, no auth",live service (verify),"ArcGIS FeatureServer/MapServer; GeoJSON, CSV, Shapefile export",,,2018-11-20,,N,"Map,TilesOnly",,,,https://tiles.arcgis.com/tiles/3TIUdMHOqnLBrZEH/arcgis/rest/services/RiversEdge/MapServer,https://mvrpc.maps.arcgis.com/home/item.html?id=af29f5f394a3483bba3fff05a78b3e6c,Rivers Edge park proposal for Dayton Riverfront Master Plan
Riverside Districts,MVRPC (regional),tharner@mvrpc.org (msimpson_MVRPC),zoning/land use,Miami Valley region,neighborhood,"Public — ArcGIS REST API, no auth",live service (verify),"ArcGIS FeatureServer/MapServer; GeoJSON, CSV, Shapefile export",,,2026-03-18,Y,Y,"Query,Extract",,,,https://services.arcgis.com/3TIUdMHOqnLBrZEH/arcgis/rest/services/Riverside_Districts/FeatureServer,https://mvrpc.maps.arcgis.com/home/item.html?id=e4b2a6307fa142d39c3fe817f923b661,"Zoning District Overlays for the City of Riverside, 3/2026"
Riverside Stormwater,MVRPC (regional),tharner@mvrpc.org (msimpson_MVRPC),infrastructure,Miami Valley region,jurisdiction/county,"Public — ArcGIS REST API, no auth",live service (verify),"ArcGIS FeatureServer/MapServer; GeoJSON, CSV, Shapefile export",,,2024-01-19,,N,service unreachable: URL can't contain control characters. ',,,,https://services.arcgis.com/3TIUdMHOqnLBrZEH/arcgis/rest/services/Riverside Stormwater/FeatureServer,https://mvrpc.maps.arcgis.com/home/item.html?id=2ff1769738c944089191501dedce4e5b,"Stormwater utility data from the city of Riverside, 6/21"
Riverside Zoning 2026,MVRPC (regional),tharner@mvrpc.org (msimpson_MVRPC),zoning/land use,Miami Valley region,,"Public — ArcGIS REST API, no auth",live service (verify),"ArcGIS FeatureServer/MapServer; GeoJSON, CSV, Shapefile export",,,2026-03-18,Y,Y,"Query,Extract",,,,https://services.arcgis.com/3TIUdMHOqnLBrZEH/arcgis/rest/services/Riverside_Zoning_2026/FeatureServer,https://mvrpc.maps.arcgis.com/home/item.html?id=e158c7f5e2bd44389b88cf18ad8f46c8,"Zoning for Riverside, 3/2026"
"Riverside zoning, 2021",MVRPC (regional),tharner@mvrpc.org (msimpson_MVRPC),zoning/land use,Miami Valley region,jurisdiction/county,"Public — ArcGIS REST API, no auth",live service (verify),"ArcGIS FeatureServer/MapServer; GeoJSON, CSV, Shapefile export",,,2026-03-18,Y,Y,"Query,Extract",,,,https://services.arcgis.com/3TIUdMHOqnLBrZEH/arcgis/rest/services/Riverside_zoning/FeatureServer,https://mvrpc.maps.arcgis.com/home/item.html?id=dc73ef4da0c343c8ad374dd6707300b2,"Zoning from the city of Riverside, 6/21"
Riverside_Boundary,MVRPC (regional),tharner@mvrpc.org (msimpson_MVRPC),geography/reference,Miami Valley region,,"Public — ArcGIS REST API, no auth",live service (verify),"ArcGIS FeatureServer/MapServer; GeoJSON, CSV, Shapefile export",,,2022-03-02,,Y,Query,,,,https://services.arcgis.com/3TIUdMHOqnLBrZEH/arcgis/rest/services/Riverside_Boundary/FeatureServer,https://mvrpc.maps.arcgis.com/home/item.html?id=2c1f9067de684c319070fb05409c5570,Riverside boundary
Riverside_lighting,MVRPC (regional),tharner@mvrpc.org (msimpson_MVRPC),infrastructure,Miami Valley region,,"Public — ArcGIS REST API, no auth",live service (verify),"ArcGIS FeatureServer/MapServer; GeoJSON, CSV, Shapefile export",,,2021-07-08,,Y,"Query,Extract",,,,https://services.arcgis.com/3TIUdMHOqnLBrZEH/arcgis/rest/services/Riverside_lighting/FeatureServer,https://mvrpc.maps.arcgis.com/home/item.html?id=b5097c16cdba4105a641127c9a53ecf9,"Riverside lighting from MVL, 6/21"
Riverside_MCES,MVRPC (regional),tharner@mvrpc.org (msimpson_MVRPC),,Miami Valley region,,"Public — ArcGIS REST API, no auth",live service (verify),"ArcGIS FeatureServer/MapServer; GeoJSON, CSV, Shapefile export",,,2021-09-21,,Y,Query,,,,https://services.arcgis.com/3TIUdMHOqnLBrZEH/arcgis/rest/services/Riverside_MCES/FeatureServer,https://mvrpc.maps.arcgis.com/home/item.html?id=38ae78d8b3f041528b4b5451b45ea550,Data from MCES 9/21
Riverside_Wastewater_NotLikely,MVRPC (regional),tharner@mvrpc.org (msimpson_MVRPC),ownership/transfers,Miami Valley region,parcel,"Public — ArcGIS REST API, no auth",live service (verify),"ArcGIS FeatureServer/MapServer; GeoJSON, CSV, Shapefile export",,,2015-10-27,Y,Y,Query,,,,https://services.arcgis.com/3TIUdMHOqnLBrZEH/arcgis/rest/services/Riverside_Wastewater_NotLikely/FeatureServer,https://mvrpc.maps.arcgis.com/home/item.html?id=39ed3e458b324727a353120f2c0e7819,Parcels further than 200 feet from existing county wastewater lines
Riverside_Water_NotLikely,MVRPC (regional),tharner@mvrpc.org (msimpson_MVRPC),ownership/transfers,Miami Valley region,parcel,"Public — ArcGIS REST API, no auth",live service (verify),"ArcGIS FeatureServer/MapServer; GeoJSON, CSV, Shapefile export",,,2015-10-27,Y,Y,Query,,,,https://services.arcgis.com/3TIUdMHOqnLBrZEH/arcgis/rest/services/Riverside_NoWater/FeatureServer,https://mvrpc.maps.arcgis.com/home/item.html?id=6f8279f80c64482189b20785a08d019e,Parcels further than 200 feet from existing county water supply lines
RiversideZoning,MVRPC (regional),tharner@mvrpc.org (msimpson_MVRPC),zoning/land use,Miami Valley region,jurisdiction/county,"Public — ArcGIS REST API, no auth",live service (verify),"ArcGIS FeatureServer/MapServer; GeoJSON, CSV, Shapefile export",,,2016-08-19,Y,Y,Query,,,,https://services.arcgis.com/3TIUdMHOqnLBrZEH/arcgis/rest/services/RiversideZoning/FeatureServer,https://mvrpc.maps.arcgis.com/home/item.html?id=12ad6922de0d41eca74134a62fc96dde,Zoning for the city of Riverside
RiversideZoning,MVRPC (regional),tharner@mvrpc.org (msimpson_MVRPC),zoning/land use,Miami Valley region,jurisdiction/county,"Public — ArcGIS REST API, no auth",live service (verify),"ArcGIS FeatureServer/MapServer; GeoJSON, CSV, Shapefile export",,,2016-08-19,,N,"Map,TilesOnly",,,,https://tiles.arcgis.com/tiles/3TIUdMHOqnLBrZEH/arcgis/rest/services/RiversideZoning/MapServer,https://mvrpc.maps.arcgis.com/home/item.html?id=d17443d01773460a98542df9dac08595,Zoning for the city of Riverside
RiversideZoning2015,MVRPC (regional),tharner@mvrpc.org (msimpson_MVRPC),zoning/land use,Miami Valley region,jurisdiction/county,"Public — ArcGIS REST API, no auth",live service (verify),"ArcGIS FeatureServer/MapServer; GeoJSON, CSV, Shapefile export",,,2016-08-19,,N,"Map,TilesOnly",,,,https://tiles.arcgis.com/tiles/3TIUdMHOqnLBrZEH/arcgis/rest/services/RiversideZoning2015/MapServer,https://mvrpc.maps.arcgis.com/home/item.html?id=5b4ac85c1f6a486188f9046a49490bc6,"Zoning for the city of Riverside, Ohio, for 2015"
rkProgramming,MVRPC (regional),tharner@mvrpc.org (msimpson_MVRPC),investment/projects,Miami Valley region,,"Public — ArcGIS REST API, no auth",live service (verify),"ArcGIS FeatureServer/MapServer; GeoJSON, CSV, Shapefile export",,,2025-05-01,,Y,Query,,,,https://services.arcgis.com/3TIUdMHOqnLBrZEH/arcgis/rest/services/rkProgramming25/FeatureServer,https://mvrpc.maps.arcgis.com/home/item.html?id=e71e8dac8d1f410195cc5fe00d669ec1,
RoadsandRivers,MVRPC (regional),kypolk (msimpson_MVRPC),,Miami Valley region,jurisdiction/county,"Public — ArcGIS REST API, no auth",live service (verify),"ArcGIS FeatureServer/MapServer; GeoJSON, CSV, Shapefile export",,,2018-02-12,Y,Y,Query,,,,https://services.arcgis.com/3TIUdMHOqnLBrZEH/arcgis/rest/services/RoadsandRivers/FeatureServer,https://mvrpc.maps.arcgis.com/home/item.html?id=41dc17969dd94418884738b8799c3283,Major Roads and rivers in Montgomery County
RoadwayYS,MVRPC (regional),kypolk (msimpson_MVRPC),,Miami Valley region,,"Public — ArcGIS REST API, no auth",live service (verify),"ArcGIS FeatureServer/MapServer; GeoJSON, CSV, Shapefile export",,,2020-04-16,,Y,"Create,Delete,Query,Editing",,,,https://services.arcgis.com/3TIUdMHOqnLBrZEH/arcgis/rest/services/RoadwayYS/FeatureServer,https://mvrpc.maps.arcgis.com/home/item.html?id=291dad841a91455996d94252ca21f1bc,Roads in Yellow Springs
RTAStopsDesertAreas,MVRPC (regional),kypolk (msimpson_MVRPC),affordability/tenure,Miami Valley region,address/point,"Public — ArcGIS REST API, no auth",live service (verify),"ArcGIS FeatureServer/MapServer; GeoJSON, CSV, Shapefile export",,,2019-05-03,,Y,Query,,,,https://services.arcgis.com/3TIUdMHOqnLBrZEH/arcgis/rest/services/RTAStopsDesertAreas/FeatureServer,https://mvrpc.maps.arcgis.com/home/item.html?id=1fda245efed84d40a0b3c689e49b0d46,RTA Stop Desert areas within a 1 mile  buffer of Great Miami bike trail and Great Miami River for 99 mile corridor in Ohio
RTPO_IX_SafetyPriorityIntersections_2022to2024,MVRPC (regional),hwilson_MVRPC (msimpson_MVRPC),,Miami Valley region,,"Public — ArcGIS REST API, no auth",live service (verify),"ArcGIS FeatureServer/MapServer; GeoJSON, CSV, Shapefile export",,,2026-01-16,,Y,Query,,,,https://services.arcgis.com/3TIUdMHOqnLBrZEH/arcgis/rest/services/RTPO_IX_SafetyPriorityIntersections_2022to2024/FeatureServer,https://mvrpc.maps.arcgis.com/home/item.html?id=2f86461e6a944df9bb197f112d07f2be,
RTPO_SafetyPrioritySegments_2022to2024,MVRPC (regional),hwilson_MVRPC (msimpson_MVRPC),,Miami Valley region,,"Public — ArcGIS REST API, no auth",live service (verify),"ArcGIS FeatureServer/MapServer; GeoJSON, CSV, Shapefile export",,,2026-01-20,,Y,Query,,,,https://services.arcgis.com/3TIUdMHOqnLBrZEH/arcgis/rest/services/RTPO_SafetyPrioritySegments_2022to2024/FeatureServer,https://mvrpc.maps.arcgis.com/home/item.html?id=ca3de1c95cda4ebd802f45009bed7139,
Rural_Corridor_Scoring_TopCounty,MVRPC (regional),tharner@mvrpc.org (msimpson_MVRPC),,Miami Valley region,jurisdiction/county,"Public — ArcGIS REST API, no auth",live service (verify),"ArcGIS FeatureServer/MapServer; GeoJSON, CSV, Shapefile export",,,2026-01-16,,Y,Query,,,,https://services.arcgis.com/3TIUdMHOqnLBrZEH/arcgis/rest/services/Rural_Corridor_Scoring_TopCounty/FeatureServer,https://mvrpc.maps.arcgis.com/home/item.html?id=79d1ea8ecdfd4e858928f11736f2d145,
Safety Priority Locations Layers,MVRPC (regional),hwilson_MVRPC (msimpson_MVRPC),geography/reference,Miami Valley region,address/point,"Public — ArcGIS REST API, no auth",live service (verify),"ArcGIS FeatureServer/MapServer; GeoJSON, CSV, Shapefile export",,,2023-06-15,,Y,"Query,ChangeTracking",,,,https://services.arcgis.com/3TIUdMHOqnLBrZEH/arcgis/rest/services/Safety_Priority_Locations_Layers/FeatureServer,https://mvrpc.maps.arcgis.com/home/item.html?id=915a8bd358444224a2d3f5958401c560,"These are layers for a map showing street segments and intersections with a history of crash incidents in Darke, Preble, and Shelby Counties, latest data as of June 2023."
salc94,MVRPC (regional),tharner@mvrpc.org (msimpson_MVRPC),investment/projects,Miami Valley region,jurisdiction/county,"Public — ArcGIS REST API, no auth",live service (verify),"ArcGIS FeatureServer/MapServer; GeoJSON, CSV, Shapefile export",,,2025-06-27,,Y,Query,,,,https://services.arcgis.com/3TIUdMHOqnLBrZEH/arcgis/rest/services/salc94/FeatureServer,https://mvrpc.maps.arcgis.com/home/item.html?id=f5f21a435bb4481ba4fe657edd0a7ae3,"This coverage was created by the Ohio Department of Natural Resources (ODNR) for the National Aeronautics and Space Administration's Land Cover and Land Use Change Program, as part of the U.S. Global "
SamplepointsforDRMPApp,MVRPC (regional),kypolk (msimpson_MVRPC),investment/projects,Miami Valley region,address/point,"Public — ArcGIS REST API, no auth",live service (verify),"ArcGIS FeatureServer/MapServer; GeoJSON, CSV, Shapefile export",,,2024-04-11,,Y,Query,,,,https://services.arcgis.com/3TIUdMHOqnLBrZEH/arcgis/rest/services/SamplepointsforDRMPApp/FeatureServer,https://mvrpc.maps.arcgis.com/home/item.html?id=4722fdd6b60246c4b1c310f6579adaa1,subset of public facing project points for Dayton Riverfront Master Plan
SasakiStudyArea,MVRPC (regional),kypolk (msimpson_MVRPC),geography/reference,Miami Valley region,,"Public — ArcGIS REST API, no auth",live service (verify),"ArcGIS FeatureServer/MapServer; GeoJSON, CSV, Shapefile export",,,2017-07-27,,Y,Query,,,,https://services.arcgis.com/3TIUdMHOqnLBrZEH/arcgis/rest/services/SasakiStudyArea/FeatureServer,https://mvrpc.maps.arcgis.com/home/item.html?id=e8c664bad22f4905a29248975d2e2293,Revised DRMP study area boundary done by Sasaki
Sboro_streets_pub,MVRPC (regional),tharner@mvrpc.org (msimpson_MVRPC),investment/projects,Miami Valley region,,"Public — ArcGIS REST API, no auth",live service (verify),"ArcGIS FeatureServer/MapServer; GeoJSON, CSV, Shapefile export",,,2024-02-22,,Y,Query,,,,https://services.arcgis.com/3TIUdMHOqnLBrZEH/arcgis/rest/services/Sboro_streets_pub/FeatureServer,https://mvrpc.maps.arcgis.com/home/item.html?id=0a4a3b1c6d7f4c2081d2420d98a36b99,"Street projects for Springboro, 2024."
School Proficiency Index,MVRPC (regional),msimpson_MVRPC (msimpson_MVRPC),zoning/land use,Miami Valley region,,"Public — ArcGIS REST API, no auth",live service (verify),"ArcGIS FeatureServer/MapServer; GeoJSON, CSV, Shapefile export",,,2021-12-02,,N,"Map,TilesOnly,Tilemap",,,,https://tiles.arcgis.com/tiles/3TIUdMHOqnLBrZEH/arcgis/rest/services/School_Proficiency_Index/MapServer,https://mvrpc.maps.arcgis.com/home/item.html?id=8606b06ea6644a5fa150e47fe4ef7904,School Proficiency Index
School Proficiency Index V2,MVRPC (regional),msimpson_MVRPC (msimpson_MVRPC),,Miami Valley region,,"Public — ArcGIS REST API, no auth",live service (verify),"ArcGIS FeatureServer/MapServer; GeoJSON, CSV, Shapefile export",,,2022-02-08,,N,"Map,TilesOnly,Tilemap",,,,https://tiles.arcgis.com/tiles/3TIUdMHOqnLBrZEH/arcgis/rest/services/School_Proficiency_Index_V2/MapServer,https://mvrpc.maps.arcgis.com/home/item.html?id=e663b484fec846d9ab25302a6388d76e,MVRPC
SchoolYS,MVRPC (regional),kypolk (msimpson_MVRPC),,Miami Valley region,,"Public — ArcGIS REST API, no auth",live service (verify),"ArcGIS FeatureServer/MapServer; GeoJSON, CSV, Shapefile export",,,2020-04-16,,Y,"Create,Delete,Query,Editing",,,,https://services.arcgis.com/3TIUdMHOqnLBrZEH/arcgis/rest/services/SchoolYS/FeatureServer,https://mvrpc.maps.arcgis.com/home/item.html?id=0a3419842e5e4d83b9f34fb6f2834616,School in Yellow Springs
SDOH,MVRPC (regional),msimpson_MVRPC (msimpson_MVRPC),zoning/land use,Miami Valley region,,"Public — ArcGIS REST API, no auth",live service (verify),"ArcGIS FeatureServer/MapServer; GeoJSON, CSV, Shapefile export",,,2021-12-02,,N,"Map,TilesOnly,Tilemap",,,,https://tiles.arcgis.com/tiles/3TIUdMHOqnLBrZEH/arcgis/rest/services/SDOH/MapServer,https://mvrpc.maps.arcgis.com/home/item.html?id=9b28ec7907da445eb7ffb911ffab4081,SDOH
SDOH V2,MVRPC (regional),msimpson_MVRPC (msimpson_MVRPC),,Miami Valley region,,"Public — ArcGIS REST API, no auth",live service (verify),"ArcGIS FeatureServer/MapServer; GeoJSON, CSV, Shapefile export",,,2022-02-14,,N,"Map,TilesOnly,Tilemap",,,,https://tiles.arcgis.com/tiles/3TIUdMHOqnLBrZEH/arcgis/rest/services/SDOH_V2/MapServer,https://mvrpc.maps.arcgis.com/home/item.html?id=fa1a21bd557c4985bb5d9259af1e3514,MVRPC
Seibert Riverview Curtis Neighborhood Survey (Summer 2020)_fieldworker,MVRPC (regional),kypolk (msimpson_MVRPC),geography/reference,Miami Valley region,neighborhood,"Public — ArcGIS REST API, no auth",live service (verify),"ArcGIS FeatureServer/MapServer; GeoJSON, CSV, Shapefile export",,,2020-08-12,Y,Y,"Create,Query,Update,Editing",,,,https://services.arcgis.com/3TIUdMHOqnLBrZEH/arcgis/rest/services/survey123_c2d0a157cb4c4eb3af6cc32be476f968_fieldworker/FeatureServer,https://mvrpc.maps.arcgis.com/home/item.html?id=e9839a7947ea4ebe801f2a067c8079a5,
Shelby_Boundary,MVRPC (regional),msimpson_MVRPC (msimpson_MVRPC),geography/reference,Miami Valley region,,"Public — ArcGIS REST API, no auth",live service (verify),"ArcGIS FeatureServer/MapServer; GeoJSON, CSV, Shapefile export",,,2025-04-10,,Y,Query,,,,https://services.arcgis.com/3TIUdMHOqnLBrZEH/arcgis/rest/services/Shelby_Boundary/FeatureServer,https://mvrpc.maps.arcgis.com/home/item.html?id=4255d68f61884ec09ad42f4fb6edf1ec,
ShelbyCompositeHealthTracts,MVRPC (regional),msimpson_MVRPC (msimpson_MVRPC),demographics,Miami Valley region,tract,"Public — ArcGIS REST API, no auth",live service (verify),"ArcGIS FeatureServer/MapServer; GeoJSON, CSV, Shapefile export",,,2026-01-15,,Y,Query,,,,https://services.arcgis.com/3TIUdMHOqnLBrZEH/arcgis/rest/services/ShelbyCompositeHealthTracts/FeatureServer,https://mvrpc.maps.arcgis.com/home/item.html?id=2d575b884d634188bc4797dd8caba09c,
Sidewalks,MVRPC (regional),msimpson_MVRPC (msimpson_MVRPC),,Miami Valley region,,"Public — ArcGIS REST API, no auth",live service (verify),"ArcGIS FeatureServer/MapServer; GeoJSON, CSV, Shapefile export",,,2025-05-08,,Y,Query,,,,https://services.arcgis.com/3TIUdMHOqnLBrZEH/arcgis/rest/services/Sidewalks/FeatureServer,https://mvrpc.maps.arcgis.com/home/item.html?id=f92439fcafaf49039648fa1606d16b03,
SidewalksPiquaAndInventory,MVRPC (regional),msimpson_MVRPC (msimpson_MVRPC),,Miami Valley region,jurisdiction/county,"Public — ArcGIS REST API, no auth",live service (verify),"ArcGIS FeatureServer/MapServer; GeoJSON, CSV, Shapefile export",,,2025-06-24,,Y,Query,,,,https://services.arcgis.com/3TIUdMHOqnLBrZEH/arcgis/rest/services/SidewalksPiquaAndInventory/FeatureServer,https://mvrpc.maps.arcgis.com/home/item.html?id=19d7f4ea4df642289ccd695ea2a4387f,Sidewalk coverage for the study area provided by MCRPC Sidewalk inventory and City of Piqua's most recent dataset
Siebert Area Points Lines Polygons OLD,MVRPC (regional),kypolk (msimpson_MVRPC),affordability/tenure,Miami Valley region,address/point,"Public — ArcGIS REST API, no auth",live service (verify),"ArcGIS FeatureServer/MapServer; GeoJSON, CSV, Shapefile export",,,2020-08-10,,Y,"Create,Delete,Query,Update,Editing,Sync",,,,https://services.arcgis.com/3TIUdMHOqnLBrZEH/arcgis/rest/services/Siebert_Area_Points_Lines_Polygons/FeatureServer,https://mvrpc.maps.arcgis.com/home/item.html?id=a87f1f8e90c54f3cbbf4a08baa1b1b6f,
Siebert Opportunity Places,MVRPC (regional),mkim@mvrpc.org (msimpson_MVRPC),,Miami Valley region,,"Public — ArcGIS REST API, no auth",live service (verify),"ArcGIS FeatureServer/MapServer; GeoJSON, CSV, Shapefile export",,,2020-07-22,,Y,"Create,Delete,Query,Update,Editing,Sync",,,,https://services.arcgis.com/3TIUdMHOqnLBrZEH/arcgis/rest/services/Siebert_Opportunity_Places/FeatureServer,https://mvrpc.maps.arcgis.com/home/item.html?id=4700f00ba6024bdd92a77087133b350d,
Siebert Strong Places,MVRPC (regional),mkim@mvrpc.org (msimpson_MVRPC),,Miami Valley region,,"Public — ArcGIS REST API, no auth",live service (verify),"ArcGIS FeatureServer/MapServer; GeoJSON, CSV, Shapefile export",,,2020-07-22,,Y,"Create,Delete,Query,Update,Editing,Sync",,,,https://services.arcgis.com/3TIUdMHOqnLBrZEH/arcgis/rest/services/Siebert_Strong_Places/FeatureServer,https://mvrpc.maps.arcgis.com/home/item.html?id=92542939a950464eb1f2001e1538e001,
Siebert SWOTT Lines,MVRPC (regional),mkim@mvrpc.org (msimpson_MVRPC),,Miami Valley region,,"Public — ArcGIS REST API, no auth",live service (verify),"ArcGIS FeatureServer/MapServer; GeoJSON, CSV, Shapefile export",,,2020-07-08,,Y,"Create,Delete,Query,Update,Editing,Sync",,,,https://services.arcgis.com/3TIUdMHOqnLBrZEH/arcgis/rest/services/Siebert_SWOTT_Lines/FeatureServer,https://mvrpc.maps.arcgis.com/home/item.html?id=7498e888572241d69fdff0f29b2a2842,
Siebert SWOTT Points,MVRPC (regional),mkim@mvrpc.org (msimpson_MVRPC),,Miami Valley region,address/point,"Public — ArcGIS REST API, no auth",live service (verify),"ArcGIS FeatureServer/MapServer; GeoJSON, CSV, Shapefile export",,,2020-07-08,,Y,"Create,Delete,Query,Update,Editing,Sync",,,,https://services.arcgis.com/3TIUdMHOqnLBrZEH/arcgis/rest/services/Siebert_TNI_SWOTT_Points/FeatureServer,https://mvrpc.maps.arcgis.com/home/item.html?id=f21fbf51822b40cca7de400f52e91563,
Siebert Weak Places,MVRPC (regional),mkim@mvrpc.org (msimpson_MVRPC),,Miami Valley region,,"Public — ArcGIS REST API, no auth",live service (verify),"ArcGIS FeatureServer/MapServer; GeoJSON, CSV, Shapefile export",,,2020-07-22,,Y,"Create,Delete,Query,Update,Editing,Sync",,,,https://services.arcgis.com/3TIUdMHOqnLBrZEH/arcgis/rest/services/Siebert_Weak_Places/FeatureServer,https://mvrpc.maps.arcgis.com/home/item.html?id=8c0d4e549a894e3b8a3431043c852a73,
SiebertProjectTNIParcels,MVRPC (regional),kypolk (msimpson_MVRPC),ownership/transfers,Miami Valley region,parcel,"Public — ArcGIS REST API, no auth",live service (verify),"ArcGIS FeatureServer/MapServer; GeoJSON, CSV, Shapefile export",,,2020-08-03,Y,Y,Query,,,,https://services.arcgis.com/3TIUdMHOqnLBrZEH/arcgis/rest/services/SiebertProjectTNIParcels/FeatureServer,https://mvrpc.maps.arcgis.com/home/item.html?id=27be9cb5ae1d4e9b9294acf45d38cf26,"Study area parcels within Siebert Neighborhood in Miamisburg,OH on behalf of Thriving Neighborhoods Initiative"
SiebertRiverviewProjectAreaBoundary,MVRPC (regional),kypolk (msimpson_MVRPC),affordability/tenure,Miami Valley region,neighborhood,"Public — ArcGIS REST API, no auth",live service (verify),"ArcGIS FeatureServer/MapServer; GeoJSON, CSV, Shapefile export",,,2020-08-10,Y,Y,Query,,,,https://services.arcgis.com/3TIUdMHOqnLBrZEH/arcgis/rest/services/SiebertProjectAreaBoundary/FeatureServer,https://mvrpc.maps.arcgis.com/home/item.html?id=90fd0840ca674df9a8253b74f44cecca,"Study area boundary for Siebert/Riverview Neighborhood in Miamisburg,OH on behalf of Thriving Neighborhoods Initiative by Montgomery County Land Bank"
Single Parent Household Percentage,MVRPC (regional),tharner@mvrpc.org (msimpson_MVRPC),affordability/tenure,Miami Valley region,tract,"Public — ArcGIS REST API, no auth",live service (verify),"ArcGIS FeatureServer/MapServer; GeoJSON, CSV, Shapefile export",,,2020-01-17,,Y,Query,,,,https://services.arcgis.com/3TIUdMHOqnLBrZEH/arcgis/rest/services/ComprehensiveOpportunity_2014/FeatureServer,https://mvrpc.maps.arcgis.com/home/item.html?id=2cef8945790a43cdad7dfb6769148f97,"Percentage of single parent households, 2014, tract"
Single Parent Households Snapshot,MVRPC (regional),msimpson_MVRPC (msimpson_MVRPC),affordability/tenure,Miami Valley region,,"Public — ArcGIS REST API, no auth",live service (verify),"ArcGIS FeatureServer/MapServer; GeoJSON, CSV, Shapefile export",,,2021-12-02,,N,"Map,TilesOnly,Tilemap",,,,https://tiles.arcgis.com/tiles/3TIUdMHOqnLBrZEH/arcgis/rest/services/Single_Parent_Households_Snapshot/MapServer,https://mvrpc.maps.arcgis.com/home/item.html?id=1eb2515a06fe4b58a294093c321d6fee,Single Parent Households Snapshot
Single Parent Households Snapshot V2,MVRPC (regional),msimpson_MVRPC (msimpson_MVRPC),affordability/tenure,Miami Valley region,,"Public — ArcGIS REST API, no auth",live service (verify),"ArcGIS FeatureServer/MapServer; GeoJSON, CSV, Shapefile export",,,2022-02-07,,N,"Map,TilesOnly,Tilemap",,,,https://tiles.arcgis.com/tiles/3TIUdMHOqnLBrZEH/arcgis/rest/services/Single_Parent_Households_Snapshot_V2/MapServer,https://mvrpc.maps.arcgis.com/home/item.html?id=026f6810bac640d0942f7ce8c75a31d9,MVRPC
Single Parent Households Trend,MVRPC (regional),msimpson_MVRPC (msimpson_MVRPC),affordability/tenure,Miami Valley region,,"Public — ArcGIS REST API, no auth",live service (verify),"ArcGIS FeatureServer/MapServer; GeoJSON, CSV, Shapefile export",,,2021-11-24,,N,"Map,TilesOnly,Tilemap",,,,https://tiles.arcgis.com/tiles/3TIUdMHOqnLBrZEH/arcgis/rest/services/Single_Parent_Households_Trend/MapServer,https://mvrpc.maps.arcgis.com/home/item.html?id=dd61f3c5e42446b6b9aa279af2814255,Single Parent Househoulds Trend
Six County Boundary Tiles,MVRPC (regional),tharner@mvrpc.org (msimpson_MVRPC),geography/reference,Miami Valley region,jurisdiction/county,"Public — ArcGIS REST API, no auth",live service (verify),"ArcGIS FeatureServer/MapServer; GeoJSON, CSV, Shapefile export",,,2018-06-19,,N,service unreachable: HTTP Error 500: Internal Server Error,,,,https://gis.mvrpc.org/arcgis/rest/services/Boundaries/SixCountyBoundaryTile/MapServer,https://mvrpc.maps.arcgis.com/home/item.html?id=1dd77a7925dc4a6bb145b2a4cd58885b,Jurisdictions boundaries and labels
SixCountiesAndNorthernWaren,MVRPC (regional),msimpson_MVRPC (msimpson_MVRPC),,Miami Valley region,jurisdiction/county,"Public — ArcGIS REST API, no auth",live service (verify),"ArcGIS FeatureServer/MapServer; GeoJSON, CSV, Shapefile export",,,2025-02-18,,Y,Query,,,,https://services.arcgis.com/3TIUdMHOqnLBrZEH/arcgis/rest/services/SixCountiesAndNorthernWaren/FeatureServer,https://mvrpc.maps.arcgis.com/home/item.html?id=2197517cf69d4a5fa3e99b68c283ca58,
Slope,MVRPC (regional),tharner@mvrpc.org (msimpson_MVRPC),affordability/tenure,Miami Valley region,jurisdiction/county,"Public — ArcGIS REST API, no auth",live service (verify),"ArcGIS FeatureServer/MapServer; GeoJSON, CSV, Shapefile export",,,2019-08-22,,N,"Map,TilesOnly",,,,https://tiles.arcgis.com/tiles/3TIUdMHOqnLBrZEH/arcgis/rest/services/Slope/MapServer,https://mvrpc.maps.arcgis.com/home/item.html?id=3181c70ab25142a88c1d08053a2a9b64,Slope for the 8-county Miami Valley region
SNAP or WIC Acceptance,MVRPC (regional),Reggie_Steward (msimpson_MVRPC),,Miami Valley region,,"Public — ArcGIS REST API, no auth",live service (verify),"ArcGIS FeatureServer/MapServer; GeoJSON, CSV, Shapefile export",,,2026-07-31,,Y,Query,,,,https://services.arcgis.com/3TIUdMHOqnLBrZEH/arcgis/rest/services/SNAP_or_WIC_Acceptance/FeatureServer,https://mvrpc.maps.arcgis.com/home/item.html?id=036e7ec09a41439b903e71694c684495,
Social and Community Context Domain,MVRPC (regional),msimpson_MVRPC (msimpson_MVRPC),zoning/land use,Miami Valley region,,"Public — ArcGIS REST API, no auth",live service (verify),"ArcGIS FeatureServer/MapServer; GeoJSON, CSV, Shapefile export",,,2021-12-02,,N,"Map,TilesOnly,Tilemap",,,,https://tiles.arcgis.com/tiles/3TIUdMHOqnLBrZEH/arcgis/rest/services/Social_and_Community_Context_Domain/MapServer,https://mvrpc.maps.arcgis.com/home/item.html?id=4e390968075944f1b2d655f99d7055ab,Social and Community Context Domain
SocialIsolationTractUpdated,MVRPC (regional),msimpson_MVRPC (msimpson_MVRPC),demographics,Miami Valley region,tract,"Public — ArcGIS REST API, no auth",live service (verify),"ArcGIS FeatureServer/MapServer; GeoJSON, CSV, Shapefile export",,,2025-02-19,,Y,Query,,,,https://services.arcgis.com/3TIUdMHOqnLBrZEH/arcgis/rest/services/SocialIsolationTractUpdated/FeatureServer,https://mvrpc.maps.arcgis.com/home/item.html?id=ce2eb1811b0f4ca6bcd6ec54d52c887e,2020 Tracts for the MVRPC region.
Soil Drainage,MVRPC (regional),tharner@mvrpc.org (msimpson_MVRPC),affordability/tenure,Miami Valley region,jurisdiction/county,"Public — ArcGIS REST API, no auth",live service (verify),"ArcGIS FeatureServer/MapServer; GeoJSON, CSV, Shapefile export",,,2019-07-09,,N,"Map,TilesOnly",,,,https://tiles.arcgis.com/tiles/3TIUdMHOqnLBrZEH/arcgis/rest/services/SoilDrainage/MapServer,https://mvrpc.maps.arcgis.com/home/item.html?id=430c769205eb47059b84c87424c01a80,Soil Drainage for the 8-county Miami Valley region
Sole Source Aquifer,MVRPC (regional),tharner@mvrpc.org (msimpson_MVRPC),,Miami Valley region,,"Public — ArcGIS REST API, no auth",live service (verify),"ArcGIS FeatureServer/MapServer; GeoJSON, CSV, Shapefile export",,,2025-05-01,,N,"Map,TilesOnly,Tilemap",,,,https://tiles.arcgis.com/tiles/3TIUdMHOqnLBrZEH/arcgis/rest/services/Sole_Source_Aquifer/MapServer,https://mvrpc.maps.arcgis.com/home/item.html?id=f786cfac8f9e4349bb8d5e06dbb63c44,Summary
Speed Limit (Properties Saved),MVRPC (regional),msimpson_MVRPC (msimpson_MVRPC),ownership/transfers,Miami Valley region,parcel,"Public — ArcGIS REST API, no auth",live service (verify),"ArcGIS FeatureServer/MapServer; GeoJSON, CSV, Shapefile export",,,2025-07-11,Y,Y,Query,,,,https://services.arcgis.com/3TIUdMHOqnLBrZEH/arcgis/rest/services/LTSandSpeedLimits_MCPH/FeatureServer,https://mvrpc.maps.arcgis.com/home/item.html?id=1ab82f48e33f4a4a90719290ab2ae7ae,
SpeedLimitsAndLTS_MCPH,MVRPC (regional),msimpson_MVRPC (msimpson_MVRPC),,Miami Valley region,,"Public — ArcGIS REST API, no auth",live service (verify),"ArcGIS FeatureServer/MapServer; GeoJSON, CSV, Shapefile export",,,2025-07-01,,Y,Query,,,,https://services.arcgis.com/3TIUdMHOqnLBrZEH/arcgis/rest/services/SpeedLimitsAndLTS_MCPH/FeatureServer,https://mvrpc.maps.arcgis.com/home/item.html?id=cfe2a0812c044cb88c10fd3941683344,
Springcreek Twp MultiZone_V,MVRPC (regional),tharner@mvrpc.org (msimpson_MVRPC),ownership/transfers,Miami Valley region,parcel,"Public — ArcGIS REST API, no auth",live service (verify),"ArcGIS FeatureServer/MapServer; GeoJSON, CSV, Shapefile export",,,2017-10-30,Y,Y,Query,,,,https://services.arcgis.com/3TIUdMHOqnLBrZEH/arcgis/rest/services/Springcreek_Twp_MultiZone_V/FeatureServer,https://mvrpc.maps.arcgis.com/home/item.html?id=1d8ead87a5184297abc494a83a0ae54f,"Parcels with multiple zones for Springcreek Twp, Miami County, 2016"
Springcreek Twp Zoning_V,MVRPC (regional),tharner@mvrpc.org (msimpson_MVRPC),affordability/tenure,Miami Valley region,jurisdiction/county,"Public — ArcGIS REST API, no auth",live service (verify),"ArcGIS FeatureServer/MapServer; GeoJSON, CSV, Shapefile export",,,2017-10-30,Y,Y,Query,,,,https://services.arcgis.com/3TIUdMHOqnLBrZEH/arcgis/rest/services/Springcreek_Twp_Zoning_V/FeatureServer,https://mvrpc.maps.arcgis.com/home/item.html?id=1a8fbfa006d34d24a780af4e13d6a1c9,"Zoning for Springcreek Twp, Miami County, Ohio, 2016"
SS4A County Corridors,MVRPC (regional),tharner@mvrpc.org (msimpson_MVRPC),,Miami Valley region,jurisdiction/county,"Public — ArcGIS REST API, no auth",live service (verify),"ArcGIS FeatureServer/MapServer; GeoJSON, CSV, Shapefile export",,,2026-03-26,,Y,Query,,,,https://services.arcgis.com/3TIUdMHOqnLBrZEH/arcgis/rest/services/SS4A_County_Corridors/FeatureServer,https://mvrpc.maps.arcgis.com/home/item.html?id=13b480ed71cc41c68fa3e95db631a781,
SS4A County Intersections,MVRPC (regional),tharner@mvrpc.org (msimpson_MVRPC),,Miami Valley region,jurisdiction/county,"Public — ArcGIS REST API, no auth",live service (verify),"ArcGIS FeatureServer/MapServer; GeoJSON, CSV, Shapefile export",,,2026-03-26,,Y,Query,,,,https://services.arcgis.com/3TIUdMHOqnLBrZEH/arcgis/rest/services/SS4A_County_Intersections/FeatureServer,https://mvrpc.maps.arcgis.com/home/item.html?id=7331a896b3a848b6bbd6468dfe4d26eb,
SS4A Regional Corridors,MVRPC (regional),tharner@mvrpc.org (msimpson_MVRPC),,Miami Valley region,jurisdiction/county,"Public — ArcGIS REST API, no auth",live service (verify),"ArcGIS FeatureServer/MapServer; GeoJSON, CSV, Shapefile export",,,2026-03-26,,Y,Query,,,,https://services.arcgis.com/3TIUdMHOqnLBrZEH/arcgis/rest/services/SS4A_Regional_Corridors/FeatureServer,https://mvrpc.maps.arcgis.com/home/item.html?id=b104730aa3514dcf90593cec11a017e5,
SS4A Regional Intersections,MVRPC (regional),tharner@mvrpc.org (msimpson_MVRPC),,Miami Valley region,jurisdiction/county,"Public — ArcGIS REST API, no auth",live service (verify),"ArcGIS FeatureServer/MapServer; GeoJSON, CSV, Shapefile export",,,2026-03-26,,Y,Query,,,,https://services.arcgis.com/3TIUdMHOqnLBrZEH/arcgis/rest/services/SS4A_Regional_Intersections/FeatureServer,https://mvrpc.maps.arcgis.com/home/item.html?id=a6d319edc9b84ff0877e1e28bd094b83,
Staunton Twp MultiZone_V,MVRPC (regional),tharner@mvrpc.org (msimpson_MVRPC),ownership/transfers,Miami Valley region,parcel,"Public — ArcGIS REST API, no auth",live service (verify),"ArcGIS FeatureServer/MapServer; GeoJSON, CSV, Shapefile export",,,2017-10-30,Y,Y,Query,,,,https://services.arcgis.com/3TIUdMHOqnLBrZEH/arcgis/rest/services/Staunton_Twp_MultiZone_V/FeatureServer,https://mvrpc.maps.arcgis.com/home/item.html?id=fafe0fe8af824403b317eb71610a882d,"Parcels with multiple zones for Staunton Twp, Miami County, 2016"
Staunton Twp Zoning_V,MVRPC (regional),tharner@mvrpc.org (msimpson_MVRPC),affordability/tenure,Miami Valley region,jurisdiction/county,"Public — ArcGIS REST API, no auth",live service (verify),"ArcGIS FeatureServer/MapServer; GeoJSON, CSV, Shapefile export",,,2017-10-30,Y,Y,Query,,,,https://services.arcgis.com/3TIUdMHOqnLBrZEH/arcgis/rest/services/Staunton_Twp_Zoning_V/FeatureServer,https://mvrpc.maps.arcgis.com/home/item.html?id=793698b3738544479b7d1039d4e468c7,"Zoning for Staunton Twp, Miami County, Ohio, 2016"
Storm Reporting Training25_mhk_WFL1,MVRPC (regional),mkim@mvrpc.org (msimpson_MVRPC),infrastructure,Miami Valley region,,"Public — ArcGIS REST API, no auth",live service (verify),"ArcGIS FeatureServer/MapServer; GeoJSON, CSV, Shapefile export",,,2025-11-13,,Y,"Create,Delete,Query,Update,Editing",,,,https://services.arcgis.com/3TIUdMHOqnLBrZEH/arcgis/rest/services/Storm_Reporting_Training25_mhk_WFL1/FeatureServer,https://mvrpc.maps.arcgis.com/home/item.html?id=554a9f7662484b90857aa6df74cc7ef6,
Storm Reporting Training_MiloSimpson_WFL1,MVRPC (regional),msimpson_MVRPC (msimpson_MVRPC),infrastructure,Miami Valley region,,"Public — ArcGIS REST API, no auth",live service (verify),"ArcGIS FeatureServer/MapServer; GeoJSON, CSV, Shapefile export",,,2025-11-11,,Y,"Create,Delete,Query,Update,Editing",,,,https://services.arcgis.com/3TIUdMHOqnLBrZEH/arcgis/rest/services/Storm_Reporting_Training_MiloSimpson_WFL1/FeatureServer,https://mvrpc.maps.arcgis.com/home/item.html?id=4a7b4c03837d45849bd3c140e10bd50e,Map for MVRPC GIS Training - Test November 2025
StormReporting Training_25_WFL1,MVRPC (regional),kypolk (msimpson_MVRPC),infrastructure,Miami Valley region,,"Public — ArcGIS REST API, no auth",live service (verify),"ArcGIS FeatureServer/MapServer; GeoJSON, CSV, Shapefile export",,,2025-11-06,,Y,"Create,Delete,Query,Update,Editing",,,,https://services.arcgis.com/3TIUdMHOqnLBrZEH/arcgis/rest/services/StormReporting_Training_25_WFL1/FeatureServer,https://mvrpc.maps.arcgis.com/home/item.html?id=7d62c71e7db548f7a60fbca5ad6a7237,Test for training purposes
StormReportingTraining_WFL1,MVRPC (regional),kypolk (msimpson_MVRPC),infrastructure,Miami Valley region,,"Public — ArcGIS REST API, no auth",live service (verify),"ArcGIS FeatureServer/MapServer; GeoJSON, CSV, Shapefile export",,,2024-11-08,,Y,"Create,Delete,Query,Update,Editing",,,,https://services.arcgis.com/3TIUdMHOqnLBrZEH/arcgis/rest/services/StormReportingTraining_WFL1/FeatureServer,https://mvrpc.maps.arcgis.com/home/item.html?id=42d75d061eea430e88f152492313e76f,pretend summary goes here
Strong,MVRPC (regional),msimpson_MVRPC (msimpson_MVRPC),,Miami Valley region,,"Public — ArcGIS REST API, no auth",live service (verify),"ArcGIS FeatureServer/MapServer; GeoJSON, CSV, Shapefile export",,,2020-08-19,,Y,"Create,Delete,Query,Update,Editing,Sync,ChangeTracking",,,,https://services.arcgis.com/3TIUdMHOqnLBrZEH/arcgis/rest/services/Strong/FeatureServer,https://mvrpc.maps.arcgis.com/home/item.html?id=2f4e68a0595d42859d4a66c7af9543d3,
Strong Place Points in Siebert Riverview,MVRPC (regional),kypolk (msimpson_MVRPC),affordability/tenure,Miami Valley region,address/point,"Public — ArcGIS REST API, no auth",live service (verify),"ArcGIS FeatureServer/MapServer; GeoJSON, CSV, Shapefile export",,,2020-08-10,,Y,"Create,Delete,Query,Update,Editing,Sync",,,,https://services.arcgis.com/3TIUdMHOqnLBrZEH/arcgis/rest/services/Strong_Place_Points_in_Siebert_Riverview/FeatureServer,https://mvrpc.maps.arcgis.com/home/item.html?id=b3a1ff2ce43d4ad182156b12f3a8f0ec,THis is the revised strong points as of 12:19 Aug 10
Strong Places in Siebert Riverview,MVRPC (regional),kypolk (msimpson_MVRPC),affordability/tenure,Miami Valley region,,"Public — ArcGIS REST API, no auth",live service (verify),"ArcGIS FeatureServer/MapServer; GeoJSON, CSV, Shapefile export",,,2020-08-10,,Y,"Create,Delete,Query,Update,Editing,Sync",,,,https://services.arcgis.com/3TIUdMHOqnLBrZEH/arcgis/rest/services/TNI_Siebert_Points/FeatureServer,https://mvrpc.maps.arcgis.com/home/item.html?id=e26f67f03a144da889961e144f2d34b7,
Study Area,MVRPC (regional),msimpson_MVRPC (msimpson_MVRPC),,Miami Valley region,,"Public — ArcGIS REST API, no auth",live service (verify),"ArcGIS FeatureServer/MapServer; GeoJSON, CSV, Shapefile export",,,2025-05-08,,Y,Query,,,,https://services.arcgis.com/3TIUdMHOqnLBrZEH/arcgis/rest/services/Study_Area/FeatureServer,https://mvrpc.maps.arcgis.com/home/item.html?id=83da69d340894415b54e22288df719ad,
Study Area ZIP Codes,MVRPC (regional),msimpson_MVRPC (msimpson_MVRPC),investment/projects,Miami Valley region,,"Public — ArcGIS REST API, no auth",live service (verify),"ArcGIS FeatureServer/MapServer; GeoJSON, CSV, Shapefile export",,,2025-06-27,,Y,Query,,,,https://services.arcgis.com/3TIUdMHOqnLBrZEH/arcgis/rest/services/Study_Area_ZIP_Codes/FeatureServer,https://mvrpc.maps.arcgis.com/home/item.html?id=52dc171646d3408b959ff70c1cd2aee2,ZIP Codes for MCPH HEAL Project
StudyArea100MileBuffer,MVRPC (regional),msimpson_MVRPC (msimpson_MVRPC),,Miami Valley region,,"Public — ArcGIS REST API, no auth",live service (verify),"ArcGIS FeatureServer/MapServer; GeoJSON, CSV, Shapefile export",,,2025-07-01,,Y,Query,,,,https://services.arcgis.com/3TIUdMHOqnLBrZEH/arcgis/rest/services/StudyArea100MileBuffer/FeatureServer,https://mvrpc.maps.arcgis.com/home/item.html?id=0ccd4b8635a24f518cd9d2a57294ce2c,100 Mile buffer for MCPH HEAL
SunriseSunset,MVRPC (regional),kypolk (msimpson_MVRPC),zoning/land use,Miami Valley region,,"Public — ArcGIS REST API, no auth",live service (verify),"ArcGIS FeatureServer/MapServer; GeoJSON, CSV, Shapefile export",,,2018-11-20,,N,"Map,TilesOnly",,,,https://tiles.arcgis.com/tiles/3TIUdMHOqnLBrZEH/arcgis/rest/services/SunriseSunset/MapServer,https://mvrpc.maps.arcgis.com/home/item.html?id=2f8b4f6b732547f5be096156bd5ec97c,Proposed SunRise Sunset Parks for the Dayton Riverfront Master Plan
SunriseSunset2,MVRPC (regional),kypolk (msimpson_MVRPC),zoning/land use,Miami Valley region,,"Public — ArcGIS REST API, no auth",live service (verify),"ArcGIS FeatureServer/MapServer; GeoJSON, CSV, Shapefile export",,,2018-11-27,,N,"Map,TilesOnly",,,,https://tiles.arcgis.com/tiles/3TIUdMHOqnLBrZEH/arcgis/rest/services/SunriseSunset2/MapServer,https://mvrpc.maps.arcgis.com/home/item.html?id=76d9af2f15ed453b92a5807945cdf084,Conceptual drawings of proposed Sunrise and Sunset Parks in 2018 Dayton Riverfront Master Plan
Surface Water,MVRPC (regional),tharner@mvrpc.org (msimpson_MVRPC),infrastructure,Miami Valley region,,"Public — ArcGIS REST API, no auth",live service (verify),"ArcGIS FeatureServer/MapServer; GeoJSON, CSV, Shapefile export",,,2025-05-01,,N,"Map,TilesOnly,Tilemap",,,,https://tiles.arcgis.com/tiles/3TIUdMHOqnLBrZEH/arcgis/rest/services/Surface_Water/MapServer,https://mvrpc.maps.arcgis.com/home/item.html?id=86c91d0ce16b480a9ce05909886e5153,Summary
Survey Results CSV,MVRPC (regional),msimpson_MVRPC (msimpson_MVRPC),,Miami Valley region,,"Public — ArcGIS REST API, no auth",live service (verify),"ArcGIS FeatureServer/MapServer; GeoJSON, CSV, Shapefile export",,,2020-07-06,,Y,Query,,,,https://services.arcgis.com/3TIUdMHOqnLBrZEH/arcgis/rest/services/Survey_Results_CSV/FeatureServer,https://mvrpc.maps.arcgis.com/home/item.html?id=0f035c747a354c39b7e0d09e2ebd1307,
tax_district,MVRPC (regional),ewhitaker_MVRPC (msimpson_MVRPC),tax/delinquency,Miami Valley region,neighborhood,"Public — ArcGIS REST API, no auth",live service (verify),"ArcGIS FeatureServer/MapServer; GeoJSON, CSV, Shapefile export",,,2020-05-15,Y,Y,Query,,,,https://services.arcgis.com/3TIUdMHOqnLBrZEH/arcgis/rest/services/tax_district/FeatureServer,https://mvrpc.maps.arcgis.com/home/item.html?id=28c55e4bf4e04bda9ae7fbee52b02f69,Census 2020 Low Response Score
TAZ 2020,MVRPC (regional),tharner@mvrpc.org (msimpson_MVRPC),geography/reference,Miami Valley region,jurisdiction/county,"Public — ArcGIS REST API, no auth",live service (verify),"ArcGIS FeatureServer/MapServer; GeoJSON, CSV, Shapefile export",,,2025-01-16,,Y,"Query,Extract",,,,https://services.arcgis.com/3TIUdMHOqnLBrZEH/arcgis/rest/services/TAZ_2020/FeatureServer,https://mvrpc.maps.arcgis.com/home/item.html?id=ebfe4fc68a92458195b6d8505246c000,2020 TAZ boundaries for the MVRPC & OKI regions.
TAZ2000x2010data,MVRPC (regional),tharner@mvrpc.org (msimpson_MVRPC),,Miami Valley region,,"Public — ArcGIS REST API, no auth",live service (verify),"ArcGIS FeatureServer/MapServer; GeoJSON, CSV, Shapefile export",,,2016-01-14,,Y,Query,,,,https://services.arcgis.com/3TIUdMHOqnLBrZEH/arcgis/rest/services/TAZ2000x2010data/FeatureServer,https://mvrpc.maps.arcgis.com/home/item.html?id=6221fa94276d47e1b395911a568f313d,TAZ 2000
TAZ2000x2010data,MVRPC (regional),tharner@mvrpc.org (msimpson_MVRPC),,Miami Valley region,,"Public — ArcGIS REST API, no auth",live service (verify),"ArcGIS FeatureServer/MapServer; GeoJSON, CSV, Shapefile export",,,2016-01-14,,N,"Map,TilesOnly",,,,https://tiles.arcgis.com/tiles/3TIUdMHOqnLBrZEH/arcgis/rest/services/TAZ2000x2010data/MapServer,https://mvrpc.maps.arcgis.com/home/item.html?id=124618f9b1eb4602a6dcbc42e0dd3cbb,TAZ 2000
TAZPopulationProjections,MVRPC (regional),msimpson_MVRPC (msimpson_MVRPC),investment/projects,Miami Valley region,,"Public — ArcGIS REST API, no auth",live service (verify),"ArcGIS FeatureServer/MapServer; GeoJSON, CSV, Shapefile export",,,2022-10-03,Y,Y,Query,,,,https://services.arcgis.com/3TIUdMHOqnLBrZEH/arcgis/rest/services/TAZPopulationProjections/FeatureServer,https://mvrpc.maps.arcgis.com/home/item.html?id=1134edc3ff324732a5979c5bbf0b2d56,
Telus2427,MVRPC (regional),tharner@mvrpc.org (msimpson_MVRPC),,Miami Valley region,,"Public — ArcGIS REST API, no auth",live service (verify),"ArcGIS FeatureServer/MapServer; GeoJSON, CSV, Shapefile export",,,2025-03-05,,Y,"Create,Delete,Query,Update,Editing,Extract,Sync",,,,https://services.arcgis.com/3TIUdMHOqnLBrZEH/arcgis/rest/services/survey123_9a029d1b93b7455b919cf6590c03a608/FeatureServer,https://mvrpc.maps.arcgis.com/home/item.html?id=127f73b8cf22447b89af6d80acfcf0fd,
Telus2427_form,MVRPC (regional),tharner@mvrpc.org (msimpson_MVRPC),,Miami Valley region,,"Public — ArcGIS REST API, no auth",live service (verify),"ArcGIS FeatureServer/MapServer; GeoJSON, CSV, Shapefile export",,,2025-03-06,,N,"Create,Editing",,,,https://services.arcgis.com/3TIUdMHOqnLBrZEH/arcgis/rest/services/survey123_9a029d1b93b7455b919cf6590c03a608_form/FeatureServer,https://mvrpc.maps.arcgis.com/home/item.html?id=211be604faac4346abab7c5c5fd57205,
Test Layer Crowdsource Polling,MVRPC (regional),msimpson_MVRPC (msimpson_MVRPC),,Miami Valley region,,"Public — ArcGIS REST API, no auth",live service (verify),"ArcGIS FeatureServer/MapServer; GeoJSON, CSV, Shapefile export",,,2020-06-29,,Y,"Create,Delete,Query,Update,Editing,Sync",,,,https://services.arcgis.com/3TIUdMHOqnLBrZEH/arcgis/rest/services/Test_Layer_Crowdsource_Polling/FeatureServer,https://mvrpc.maps.arcgis.com/home/item.html?id=1f6f0ce5c33c46cbb851aedc0b48e3d3,
Test Layer Crowdsource Polling View Layer,MVRPC (regional),msimpson_MVRPC (msimpson_MVRPC),,Miami Valley region,,"Public — ArcGIS REST API, no auth",live service (verify),"ArcGIS FeatureServer/MapServer; GeoJSON, CSV, Shapefile export",,,2020-06-29,,Y,Query,,,,https://services.arcgis.com/3TIUdMHOqnLBrZEH/arcgis/rest/services/Test_Layer_Crowdsource_Polling_View_Layer/FeatureServer,https://mvrpc.maps.arcgis.com/home/item.html?id=655e3febeb324939a688d4c59a594fe9,
testing,MVRPC (regional),tharner@mvrpc.org (msimpson_MVRPC),,Miami Valley region,,"Public — ArcGIS REST API, no auth",live service (verify),"ArcGIS FeatureServer/MapServer; GeoJSON, CSV, Shapefile export",,,2019-10-11,,Y,Query,,,,https://services.arcgis.com/3TIUdMHOqnLBrZEH/arcgis/rest/services/testing/FeatureServer,https://mvrpc.maps.arcgis.com/home/item.html?id=68a2e25a186140f5902183ca62ca4fee,
TheGreatMiamiRiver,MVRPC (regional),kypolk (msimpson_MVRPC),affordability/tenure,Miami Valley region,,"Public — ArcGIS REST API, no auth",live service (verify),"ArcGIS FeatureServer/MapServer; GeoJSON, CSV, Shapefile export",,,2020-03-19,,Y,Query,,,,https://services.arcgis.com/3TIUdMHOqnLBrZEH/arcgis/rest/services/TheGreatMiamiRiver/FeatureServer,https://mvrpc.maps.arcgis.com/home/item.html?id=ea9c6c4174d64fc5969849f24785a4e5,Great Miami River feature layer
Tiles_2000,MVRPC (regional),tharner@mvrpc.org (msimpson_MVRPC),,Miami Valley region,,"Public — ArcGIS REST API, no auth",live service (verify),"ArcGIS FeatureServer/MapServer; GeoJSON, CSV, Shapefile export",,,2014-04-22,,Y,Query,,,,https://services.arcgis.com/3TIUdMHOqnLBrZEH/arcgis/rest/services/Tiles_2000/FeatureServer,https://mvrpc.maps.arcgis.com/home/item.html?id=52e52352a8f043b883f33a22b225e1a0,Ortho Tiles
TIP 26_29 lines,MVRPC (regional),tharner@mvrpc.org (msimpson_MVRPC),investment/projects,Miami Valley region,,"Public — ArcGIS REST API, no auth",live service (verify),"ArcGIS FeatureServer/MapServer; GeoJSON, CSV, Shapefile export",,,2026-07-23,,Y,Query,,,,https://services.arcgis.com/3TIUdMHOqnLBrZEH/arcgis/rest/services/TIP_26_29_lines/FeatureServer,https://mvrpc.maps.arcgis.com/home/item.html?id=5e854872864b484a978d89dea756585c,"TIP line projects for 2026 - 2029, updated 7/23/26"
TIP 26_29 points,MVRPC (regional),tharner@mvrpc.org (msimpson_MVRPC),investment/projects,Miami Valley region,address/point,"Public — ArcGIS REST API, no auth",live service (verify),"ArcGIS FeatureServer/MapServer; GeoJSON, CSV, Shapefile export",,,2026-07-23,,Y,Query,,,,https://services.arcgis.com/3TIUdMHOqnLBrZEH/arcgis/rest/services/TIP_26_29_points/FeatureServer,https://mvrpc.maps.arcgis.com/home/item.html?id=ed7e1c18b30f4596b6c62323b3d6d41d,TIP point projects for 2026  - 2029; updated 7/23/26
TipPointsandLines,MVRPC (regional),kypolk (msimpson_MVRPC),affordability/tenure,Miami Valley region,address/point,"Public — ArcGIS REST API, no auth",live service (verify),"ArcGIS FeatureServer/MapServer; GeoJSON, CSV, Shapefile export",,,2017-05-18,,Y,Query,,,,https://services.arcgis.com/3TIUdMHOqnLBrZEH/arcgis/rest/services/TipPointsandLines/FeatureServer,https://mvrpc.maps.arcgis.com/home/item.html?id=66a954ae7c974129a826607fe95f5a6b,2018 TIP and 2016 LRTP in Miami Valley
"Tornado Damage, Miami Valley 2019x",MVRPC (regional),tharner@mvrpc.org (msimpson_MVRPC),affordability/tenure,Miami Valley region,jurisdiction/county,"Public — ArcGIS REST API, no auth",live service (verify),"ArcGIS FeatureServer/MapServer; GeoJSON, CSV, Shapefile export",,,2021-05-14,,Y,"Query,Extract",,,,https://services.arcgis.com/3TIUdMHOqnLBrZEH/arcgis/rest/services/MV_Tornado_Damage_519/FeatureServer,https://mvrpc.maps.arcgis.com/home/item.html?id=e5b035e1b21f4483b9d5376721be42e2,"Tornado damage inventory for Miami, Montgomery & Greene Counties. Data reflects damage from 5/28/19 tornado event."
TornadoCases_and_Damagedx,MVRPC (regional),tharner@mvrpc.org (msimpson_MVRPC),,Miami Valley region,jurisdiction/county,"Public — ArcGIS REST API, no auth",live service (verify),"ArcGIS FeatureServer/MapServer; GeoJSON, CSV, Shapefile export",,,2021-05-14,,Y,Query,,,,https://services.arcgis.com/3TIUdMHOqnLBrZEH/arcgis/rest/services/TornadoCases_and_Damaged/FeatureServer,https://mvrpc.maps.arcgis.com/home/item.html?id=fac438055144496a9afcab20b9d2a064,Locations in CMS or Reported Damaged from county sources 4/8/20
TornadoCases_CountyDamage_Aug20,MVRPC (regional),tharner@mvrpc.org (msimpson_MVRPC),,Miami Valley region,jurisdiction/county,"Public — ArcGIS REST API, no auth",live service (verify),"ArcGIS FeatureServer/MapServer; GeoJSON, CSV, Shapefile export",,,2024-08-09,,Y,Query,,,,https://services.arcgis.com/3TIUdMHOqnLBrZEH/arcgis/rest/services/TornadoCases_CountyDamage_Aug20/FeatureServer,https://mvrpc.maps.arcgis.com/home/item.html?id=dfc7276951c34b2e8ae2a6a81c99f5e2,Case management system data and data from county surveys of tornado damage.
TornadoDamageCases_and_County_May20x,MVRPC (regional),tharner@mvrpc.org (msimpson_MVRPC),,Miami Valley region,jurisdiction/county,"Public — ArcGIS REST API, no auth",live service (verify),"ArcGIS FeatureServer/MapServer; GeoJSON, CSV, Shapefile export",,,2021-05-14,,Y,Query,,,,https://services.arcgis.com/3TIUdMHOqnLBrZEH/arcgis/rest/services/TornadoDamageCaes_and_County_May20/FeatureServer,https://mvrpc.maps.arcgis.com/home/item.html?id=8ef5113514b64af7b4cc9af3d5f151d9,Tornado damage inventory from May 2019; updated July 2020
TotalTableProperty,MVRPC (regional),msimpson_MVRPC (msimpson_MVRPC),ownership/transfers,Miami Valley region,parcel,"Public — ArcGIS REST API, no auth",live service (verify),"ArcGIS FeatureServer/MapServer; GeoJSON, CSV, Shapefile export",,,2022-02-09,Y,Y,Query,,,,https://services.arcgis.com/3TIUdMHOqnLBrZEH/arcgis/rest/services/TotalTableProperty/FeatureServer,https://mvrpc.maps.arcgis.com/home/item.html?id=de1c84d925e1414882ce4cf2a6a5c9e6,
TotalUrbanExtent,MVRPC (regional),msimpson_MVRPC (msimpson_MVRPC),,Miami Valley region,,"Public — ArcGIS REST API, no auth",live service (verify),"ArcGIS FeatureServer/MapServer; GeoJSON, CSV, Shapefile export",,,2022-09-09,,Y,Query,,,,https://services.arcgis.com/3TIUdMHOqnLBrZEH/arcgis/rest/services/TotalUrbanExtent/FeatureServer,https://mvrpc.maps.arcgis.com/home/item.html?id=e33a5146c07c4f42886fd3a78efa0c41,
TotalUrbanExtentWithShelby,MVRPC (regional),msimpson_MVRPC (msimpson_MVRPC),,Miami Valley region,,"Public — ArcGIS REST API, no auth",live service (verify),"ArcGIS FeatureServer/MapServer; GeoJSON, CSV, Shapefile export",,,2025-02-28,,Y,Query,,,,https://services.arcgis.com/3TIUdMHOqnLBrZEH/arcgis/rest/services/TotalUrbanExtentWithShelby/FeatureServer,https://mvrpc.maps.arcgis.com/home/item.html?id=546d491314ad4cd6903222fb4d74e6a9,
Tourism Amenities Composite,MVRPC (regional),kypolk (msimpson_MVRPC),affordability/tenure,Miami Valley region,,"Public — ArcGIS REST API, no auth",live service (verify),"ArcGIS FeatureServer/MapServer; GeoJSON, CSV, Shapefile export",,,2020-02-18,,Y,Query,,,,https://services.arcgis.com/3TIUdMHOqnLBrZEH/arcgis/rest/services/TourismComposite/FeatureServer,https://mvrpc.maps.arcgis.com/home/item.html?id=9583f000b2e54e3eb4367e9c5d7c8a93,Composite of tourism amenities for Great Miami Riverway proximity analysis
TourismDeserts,MVRPC (regional),kypolk (msimpson_MVRPC),,Miami Valley region,,"Public — ArcGIS REST API, no auth",live service (verify),"ArcGIS FeatureServer/MapServer; GeoJSON, CSV, Shapefile export",,,2020-01-27,,Y,Query,,,,https://services.arcgis.com/3TIUdMHOqnLBrZEH/arcgis/rest/services/TourismDeserts/FeatureServer,https://mvrpc.maps.arcgis.com/home/item.html?id=9f75b88ce832406490c9adb82242e6df,assets and deserts for tourism features
Tracts_All_Health_with_NorthernWarren,MVRPC (regional),msimpson_MVRPC (msimpson_MVRPC),demographics,Miami Valley region,tract,"Public — ArcGIS REST API, no auth",live service (verify),"ArcGIS FeatureServer/MapServer; GeoJSON, CSV, Shapefile export",,,2025-02-27,,Y,Query,,,,https://services.arcgis.com/3TIUdMHOqnLBrZEH/arcgis/rest/services/Tracts_All_Health_with_NorthernWarren/FeatureServer,https://mvrpc.maps.arcgis.com/home/item.html?id=743644ed449f4edaa1374496460fe54f,2020 Tracts for the MVRPC region.
Tracts_All_Health_with_NorthernWarren_Updated,MVRPC (regional),msimpson_MVRPC (msimpson_MVRPC),demographics,Miami Valley region,tract,"Public — ArcGIS REST API, no auth",live service (verify),"ArcGIS FeatureServer/MapServer; GeoJSON, CSV, Shapefile export",,,2025-02-27,,Y,Query,,,,https://services.arcgis.com/3TIUdMHOqnLBrZEH/arcgis/rest/services/Tracts_All_Health_with_NorthernWarren_Updated/FeatureServer,https://mvrpc.maps.arcgis.com/home/item.html?id=a9f29d1135f04138ac0a5b79780787b2,2020 Tracts for the MVRPC region.
Tracts_HousingAge,MVRPC (regional),tharner@mvrpc.org (msimpson_MVRPC),demographics,Miami Valley region,tract,"Public — ArcGIS REST API, no auth",live service (verify),"ArcGIS FeatureServer/MapServer; GeoJSON, CSV, Shapefile export",,,2026-03-23,Y,Y,Query,,,,https://services.arcgis.com/3TIUdMHOqnLBrZEH/arcgis/rest/services/Tracts_HousingAge/FeatureServer,https://mvrpc.maps.arcgis.com/home/item.html?id=33532f124bcb4d6797cd56875d6a5006,
Trade and Transportation Group Layer,MVRPC (regional),kypolk (msimpson_MVRPC),affordability/tenure,Miami Valley region,jurisdiction/county,"Public — ArcGIS REST API, no auth",live service (verify),"ArcGIS FeatureServer/MapServer; GeoJSON, CSV, Shapefile export",,,2022-10-19,,Y,"Query,Extract",,,,https://services.arcgis.com/3TIUdMHOqnLBrZEH/arcgis/rest/services/TradeTransportationGroup/FeatureServer,https://mvrpc.maps.arcgis.com/home/item.html?id=b52a86a9dd3a4ba0912a7f3beff1a2ef,"LEHD data featuring count and demographic information for sectors in the Trade and Transportation Group from 2011 to 2019 for the Miami Valley Region including Darke, Greene, Miami, Montgomery, Preble"
Tradepoints,MVRPC (regional),kypolk (msimpson_MVRPC),affordability/tenure,Miami Valley region,address/point,"Public — ArcGIS REST API, no auth",live service (verify),"ArcGIS FeatureServer/MapServer; GeoJSON, CSV, Shapefile export",,,2022-04-29,,Y,Query,,,,https://services.arcgis.com/3TIUdMHOqnLBrZEH/arcgis/rest/services/Tradepoints/FeatureServer,https://mvrpc.maps.arcgis.com/home/item.html?id=284ae53f9ab143f8b0965aebbead4fac,point features for LEHD sectors for trade and transportation in the Miami Valley Region for years 2011 and 2019
TradeTransport,MVRPC (regional),kypolk (msimpson_MVRPC),affordability/tenure,Miami Valley region,jurisdiction/county,"Public — ArcGIS REST API, no auth",live service (verify),"ArcGIS FeatureServer/MapServer; GeoJSON, CSV, Shapefile export",,,2022-06-06,,Y,Query,,,,https://services.arcgis.com/3TIUdMHOqnLBrZEH/arcgis/rest/services/TradeTransport/FeatureServer,https://mvrpc.maps.arcgis.com/home/item.html?id=18da35fba38c478583262059ba174960,LEHD data on Trade and Transportation Sectors in 2011 and 2019 in Miami Valley Region
Traffic and trail counts 2024,MVRPC (regional),alee_MVRPC0 (msimpson_MVRPC),infrastructure,Miami Valley region,,"Public — ArcGIS REST API, no auth",live service (verify),"ArcGIS FeatureServer/MapServer; GeoJSON, CSV, Shapefile export",,,2026-03-05,,Y,"Query,Extract",,,,https://services.arcgis.com/3TIUdMHOqnLBrZEH/arcgis/rest/services/traffic_trail/FeatureServer,https://mvrpc.maps.arcgis.com/home/item.html?id=a8f643a82ab84e75b9822c6a60c2f02e,Traffic & Trail counts.
Traffic Index Snapshot,MVRPC (regional),msimpson_MVRPC (msimpson_MVRPC),zoning/land use,Miami Valley region,neighborhood,"Public — ArcGIS REST API, no auth",live service (verify),"ArcGIS FeatureServer/MapServer; GeoJSON, CSV, Shapefile export",,,2021-12-02,,N,"Map,TilesOnly,Tilemap",,,,https://tiles.arcgis.com/tiles/3TIUdMHOqnLBrZEH/arcgis/rest/services/Traffic_Index_Snapshot/MapServer,https://mvrpc.maps.arcgis.com/home/item.html?id=fcf9b0ca9bdc4e0995da543376a92d45,Traffic Index Snapshot
Traffic Index Snapshot V2,MVRPC (regional),msimpson_MVRPC (msimpson_MVRPC),infrastructure,Miami Valley region,,"Public — ArcGIS REST API, no auth",live service (verify),"ArcGIS FeatureServer/MapServer; GeoJSON, CSV, Shapefile export",,,2022-02-09,,N,"Map,TilesOnly,Tilemap",,,,https://tiles.arcgis.com/tiles/3TIUdMHOqnLBrZEH/arcgis/rest/services/Traffic_Index_Snapshot_V2/MapServer,https://mvrpc.maps.arcgis.com/home/item.html?id=3e84401723064a5b866baeb9701113e5,MVRPC
Traffic Stress,MVRPC (regional),msimpson_MVRPC (msimpson_MVRPC),infrastructure,Miami Valley region,,"Public — ArcGIS REST API, no auth",live service (verify),"ArcGIS FeatureServer/MapServer; GeoJSON, CSV, Shapefile export",,,2025-05-08,,Y,Query,,,,https://services.arcgis.com/3TIUdMHOqnLBrZEH/arcgis/rest/services/Traffic_Stress/FeatureServer,https://mvrpc.maps.arcgis.com/home/item.html?id=fd276ec08f8a4df1bafbe97dedb1f171,
TrafficIndex Placeholder,MVRPC (regional),msimpson_MVRPC (msimpson_MVRPC),infrastructure,Miami Valley region,,"Public — ArcGIS REST API, no auth",live service (verify),"ArcGIS FeatureServer/MapServer; GeoJSON, CSV, Shapefile export",,,2021-11-10,,N,"Map,TilesOnly",,,,https://tiles.arcgis.com/tiles/3TIUdMHOqnLBrZEH/arcgis/rest/services/TrafficIndexSM/MapServer,https://mvrpc.maps.arcgis.com/home/item.html?id=200f71613ddf4bb09eed0708eaa2d3a1,TrafficIndex
Trail User Counts,MVRPC (regional),alee_MVRPC0 (msimpson_MVRPC),,Miami Valley region,,"Public — ArcGIS REST API, no auth",live service (verify),"ArcGIS FeatureServer/MapServer; GeoJSON, CSV, Shapefile export",,,2026-03-05,,Y,Query,,,,https://services.arcgis.com/3TIUdMHOqnLBrZEH/arcgis/rest/services/BikewayCounts_2014to2024/FeatureServer,https://mvrpc.maps.arcgis.com/home/item.html?id=ac3ebce06ad445b480bfe4b70a30c543,
TrainingNovember24_WFL1,MVRPC (regional),msimpson_MVRPC (msimpson_MVRPC),,Miami Valley region,,"Public — ArcGIS REST API, no auth",live service (verify),"ArcGIS FeatureServer/MapServer; GeoJSON, CSV, Shapefile export",,,2024-11-19,,Y,"Create,Delete,Query,Update,Editing",,,,https://services.arcgis.com/3TIUdMHOqnLBrZEH/arcgis/rest/services/TrainingNovember24_WFL1/FeatureServer,https://mvrpc.maps.arcgis.com/home/item.html?id=1e35068e43e54b7bbc92e940a486ceb9,Training
Transit Routes,MVRPC (regional),tharner@mvrpc.org (msimpson_MVRPC),,Miami Valley region,,"Public — ArcGIS REST API, no auth",live service (verify),"ArcGIS FeatureServer/MapServer; GeoJSON, CSV, Shapefile export",,,2025-10-23,,Y,Query,,,,https://services.arcgis.com/3TIUdMHOqnLBrZEH/arcgis/rest/services/Transit_routes/FeatureServer,https://mvrpc.maps.arcgis.com/home/item.html?id=d0973f13044c4ec3b86212c5e83431a7,Transit routes for GDRTA & GreeneCATS. Updated 10/25.
Transit Routes in Miami Valley,MVRPC (regional),kypolk (msimpson_MVRPC),affordability/tenure,Miami Valley region,,"Public — ArcGIS REST API, no auth",live service (verify),"ArcGIS FeatureServer/MapServer; GeoJSON, CSV, Shapefile export",,,2020-12-03,,Y,Query,,,,https://services.arcgis.com/3TIUdMHOqnLBrZEH/arcgis/rest/services/Transit_WEB/FeatureServer,https://mvrpc.maps.arcgis.com/home/item.html?id=38221d12995c4f3896008458559c224a,Transit Routes in Miami Valley
TransitRefMap,MVRPC (regional),kypolk (msimpson_MVRPC),investment/projects,Miami Valley region,,"Public — ArcGIS REST API, no auth",live service (verify),"ArcGIS FeatureServer/MapServer; GeoJSON, CSV, Shapefile export",,,2020-04-13,,Y,"Create,Delete,Query,Editing",,,,https://services.arcgis.com/3TIUdMHOqnLBrZEH/arcgis/rest/services/TransitRefMap/FeatureServer,https://mvrpc.maps.arcgis.com/home/item.html?id=a7a4d956db2d4cf988f7d713daa7b07b,transit lines for reference project
TransitYS,MVRPC (regional),kypolk (msimpson_MVRPC),,Miami Valley region,,"Public — ArcGIS REST API, no auth",live service (verify),"ArcGIS FeatureServer/MapServer; GeoJSON, CSV, Shapefile export",,,2020-04-16,,Y,"Create,Delete,Query,Editing",,,,https://services.arcgis.com/3TIUdMHOqnLBrZEH/arcgis/rest/services/TransitYS/FeatureServer,https://mvrpc.maps.arcgis.com/home/item.html?id=25f308e9e90d4e1abe1cfbc831adcc4a,Transit in Yellow Springs
Transportation Network Connectivity,MVRPC (regional),tharner@mvrpc.org (msimpson_MVRPC),affordability/tenure,Miami Valley region,jurisdiction/county,"Public — ArcGIS REST API, no auth",live service (verify),"ArcGIS FeatureServer/MapServer; GeoJSON, CSV, Shapefile export",,,2014-07-24,,N,"Map,TilesOnly",,,,https://tiles.arcgis.com/tiles/3TIUdMHOqnLBrZEH/arcgis/rest/services/TranspNetwork/MapServer,https://mvrpc.maps.arcgis.com/home/item.html?id=0fd87684757b40188aef5c686e1beeea,Transportation Network Connectivity for the 3+ county Miami Valley region
"Transportation Urbanized Area, 2010",MVRPC (regional),tharner@mvrpc.org (msimpson_MVRPC),geography/reference,Miami Valley region,,"Public — ArcGIS REST API, no auth",live service (verify),"ArcGIS FeatureServer/MapServer; GeoJSON, CSV, Shapefile export",,,2019-08-22,,N,"Map,TilesOnly",,,,https://tiles.arcgis.com/tiles/3TIUdMHOqnLBrZEH/arcgis/rest/services/TransportationUA_2010/MapServer,https://mvrpc.maps.arcgis.com/home/item.html?id=03cf29e1d83a4dfb9479b06a12919859,2010 Transportation Urbanized Area for MVRPC
Transportation_Barrier__Clip,MVRPC (regional),msimpson_MVRPC (msimpson_MVRPC),,Miami Valley region,,"Public — ArcGIS REST API, no auth",live service (verify),"ArcGIS FeatureServer/MapServer; GeoJSON, CSV, Shapefile export",,,2025-02-26,,Y,Query,,,,https://services.arcgis.com/3TIUdMHOqnLBrZEH/arcgis/rest/services/Transportation_Barrier__Clip/FeatureServer,https://mvrpc.maps.arcgis.com/home/item.html?id=2a4800b2de104cf29962858d118d8a02,
Transportation_Barrier_ZIP,MVRPC (regional),msimpson_MVRPC (msimpson_MVRPC),,Miami Valley region,,"Public — ArcGIS REST API, no auth",live service (verify),"ArcGIS FeatureServer/MapServer; GeoJSON, CSV, Shapefile export",,,2025-02-13,,Y,Query,,,,https://services.arcgis.com/3TIUdMHOqnLBrZEH/arcgis/rest/services/Transportation_Barrier_ZIP/FeatureServer,https://mvrpc.maps.arcgis.com/home/item.html?id=238d478fd6b04961a4223641979c9ea1,
TransportationBarrierTractUpdated,MVRPC (regional),msimpson_MVRPC (msimpson_MVRPC),demographics,Miami Valley region,tract,"Public — ArcGIS REST API, no auth",live service (verify),"ArcGIS FeatureServer/MapServer; GeoJSON, CSV, Shapefile export",,,2025-02-19,,Y,Query,,,,https://services.arcgis.com/3TIUdMHOqnLBrZEH/arcgis/rest/services/TransportationBarrierTractUpdated/FeatureServer,https://mvrpc.maps.arcgis.com/home/item.html?id=3afd45ec350d42a7adbba0e6bc148f60,2020 Tracts for the MVRPC region.
traveltime2040,MVRPC (regional),tharner@mvrpc.org (msimpson_MVRPC),,Miami Valley region,,"Public — ArcGIS REST API, no auth",live service (verify),"ArcGIS FeatureServer/MapServer; GeoJSON, CSV, Shapefile export",,,2024-06-18,,Y,"Query,Extract",,,,https://services.arcgis.com/3TIUdMHOqnLBrZEH/arcgis/rest/services/traveltime2040_new/FeatureServer,https://mvrpc.maps.arcgis.com/home/item.html?id=0bcbc702237c429db8706423d86cec34,Feature layer generated from Generate Travel Areas
traveltime60_pub,MVRPC (regional),tharner@mvrpc.org (msimpson_MVRPC),,Miami Valley region,,"Public — ArcGIS REST API, no auth",live service (verify),"ArcGIS FeatureServer/MapServer; GeoJSON, CSV, Shapefile export",,,2024-06-13,,Y,Query,,,,https://services.arcgis.com/3TIUdMHOqnLBrZEH/arcgis/rest/services/traveltime60_pub/FeatureServer,https://mvrpc.maps.arcgis.com/home/item.html?id=bf8fcb6035e94a9a89c20e791ce05cc4,x
Trotwood SARA,MVRPC (regional),tharner@mvrpc.org (msimpson_MVRPC),,Miami Valley region,,"Public — ArcGIS REST API, no auth",live service (verify),"ArcGIS FeatureServer/MapServer; GeoJSON, CSV, Shapefile export",,,2018-01-02,,Y,Query,,,,https://services.arcgis.com/3TIUdMHOqnLBrZEH/arcgis/rest/services/TrotwoodSara/FeatureServer,https://mvrpc.maps.arcgis.com/home/item.html?id=d72af6d79ae5455a863fe15d185a717a,Trotwood SARA
"Trotwood Zoning, Jan20",MVRPC (regional),tharner@mvrpc.org (msimpson_MVRPC),zoning/land use,Miami Valley region,,"Public — ArcGIS REST API, no auth",live service (verify),"ArcGIS FeatureServer/MapServer; GeoJSON, CSV, Shapefile export",,,2026-06-01,Y,Y,Query,,,,https://services.arcgis.com/3TIUdMHOqnLBrZEH/arcgis/rest/services/TrotwoodZoning_jan20/FeatureServer,https://mvrpc.maps.arcgis.com/home/item.html?id=2bf24a62d9334eae86cc08af1e88e5d4,"Trotwood zoning,updated6/2026"
Truck Volume,MVRPC (regional),kypolk (msimpson_MVRPC),affordability/tenure,Miami Valley region,jurisdiction/county,"Public — ArcGIS REST API, no auth",live service (verify),"ArcGIS FeatureServer/MapServer; GeoJSON, CSV, Shapefile export",,,2020-12-03,,Y,Query,,,,https://services.arcgis.com/3TIUdMHOqnLBrZEH/arcgis/rest/services/TruckVolume_WEB/FeatureServer,https://mvrpc.maps.arcgis.com/home/item.html?id=0cfea1d9b0ce4cccaab02da05232f5d2,Truck volumes on area Miami Valley roads
TstngCrwdPllng,MVRPC (regional),kypolk (msimpson_MVRPC),,Miami Valley region,,"Public — ArcGIS REST API, no auth",live service (verify),"ArcGIS FeatureServer/MapServer; GeoJSON, CSV, Shapefile export",,,2020-09-14,,Y,"Create,Query,Editing",,,,https://services.arcgis.com/3TIUdMHOqnLBrZEH/arcgis/rest/services/TstngCrwdPllng/FeatureServer,https://mvrpc.maps.arcgis.com/home/item.html?id=03ddc53f7eb94d40a47d01589ab4f3c3,testing out the crowdpolling application with this hypothetical geodatabase
UAHexesWithMobilityData,MVRPC (regional),msimpson_MVRPC (msimpson_MVRPC),,Miami Valley region,,"Public — ArcGIS REST API, no auth",live service (verify),"ArcGIS FeatureServer/MapServer; GeoJSON, CSV, Shapefile export",,,2023-01-25,,Y,Query,,,,https://services.arcgis.com/3TIUdMHOqnLBrZEH/arcgis/rest/services/UAHexesWithMobilityData/FeatureServer,https://mvrpc.maps.arcgis.com/home/item.html?id=2d62ff232bed4dd8a7608fa990f6513e,
UAHexesWithMobilityData4ClassAdded,MVRPC (regional),msimpson_MVRPC (msimpson_MVRPC),,Miami Valley region,,"Public — ArcGIS REST API, no auth",live service (verify),"ArcGIS FeatureServer/MapServer; GeoJSON, CSV, Shapefile export",,,2023-01-25,,Y,Query,,,,https://services.arcgis.com/3TIUdMHOqnLBrZEH/arcgis/rest/services/UAHexesWithMobilityData4ClassAdded/FeatureServer,https://mvrpc.maps.arcgis.com/home/item.html?id=cf99998122ba404fa1cbb4d17751553f,
UAHexesWithMobilityDataAndRaceConc,MVRPC (regional),msimpson_MVRPC (msimpson_MVRPC),,Miami Valley region,,"Public — ArcGIS REST API, no auth",live service (verify),"ArcGIS FeatureServer/MapServer; GeoJSON, CSV, Shapefile export",,,2023-02-24,,Y,Query,,,,https://services.arcgis.com/3TIUdMHOqnLBrZEH/arcgis/rest/services/UAHexesWithMobilityDataAndRaceConc/FeatureServer,https://mvrpc.maps.arcgis.com/home/item.html?id=2bd0956a93ad4fa09aac3d17a2891dd7,
UAHexesWithMobilityDataUrbanHexesAdjusted,MVRPC (regional),msimpson_MVRPC (msimpson_MVRPC),,Miami Valley region,,"Public — ArcGIS REST API, no auth",live service (verify),"ArcGIS FeatureServer/MapServer; GeoJSON, CSV, Shapefile export",,,2023-02-08,,Y,Query,,,,https://services.arcgis.com/3TIUdMHOqnLBrZEH/arcgis/rest/services/UAHexesWithMobilityDataUrbanHexesAdjusted/FeatureServer,https://mvrpc.maps.arcgis.com/home/item.html?id=4bf1100616764b2996febc5702465041,
UAHexesWithShelbyAdded,MVRPC (regional),msimpson_MVRPC (msimpson_MVRPC),,Miami Valley region,,"Public — ArcGIS REST API, no auth",live service (verify),"ArcGIS FeatureServer/MapServer; GeoJSON, CSV, Shapefile export",,,2025-02-28,,Y,Query,,,,https://services.arcgis.com/3TIUdMHOqnLBrZEH/arcgis/rest/services/UAHexesWithShelbyAdded/FeatureServer,https://mvrpc.maps.arcgis.com/home/item.html?id=dd99e987ecce4459a5dbc33165a3292d,
UAHexesWithShelbyAddedDataFix,MVRPC (regional),msimpson_MVRPC (msimpson_MVRPC),,Miami Valley region,,"Public — ArcGIS REST API, no auth",live service (verify),"ArcGIS FeatureServer/MapServer; GeoJSON, CSV, Shapefile export",,,2025-02-28,,Y,Query,,,,https://services.arcgis.com/3TIUdMHOqnLBrZEH/arcgis/rest/services/UAHexesWithShelbyAddedDataFix/FeatureServer,https://mvrpc.maps.arcgis.com/home/item.html?id=92daf46fe17745168f57ffa88a0e4429,
UAHexesWithShelbyAddedOnlyShelby,MVRPC (regional),msimpson_MVRPC (msimpson_MVRPC),,Miami Valley region,,"Public — ArcGIS REST API, no auth",live service (verify),"ArcGIS FeatureServer/MapServer; GeoJSON, CSV, Shapefile export",,,2025-02-28,,Y,Query,,,,https://services.arcgis.com/3TIUdMHOqnLBrZEH/arcgis/rest/services/UAHexesWithShelbyAddedOnlyShelby/FeatureServer,https://mvrpc.maps.arcgis.com/home/item.html?id=dc8a19a9974a4cdb9b414fd75382b25a,
UAMobilitySurfaceMap,MVRPC (regional),msimpson_MVRPC (msimpson_MVRPC),,Miami Valley region,,"Public — ArcGIS REST API, no auth",live service (verify),"ArcGIS FeatureServer/MapServer; GeoJSON, CSV, Shapefile export",,,2023-01-13,,N,"Map,TilesOnly,Tilemap",,,,https://tiles.arcgis.com/tiles/3TIUdMHOqnLBrZEH/arcgis/rest/services/UAMobilitySurfaceMap/MapServer,https://mvrpc.maps.arcgis.com/home/item.html?id=998f3a70add342bcb248d543163f8f75,MVRPC
UAMobilitySurfaceMapV2,MVRPC (regional),msimpson_MVRPC (msimpson_MVRPC),,Miami Valley region,,"Public — ArcGIS REST API, no auth",live service (verify),"ArcGIS FeatureServer/MapServer; GeoJSON, CSV, Shapefile export",,,2023-01-17,,N,"Map,TilesOnly,Tilemap",,,,https://tiles.arcgis.com/tiles/3TIUdMHOqnLBrZEH/arcgis/rest/services/UAMobilitySurfaceMapV2/MapServer,https://mvrpc.maps.arcgis.com/home/item.html?id=73c584b9e5a64c7c8c791087dc805507,MVRPC
UAMobilitySurfaceMapV3,MVRPC (regional),msimpson_MVRPC (msimpson_MVRPC),,Miami Valley region,,"Public — ArcGIS REST API, no auth",live service (verify),"ArcGIS FeatureServer/MapServer; GeoJSON, CSV, Shapefile export",,,2023-01-30,,N,"Map,TilesOnly,Tilemap",,,,https://tiles.arcgis.com/tiles/3TIUdMHOqnLBrZEH/arcgis/rest/services/UAMobilitySurfaceMapV3/MapServer,https://mvrpc.maps.arcgis.com/home/item.html?id=519adf37fd9f4abab218b876fea75354,MVRPC
Unemployment Rate (Properties Saved),MVRPC (regional),msimpson_MVRPC (msimpson_MVRPC),ownership/transfers,Miami Valley region,parcel,"Public — ArcGIS REST API, no auth",live service (verify),"ArcGIS FeatureServer/MapServer; GeoJSON, CSV, Shapefile export",,,2025-07-11,Y,Y,Query,,,,https://services.arcgis.com/3TIUdMHOqnLBrZEH/arcgis/rest/services/miami_county_block_groups_StudyArea/FeatureServer,https://mvrpc.maps.arcgis.com/home/item.html?id=a55b087ae7114002b08a1463603ec127,
Unemployment Rate Trend,MVRPC (regional),msimpson_MVRPC (msimpson_MVRPC),zoning/land use,Miami Valley region,,"Public — ArcGIS REST API, no auth",live service (verify),"ArcGIS FeatureServer/MapServer; GeoJSON, CSV, Shapefile export",,,2021-11-22,,N,"Map,TilesOnly,Tilemap",,,,https://tiles.arcgis.com/tiles/3TIUdMHOqnLBrZEH/arcgis/rest/services/Unemployment_Rate_Trend/MapServer,https://mvrpc.maps.arcgis.com/home/item.html?id=efdabee3a0a648fc958d701e73915c48,Poverty Rate Trend
Unemployment Snapshot,MVRPC (regional),msimpson_MVRPC (msimpson_MVRPC),zoning/land use,Miami Valley region,,"Public — ArcGIS REST API, no auth",live service (verify),"ArcGIS FeatureServer/MapServer; GeoJSON, CSV, Shapefile export",,,2021-12-01,,N,"Map,TilesOnly,Tilemap",,,,https://tiles.arcgis.com/tiles/3TIUdMHOqnLBrZEH/arcgis/rest/services/Unemployment_Snapshot/MapServer,https://mvrpc.maps.arcgis.com/home/item.html?id=31cb4ad1df3547b28a75f13328729fe8,Unemployment Snapshot
Unemployment Snapshot V2,MVRPC (regional),msimpson_MVRPC (msimpson_MVRPC),,Miami Valley region,,"Public — ArcGIS REST API, no auth",live service (verify),"ArcGIS FeatureServer/MapServer; GeoJSON, CSV, Shapefile export",,,2022-02-07,,N,"Map,TilesOnly,Tilemap",,,,https://tiles.arcgis.com/tiles/3TIUdMHOqnLBrZEH/arcgis/rest/services/Unemployment_Snapshot_V2/MapServer,https://mvrpc.maps.arcgis.com/home/item.html?id=fea4e5bfb3cb46e59a6a06155edcb3b3,MVRPC
Uninsured Snapshot,MVRPC (regional),msimpson_MVRPC (msimpson_MVRPC),zoning/land use,Miami Valley region,,"Public — ArcGIS REST API, no auth",live service (verify),"ArcGIS FeatureServer/MapServer; GeoJSON, CSV, Shapefile export",,,2021-12-02,,N,"Map,TilesOnly,Tilemap",,,,https://tiles.arcgis.com/tiles/3TIUdMHOqnLBrZEH/arcgis/rest/services/Uninsured_Snapshot/MapServer,https://mvrpc.maps.arcgis.com/home/item.html?id=a76d4f75810545afb3d0e804d8becf53,Uninsured Snapshot
Union Twp MultiZone_V,MVRPC (regional),tharner@mvrpc.org (msimpson_MVRPC),ownership/transfers,Miami Valley region,parcel,"Public — ArcGIS REST API, no auth",live service (verify),"ArcGIS FeatureServer/MapServer; GeoJSON, CSV, Shapefile export",,,2017-10-30,Y,Y,Query,,,,https://services.arcgis.com/3TIUdMHOqnLBrZEH/arcgis/rest/services/Union_Twp_MultiZone_V/FeatureServer,https://mvrpc.maps.arcgis.com/home/item.html?id=590ad539c01e4219bb896e5698d580c4,"Parcels with multiple zones for Union Twp, Miami County, 2016"
Union Twp Zoning_V,MVRPC (regional),tharner@mvrpc.org (msimpson_MVRPC),affordability/tenure,Miami Valley region,jurisdiction/county,"Public — ArcGIS REST API, no auth",live service (verify),"ArcGIS FeatureServer/MapServer; GeoJSON, CSV, Shapefile export",,,2017-10-30,Y,Y,Query,,,,https://services.arcgis.com/3TIUdMHOqnLBrZEH/arcgis/rest/services/Union_Twp_Zoning_V/FeatureServer,https://mvrpc.maps.arcgis.com/home/item.html?id=eed5b2a7cfea48f0bcb87b1cd4879bbd,"Zoning for Staunton Twp, Miami County, Ohio, 2016"
UnionTwpParcelsMiaCo,MVRPC (regional),tharner@mvrpc.org (msimpson_MVRPC),ownership/transfers,Miami Valley region,parcel,"Public — ArcGIS REST API, no auth",live service (verify),"ArcGIS FeatureServer/MapServer; GeoJSON, CSV, Shapefile export",,,2020-04-08,Y,Y,Query,,,,https://services.arcgis.com/3TIUdMHOqnLBrZEH/arcgis/rest/services/UnionTwpParcelsMiaCo/FeatureServer,https://mvrpc.maps.arcgis.com/home/item.html?id=a6b8e01efa21478ba56eb804c9a200e4,"Parcels for Union Twp, Miami Co 3/20"
UpdatedDRPPoints2023,MVRPC (regional),kypolk (msimpson_MVRPC),affordability/tenure,Miami Valley region,address/point,"Public — ArcGIS REST API, no auth",live service (verify),"ArcGIS FeatureServer/MapServer; GeoJSON, CSV, Shapefile export",,,2023-06-02,,Y,Query,,,,https://services.arcgis.com/3TIUdMHOqnLBrZEH/arcgis/rest/services/UpdatedDRPPoints2023/FeatureServer,https://mvrpc.maps.arcgis.com/home/item.html?id=f69e03227ab84b2c93d3a7bcc8b2424e,Updated implementation points for Dayton Riverfront Master Plan prioritization application current as of Apr 2023
Urban_Corridor_Scoring_TopCounty,MVRPC (regional),tharner@mvrpc.org (msimpson_MVRPC),,Miami Valley region,jurisdiction/county,"Public — ArcGIS REST API, no auth",live service (verify),"ArcGIS FeatureServer/MapServer; GeoJSON, CSV, Shapefile export",,,2026-01-16,,Y,Query,,,,https://services.arcgis.com/3TIUdMHOqnLBrZEH/arcgis/rest/services/Urban_Corridor_Scoring_TopCounty/FeatureServer,https://mvrpc.maps.arcgis.com/home/item.html?id=5a18b2fd645b4c148255cc26e5b654b6,
UrbanAreaWithMobilityData,MVRPC (regional),msimpson_MVRPC (msimpson_MVRPC),,Miami Valley region,,"Public — ArcGIS REST API, no auth",live service (verify),"ArcGIS FeatureServer/MapServer; GeoJSON, CSV, Shapefile export",,,2023-02-24,,Y,Query,,,,https://services.arcgis.com/3TIUdMHOqnLBrZEH/arcgis/rest/services/UrbanAreaWithMobilityData/FeatureServer,https://mvrpc.maps.arcgis.com/home/item.html?id=d634b73993d548a6b0c396d7b70b1227,
UrbanAreaWithoutNoDataDissolved,MVRPC (regional),msimpson_MVRPC (msimpson_MVRPC),,Miami Valley region,,"Public — ArcGIS REST API, no auth",live service (verify),"ArcGIS FeatureServer/MapServer; GeoJSON, CSV, Shapefile export",,,2023-01-13,,Y,Query,,,,https://services.arcgis.com/3TIUdMHOqnLBrZEH/arcgis/rest/services/UrbanAreaWithoutNoDataDissolved/FeatureServer,https://mvrpc.maps.arcgis.com/home/item.html?id=dee25224ce264ad2a8dd1582789e7c48,
Urbanization Trends 1950-2010,MVRPC (regional),tharner@mvrpc.org (msimpson_MVRPC),demographics,Miami Valley region,,"Public — ArcGIS REST API, no auth",live service (verify),"ArcGIS FeatureServer/MapServer; GeoJSON, CSV, Shapefile export",,,2014-08-14,,N,"Map,TilesOnly",,,,https://tiles.arcgis.com/tiles/3TIUdMHOqnLBrZEH/arcgis/rest/services/Urbanization_Trends_50_10/MapServer,https://mvrpc.maps.arcgis.com/home/item.html?id=fa55716d703e4244983dbe1473593fcc,"Urbanization trends 1950-2010, for Southwest Ohio"
USA Counties,MVRPC (regional),ewhitaker_MVRPC (msimpson_MVRPC),zoning/land use,Miami Valley region,neighborhood,"Public — ArcGIS REST API, no auth",live service (verify),"ArcGIS FeatureServer/MapServer; GeoJSON, CSV, Shapefile export",,,2018-11-01,,N,Invalid URL,,,,https://services.arcgis.com/P3ePLMYs2RVChkJx/arcgis/rest/services/USA_Counties/FeatureServer,https://mvrpc.maps.arcgis.com/home/item.html?id=929399cffa0643e688532f208fbbe50a,"USA Counties provides the county boundaries of the United States in the 50 states, the District of Columbia, and Puerto Rico."
vacancy,MVRPC (regional),ewhitaker_MVRPC (msimpson_MVRPC),vacancy,Miami Valley region,,"Public — ArcGIS REST API, no auth",live service (verify),"ArcGIS FeatureServer/MapServer; GeoJSON, CSV, Shapefile export",,,2020-05-15,,Y,Query,,,,https://services.arcgis.com/3TIUdMHOqnLBrZEH/arcgis/rest/services/vacancy/FeatureServer,https://mvrpc.maps.arcgis.com/home/item.html?id=e95df7c071974bafb35094c0782da350,Census 2020 Low Response Score
"Vacancy Rates, Tract, 2015",MVRPC (regional),kypolk (msimpson_MVRPC),vacancy,Miami Valley region,tract,"Public — ArcGIS REST API, no auth",live service (verify),"ArcGIS FeatureServer/MapServer; GeoJSON, CSV, Shapefile export",,,2019-07-15,,Y,Query,,,,https://services.arcgis.com/3TIUdMHOqnLBrZEH/arcgis/rest/services/Vacancy_REVISED_090816/FeatureServer,https://mvrpc.maps.arcgis.com/home/item.html?id=f97f62a3704d42e0a93bb553244793ce,"Vacancy in the 5+ county region of the Miami Valley, down to census tract level"
Vacancy_pub06132016,MVRPC (regional),kypolk (msimpson_MVRPC),vacancy,Miami Valley region,,"Public — ArcGIS REST API, no auth",live service (verify),"ArcGIS FeatureServer/MapServer; GeoJSON, CSV, Shapefile export",,,2016-06-16,,Y,Query,,,,https://services.arcgis.com/3TIUdMHOqnLBrZEH/arcgis/rest/services/Vacancy_pub06132016/FeatureServer,https://mvrpc.maps.arcgis.com/home/item.html?id=6940994a2b12447d8b55461bbba131ac, 
VacancyRevised_Res_Bus_090916,MVRPC (regional),kypolk (msimpson_MVRPC),vacancy,Miami Valley region,block group,"Public — ArcGIS REST API, no auth",live service (verify),"ArcGIS FeatureServer/MapServer; GeoJSON, CSV, Shapefile export",,,2016-09-09,Y,Y,Query,,,,https://services.arcgis.com/3TIUdMHOqnLBrZEH/arcgis/rest/services/VacancyRevised_Res_Bus_090916/FeatureServer,https://mvrpc.maps.arcgis.com/home/item.html?id=27aaf4e3bd7445c1b2401e82612bca93,"Block groups with demographic and housing data from 2010 census, 08-12 ACS and 10-14 ACS"
VariablesCombined,MVRPC (regional),kypolk (msimpson_MVRPC),affordability/tenure,Miami Valley region,address/point,"Public — ArcGIS REST API, no auth",live service (verify),"ArcGIS FeatureServer/MapServer; GeoJSON, CSV, Shapefile export",,,2019-05-06,,Y,Query,,,,https://services.arcgis.com/3TIUdMHOqnLBrZEH/arcgis/rest/services/VariablesCombined/FeatureServer,https://mvrpc.maps.arcgis.com/home/item.html?id=795a82d911cc4bc2bfabff01a6d4e8d0,3 variable pilot composite points within 1 mile of 99 mile Great Miami Riverway
Voter Turnout Snapshot,MVRPC (regional),msimpson_MVRPC (msimpson_MVRPC),zoning/land use,Miami Valley region,,"Public — ArcGIS REST API, no auth",live service (verify),"ArcGIS FeatureServer/MapServer; GeoJSON, CSV, Shapefile export",,,2021-12-02,,N,"Map,TilesOnly,Tilemap",,,,https://tiles.arcgis.com/tiles/3TIUdMHOqnLBrZEH/arcgis/rest/services/Voter_Turnout_Snapshot/MapServer,https://mvrpc.maps.arcgis.com/home/item.html?id=d2a27efb16f54f1fa5f6e0a503a87ee1,Voter Turnout Snapshot
VoterTurnoutNew,MVRPC (regional),msimpson_MVRPC (msimpson_MVRPC),,Miami Valley region,,"Public — ArcGIS REST API, no auth",live service (verify),"ArcGIS FeatureServer/MapServer; GeoJSON, CSV, Shapefile export",,,2022-02-22,,N,"Map,TilesOnly,Tilemap",,,,https://tiles.arcgis.com/tiles/3TIUdMHOqnLBrZEH/arcgis/rest/services/VoterTurnoutNew/MapServer,https://mvrpc.maps.arcgis.com/home/item.html?id=b5823cdb5f5047e8b0cb4a31087b840e,MVRPC
Walkability Index,MVRPC (regional),msimpson_MVRPC (msimpson_MVRPC),,Miami Valley region,,"Public — ArcGIS REST API, no auth",live service (verify),"ArcGIS FeatureServer/MapServer; GeoJSON, CSV, Shapefile export",,,2025-05-12,,Y,Query,,,,https://services.arcgis.com/3TIUdMHOqnLBrZEH/arcgis/rest/services/Walkability_Index/FeatureServer,https://mvrpc.maps.arcgis.com/home/item.html?id=e33e95cff6ef480c8e1a3475d36be1ea,
Walkability Index and Pop Density,MVRPC (regional),msimpson_MVRPC (msimpson_MVRPC),,Miami Valley region,,"Public — ArcGIS REST API, no auth",live service (verify),"ArcGIS FeatureServer/MapServer; GeoJSON, CSV, Shapefile export",,,2025-05-12,,Y,Query,,,,https://services.arcgis.com/3TIUdMHOqnLBrZEH/arcgis/rest/services/Walkability_Index_and_Pop_Density/FeatureServer,https://mvrpc.maps.arcgis.com/home/item.html?id=df7af7ef99334747bb92f2794a9b0166,
Warren_Urban_Boundaries,MVRPC (regional),msimpson_MVRPC (msimpson_MVRPC),geography/reference,Miami Valley region,,"Public — ArcGIS REST API, no auth",live service (verify),"ArcGIS FeatureServer/MapServer; GeoJSON, CSV, Shapefile export",,,2022-09-19,,Y,Query,,,,https://services.arcgis.com/3TIUdMHOqnLBrZEH/arcgis/rest/services/Warren_Urban_Boundaries/FeatureServer,https://mvrpc.maps.arcgis.com/home/item.html?id=9a9b72539cc94fa493ac8f7639b636d0,
Washington Township Active Living Workshop_form,MVRPC (regional),ewhitaker_MVRPC (msimpson_MVRPC),,Miami Valley region,,"Public — ArcGIS REST API, no auth",live service (verify),"ArcGIS FeatureServer/MapServer; GeoJSON, CSV, Shapefile export",,,2025-06-24,,N,"Create,Editing",,,,https://services.arcgis.com/3TIUdMHOqnLBrZEH/arcgis/rest/services/survey123_fdc72092545040aabc17a6c884a1c98c_form/FeatureServer,https://mvrpc.maps.arcgis.com/home/item.html?id=41761ecbe94a4ad5ac9e6defed65b619,
Washington Twp MultiZone_V,MVRPC (regional),tharner@mvrpc.org (msimpson_MVRPC),ownership/transfers,Miami Valley region,parcel,"Public — ArcGIS REST API, no auth",live service (verify),"ArcGIS FeatureServer/MapServer; GeoJSON, CSV, Shapefile export",,,2017-10-30,Y,Y,Query,,,,https://services.arcgis.com/3TIUdMHOqnLBrZEH/arcgis/rest/services/Washington_Twp_MultiZone_V/FeatureServer,https://mvrpc.maps.arcgis.com/home/item.html?id=fe4bd268c7a94102be7c8b33b1c187af,"Parcels with multiple zones for Washington Twp, Miami County, 2016"
Washington Twp Zoning_V,MVRPC (regional),tharner@mvrpc.org (msimpson_MVRPC),affordability/tenure,Miami Valley region,jurisdiction/county,"Public — ArcGIS REST API, no auth",live service (verify),"ArcGIS FeatureServer/MapServer; GeoJSON, CSV, Shapefile export",,,2017-10-30,Y,Y,Query,,,,https://services.arcgis.com/3TIUdMHOqnLBrZEH/arcgis/rest/services/Washington_Twp_Zoning_V/FeatureServer,https://mvrpc.maps.arcgis.com/home/item.html?id=d270051cd179401fb76b2bbdf7857358,"Zoning for Washington Twp, Miami County, Ohio, 2016"
Water Amenities Composite,MVRPC (regional),kypolk (msimpson_MVRPC),affordability/tenure,Miami Valley region,,"Public — ArcGIS REST API, no auth",live service (verify),"ArcGIS FeatureServer/MapServer; GeoJSON, CSV, Shapefile export",,,2020-02-18,,Y,Query,,,,https://services.arcgis.com/3TIUdMHOqnLBrZEH/arcgis/rest/services/WaterAmenitiesComposite/FeatureServer,https://mvrpc.maps.arcgis.com/home/item.html?id=0cd45bfcbf06410da253fcc43c169533,Combining number of amenities in water recreation along 99 mile Great Miami Riverway
WaterDesert,MVRPC (regional),kypolk (msimpson_MVRPC),infrastructure,Miami Valley region,,"Public — ArcGIS REST API, no auth",live service (verify),"ArcGIS FeatureServer/MapServer; GeoJSON, CSV, Shapefile export",,,2020-03-19,,Y,Query,,,,https://services.arcgis.com/3TIUdMHOqnLBrZEH/arcgis/rest/services/WaterDesert/FeatureServer,https://mvrpc.maps.arcgis.com/home/item.html?id=e6d2a716afad420cb04569118d7346b5,Amenities and Desert for Water Features
Watersheds (HUC12),MVRPC (regional),tharner@mvrpc.org (msimpson_MVRPC),affordability/tenure,Miami Valley region,jurisdiction/county,"Public — ArcGIS REST API, no auth",live service (verify),"ArcGIS FeatureServer/MapServer; GeoJSON, CSV, Shapefile export",,,2025-01-07,,Y,"Query,Extract",,,,https://services.arcgis.com/3TIUdMHOqnLBrZEH/arcgis/rest/services/Watersheds_HUC12/FeatureServer,https://mvrpc.maps.arcgis.com/home/item.html?id=e1e9b26d813b494bacdb46661becefe8,Hydrologic unit boundary layer to the Subwatershed (12-digit) level for the Miami Valley region.
Weak,MVRPC (regional),msimpson_MVRPC (msimpson_MVRPC),,Miami Valley region,,"Public — ArcGIS REST API, no auth",live service (verify),"ArcGIS FeatureServer/MapServer; GeoJSON, CSV, Shapefile export",,,2020-08-19,,Y,"Create,Delete,Query,Update,Editing,Sync,ChangeTracking",,,,https://services.arcgis.com/3TIUdMHOqnLBrZEH/arcgis/rest/services/Weak/FeatureServer,https://mvrpc.maps.arcgis.com/home/item.html?id=3575f6c7e188459385ecaa72b1577509,
Weak Areas in Siebert Neighborhood Exercise,MVRPC (regional),kypolk (msimpson_MVRPC),affordability/tenure,Miami Valley region,neighborhood,"Public — ArcGIS REST API, no auth",live service (verify),"ArcGIS FeatureServer/MapServer; GeoJSON, CSV, Shapefile export",,,2020-08-10,Y,Y,"Create,Delete,Query,Update,Editing,Sync",,,,https://services.arcgis.com/3TIUdMHOqnLBrZEH/arcgis/rest/services/Weak_Areas_in_Siebert_Neighborhood/FeatureServer,https://mvrpc.maps.arcgis.com/home/item.html?id=be02df1a7fad42c0b45100aea527117c,
Weak Places in Siebert Riverview,MVRPC (regional),kypolk (msimpson_MVRPC),affordability/tenure,Miami Valley region,,"Public — ArcGIS REST API, no auth",live service (verify),"ArcGIS FeatureServer/MapServer; GeoJSON, CSV, Shapefile export",,,2020-08-10,,Y,"Create,Delete,Query,Update,Editing,Sync",,,,https://services.arcgis.com/3TIUdMHOqnLBrZEH/arcgis/rest/services/Siebert_Riverview_Neighborhood_Weak_Points/FeatureServer,https://mvrpc.maps.arcgis.com/home/item.html?id=eae30dfb3097421f99ab0ae853f11199,
WegerzynGardens,MVRPC (regional),tharner@mvrpc.org (msimpson_MVRPC),geography/reference,Miami Valley region,,"Public — ArcGIS REST API, no auth",live service (verify),"ArcGIS FeatureServer/MapServer; GeoJSON, CSV, Shapefile export",,,2023-04-21,,Y,"Query,Extract",,,,https://services.arcgis.com/3TIUdMHOqnLBrZEH/arcgis/rest/services/WegerzynGardens/FeatureServer,https://mvrpc.maps.arcgis.com/home/item.html?id=e810328d13a449cab1e5dd4f9ca54d5c,Boundary for Wegerzyn Gardens
Wellfield Protection Areas,MVRPC (regional),tharner@mvrpc.org (msimpson_MVRPC),,Miami Valley region,,"Public — ArcGIS REST API, no auth",live service (verify),"ArcGIS FeatureServer/MapServer; GeoJSON, CSV, Shapefile export",,,2025-05-01,,N,"Map,TilesOnly,Tilemap",,,,https://tiles.arcgis.com/tiles/3TIUdMHOqnLBrZEH/arcgis/rest/services/Wellfield_Protection_Areas/MapServer,https://mvrpc.maps.arcgis.com/home/item.html?id=82ea8dc986e846c5889754089da11185,Summary
Weslyan,MVRPC (regional),kypolk (msimpson_MVRPC),zoning/land use,Miami Valley region,,"Public — ArcGIS REST API, no auth",live service (verify),"ArcGIS FeatureServer/MapServer; GeoJSON, CSV, Shapefile export",,,2018-11-20,,N,"Map,TilesOnly",,,,https://tiles.arcgis.com/tiles/3TIUdMHOqnLBrZEH/arcgis/rest/services/Weslyan/MapServer,https://mvrpc.maps.arcgis.com/home/item.html?id=5a6b24161b6b491e9807c53583a7ca43,Proposed Weslyan park from Dayton Riverfront Master Plan document
Weslyan2,MVRPC (regional),kypolk (msimpson_MVRPC),zoning/land use,Miami Valley region,,"Public — ArcGIS REST API, no auth",live service (verify),"ArcGIS FeatureServer/MapServer; GeoJSON, CSV, Shapefile export",,,2018-11-27,,N,"Map,TilesOnly",,,,https://tiles.arcgis.com/tiles/3TIUdMHOqnLBrZEH/arcgis/rest/services/Weslyan2/MapServer,https://mvrpc.maps.arcgis.com/home/item.html?id=659fe13349df4b9dbaeba87cf8ae0c79,Weslyan park remimagined courtesy of 2018 Dayton Riverfront Plan
Wetlands,MVRPC (regional),tharner@mvrpc.org (msimpson_MVRPC),,Miami Valley region,,"Public — ArcGIS REST API, no auth",live service (verify),"ArcGIS FeatureServer/MapServer; GeoJSON, CSV, Shapefile export",,,2025-05-01,,N,"Map,TilesOnly,Tilemap",,,,https://tiles.arcgis.com/tiles/3TIUdMHOqnLBrZEH/arcgis/rest/services/Wetlands/MapServer,https://mvrpc.maps.arcgis.com/home/item.html?id=89bf92742e1c408c96d359c4bf8d64ce,Summary
"Where Workers Live - LEHD 2015, Age 30 to 54",MVRPC (regional),tharner@mvrpc.org (msimpson_MVRPC),,Miami Valley region,,"Public — ArcGIS REST API, no auth",live service (verify),"ArcGIS FeatureServer/MapServer; GeoJSON, CSV, Shapefile export",,,2019-07-18,,N,service unreachable: HTTP Error 500: Internal Server Error,,,,https://gis.mvrpc.org/arcgis/rest/services/LEHD2015/Home2015_Age_30to54/MapServer,https://mvrpc.maps.arcgis.com/home/item.html?id=05b448b4996941d784e4c85b77552e82,2015 LEHD data by location of the worker's home for all jobs.
"Where Workers Live: LEHD 2015, Age 55 and Over",MVRPC (regional),tharner@mvrpc.org (msimpson_MVRPC),,Miami Valley region,,"Public — ArcGIS REST API, no auth",live service (verify),"ArcGIS FeatureServer/MapServer; GeoJSON, CSV, Shapefile export",,,2019-07-18,,N,service unreachable: HTTP Error 500: Internal Server Error,,,,https://gis.mvrpc.org/arcgis/rest/services/LEHD2015/Home2015_Age_55andOver/MapServer,https://mvrpc.maps.arcgis.com/home/item.html?id=c8d91c7cda1b4f068c0a9a2545da59c7,2015 LEHD data by location of the worker's home for all jobs.
"Where Workers Live: LEHD 2015, Earning 15k or less",MVRPC (regional),tharner@mvrpc.org (msimpson_MVRPC),,Miami Valley region,,"Public — ArcGIS REST API, no auth",live service (verify),"ArcGIS FeatureServer/MapServer; GeoJSON, CSV, Shapefile export",,,2019-07-18,,N,service unreachable: HTTP Error 500: Internal Server Error,,,,https://gis.mvrpc.org/arcgis/rest/services/LEHD2015/Home2015_Earn_15korless/MapServer,https://mvrpc.maps.arcgis.com/home/item.html?id=7c5646915a674726924c9e58bb9e2139,2015 LEHD data by location of the worker's home for all jobs earning 15k or less.
"Worker earnings under 15k, 2014",MVRPC (regional),tharner@mvrpc.org (msimpson_MVRPC),affordability/tenure,Miami Valley region,jurisdiction/county,"Public — ArcGIS REST API, no auth",live service (verify),"ArcGIS FeatureServer/MapServer; GeoJSON, CSV, Shapefile export",,,2019-07-12,,N,service unreachable: HTTP Error 500: Internal Server Error,,,,https://gis.mvrpc.org/arcgis/rest/services/LEHD/LEHD_under15k_2014/MapServer,https://mvrpc.maps.arcgis.com/home/item.html?id=d031f04849f54e05b97631df67e85cf6,"Concentration of all jobs of workers with monthly earnings below $1,250 in the Miami Valley region., 2014."
"Workers 55 and over, 2014",MVRPC (regional),tharner@mvrpc.org (msimpson_MVRPC),affordability/tenure,Miami Valley region,jurisdiction/county,"Public — ArcGIS REST API, no auth",live service (verify),"ArcGIS FeatureServer/MapServer; GeoJSON, CSV, Shapefile export",,,2019-07-12,,N,service unreachable: HTTP Error 500: Internal Server Error,,,,https://gis.mvrpc.org/arcgis/rest/services/LEHD/LEHD_55andover_2014/MapServer,https://mvrpc.maps.arcgis.com/home/item.html?id=6820e009478d46148b1c00d2a8c575cf,"Concentration of all jobs by workers age 55 and over in the Miami Valley region, 2014."
"Workers aged 30 to 54, 2014",MVRPC (regional),tharner@mvrpc.org (msimpson_MVRPC),affordability/tenure,Miami Valley region,jurisdiction/county,"Public — ArcGIS REST API, no auth",live service (verify),"ArcGIS FeatureServer/MapServer; GeoJSON, CSV, Shapefile export",,,2019-07-12,,N,service unreachable: HTTP Error 500: Internal Server Error,,,,https://gis.mvrpc.org/arcgis/rest/services/LEHD/LEHD_30to54_2014/MapServer,https://mvrpc.maps.arcgis.com/home/item.html?id=91fbc48f01b04239aa22e8b0d8e4788e,"Concentration of all jobs by workers aged 30 to 54 in the Miami Valley region, 2014."
Workers ages 30 to 54,MVRPC (regional),tharner@mvrpc.org (msimpson_MVRPC),affordability/tenure,Miami Valley region,jurisdiction/county,"Public — ArcGIS REST API, no auth",live service (verify),"ArcGIS FeatureServer/MapServer; GeoJSON, CSV, Shapefile export",,,2018-01-02,,N,"Map,TilesOnly",,,,https://tiles.arcgis.com/tiles/3TIUdMHOqnLBrZEH/arcgis/rest/services/LEHD_Workers30_54/MapServer,https://mvrpc.maps.arcgis.com/home/item.html?id=9a038267a5a14f06804b8714b33f98a9,This layer shows the concentration of all jobs of workers between 30 and 54 years old in the Miami Valley region.
"Workers earning 15k to 40k, 2014",MVRPC (regional),tharner@mvrpc.org (msimpson_MVRPC),affordability/tenure,Miami Valley region,jurisdiction/county,"Public — ArcGIS REST API, no auth",live service (verify),"ArcGIS FeatureServer/MapServer; GeoJSON, CSV, Shapefile export",,,2019-07-12,,N,service unreachable: HTTP Error 500: Internal Server Error,,,,https://gis.mvrpc.org/arcgis/rest/services/LEHD/LEHD_15kto40k_2014/MapServer,https://mvrpc.maps.arcgis.com/home/item.html?id=aa280b34be434092b45afddb95a839bf,"Concentration of all jobs of workers with monthly earnings between $1,250 and $3,333 in the Miami Valley region, 2014."
Workers Earning between $1250 and $3333 monthly,MVRPC (regional),tharner@mvrpc.org (msimpson_MVRPC),affordability/tenure,Miami Valley region,jurisdiction/county,"Public — ArcGIS REST API, no auth",live service (verify),"ArcGIS FeatureServer/MapServer; GeoJSON, CSV, Shapefile export",,,2018-01-02,,N,"Map,TilesOnly",,,,https://tiles.arcgis.com/tiles/3TIUdMHOqnLBrZEH/arcgis/rest/services/LEHD_WorkersUnder1251_3333/MapServer,https://mvrpc.maps.arcgis.com/home/item.html?id=de8a459090b646538c6d78ebfc56b360,"This layer shows the concentration of all jobs of workers with monthly earnings between $1,251 and $3,333 in the Miami Valley region."
Workers Earning over $3333 monthly,MVRPC (regional),tharner@mvrpc.org (msimpson_MVRPC),affordability/tenure,Miami Valley region,jurisdiction/county,"Public — ArcGIS REST API, no auth",live service (verify),"ArcGIS FeatureServer/MapServer; GeoJSON, CSV, Shapefile export",,,2018-01-02,,N,"Map,TilesOnly",,,,https://tiles.arcgis.com/tiles/3TIUdMHOqnLBrZEH/arcgis/rest/services/LEHD_WorkersOver_3333/MapServer,https://mvrpc.maps.arcgis.com/home/item.html?id=fc79a1cf36b34ffbb0da1565259eb40f,"This layer shows the concentration of all jobs of workers with monthly earnings over $3,333 in the Miami Valley region."
"Workers earning over 40k, 2014",MVRPC (regional),tharner@mvrpc.org (msimpson_MVRPC),affordability/tenure,Miami Valley region,jurisdiction/county,"Public — ArcGIS REST API, no auth",live service (verify),"ArcGIS FeatureServer/MapServer; GeoJSON, CSV, Shapefile export",,,2019-07-12,,N,service unreachable: HTTP Error 500: Internal Server Error,,,,https://gis.mvrpc.org/arcgis/rest/services/LEHD/LEHD_over40k_2014/MapServer,https://mvrpc.maps.arcgis.com/home/item.html?id=88ca34d0095a4cba826780120eb62115,"Concentration of all jobs of workers with monthly earnings over $3,333 in the Miami Valley region, 2014."
Workers Earning under $1250 monthly,MVRPC (regional),tharner@mvrpc.org (msimpson_MVRPC),affordability/tenure,Miami Valley region,jurisdiction/county,"Public — ArcGIS REST API, no auth",live service (verify),"ArcGIS FeatureServer/MapServer; GeoJSON, CSV, Shapefile export",,,2018-01-02,,N,"Map,TilesOnly",,,,https://tiles.arcgis.com/tiles/3TIUdMHOqnLBrZEH/arcgis/rest/services/LEHD_WorkersUnder1250/MapServer,https://mvrpc.maps.arcgis.com/home/item.html?id=fd37499c3b7a4e92a215ed1d7a4ee34b,"This layer shows the concentration of all jobs of workers with monthly earnings of $1,250 or less in the Miami Valley region."
Workers in Education,MVRPC (regional),tharner@mvrpc.org (msimpson_MVRPC),affordability/tenure,Miami Valley region,jurisdiction/county,"Public — ArcGIS REST API, no auth",live service (verify),"ArcGIS FeatureServer/MapServer; GeoJSON, CSV, Shapefile export",,,2018-01-02,,N,"Map,TilesOnly",,,,https://tiles.arcgis.com/tiles/3TIUdMHOqnLBrZEH/arcgis/rest/services/LEHD_WorkersEdu/MapServer,https://mvrpc.maps.arcgis.com/home/item.html?id=06f97b5a9fb2434c96f37e0c450c18aa,"This layer shows the concentration of all jobs of workers in the education field, the fourth largest sector in the Miami Valley region."
Workers in Healthcare,MVRPC (regional),tharner@mvrpc.org (msimpson_MVRPC),affordability/tenure,Miami Valley region,jurisdiction/county,"Public — ArcGIS REST API, no auth",live service (verify),"ArcGIS FeatureServer/MapServer; GeoJSON, CSV, Shapefile export",,,2018-01-02,,N,"Map,TilesOnly",,,,https://tiles.arcgis.com/tiles/3TIUdMHOqnLBrZEH/arcgis/rest/services/LEHD_WorkersHealth/MapServer,https://mvrpc.maps.arcgis.com/home/item.html?id=0c1773420c374425a43760e51717e177,"This layer shows the concentration of all jobs of workers in the healthcare field, the largest sector in the Miami Valley region."
Workers in Manufacturing,MVRPC (regional),tharner@mvrpc.org (msimpson_MVRPC),affordability/tenure,Miami Valley region,jurisdiction/county,"Public — ArcGIS REST API, no auth",live service (verify),"ArcGIS FeatureServer/MapServer; GeoJSON, CSV, Shapefile export",,,2018-01-02,,N,"Map,TilesOnly",,,,https://tiles.arcgis.com/tiles/3TIUdMHOqnLBrZEH/arcgis/rest/services/LEHD_WorkersManuf/MapServer,https://mvrpc.maps.arcgis.com/home/item.html?id=6e0af4524b734a20a4577561ef99ff54,"This layer shows the concentration of all jobs of workers in the manufacturing field, the second largest sector in the Miami Valley region."
Workers in Retail,MVRPC (regional),tharner@mvrpc.org (msimpson_MVRPC),affordability/tenure,Miami Valley region,jurisdiction/county,"Public — ArcGIS REST API, no auth",live service (verify),"ArcGIS FeatureServer/MapServer; GeoJSON, CSV, Shapefile export",,,2018-01-02,,N,"Map,TilesOnly",,,,https://tiles.arcgis.com/tiles/3TIUdMHOqnLBrZEH/arcgis/rest/services/LEHD_WorkersRetail/MapServer,https://mvrpc.maps.arcgis.com/home/item.html?id=97765433c03d4f58bb8ead41f62adeab,"This layer shows the concentration of all jobs of workers in retail, the third largest sector in the Miami Valley region."
Workers Over age 55,MVRPC (regional),tharner@mvrpc.org (msimpson_MVRPC),affordability/tenure,Miami Valley region,jurisdiction/county,"Public — ArcGIS REST API, no auth",live service (verify),"ArcGIS FeatureServer/MapServer; GeoJSON, CSV, Shapefile export",,,2018-01-02,,N,"Map,TilesOnly",,,,https://tiles.arcgis.com/tiles/3TIUdMHOqnLBrZEH/arcgis/rest/services/LEHD_WorkersOver55/MapServer,https://mvrpc.maps.arcgis.com/home/item.html?id=280e67c93a8743318002ffbffa637712,This layer shows the concentration of all jobs of workers age 55 and over in the Miami Valley region.
"Workers under 30, 2014",MVRPC (regional),tharner@mvrpc.org (msimpson_MVRPC),affordability/tenure,Miami Valley region,jurisdiction/county,"Public — ArcGIS REST API, no auth",live service (verify),"ArcGIS FeatureServer/MapServer; GeoJSON, CSV, Shapefile export",,,2019-07-12,,N,service unreachable: HTTP Error 500: Internal Server Error,,,,https://gis.mvrpc.org/arcgis/rest/services/LEHD/LEHD_Under30_2014/MapServer,https://mvrpc.maps.arcgis.com/home/item.html?id=74a7ce36d5fb44ff8dd2e039bf1b4590,"Concentration of all jobs by workers under 30 in the Miami Valley region, 2014."
Workers Under age 30,MVRPC (regional),tharner@mvrpc.org (msimpson_MVRPC),affordability/tenure,Miami Valley region,jurisdiction/county,"Public — ArcGIS REST API, no auth",live service (verify),"ArcGIS FeatureServer/MapServer; GeoJSON, CSV, Shapefile export",,,2018-01-02,,N,"Map,TilesOnly",,,,https://tiles.arcgis.com/tiles/3TIUdMHOqnLBrZEH/arcgis/rest/services/LEHD_WorkersUnder30/MapServer,https://mvrpc.maps.arcgis.com/home/item.html?id=c3450f8c15d24d99964568b8849e46a8,This layer shows the concentration of all jobs by workers under the age of 30 in the Miami Valley region.
Workers with Bachelor's Degree or higher,MVRPC (regional),tharner@mvrpc.org (msimpson_MVRPC),affordability/tenure,Miami Valley region,jurisdiction/county,"Public — ArcGIS REST API, no auth",live service (verify),"ArcGIS FeatureServer/MapServer; GeoJSON, CSV, Shapefile export",,,2018-01-02,,N,"Map,TilesOnly",,,,https://tiles.arcgis.com/tiles/3TIUdMHOqnLBrZEH/arcgis/rest/services/LEHD_WorkersEdBS/MapServer,https://mvrpc.maps.arcgis.com/home/item.html?id=e01e2df9b3f34255b488273f7c69153b,This layer shows the concentration of all jobs of workers with a bachelor's or advanced degree only in the Miami Valley region.
"Workers with college education, 2014",MVRPC (regional),tharner@mvrpc.org (msimpson_MVRPC),affordability/tenure,Miami Valley region,jurisdiction/county,"Public — ArcGIS REST API, no auth",live service (verify),"ArcGIS FeatureServer/MapServer; GeoJSON, CSV, Shapefile export",,,2019-07-12,,N,service unreachable: HTTP Error 500: Internal Server Error,,,,https://gis.mvrpc.org/arcgis/rest/services/LEHD/LEHD_college_2014/MapServer,https://mvrpc.maps.arcgis.com/home/item.html?id=465398b030fb4c80bdede40a9ad9dcde,"Concentration of all jobs of workers with a Bachelor's Degree or higher in the Miami Valley region, 2014."
Workers with High School diploma only,MVRPC (regional),tharner@mvrpc.org (msimpson_MVRPC),affordability/tenure,Miami Valley region,jurisdiction/county,"Public — ArcGIS REST API, no auth",live service (verify),"ArcGIS FeatureServer/MapServer; GeoJSON, CSV, Shapefile export",,,2018-01-02,,N,"Map,TilesOnly",,,,https://tiles.arcgis.com/tiles/3TIUdMHOqnLBrZEH/arcgis/rest/services/LEHD_WorkersEdHS/MapServer,https://mvrpc.maps.arcgis.com/home/item.html?id=20258fcea6544633b925c87d1ec6dec3,This layer shows the concentration of all jobs of workers with a high school diploma only in the Miami Valley region.
"Workers with only High School education, 2014",MVRPC (regional),tharner@mvrpc.org (msimpson_MVRPC),affordability/tenure,Miami Valley region,jurisdiction/county,"Public — ArcGIS REST API, no auth",live service (verify),"ArcGIS FeatureServer/MapServer; GeoJSON, CSV, Shapefile export",,,2019-07-12,,N,service unreachable: HTTP Error 500: Internal Server Error,,,,https://gis.mvrpc.org/arcgis/rest/services/LEHD/LEHD_HSgrad_2014/MapServer,https://mvrpc.maps.arcgis.com/home/item.html?id=357c203362e14488bda9dd25fc191040,"Concentration of all jobs of workers with only a high school diploma in the Miami Valley region, 2014."
Workers with Some College,MVRPC (regional),tharner@mvrpc.org (msimpson_MVRPC),affordability/tenure,Miami Valley region,jurisdiction/county,"Public — ArcGIS REST API, no auth",live service (verify),"ArcGIS FeatureServer/MapServer; GeoJSON, CSV, Shapefile export",,,2018-01-02,,N,"Map,TilesOnly",,,,https://tiles.arcgis.com/tiles/3TIUdMHOqnLBrZEH/arcgis/rest/services/LEHD_WorkersEdSomeCollege/MapServer,https://mvrpc.maps.arcgis.com/home/item.html?id=ef75c94ac2d54f7d8df575639bd6bddb,This layer shows the concentration of all jobs of workers with some college only in the Miami Valley region.
"Workers with some college, 2014",MVRPC (regional),tharner@mvrpc.org (msimpson_MVRPC),affordability/tenure,Miami Valley region,jurisdiction/county,"Public — ArcGIS REST API, no auth",live service (verify),"ArcGIS FeatureServer/MapServer; GeoJSON, CSV, Shapefile export",,,2019-07-12,,N,service unreachable: HTTP Error 500: Internal Server Error,,,,https://gis.mvrpc.org/arcgis/rest/services/LEHD/LEHD_somecollege_2014/MapServer,https://mvrpc.maps.arcgis.com/home/item.html?id=ac1c4324314d40e0af99c3cfacce407f,"Concentration of all jobs of workers with some college in the Miami Valley region, 2014."
WPAFB_bnd,MVRPC (regional),tharner@mvrpc.org (msimpson_MVRPC),geography/reference,Miami Valley region,,"Public — ArcGIS REST API, no auth",live service (verify),"ArcGIS FeatureServer/MapServer; GeoJSON, CSV, Shapefile export",,,2024-07-08,,Y,Query,,,,https://services.arcgis.com/3TIUdMHOqnLBrZEH/arcgis/rest/services/WPAFB_bnd/FeatureServer,https://mvrpc.maps.arcgis.com/home/item.html?id=6a0b6d916a004dce9dea1acd5805dce4,"Boundaries for WPAFB, Ohio."
WPAFB_bnd_2,MVRPC (regional),tharner@mvrpc.org (msimpson_MVRPC),geography/reference,Miami Valley region,,"Public — ArcGIS REST API, no auth",live service (verify),"ArcGIS FeatureServer/MapServer; GeoJSON, CSV, Shapefile export",,,2026-03-09,,Y,Query,,,,https://services.arcgis.com/3TIUdMHOqnLBrZEH/arcgis/rest/services/WPAFB_bnd/FeatureServer,https://mvrpc.maps.arcgis.com/home/item.html?id=0f82b98b989e431eb6f3b6642bc47f83,"Boundaries for WPAFB, Ohio."
WPAFBForGreCoReporter,MVRPC (regional),msimpson_MVRPC (msimpson_MVRPC),,Miami Valley region,,"Public — ArcGIS REST API, no auth",live service (verify),"ArcGIS FeatureServer/MapServer; GeoJSON, CSV, Shapefile export",,,2020-08-13,,Y,Query,,,,https://services.arcgis.com/3TIUdMHOqnLBrZEH/arcgis/rest/services/WPAFBForGreCoReporter/FeatureServer,https://mvrpc.maps.arcgis.com/home/item.html?id=9014aec47ce54d6bb64a76484d87e330,REQUIRED: A summary of the intentions with which the data set was developed.
WrightFactory,MVRPC (regional),tharner@mvrpc.org (msimpson_MVRPC),,Miami Valley region,,"Public — ArcGIS REST API, no auth",live service (verify),"ArcGIS FeatureServer/MapServer; GeoJSON, CSV, Shapefile export",,,2019-10-11,,Y,Query,,,,https://services.arcgis.com/3TIUdMHOqnLBrZEH/arcgis/rest/services/WrightFactory/FeatureServer,https://mvrpc.maps.arcgis.com/home/item.html?id=f2a795625f1a4886bd692534228b64b9,
Xenia Active Living Workshop Focus Area,MVRPC (regional),msimpson_MVRPC (msimpson_MVRPC),,Miami Valley region,,"Public — ArcGIS REST API, no auth",live service (verify),"ArcGIS FeatureServer/MapServer; GeoJSON, CSV, Shapefile export",,,2026-04-02,,Y,Query,,,,https://services.arcgis.com/3TIUdMHOqnLBrZEH/arcgis/rest/services/Xenia_Active_Living_Workshop_Focus_Area/FeatureServer,https://mvrpc.maps.arcgis.com/home/item.html?id=c4ab3e9fff8b4defaa665894c420ed11,
Xenia Active Living Workshop_form,MVRPC (regional),ewhitaker_MVRPC (msimpson_MVRPC),,Miami Valley region,,"Public — ArcGIS REST API, no auth",live service (verify),"ArcGIS FeatureServer/MapServer; GeoJSON, CSV, Shapefile export",,,2026-03-09,,N,"Create,Editing",,,,https://services.arcgis.com/3TIUdMHOqnLBrZEH/arcgis/rest/services/survey123_36401ef6de0d444b8b0d29142aa4e238_form/FeatureServer,https://mvrpc.maps.arcgis.com/home/item.html?id=9549fb20f45e48c39f940f0bf65af7b4,
YellowBikeSigns,MVRPC (regional),kypolk (msimpson_MVRPC),affordability/tenure,Miami Valley region,,"Public — ArcGIS REST API, no auth",live service (verify),"ArcGIS FeatureServer/MapServer; GeoJSON, CSV, Shapefile export",,,2019-04-29,,Y,Query,,,,https://services.arcgis.com/3TIUdMHOqnLBrZEH/arcgis/rest/services/YellowBikeSigns/FeatureServer,https://mvrpc.maps.arcgis.com/home/item.html?id=38ba54a43d8947108907ec259bf4c338,Yellow Bike Sign locations along the Great Miami River from Hamilton to Sidney on behalf of Great Miami Riverway 
YellowBikeSignsAT,MVRPC (regional),kypolk (msimpson_MVRPC),affordability/tenure,Miami Valley region,,"Public — ArcGIS REST API, no auth",live service (verify),"ArcGIS FeatureServer/MapServer; GeoJSON, CSV, Shapefile export",,,2019-05-03,,Y,Query,,,,https://services.arcgis.com/3TIUdMHOqnLBrZEH/arcgis/rest/services/YellowBikeSignsAT/FeatureServer,https://mvrpc.maps.arcgis.com/home/item.html?id=9ca1207f78344703b0436f8272fa2a1e,Yellow Bike Signs found in 250 ft buffer of Great Miami bike trail and Great Miami River for 99 mile corridor in Ohio
YellowBikeSignsDesertAreas,MVRPC (regional),kypolk (msimpson_MVRPC),affordability/tenure,Miami Valley region,,"Public — ArcGIS REST API, no auth",live service (verify),"ArcGIS FeatureServer/MapServer; GeoJSON, CSV, Shapefile export",,,2019-05-03,,Y,Query,,,,https://services.arcgis.com/3TIUdMHOqnLBrZEH/arcgis/rest/services/YellowBikeSignsDesertAreas/FeatureServer,https://mvrpc.maps.arcgis.com/home/item.html?id=41d8d512a5e74172bdfa6c71164bccfe,Yellow Bike Signs Desert areas within a 1 mile  buffer of Great Miami bike trail and Great Miami River for 99 mile corridor in Ohio
YGH final,MVRPC (regional),kypolk (msimpson_MVRPC),,Miami Valley region,,"Public — ArcGIS REST API, no auth",live service (verify),"ArcGIS FeatureServer/MapServer; GeoJSON, CSV, Shapefile export",,,2025-06-04,,Y,Query,,,,https://services.arcgis.com/3TIUdMHOqnLBrZEH/arcgis/rest/services/YGH_final/FeatureServer,https://mvrpc.maps.arcgis.com/home/item.html?id=e290f9be6d9c4427aeffb853553179c0,
YGH_Jun6,MVRPC (regional),kypolk (msimpson_MVRPC),,Miami Valley region,,"Public — ArcGIS REST API, no auth",live service (verify),"ArcGIS FeatureServer/MapServer; GeoJSON, CSV, Shapefile export",,,2025-06-06,,Y,Query,,,,https://services.arcgis.com/3TIUdMHOqnLBrZEH/arcgis/rest/services/YGH_Jun6/FeatureServer,https://mvrpc.maps.arcgis.com/home/item.html?id=1ccd57bde0674f6884b12355bcb7b9c8,WIP
Young10Percent,MVRPC (regional),msimpson_MVRPC (msimpson_MVRPC),,Miami Valley region,,"Public — ArcGIS REST API, no auth",live service (verify),"ArcGIS FeatureServer/MapServer; GeoJSON, CSV, Shapefile export",,,2022-08-10,,Y,Query,,,,https://services.arcgis.com/3TIUdMHOqnLBrZEH/arcgis/rest/services/ALI_With_Projections_shp/FeatureServer,https://mvrpc.maps.arcgis.com/home/item.html?id=fae8e30a9067419496905e5a5faff147,
YoungerDisabled10Percent,MVRPC (regional),msimpson_MVRPC (msimpson_MVRPC),,Miami Valley region,,"Public — ArcGIS REST API, no auth",live service (verify),"ArcGIS FeatureServer/MapServer; GeoJSON, CSV, Shapefile export",,,2022-08-10,,Y,Query,,,,https://services.arcgis.com/3TIUdMHOqnLBrZEH/arcgis/rest/services/ALI_With_Projections_shp/FeatureServer,https://mvrpc.maps.arcgis.com/home/item.html?id=7f4090f614d241a5af11d7c92db34049,
Youth Group Home Project Reupload,MVRPC (regional),kypolk (msimpson_MVRPC),investment/projects,Miami Valley region,,"Public — ArcGIS REST API, no auth",live service (verify),"ArcGIS FeatureServer/MapServer; GeoJSON, CSV, Shapefile export",,,2025-06-26,,Y,Query,,,,https://services.arcgis.com/3TIUdMHOqnLBrZEH/arcgis/rest/services/Youth_Group_Home_Project_Reupload/FeatureServer,https://mvrpc.maps.arcgis.com/home/item.html?id=d5def1f765564f099ba03702c8c16191,
Youth Group Homes OH municipalities and cities,MVRPC (regional),kypolk (msimpson_MVRPC),,Miami Valley region,,"Public — ArcGIS REST API, no auth",live service (verify),"ArcGIS FeatureServer/MapServer; GeoJSON, CSV, Shapefile export",,,2025-06-04,,Y,Query,,,,https://services.arcgis.com/3TIUdMHOqnLBrZEH/arcgis/rest/services/Youth_Group_Homes_OH_municipalities_and_cities/FeatureServer,https://mvrpc.maps.arcgis.com/home/item.html?id=019473bf98864c9a9679813a7d0da4bb,
Zero Car Households (Properties Saved),MVRPC (regional),msimpson_MVRPC (msimpson_MVRPC),ownership/transfers,Miami Valley region,parcel,"Public — ArcGIS REST API, no auth",live service (verify),"ArcGIS FeatureServer/MapServer; GeoJSON, CSV, Shapefile export",,,2025-07-11,Y,Y,Query,,,,https://services.arcgis.com/3TIUdMHOqnLBrZEH/arcgis/rest/services/miami_county_block_groups_StudyArea/FeatureServer,https://mvrpc.maps.arcgis.com/home/item.html?id=7c993e5eb8c24c3487f14f0f3901700d,
Zero Car Households Trend Test,MVRPC (regional),msimpson_MVRPC (msimpson_MVRPC),,Miami Valley region,,"Public — ArcGIS REST API, no auth",live service (verify),"ArcGIS FeatureServer/MapServer; GeoJSON, CSV, Shapefile export",,,2021-11-16,,N,"Map,TilesOnly,Tilemap",,,,https://tiles.arcgis.com/tiles/3TIUdMHOqnLBrZEH/arcgis/rest/services/Zero_Car_Households_Trend_Test/MapServer,https://mvrpc.maps.arcgis.com/home/item.html?id=886353551c484954a2483889aa43448b,Zero Car Households Trend
Zero Vehicle Households Snapshot,MVRPC (regional),msimpson_MVRPC (msimpson_MVRPC),zoning/land use,Miami Valley region,,"Public — ArcGIS REST API, no auth",live service (verify),"ArcGIS FeatureServer/MapServer; GeoJSON, CSV, Shapefile export",,,2021-12-02,,N,"Map,TilesOnly,Tilemap",,,,https://tiles.arcgis.com/tiles/3TIUdMHOqnLBrZEH/arcgis/rest/services/Zero_Vehicle_Households_Snapshot/MapServer,https://mvrpc.maps.arcgis.com/home/item.html?id=2bcd56020e74469ab3471a35d5eee78b,Zero Car Households Snapshot
Zero Vehicle Households Trend,MVRPC (regional),msimpson_MVRPC (msimpson_MVRPC),zoning/land use,Miami Valley region,,"Public — ArcGIS REST API, no auth",live service (verify),"ArcGIS FeatureServer/MapServer; GeoJSON, CSV, Shapefile export",,,2021-11-29,,N,"Map,TilesOnly,Tilemap",,,,https://tiles.arcgis.com/tiles/3TIUdMHOqnLBrZEH/arcgis/rest/services/Zero_Vehicle_Households_Trend/MapServer,https://mvrpc.maps.arcgis.com/home/item.html?id=a7417c5c4a9a4544a60e182f51b919d6,Zero Vehicle Households Trend
ZIP Codes (Properties Saved),MVRPC (regional),msimpson_MVRPC (msimpson_MVRPC),ownership/transfers,Miami Valley region,parcel,"Public — ArcGIS REST API, no auth",live service (verify),"ArcGIS FeatureServer/MapServer; GeoJSON, CSV, Shapefile export",,,2025-07-11,Y,Y,Query,,,,https://services.arcgis.com/3TIUdMHOqnLBrZEH/arcgis/rest/services/Study_Area_ZIP_Codes/FeatureServer,https://mvrpc.maps.arcgis.com/home/item.html?id=eb4505e4bc3c47339245a065919c6147,ZIP Codes for MCPH HEAL Project
Local Homelessness Data (CoC),Montgomery County,Montgomery County Human Services / CoC,ownership/transfers,Montgomery County,,Public web — PDFs only; underlying HMIS not published,,PDF reports,,,,Y,,,,,,https://www.mcohio.org/367/Local-Homelessness-Data,,"2025 Homeless Data Snapshot, 2023-2025 CoC Performance Measures. Standardized HUD reporting - extractable. Underlying HMIS data has a known owner to ask."
2005_FLASHBACK,Montgomery County Auditor,Montgomery County GIS,,Montgomery County,,"Public — ArcGIS REST API, no auth",live service (verify),ArcGIS MapServer,,32 layers,,,,,,,,https://gis.mcohio.org/server/rest/services/2005_FLASHBACK/MapServer,https://gis.mcohio.org/server/rest/services,
Conveyance (deed transfer) form search,Montgomery County Auditor,Montgomery County Auditor,ownership/transfers,Montgomery County,,"Public web, record-by-record",,Web application,,,,Y,,,,,,https://go.mcohio.org/applications/auditor/deed_transfer/index.cfm,https://www.mcohio.org/649/Real-Estate,Conveyance numbers link to CONVNUM in the sales files.
Imagery/AUDGIS_MrSID,Montgomery County Auditor,Montgomery County GIS,,Montgomery County,,"Public — ArcGIS REST API, no auth",live service (verify),ArcGIS MapServer,,12 layers,,,,,,,,https://gis.mcohio.org/server/rest/services/Imagery/AUDGIS_MrSID/MapServer,https://gis.mcohio.org/server/rest/services,
Property record search (CAMA front end),Montgomery County Auditor,Montgomery County Auditor,ownership/transfers,Montgomery County,parcel,"Public web, record-by-record",,Web application,,,,Y,,,,,,https://www.mcrealestate.org,https://www.mcohio.org/649/Real-Estate,Authoritative per-parcel record. Bulk equivalent is the CAMA Characteristics file.
Residential Rental Property Registration roster,Montgomery County Auditor,Montgomery County Auditor,tax/delinquency,Montgomery County,parcel,"Public — direct CSV download, no auth. HARVESTED.",,CSV per taxing district (67 files),,,,Y,,,,,,https://go.mcohio.org/ApplicationS/auditor/rentalreg/RENTAL_REGISTRATION_LIST.CFM,https://www.mcohio.org/663/Rental-Registration,"Parcel ID, address, agent type/name/phone/mailing address, unit count. The roster behind the taxroll RENTALREG flag. Dayton (R72) = 7,146 registrations / 16,846 units. Agent names are free text - normalize before aggregating portfolios."
TestData/mc_parcel_polygon,Montgomery County Auditor,Montgomery County GIS,ownership/transfers,Montgomery County,parcel,"Public — ArcGIS REST API, no auth",live service (verify),ArcGIS FeatureServer,,1 layers,,Y,,,,,,https://gis.mcohio.org/server/rest/services/TestData/mc_parcel_polygon/FeatureServer,https://gis.mcohio.org/server/rest/services,
TestData/mc_parcel_polygon,Montgomery County Auditor,Montgomery County GIS,ownership/transfers,Montgomery County,parcel,"Public — ArcGIS REST API, no auth",live service (verify),ArcGIS MapServer,,1 layers,,Y,,,,,,https://gis.mcohio.org/server/rest/services/TestData/mc_parcel_polygon/MapServer,https://gis.mcohio.org/server/rest/services,
VantagePoints/AUDGIS_A1,Montgomery County Auditor,Montgomery County GIS,,Montgomery County,address/point,"Public — ArcGIS REST API, no auth",live service (verify),ArcGIS MapServer,,22 layers,,,,,,,,https://gis.mcohio.org/server/rest/services/VantagePoints/AUDGIS_A1/MapServer,https://gis.mcohio.org/server/rest/services,
VantagePoints/AUDGIS_Advance,Montgomery County Auditor,Montgomery County GIS,,Montgomery County,address/point,"Public — ArcGIS REST API, no auth",live service (verify),ArcGIS MapServer,,21 layers,,,,,,,,https://gis.mcohio.org/server/rest/services/VantagePoints/AUDGIS_Advance/MapServer,https://gis.mcohio.org/server/rest/services,
VantagePoints/AUDGIS_B1,Montgomery County Auditor,Montgomery County GIS,,Montgomery County,address/point,"Public — ArcGIS REST API, no auth",live service (verify),ArcGIS MapServer,,12 layers,,,,,,,,https://gis.mcohio.org/server/rest/services/VantagePoints/AUDGIS_B1/MapServer,https://gis.mcohio.org/server/rest/services,
VantagePoints/AUDGIS_Dayton,Montgomery County Auditor,Montgomery County GIS,,Montgomery County,address/point,"Public — ArcGIS REST API, no auth",live service (verify),ArcGIS MapServer,,2 layers,,,,,,,,https://gis.mcohio.org/server/rest/services/VantagePoints/AUDGIS_Dayton/MapServer,https://gis.mcohio.org/server/rest/services,
VantagePoints/AUDGIS_PUBLIC,Montgomery County Auditor,Montgomery County GIS,,Montgomery County,address/point,"Public — ArcGIS REST API, no auth",live service (verify),ArcGIS MapServer,,12 layers,,,,,,,,https://gis.mcohio.org/server/rest/services/VantagePoints/AUDGIS_PUBLIC/MapServer,https://gis.mcohio.org/server/rest/services,
VantagePoints/AUDGIS_VOTER,Montgomery County Auditor,Montgomery County GIS,,Montgomery County,address/point,"Public — ArcGIS REST API, no auth",live service (verify),ArcGIS MapServer,,5 layers,,,,,,,,https://gis.mcohio.org/server/rest/services/VantagePoints/AUDGIS_VOTER/MapServer,https://gis.mcohio.org/server/rest/services,
MC Available Tax Refunds,Montgomery County Auditor/Treasurer,Montgomery County Treasurer (lien data: Jennifer Connolly),tax/delinquency,Montgomery County,parcel,"Public — direct HTTP download, no auth",periodic archive (03/05/2019 → 07/31/2026),ZIP of CSV (see docs/mc_file_layouts/),,1589 files,07/31/2026,Y,,,,,,https://go.mcohio.org/applications/treasurer/search/data/Taxref/TAXREF_20260731.zip,https://go.mcohio.org/applications/treasurer/search/filedownloads.cfm,"Newest file 15,697 bytes. Official record layout PDF available."
MC CAMA Characteristics,Montgomery County Auditor/Treasurer,Montgomery County Treasurer (lien data: Jennifer Connolly),ownership/transfers,Montgomery County,parcel,"Public — direct HTTP download, no auth",periodic archive (01/01/2011 → 06/30/2026),ZIP of CSV (see docs/mc_file_layouts/),,76 files,06/30/2026,,,,,,,https://go.mcohio.org/applications/treasurer/search/data/Cama/Cama_Files_20260630.zip,https://go.mcohio.org/applications/treasurer/search/filedownloads.cfm,"Newest file 125,730,039 bytes. Official record layout PDF available."
MC Delinquent Files,Montgomery County Auditor/Treasurer,Montgomery County Treasurer (lien data: Jennifer Connolly),tax/delinquency,Montgomery County,parcel,"Public — direct HTTP download, no auth",periodic archive (01/31/2005 → 07/31/2026),ZIP of CSV (see docs/mc_file_layouts/),,81 files,07/31/2026,Y,,,,,,https://go.mcohio.org/applications/treasurer/search/data/Delq/Delq_20260731.zip,https://go.mcohio.org/applications/treasurer/search/filedownloads.cfm,"Newest file 4,912,031 bytes. Official record layout PDF available."
MC Monthly Sales,Montgomery County Auditor/Treasurer,Montgomery County Treasurer (lien data: Jennifer Connolly),ownership/transfers,Montgomery County,parcel,"Public — direct HTTP download, no auth",periodic archive (03/31/2009 → 07/31/2026),ZIP of CSV (see docs/mc_file_layouts/),,110 files,07/31/2026,Y,,,,,,https://go.mcohio.org/applications/treasurer/search/data/Monthly/SALES_20260701_TO_20260731.zip,https://go.mcohio.org/applications/treasurer/search/filedownloads.cfm,"Newest file 121,201 bytes. Official record layout PDF available."
MC Neighborhood Codes,Montgomery County Auditor/Treasurer,Montgomery County Treasurer (lien data: Jennifer Connolly),geography/reference,Montgomery County,parcel,"Public — direct HTTP download, no auth",periodic archive (05/07/2025 → 08/01/2026),ZIP of CSV (see docs/mc_file_layouts/),,16 files,08/01/2026,Y,,,,,,https://go.mcohio.org/applications/treasurer/search/data/nbhd_code_monthly/neighborhood_codes_20260801.htm,https://go.mcohio.org/applications/treasurer/search/filedownloads.cfm,"Newest file 92,233 bytes. Official record layout PDF available."
MC Street Light Districts,Montgomery County Auditor/Treasurer,Montgomery County Treasurer (lien data: Jennifer Connolly),zoning/land use,Montgomery County,parcel,"Public — direct HTTP download, no auth",periodic archive (04/30/2010 → 07/31/2026),ZIP of CSV (see docs/mc_file_layouts/),,93 files,07/31/2026,,,,,,,https://go.mcohio.org/applications/treasurer/search/data/Asmt/Dist_Listing_20260731.zip,https://go.mcohio.org/applications/treasurer/search/filedownloads.cfm,"Newest file 22,234,500 bytes. Official record layout PDF available."
MC Taxroll,Montgomery County Auditor/Treasurer,Montgomery County Treasurer (lien data: Jennifer Connolly),tax/delinquency,Montgomery County,parcel,"Public — direct HTTP download, no auth",periodic archive (03/12/2019 → 07/31/2026),ZIP of CSV (see docs/mc_file_layouts/),,1572 files,07/31/2026,Y,,,,,,https://go.mcohio.org/applications/treasurer/search/data/Taxroll/TAXROLL_20260731.zip,https://go.mcohio.org/applications/treasurer/search/filedownloads.cfm,"Newest file 32,894,152 bytes. Official record layout PDF available."
MC Weekly Sales,Montgomery County Auditor/Treasurer,Montgomery County Treasurer (lien data: Jennifer Connolly),ownership/transfers,Montgomery County,parcel,"Public — direct HTTP download, no auth",periodic archive (01/23/2011 → 07/25/2026),ZIP of CSV (see docs/mc_file_layouts/),,301 files,07/25/2026,Y,,,,,,https://go.mcohio.org/applications/treasurer/search/data/Weekly/SALES_20260719_TO_20260725.zip,https://go.mcohio.org/applications/treasurer/search/filedownloads.cfm,"Newest file 32,084 bytes. Official record layout PDF available."
MC Yearly Sales,Montgomery County Auditor/Treasurer,Montgomery County Treasurer (lien data: Jennifer Connolly),ownership/transfers,Montgomery County,parcel,"Public — direct HTTP download, no auth",periodic archive (12/31/2001 → 08/01/2026),ZIP of CSV (see docs/mc_file_layouts/),,18 files,08/01/2026,Y,,,,,,https://go.mcohio.org/applications/treasurer/search/data/Yearly/SALES_2026.zip,https://go.mcohio.org/applications/treasurer/search/filedownloads.cfm,"Newest file 846,425 bytes. Official record layout PDF available."
Absentee Download,Montgomery County Board of Elections,Montgomery County BOE,demographics,Montgomery County,,Interactive form,,Interactive report,,,,,,,,,,https://lookup.boe.ohio.gov/vtrapp/montgomery/avreport.aspx,https://www.montgomery.boe.ohio.gov/forms-and-information/,Absentee ballot request/return extracts.
Election results (precinct level),Montgomery County Board of Elections,Montgomery County BOE / Enhanced Voting,affordability/tenure,Montgomery County,neighborhood,Public web; VERIFIED 200 OK,,Results portal,,,,,,,,,,https://app.enhancedvoting.com/results/public/Montgomery-County-OH,https://www.montgomery.boe.ohio.gov/election-results/,Current results vendor. Precinct-level breakdowns.
Precinct / BOE district shapefiles,Montgomery County Board of Elections,Montgomery County BOE,ownership/transfers,Montgomery County,neighborhood,Direct download; requires browser User-Agent (403 otherwise),,Shapefile (ZIP),,,,,,,,,,https://www.montgomery.boe.ohio.gov/download/607/shape-files/13747/shapefile_board_of_elections.zip,https://www.montgomery.boe.ohio.gov/forms-and-information/,Precinct geography for joining turnout to neighborhoods/parcels. VERIFIED 200 OK.
Street Lists (voter address ranges by precinct),Montgomery County Board of Elections,Montgomery County BOE,geography/reference,Montgomery County,address/point,Interactive form; no bulk endpoint found,,Interactive report,,,,Y,,,,,,https://lookup.boe.ohio.gov/vtrapp/montgomery/streetreport.aspx,https://www.montgomery.boe.ohio.gov/forms-and-information/,Address-range-to-precinct crosswalk. Useful for address-level joins.
Walk Lists / Voter reports,Montgomery County Board of Elections,Montgomery County BOE,demographics,Montgomery County,,Interactive form,,Interactive report,,,,,,,,,,https://lookup.boe.ohio.gov/vtrapp/montgomery/vtrreport.aspx,https://www.montgomery.boe.ohio.gov/forms-and-information/,Registered-voter extracts by precinct.
"Deeds, mortgages, liens",Montgomery County Recorder,Montgomery County Recorder,tax/delinquency,Montgomery County,,NOT PUBLISHED in bulk — search-only; applications/recorder/ returns 403,,Search application,,,,Y,,,,,,https://www.mcohio.org/165/Recorder,,"Ownership chains and lender exposure. No bulk download. Auditor already publishes conveyance numbers in the sales files, so a bulk request is precedented."
Map of Multifamily Rental Properties,Ohio Housing Finance Agency,OHFA,ownership/transfers,Montgomery County,parcel,Public web; browser download,,Tableau dashboard,,,,Y,,,,,,https://analytics.das.ohio.gov/t/OHFAPUB/views/MultifamilyProjects/MultifamilyProjects,https://ohiohome.org/research/programdashboards.aspx,"All OHFA-funded multifamily, filterable by county."
Projects Exiting LIHTC Program Affordability Period,Ohio Housing Finance Agency,OHFA,affordability/tenure,Montgomery County,,Public web; manual browser download only (Crosstab->CSV). Export is UTF-16 TAB-delimited. OBTAINED.,,Tableau dashboard,,,,Y,,,,,,https://analytics.das.ohio.gov/t/OHFAPUB/views/ExitingAffordabilityPublic/ExitingAffordability,https://ohiohome.org/research/programdashboards.aspx,"Authoritative state source; reflects re-syndications HUD cannot see. Column is 'Est. Program Exit' - still an estimate. Validated derived PIS+30 dates: 91% within +/-1yr, but misses re-syndications by up to 52 years. Raw at data/raw/ohfa/data.csv."
Qualified Contract Listing,Ohio Housing Finance Agency,OHFA,ownership/transfers,Montgomery County,tract,Public web,,Web page,,,,Y,,,,,,https://ohiohome.org/compliance/propertysales.aspx,https://ohiohome.org/compliance/propertysales.aspx,Properties seeking early exit from affordability. Empty as of 2026-08-01 — no MC property currently exiting early.
Statewide voter file (Montgomery County extract),Ohio Secretary of State,Ohio SOS,demographics,Montgomery County,tract,BLOCKED to scripted requests (403); use a real browser,,Bulk CSV,,,,,,,,,,https://www6.ohiosos.gov/ords/f?p=VOTERFTP:HOME,https://www6.ohiosos.gov/ords/f?p=VOTERFTP:HOME,Canonical bulk voter file incl. vote history. County-level download. Not scriptable as-is.
National Housing Preservation Database (NHPD),PAHRC / NLIHC,PAHRC + NLIHC,affordability/tenure,Montgomery County,,FREE REGISTRATION REQUIRED — not created here,,Database export,,,,Y,,,,,,https://preservationdatabase.org/access/,https://preservationdatabase.org,"Cross-program inventory with dedup, S8 renewal status, and Section 202/811/USDA 515/HOME/HTF. NOTE: its LIHTC end dates use the same PIS+30 derivation computed here — it does NOT validate them. For actual LIHTC extended-use dates use OHFA."
